2026-01-06 09:11:16,537 | INFO | 🌀 Polling loop started with token: 8294048171...
2026-01-06 09:11:16,537 | INFO | 📡 GIA Control Center: Telegram Listener Active.
2026-01-06 09:11:16,607 | INFO | ✅ Message sent to 1750388468
2026-01-06 09:11:16,945 | INFO | ✅ Message sent to 1750388468
2026-01-06 09:11:17,216 | INFO | ✅ Message sent to 1750388468
2026-01-06 09:11:18,684 | INFO | AUTH: Account 45724510 Authorized.
2026-01-06 09:11:21,652 | INFO | First Ticket Received: Bid=4455.34
2026-01-06 09:11:21,653 | INFO | First Ticket Received: Ask=4455.54
2026-01-06 09:11:21,709 | INFO | ✅ Message sent to 1750388468
2026-01-06 09:11:21,753 | INFO | ✅ Message sent to 1750388468
2026-01-06 09:11:21,758 | INFO | Engine Started | Mode: P | Risk: 1.0%
2026-01-06 09:11:23,286 | INFO | ✅ Message sent to 1750388468
2026-01-06 09:14:33,382 | INFO | 🌀 Polling loop started with token: 8294048171...
2026-01-06 09:14:33,383 | INFO | 📡 GIA Control Center: Telegram Listener Active.
2026-01-06 09:14:33,467 | INFO | ✅ Message sent to 1750388468
2026-01-06 09:14:35,522 | INFO | AUTH: Account 45724510 Authorized.
2026-01-06 09:14:38,497 | INFO | First Ticket Received: Bid=4456.2
2026-01-06 09:14:38,497 | INFO | First Ticket Received: Ask=4456.4
2026-01-06 09:14:38,555 | INFO | ✅ Message sent to 1750388468
2026-01-06 09:14:38,586 | INFO | ✅ Message sent to 1750388468
2026-01-06 09:14:38,587 | INFO | Engine Started | Mode: P | Risk: 1.0%
2026-01-06 09:15:05,977 | ERROR | Analysis Failed [FLASH]: Insufficient history or feature engineering failure
2026-01-06 09:15:52,610 | INFO | ✅ Message sent to 1750388468
2026-01-06 09:16:05,200 | ERROR | Analysis Failed [FLASH]: Insufficient history or feature engineering failure
2026-01-06 09:17:05,467 | ERROR | Analysis Failed [FLASH]: Insufficient history or feature engineering failure
2026-01-06 09:18:05,693 | ERROR | Analysis Failed [FLASH]: Insufficient history or feature engineering failure
2026-01-06 09:18:53,871 | INFO | 🌀 Polling loop started with token: 8294048171...
2026-01-06 09:18:53,874 | INFO | 📡 GIA Control Center: Telegram Listener Active.
2026-01-06 09:18:53,952 | INFO | ✅ Message sent to 1750388468
2026-01-06 09:18:57,097 | INFO | AUTH: Account 45724510 Authorized.
2026-01-06 09:19:00,078 | INFO | First Ticket Received: Bid=4455.54
2026-01-06 09:19:00,078 | INFO | First Ticket Received: Ask=4455.73
2026-01-06 09:19:00,177 | INFO | ✅ Message sent to 1750388468
2026-01-06 09:19:00,180 | INFO | Engine Started | Mode: P | Risk: 1.0%
2026-01-06 09:19:00,226 | INFO | ✅ Message sent to 1750388468
2026-01-06 09:19:05,501 | INFO | Signal: BUY | ATR: 2.7335714285714596 | Expl: Institutional Filter Approved
2026-01-06 09:19:05,601 | INFO | ✅ Message sent to 1750388468
2026-01-06 09:19:06,494 | INFO | ✅ Message sent to 1750388468
2026-01-06 09:19:06,495 | INFO | EXEC: Order Filled. Position ID: 229643870
2026-01-06 09:20:06,994 | INFO | Signal: BUY | ATR: 2.7292857142857168 | Expl: Institutional Filter Approved
2026-01-06 09:20:07,136 | INFO | ✅ Message sent to 1750388468
2026-01-06 09:20:08,534 | INFO | ✅ Message sent to 1750388468
2026-01-06 09:20:08,535 | INFO | EXEC: Order Filled. Position ID: 229643987
2026-01-06 09:21:08,670 | INFO | Signal: BUY | ATR: 2.7707142857142832 | Expl: Institutional Filter Approved
2026-01-06 09:21:08,884 | INFO | ✅ Message sent to 1750388468
2026-01-06 09:21:09,081 | ERROR | ORDER ERROR: TRADING_BAD_VOLUME - Order volume = 953.99 must be multiple of volume step = 1.00.
2026-01-06 09:22:09,696 | INFO | Signal: BUY | ATR: 2.847857142857135 | Expl: Institutional Filter Approved
2026-01-06 09:22:09,802 | INFO | ✅ Message sent to 1750388468
2026-01-06 09:22:10,081 | ERROR | ORDER ERROR: TRADING_BAD_VOLUME - Order volume = 927.99 must be multiple of volume step = 1.00.
2026-01-06 09:23:11,034 | INFO | Signal: BUY | ATR: 2.827857142857153 | Expl: Institutional Filter Approved
2026-01-06 09:23:11,128 | INFO | ✅ Message sent to 1750388468
2026-01-06 09:23:12,431 | INFO | ✅ Message sent to 1750388468
2026-01-06 09:23:12,432 | INFO | EXEC: Order Filled. Position ID: 229644352
2026-01-06 09:23:40,012 | INFO | 🌀 Polling loop started with token: 8294048171...
2026-01-06 09:23:40,012 | INFO | 📡 GIA Control Center: Telegram Listener Active.
2026-01-06 09:23:40,101 | INFO | ✅ Message sent to 1750388468
2026-01-06 09:23:43,161 | INFO | AUTH: Account 45724510 Authorized.
2026-01-06 09:23:46,137 | INFO | First Ticket Received: Bid=4455.18
2026-01-06 09:23:46,137 | INFO | First Ticket Received: Ask=4455.31
2026-01-06 09:23:46,206 | INFO | ✅ Message sent to 1750388468
2026-01-06 09:23:46,212 | INFO | Engine Started | Mode: P | Risk: 1.0%
2026-01-06 09:23:46,238 | INFO | ✅ Message sent to 1750388468
2026-01-06 09:25:05,647 | INFO | Signal: BUY | ATR: 2.7700000000000466 | Expl: Institutional Filter Approved
2026-01-06 09:25:05,880 | INFO | ✅ Message sent to 1750388468
2026-01-06 09:26:06,115 | INFO | Signal: SELL | ATR: 2.656428571428673 | Expl: Institutional Filter Approved
2026-01-06 09:26:06,254 | INFO | ✅ Message sent to 1750388468
2026-01-06 09:27:05,589 | INFO | Signal: BUY | ATR: 2.289285714285857 | Expl: Institutional Filter Approved
2026-01-06 09:27:05,678 | INFO | ✅ Message sent to 1750388468
2026-01-06 09:28:06,038 | INFO | Signal: BUY | ATR: 2.2928571428572986 | Expl: Institutional Filter Approved
2026-01-06 09:28:06,151 | INFO | ✅ Message sent to 1750388468
2026-01-06 09:29:05,437 | INFO | Signal: BUY | ATR: 2.209285714285865 | Expl: Institutional Filter Approved
2026-01-06 09:29:05,508 | INFO | ✅ Message sent to 1750388468
2026-01-06 09:29:28,782 | INFO | 🌀 Polling loop started with token: 8294048171...
2026-01-06 09:29:28,782 | INFO | 📡 GIA Control Center: Telegram Listener Active.
2026-01-06 09:29:28,842 | INFO | ✅ Message sent to 1750388468
2026-01-06 09:29:32,003 | INFO | AUTH: Account 45724510 Authorized.
2026-01-06 09:29:34,978 | INFO | First Ticket Received: Bid=4456.56
2026-01-06 09:29:34,978 | INFO | First Ticket Received: Ask=4456.68
2026-01-06 09:29:35,094 | INFO | ✅ Message sent to 1750388468
2026-01-06 09:29:35,123 | INFO | ✅ Message sent to 1750388468
2026-01-06 09:29:35,125 | INFO | Engine Started | Mode: P | Risk: 1.0%
2026-01-06 09:29:57,393 | INFO | ✅ Message sent to 1750388468
2026-01-06 09:30:05,155 | INFO | ✅ Message sent to 1750388468
2026-01-06 09:30:05,482 | INFO | Signal: BUY | ATR: 2.045714285714439 | Expl: Institutional Filter Approved
2026-01-06 09:30:05,594 | INFO | ✅ Message sent to 1750388468
2026-01-06 09:30:09,098 | INFO | ✅ Message sent to 1750388468
2026-01-06 09:30:13,948 | ERROR | Telegram Polling Exception: 'ProtoOAPosition' object has no attribute 'tradeSide'
2026-01-06 09:30:24,076 | ERROR | Telegram Polling Exception: 'ProtoOAPosition' object has no attribute 'tradeSide'
2026-01-06 09:30:34,668 | INFO | ✅ Message sent to 1750388468
2026-01-06 09:30:34,982 | INFO | ✅ Message sent to 1750388468
2026-01-06 09:30:35,226 | INFO | ✅ Message sent to 1750388468
2026-01-06 09:30:35,518 | INFO | ✅ Message sent to 1750388468
2026-01-06 09:30:37,892 | ERROR | Telegram Polling Exception: 'ProtoOAPosition' object has no attribute 'tradeSide'
2026-01-06 09:31:05,860 | INFO | Signal: BUY | ATR: 1.6935714285716261 | Expl: Institutional Filter Approved
2026-01-06 09:31:05,940 | INFO | ✅ Message sent to 1750388468
2026-01-06 09:32:06,189 | INFO | Signal: BUY | ATR: 1.5242857142858546 | Expl: Institutional Filter Approved
2026-01-06 09:32:06,280 | INFO | ✅ Message sent to 1750388468
2026-01-06 09:33:05,615 | INFO | Signal: BUY | ATR: 1.472857142857265 | Expl: Institutional Filter Approved
2026-01-06 09:33:05,708 | INFO | ✅ Message sent to 1750388468
2026-01-06 09:34:05,954 | INFO | Signal: BUY | ATR: 1.352857142857309 | Expl: Institutional Filter Approved
2026-01-06 09:34:06,080 | INFO | ✅ Message sent to 1750388468
2026-01-06 09:35:05,314 | INFO | Signal: BUY | ATR: 1.2628571428572937 | Expl: Institutional Filter Approved
2026-01-06 09:35:05,450 | INFO | ✅ Message sent to 1750388468
2026-01-06 09:36:05,683 | INFO | Signal: BUY | ATR: 1.2171428571429845 | Expl: Institutional Filter Approved
2026-01-06 09:36:05,759 | INFO | ✅ Message sent to 1750388468
2026-01-06 09:37:05,988 | INFO | Signal: BUY | ATR: 1.0928571428572857 | Expl: Institutional Filter Approved
2026-01-06 09:37:06,061 | INFO | ✅ Message sent to 1750388468
2026-01-06 09:38:05,279 | INFO | Signal: BUY | ATR: 1.0678571428572599 | Expl: Institutional Filter Approved
2026-01-06 09:38:05,412 | INFO | ✅ Message sent to 1750388468
2026-01-06 09:39:05,635 | INFO | Signal: BUY | ATR: 1.032142857142974 | Expl: Institutional Filter Approved
2026-01-06 09:39:05,744 | INFO | ✅ Message sent to 1750388468
2026-01-06 09:40:05,985 | INFO | Signal: BUY | ATR: 1.0085714285715508 | Expl: Institutional Filter Approved
2026-01-06 09:40:06,089 | INFO | ✅ Message sent to 1750388468
2026-01-06 09:40:15,427 | INFO | ✅ Message sent to 1750388468
2026-01-06 09:41:05,342 | INFO | Signal: BUY | ATR: 0.9914285714286442 | Expl: Institutional Filter Approved
2026-01-06 09:41:05,446 | INFO | ✅ Message sent to 1750388468
2026-01-06 09:42:05,705 | INFO | Signal: BUY | ATR: 0.9257142857143533 | Expl: Institutional Filter Approved
2026-01-06 09:42:05,804 | INFO | ✅ Message sent to 1750388468
2026-01-06 09:43:06,055 | INFO | Signal: BUY | ATR: 0.9164285714285663 | Expl: Institutional Filter Approved
2026-01-06 09:43:06,112 | INFO | ✅ Message sent to 1750388468
2026-01-06 09:44:05,355 | INFO | Signal: BUY | ATR: 0.9057142857143065 | Expl: Institutional Filter Approved
2026-01-06 09:44:05,440 | INFO | ✅ Message sent to 1750388468
2026-01-06 09:45:05,722 | INFO | Signal: BUY | ATR: 0.9071428571429091 | Expl: Institutional Filter Approved
2026-01-06 09:45:05,792 | INFO | ✅ Message sent to 1750388468
2026-01-06 09:45:05,970 | ERROR | Analysis Failed [PRO]: Model requires features missing in latest data: ['is_peak']
2026-01-06 09:46:05,260 | INFO | Signal: BUY | ATR: 1.0992857142858026 | Expl: Institutional Filter Approved
2026-01-06 09:46:05,368 | INFO | ✅ Message sent to 1750388468
2026-01-06 09:47:05,594 | INFO | Signal: BUY | ATR: 1.1992857142857767 | Expl: Institutional Filter Approved
2026-01-06 09:47:05,771 | INFO | ✅ Message sent to 1750388468
2026-01-06 09:47:11,275 | INFO | ✅ Message sent to 1750388468
2026-01-06 09:47:11,275 | INFO | EXEC: Order Filled. Position ID: 229643987
2026-01-06 09:47:11,346 | INFO | ✅ Message sent to 1750388468
2026-01-06 09:47:11,347 | INFO | EXEC: Order Filled. Position ID: 229643870
2026-01-06 09:47:11,498 | INFO | ✅ Message sent to 1750388468
2026-01-06 09:47:11,499 | INFO | EXEC: Order Filled. Position ID: 229644352
2026-01-06 09:48:06,054 | INFO | Signal: BUY | ATR: 1.4671428571429195 | Expl: Institutional Filter Approved
2026-01-06 09:48:06,148 | INFO | ✅ Message sent to 1750388468
2026-01-06 09:48:06,149 | INFO | 💎 Precision Risk Logic: ATR=1.4671 | SL_Mult=2.0 -> SL=$2.934 | TP_Mult=3.5 -> TP=$5.135
2026-01-06 09:48:06,149 | INFO | 🚀 Preparing Order: BUY 17.68 Lots -> Volume 1768000
2026-01-06 09:48:06,980 | ERROR | ORDER ERROR: TRADING_BAD_VOLUME - Order volume = 17680.00 is bigger than maximum allowed volume = 10000.00.
2026-01-06 09:49:06,423 | INFO | Signal: BUY | ATR: 1.5892857142858443 | Expl: Institutional Filter Approved
2026-01-06 09:49:06,571 | INFO | ✅ Message sent to 1750388468
2026-01-06 09:49:06,572 | INFO | 💎 Precision Risk Logic: ATR=1.5893 | SL_Mult=2.0 -> SL=$3.179 | TP_Mult=3.5 -> TP=$5.563
2026-01-06 09:49:06,572 | INFO | 🚀 Preparing Order: BUY 16.32 Lots -> Volume 1632000
2026-01-06 09:49:06,981 | ERROR | ORDER ERROR: TRADING_BAD_VOLUME - Order volume = 16320.00 is bigger than maximum allowed volume = 10000.00.
2026-01-06 09:49:53,220 | INFO | 🌀 Polling loop started with token: 8294048171...
2026-01-06 09:49:53,221 | INFO | 📡 GIA Control Center: Telegram Listener Active.
2026-01-06 09:49:53,306 | INFO | ✅ Message sent to 1750388468
2026-01-06 09:49:53,522 | INFO | 🌀 Polling loop started with token: 8294048171...
2026-01-06 09:49:53,522 | INFO | 📡 GIA Control Center: Telegram Listener Active.
2026-01-06 09:49:53,527 | ERROR | Telegram Polling Exception: HTTPSConnectionPool(host='api.telegram.org', port=443): Max retries exceeded with url: /bot8294048171:AAGdEjTAlfophu8FhmAz8YwIsA_jJ4rW5qg/getUpdates?offset=1&timeout=30 (Caused by NameResolutionError("HTTPSConnection(host='api.telegram.org', port=443): Failed to resolve 'api.telegram.org' ([Errno -2] Name or service not known)"))
2026-01-06 09:49:53,527 | ERROR | ❌ Telegram Send Exception: HTTPSConnectionPool(host='api.telegram.org', port=443): Max retries exceeded with url: /bot8294048171:AAGdEjTAlfophu8FhmAz8YwIsA_jJ4rW5qg/sendMessage (Caused by NameResolutionError("HTTPSConnection(host='api.telegram.org', port=443): Failed to resolve 'api.telegram.org' ([Errno -2] Name or service not known)"))
2026-01-06 09:49:55,468 | INFO | AUTH: Account 45724510 Authorized.
2026-01-06 09:49:58,447 | INFO | First Ticket Received: Bid=4447.69
2026-01-06 09:49:58,448 | INFO | First Ticket Received: Ask=4447.89
2026-01-06 09:49:58,505 | INFO | ✅ Message sent to 1750388468
2026-01-06 09:49:58,538 | INFO | ✅ Message sent to 1750388468
2026-01-06 09:49:58,540 | INFO | Engine Started | Mode: P | Risk: 1.0%
2026-01-06 09:50:03,529 | ERROR | Telegram Polling Exception: HTTPSConnectionPool(host='api.telegram.org', port=443): Max retries exceeded with url: /bot8294048171:AAGdEjTAlfophu8FhmAz8YwIsA_jJ4rW5qg/getUpdates?offset=1&timeout=30 (Caused by NameResolutionError("HTTPSConnection(host='api.telegram.org', port=443): Failed to resolve 'api.telegram.org' ([Errno -2] Name or service not known)"))
2026-01-06 09:50:05,534 | INFO | ✅ Message sent to 1750388468
2026-01-06 09:50:05,832 | INFO | Signal: WAIT | ATR: 1.6407142857143688 | Expl: High Market Chaos (Entropy 1.18 > 0.88)
2026-01-06 09:50:05,900 | INFO | ✅ Message sent to 1750388468
2026-01-06 09:50:13,531 | ERROR | Telegram Polling Exception: HTTPSConnectionPool(host='api.telegram.org', port=443): Max retries exceeded with url: /bot8294048171:AAGdEjTAlfophu8FhmAz8YwIsA_jJ4rW5qg/getUpdates?offset=1&timeout=30 (Caused by NameResolutionError("HTTPSConnection(host='api.telegram.org', port=443): Failed to resolve 'api.telegram.org' ([Errno -2] Name or service not known)"))
2026-01-06 09:50:14,787 | INFO | ✅ Message sent to 1750388468
2026-01-06 09:50:18,532 | ERROR | ❌ Telegram Send Exception: HTTPSConnectionPool(host='api.telegram.org', port=443): Max retries exceeded with url: /bot8294048171:AAGdEjTAlfophu8FhmAz8YwIsA_jJ4rW5qg/sendMessage (Caused by NameResolutionError("HTTPSConnection(host='api.telegram.org', port=443): Failed to resolve 'api.telegram.org' ([Errno -2] Name or service not known)"))
2026-01-06 09:50:42,674 | INFO | ✅ Message sent to 1750388468
2026-01-06 09:51:06,139 | INFO | Signal: WAIT | ATR: 1.6742857142858156 | Expl: High Market Chaos (Entropy 1.24 > 0.88)
2026-01-06 09:51:06,383 | INFO | ✅ Message sent to 1750388468
2026-01-06 09:52:06,699 | INFO | Signal: WAIT | ATR: 1.7950000000000728 | Expl: High Market Chaos (Entropy 1.10 > 0.88)
2026-01-06 09:52:06,753 | INFO | ✅ Message sent to 1750388468
2026-01-06 09:52:29,596 | INFO | 🌀 Polling loop started with token: 8294048171...
2026-01-06 09:52:29,597 | INFO | 📡 GIA Control Center: Telegram Listener Active.
2026-01-06 09:52:29,846 | INFO | ✅ Message sent to 1750388468
2026-01-06 09:52:30,706 | INFO | 🌀 Polling loop started with token: 8294048171...
2026-01-06 09:52:30,707 | INFO | 📡 GIA Control Center: Telegram Listener Active.
2026-01-06 09:52:30,711 | ERROR | Telegram Polling Exception: HTTPSConnectionPool(host='api.telegram.org', port=443): Max retries exceeded with url: /bot8294048171:AAGdEjTAlfophu8FhmAz8YwIsA_jJ4rW5qg/getUpdates?offset=1&timeout=30 (Caused by NameResolutionError("HTTPSConnection(host='api.telegram.org', port=443): Failed to resolve 'api.telegram.org' ([Errno -2] Name or service not known)"))
2026-01-06 09:52:30,711 | ERROR | ❌ Telegram Send Exception: HTTPSConnectionPool(host='api.telegram.org', port=443): Max retries exceeded with url: /bot8294048171:AAGdEjTAlfophu8FhmAz8YwIsA_jJ4rW5qg/sendMessage (Caused by NameResolutionError("HTTPSConnection(host='api.telegram.org', port=443): Failed to resolve 'api.telegram.org' ([Errno -2] Name or service not known)"))
2026-01-06 09:52:31,971 | INFO | AUTH: Account 45724510 Authorized.
2026-01-06 09:52:34,945 | INFO | First Ticket Received: Bid=4446.93
2026-01-06 09:52:34,945 | INFO | First Ticket Received: Ask=4447.13
2026-01-06 09:52:35,003 | INFO | ✅ Message sent to 1750388468
2026-01-06 09:52:35,005 | INFO | Engine Started | Mode: P | Risk: 1.0%
2026-01-06 09:52:35,031 | INFO | ✅ Message sent to 1750388468
2026-01-06 09:52:40,712 | ERROR | Telegram Polling Exception: HTTPSConnectionPool(host='api.telegram.org', port=443): Max retries exceeded with url: /bot8294048171:AAGdEjTAlfophu8FhmAz8YwIsA_jJ4rW5qg/getUpdates?offset=1&timeout=30 (Caused by NameResolutionError("HTTPSConnection(host='api.telegram.org', port=443): Failed to resolve 'api.telegram.org' ([Errno -2] Name or service not known)"))
2026-01-06 09:52:50,714 | ERROR | Telegram Polling Exception: HTTPSConnectionPool(host='api.telegram.org', port=443): Max retries exceeded with url: /bot8294048171:AAGdEjTAlfophu8FhmAz8YwIsA_jJ4rW5qg/getUpdates?offset=1&timeout=30 (Caused by NameResolutionError("HTTPSConnection(host='api.telegram.org', port=443): Failed to resolve 'api.telegram.org' ([Errno -2] Name or service not known)"))
2026-01-06 09:52:55,715 | ERROR | ❌ Telegram Send Exception: HTTPSConnectionPool(host='api.telegram.org', port=443): Max retries exceeded with url: /bot8294048171:AAGdEjTAlfophu8FhmAz8YwIsA_jJ4rW5qg/sendMessage (Caused by NameResolutionError("HTTPSConnection(host='api.telegram.org', port=443): Failed to resolve 'api.telegram.org' ([Errno -2] Name or service not known)"))
2026-01-06 09:54:05,389 | INFO | Signal: WAIT | ATR: 1.8914285714286052 | Expl: High Market Chaos (Entropy 1.17 > 0.88)
2026-01-06 09:54:05,494 | INFO | ✅ Message sent to 1750388468
2026-01-06 09:54:31,605 | INFO | ✅ Message sent to 1750388468
2026-01-06 09:55:05,751 | INFO | Signal: WAIT | ATR: 1.9614285714287039 | Expl: High Market Chaos (Entropy 1.18 > 0.88)
2026-01-06 09:55:05,809 | INFO | ✅ Message sent to 1750388468
2026-01-06 09:56:06,148 | INFO | Signal: WAIT | ATR: 2.1142857142858054 | Expl: High Market Chaos (Entropy 1.22 > 0.88)
2026-01-06 09:56:06,223 | INFO | ✅ Message sent to 1750388468
2026-01-06 09:57:05,518 | INFO | Signal: WAIT | ATR: 2.140714285714434 | Expl: High Market Chaos (Entropy 1.47 > 0.88)
2026-01-06 09:57:05,607 | INFO | ✅ Message sent to 1750388468
2026-01-06 09:57:37,823 | INFO | ✅ Message sent to 1750388468
2026-01-06 09:58:05,848 | INFO | Signal: WAIT | ATR: 2.4435714285715613 | Expl: High Market Chaos (Entropy 1.95 > 0.88)
2026-01-06 09:58:06,031 | INFO | ✅ Message sent to 1750388468
2026-01-06 09:59:05,303 | INFO | Signal: WAIT | ATR: 2.5764285714286155 | Expl: High Market Chaos (Entropy 1.57 > 0.88)
2026-01-06 09:59:05,374 | INFO | ✅ Message sent to 1750388468
2026-01-06 10:00:05,694 | INFO | Signal: WAIT | ATR: 2.5978571428572 | Expl: High Market Chaos (Entropy 1.65 > 0.88)
2026-01-06 10:00:05,892 | INFO | ✅ Message sent to 1750388468
2026-01-06 10:00:30,897 | INFO | 🌀 Polling loop started with token: 8294048171...
2026-01-06 10:00:30,897 | INFO | 📡 GIA Control Center: Telegram Listener Active.
2026-01-06 10:00:31,027 | INFO | ✅ Message sent to 1750388468
2026-01-06 10:00:33,164 | INFO | AUTH: Account 45724510 Authorized.
2026-01-06 10:00:34,792 | INFO | 🌀 Polling loop started with token: 8294048171...
2026-01-06 10:00:34,793 | INFO | 📡 GIA Control Center: Telegram Listener Active.
2026-01-06 10:00:34,867 | ERROR | Telegram API Error response: {'ok': False, 'error_code': 409, 'description': 'Conflict: terminated by other getUpdates request; make sure that only one bot instance is running'}
2026-01-06 10:00:34,915 | INFO | ✅ Message sent to 1750388468
2026-01-06 10:00:36,145 | INFO | First Ticket Received: Bid=4446.8
2026-01-06 10:00:36,145 | INFO | First Ticket Received: Ask=4447.0
2026-01-06 10:00:36,222 | INFO | ✅ Message sent to 1750388468
2026-01-06 10:00:36,332 | INFO | ✅ Message sent to 1750388468
2026-01-06 10:00:36,345 | INFO | Engine Started | Mode: P | Risk: 0.5%
2026-01-06 10:00:37,060 | INFO | AUTH: Account 45724510 Authorized.
2026-01-06 10:00:37,943 | ERROR | Telegram API Error response: {'ok': False, 'error_code': 409, 'description': 'Conflict: terminated by other getUpdates request; make sure that only one bot instance is running'}
2026-01-06 10:00:38,024 | ERROR | Telegram API Error response: {'ok': False, 'error_code': 409, 'description': 'Conflict: terminated by other getUpdates request; make sure that only one bot instance is running'}
2026-01-06 10:00:40,040 | INFO | First Ticket Received: Bid=4446.9
2026-01-06 10:00:40,040 | INFO | First Ticket Received: Ask=4447.09
2026-01-06 10:00:40,148 | INFO | ✅ Message sent to 1750388468
2026-01-06 10:00:40,151 | INFO | Engine Started | Mode: P | Risk: 1.0%
2026-01-06 10:00:40,205 | INFO | ✅ Message sent to 1750388468
2026-01-06 10:00:41,081 | ERROR | Telegram API Error response: {'ok': False, 'error_code': 409, 'description': 'Conflict: terminated by other getUpdates request; make sure that only one bot instance is running'}
2026-01-06 10:00:41,153 | ERROR | Telegram API Error response: {'ok': False, 'error_code': 409, 'description': 'Conflict: terminated by other getUpdates request; make sure that only one bot instance is running'}
2026-01-06 10:00:44,221 | ERROR | Telegram API Error response: {'ok': False, 'error_code': 409, 'description': 'Conflict: terminated by other getUpdates request; make sure that only one bot instance is running'}
2026-01-06 10:00:44,289 | ERROR | Telegram API Error response: {'ok': False, 'error_code': 409, 'description': 'Conflict: terminated by other getUpdates request; make sure that only one bot instance is running'}
2026-01-06 10:00:47,341 | ERROR | Telegram API Error response: {'ok': False, 'error_code': 409, 'description': 'Conflict: terminated by other getUpdates request; make sure that only one bot instance is running'}
2026-01-06 10:00:47,382 | ERROR | Telegram API Error response: {'ok': False, 'error_code': 409, 'description': 'Conflict: terminated by other getUpdates request; make sure that only one bot instance is running'}
2026-01-06 10:00:50,430 | ERROR | Telegram API Error response: {'ok': False, 'error_code': 409, 'description': 'Conflict: terminated by other getUpdates request; make sure that only one bot instance is running'}
2026-01-06 10:00:50,463 | ERROR | Telegram API Error response: {'ok': False, 'error_code': 409, 'description': 'Conflict: terminated by other getUpdates request; make sure that only one bot instance is running'}
2026-01-06 10:00:53,502 | ERROR | Telegram API Error response: {'ok': False, 'error_code': 409, 'description': 'Conflict: terminated by other getUpdates request; make sure that only one bot instance is running'}
2026-01-06 10:00:53,559 | ERROR | Telegram API Error response: {'ok': False, 'error_code': 409, 'description': 'Conflict: terminated by other getUpdates request; make sure that only one bot instance is running'}
2026-01-06 10:00:56,614 | ERROR | Telegram API Error response: {'ok': False, 'error_code': 409, 'description': 'Conflict: terminated by other getUpdates request; make sure that only one bot instance is running'}
2026-01-06 10:00:56,683 | ERROR | Telegram API Error response: {'ok': False, 'error_code': 409, 'description': 'Conflict: terminated by other getUpdates request; make sure that only one bot instance is running'}
2026-01-06 10:00:59,753 | ERROR | Telegram API Error response: {'ok': False, 'error_code': 409, 'description': 'Conflict: terminated by other getUpdates request; make sure that only one bot instance is running'}
2026-01-06 10:00:59,804 | ERROR | Telegram API Error response: {'ok': False, 'error_code': 409, 'description': 'Conflict: terminated by other getUpdates request; make sure that only one bot instance is running'}
2026-01-06 10:01:02,944 | ERROR | Telegram API Error response: {'ok': False, 'error_code': 409, 'description': 'Conflict: terminated by other getUpdates request; make sure that only one bot instance is running'}
2026-01-06 10:01:03,001 | ERROR | Telegram API Error response: {'ok': False, 'error_code': 409, 'description': 'Conflict: terminated by other getUpdates request; make sure that only one bot instance is running'}
2026-01-06 10:01:05,855 | INFO | Signal: WAIT | ATR: 2.568571428571496 | Expl: High Market Chaos (Entropy 1.79 > 0.88)
2026-01-06 10:01:06,054 | ERROR | Telegram API Error response: {'ok': False, 'error_code': 409, 'description': 'Conflict: terminated by other getUpdates request; make sure that only one bot instance is running'}
2026-01-06 10:01:06,152 | ERROR | Telegram API Error response: {'ok': False, 'error_code': 409, 'description': 'Conflict: terminated by other getUpdates request; make sure that only one bot instance is running'}
2026-01-06 10:01:09,216 | ERROR | Telegram API Error response: {'ok': False, 'error_code': 409, 'description': 'Conflict: terminated by other getUpdates request; make sure that only one bot instance is running'}
2026-01-06 10:01:09,278 | ERROR | Telegram API Error response: {'ok': False, 'error_code': 409, 'description': 'Conflict: terminated by other getUpdates request; make sure that only one bot instance is running'}
2026-01-06 10:01:12,343 | ERROR | Telegram API Error response: {'ok': False, 'error_code': 409, 'description': 'Conflict: terminated by other getUpdates request; make sure that only one bot instance is running'}
2026-01-06 10:01:12,457 | ERROR | Telegram API Error response: {'ok': False, 'error_code': 409, 'description': 'Conflict: terminated by other getUpdates request; make sure that only one bot instance is running'}
2026-01-06 10:01:15,532 | ERROR | Telegram API Error response: {'ok': False, 'error_code': 409, 'description': 'Conflict: terminated by other getUpdates request; make sure that only one bot instance is running'}
2026-01-06 10:01:15,560 | ERROR | Telegram API Error response: {'ok': False, 'error_code': 409, 'description': 'Conflict: terminated by other getUpdates request; make sure that only one bot instance is running'}
2026-01-06 10:01:18,593 | ERROR | Telegram API Error response: {'ok': False, 'error_code': 409, 'description': 'Conflict: terminated by other getUpdates request; make sure that only one bot instance is running'}
2026-01-06 10:01:18,651 | ERROR | Telegram API Error response: {'ok': False, 'error_code': 409, 'description': 'Conflict: terminated by other getUpdates request; make sure that only one bot instance is running'}
2026-01-06 10:01:21,698 | ERROR | Telegram API Error response: {'ok': False, 'error_code': 409, 'description': 'Conflict: terminated by other getUpdates request; make sure that only one bot instance is running'}
2026-01-06 10:01:21,767 | ERROR | Telegram API Error response: {'ok': False, 'error_code': 409, 'description': 'Conflict: terminated by other getUpdates request; make sure that only one bot instance is running'}
2026-01-06 10:01:24,826 | ERROR | Telegram API Error response: {'ok': False, 'error_code': 409, 'description': 'Conflict: terminated by other getUpdates request; make sure that only one bot instance is running'}
2026-01-06 10:01:24,875 | ERROR | Telegram API Error response: {'ok': False, 'error_code': 409, 'description': 'Conflict: terminated by other getUpdates request; make sure that only one bot instance is running'}
2026-01-06 10:01:27,910 | ERROR | Telegram API Error response: {'ok': False, 'error_code': 409, 'description': 'Conflict: terminated by other getUpdates request; make sure that only one bot instance is running'}
2026-01-06 10:01:27,962 | ERROR | Telegram API Error response: {'ok': False, 'error_code': 409, 'description': 'Conflict: terminated by other getUpdates request; make sure that only one bot instance is running'}
2026-01-06 10:01:31,003 | ERROR | Telegram API Error response: {'ok': False, 'error_code': 409, 'description': 'Conflict: terminated by other getUpdates request; make sure that only one bot instance is running'}
2026-01-06 10:01:31,038 | ERROR | Telegram API Error response: {'ok': False, 'error_code': 409, 'description': 'Conflict: terminated by other getUpdates request; make sure that only one bot instance is running'}
2026-01-06 10:01:34,081 | ERROR | Telegram API Error response: {'ok': False, 'error_code': 409, 'description': 'Conflict: terminated by other getUpdates request; make sure that only one bot instance is running'}
2026-01-06 10:01:34,131 | ERROR | Telegram API Error response: {'ok': False, 'error_code': 409, 'description': 'Conflict: terminated by other getUpdates request; make sure that only one bot instance is running'}
2026-01-06 10:01:37,206 | ERROR | Telegram API Error response: {'ok': False, 'error_code': 409, 'description': 'Conflict: terminated by other getUpdates request; make sure that only one bot instance is running'}
2026-01-06 10:01:37,282 | ERROR | Telegram API Error response: {'ok': False, 'error_code': 409, 'description': 'Conflict: terminated by other getUpdates request; make sure that only one bot instance is running'}
2026-01-06 10:01:40,448 | ERROR | Telegram API Error response: {'ok': False, 'error_code': 409, 'description': 'Conflict: terminated by other getUpdates request; make sure that only one bot instance is running'}
2026-01-06 10:01:49,053 | ERROR | Telegram API Error response: {'ok': False, 'error_code': 409, 'description': 'Conflict: terminated by other getUpdates request; make sure that only one bot instance is running'}
2026-01-06 10:02:09,712 | ERROR | Telegram API Error response: {'ok': False, 'error_code': 409, 'description': 'Conflict: terminated by other getUpdates request; make sure that only one bot instance is running'}
2026-01-06 10:02:20,533 | ERROR | Telegram API Error response: {'ok': False, 'error_code': 409, 'description': 'Conflict: terminated by other getUpdates request; make sure that only one bot instance is running'}
2026-01-06 10:02:35,890 | ERROR | Telegram API Error response: {'ok': False, 'error_code': 409, 'description': 'Conflict: terminated by other getUpdates request; make sure that only one bot instance is running'}
2026-01-06 10:02:36,380 | INFO | Signal: WAIT | ATR: 2.7050000000000574 | Expl: High Market Chaos (Entropy 1.94 > 0.88)
2026-01-06 10:03:25,000 | ERROR | Telegram API Error response: {'ok': False, 'error_code': 409, 'description': 'Conflict: terminated by other getUpdates request; make sure that only one bot instance is running'}
2026-01-06 10:03:25,193 | INFO | ✅ Message sent to 1750388468
2026-01-06 10:03:25,554 | INFO | ✅ Message sent to 1750388468
2026-01-06 10:03:25,971 | INFO | ✅ Message sent to 1750388468
2026-01-06 10:03:26,078 | INFO | Signal: WAIT | ATR: 2.7050000000000574 | Expl: High Market Chaos (Entropy 1.94 > 0.88)
2026-01-06 10:03:26,337 | INFO | ✅ Message sent to 1750388468
2026-01-06 10:03:26,397 | ERROR | Telegram API Error response: {'ok': False, 'error_code': 409, 'description': 'Conflict: terminated by other getUpdates request; make sure that only one bot instance is running'}
2026-01-06 10:03:27,002 | INFO | Signal: WAIT | ATR: 2.480000000000083 | Expl: High Market Chaos (Entropy 2.26 > 0.88)
2026-01-06 10:03:29,446 | ERROR | Telegram API Error response: {'ok': False, 'error_code': 409, 'description': 'Conflict: terminated by other getUpdates request; make sure that only one bot instance is running'}
2026-01-06 10:03:29,511 | ERROR | Telegram API Error response: {'ok': False, 'error_code': 409, 'description': 'Conflict: terminated by other getUpdates request; make sure that only one bot instance is running'}
2026-01-06 10:03:30,282 | INFO | ✅ Message sent to 1750388468
2026-01-06 10:03:31,992 | INFO | ✅ Message sent to 1750388468
2026-01-06 10:03:32,576 | ERROR | Telegram API Error response: {'ok': False, 'error_code': 409, 'description': 'Conflict: terminated by other getUpdates request; make sure that only one bot instance is running'}
2026-01-06 10:03:32,622 | ERROR | Telegram API Error response: {'ok': False, 'error_code': 409, 'description': 'Conflict: terminated by other getUpdates request; make sure that only one bot instance is running'}
2026-01-06 10:03:33,584 | INFO | ✅ Message sent to 1750388468
2026-01-06 10:03:35,668 | ERROR | Telegram API Error response: {'ok': False, 'error_code': 409, 'description': 'Conflict: terminated by other getUpdates request; make sure that only one bot instance is running'}
2026-01-06 10:03:35,732 | ERROR | Telegram API Error response: {'ok': False, 'error_code': 409, 'description': 'Conflict: terminated by other getUpdates request; make sure that only one bot instance is running'}
2026-01-06 10:03:38,818 | ERROR | Telegram API Error response: {'ok': False, 'error_code': 409, 'description': 'Conflict: terminated by other getUpdates request; make sure that only one bot instance is running'}
2026-01-06 10:03:38,858 | ERROR | Telegram API Error response: {'ok': False, 'error_code': 409, 'description': 'Conflict: terminated by other getUpdates request; make sure that only one bot instance is running'}
2026-01-06 10:03:41,909 | ERROR | Telegram API Error response: {'ok': False, 'error_code': 409, 'description': 'Conflict: terminated by other getUpdates request; make sure that only one bot instance is running'}
2026-01-06 10:03:41,942 | ERROR | Telegram API Error response: {'ok': False, 'error_code': 409, 'description': 'Conflict: terminated by other getUpdates request; make sure that only one bot instance is running'}
2026-01-06 10:03:44,996 | ERROR | Telegram API Error response: {'ok': False, 'error_code': 409, 'description': 'Conflict: terminated by other getUpdates request; make sure that only one bot instance is running'}
2026-01-06 10:03:45,032 | ERROR | Telegram API Error response: {'ok': False, 'error_code': 409, 'description': 'Conflict: terminated by other getUpdates request; make sure that only one bot instance is running'}
2026-01-06 10:03:48,117 | ERROR | Telegram API Error response: {'ok': False, 'error_code': 409, 'description': 'Conflict: terminated by other getUpdates request; make sure that only one bot instance is running'}
2026-01-06 10:03:48,356 | ERROR | Telegram API Error response: {'ok': False, 'error_code': 409, 'description': 'Conflict: terminated by other getUpdates request; make sure that only one bot instance is running'}
2026-01-06 10:03:51,398 | ERROR | Telegram API Error response: {'ok': False, 'error_code': 409, 'description': 'Conflict: terminated by other getUpdates request; make sure that only one bot instance is running'}
2026-01-06 10:03:51,433 | ERROR | Telegram API Error response: {'ok': False, 'error_code': 409, 'description': 'Conflict: terminated by other getUpdates request; make sure that only one bot instance is running'}
2026-01-06 10:03:54,489 | ERROR | Telegram API Error response: {'ok': False, 'error_code': 409, 'description': 'Conflict: terminated by other getUpdates request; make sure that only one bot instance is running'}
2026-01-06 10:03:54,559 | ERROR | Telegram API Error response: {'ok': False, 'error_code': 409, 'description': 'Conflict: terminated by other getUpdates request; make sure that only one bot instance is running'}
2026-01-06 10:03:57,592 | ERROR | Telegram API Error response: {'ok': False, 'error_code': 409, 'description': 'Conflict: terminated by other getUpdates request; make sure that only one bot instance is running'}
2026-01-06 10:03:57,636 | ERROR | Telegram API Error response: {'ok': False, 'error_code': 409, 'description': 'Conflict: terminated by other getUpdates request; make sure that only one bot instance is running'}
2026-01-06 10:04:00,670 | ERROR | Telegram API Error response: {'ok': False, 'error_code': 409, 'description': 'Conflict: terminated by other getUpdates request; make sure that only one bot instance is running'}
2026-01-06 10:04:00,731 | ERROR | Telegram API Error response: {'ok': False, 'error_code': 409, 'description': 'Conflict: terminated by other getUpdates request; make sure that only one bot instance is running'}
2026-01-06 10:04:03,765 | ERROR | Telegram API Error response: {'ok': False, 'error_code': 409, 'description': 'Conflict: terminated by other getUpdates request; make sure that only one bot instance is running'}
2026-01-06 10:04:03,824 | ERROR | Telegram API Error response: {'ok': False, 'error_code': 409, 'description': 'Conflict: terminated by other getUpdates request; make sure that only one bot instance is running'}
2026-01-06 10:04:05,320 | INFO | Signal: WAIT | ATR: 2.480000000000083 | Expl: High Market Chaos (Entropy 2.26 > 0.88)
2026-01-06 10:04:06,888 | ERROR | Telegram API Error response: {'ok': False, 'error_code': 409, 'description': 'Conflict: terminated by other getUpdates request; make sure that only one bot instance is running'}
2026-01-06 10:04:06,956 | ERROR | Telegram API Error response: {'ok': False, 'error_code': 409, 'description': 'Conflict: terminated by other getUpdates request; make sure that only one bot instance is running'}
2026-01-06 10:04:10,008 | ERROR | Telegram API Error response: {'ok': False, 'error_code': 409, 'description': 'Conflict: terminated by other getUpdates request; make sure that only one bot instance is running'}
2026-01-06 10:04:10,056 | ERROR | Telegram API Error response: {'ok': False, 'error_code': 409, 'description': 'Conflict: terminated by other getUpdates request; make sure that only one bot instance is running'}
2026-01-06 10:04:13,333 | ERROR | Telegram API Error response: {'ok': False, 'error_code': 409, 'description': 'Conflict: terminated by other getUpdates request; make sure that only one bot instance is running'}
2026-01-06 10:04:13,373 | ERROR | Telegram API Error response: {'ok': False, 'error_code': 409, 'description': 'Conflict: terminated by other getUpdates request; make sure that only one bot instance is running'}
2026-01-06 10:04:16,434 | ERROR | Telegram API Error response: {'ok': False, 'error_code': 409, 'description': 'Conflict: terminated by other getUpdates request; make sure that only one bot instance is running'}
2026-01-06 10:04:16,463 | ERROR | Telegram API Error response: {'ok': False, 'error_code': 409, 'description': 'Conflict: terminated by other getUpdates request; make sure that only one bot instance is running'}
2026-01-06 10:04:19,509 | ERROR | Telegram API Error response: {'ok': False, 'error_code': 409, 'description': 'Conflict: terminated by other getUpdates request; make sure that only one bot instance is running'}
2026-01-06 10:04:19,559 | ERROR | Telegram API Error response: {'ok': False, 'error_code': 409, 'description': 'Conflict: terminated by other getUpdates request; make sure that only one bot instance is running'}
2026-01-06 10:04:22,658 | ERROR | Telegram API Error response: {'ok': False, 'error_code': 409, 'description': 'Conflict: terminated by other getUpdates request; make sure that only one bot instance is running'}
2026-01-06 10:04:22,693 | ERROR | Telegram API Error response: {'ok': False, 'error_code': 409, 'description': 'Conflict: terminated by other getUpdates request; make sure that only one bot instance is running'}
2026-01-06 10:04:25,756 | ERROR | Telegram API Error response: {'ok': False, 'error_code': 409, 'description': 'Conflict: terminated by other getUpdates request; make sure that only one bot instance is running'}
2026-01-06 10:04:25,791 | ERROR | Telegram API Error response: {'ok': False, 'error_code': 409, 'description': 'Conflict: terminated by other getUpdates request; make sure that only one bot instance is running'}
2026-01-06 10:04:28,837 | ERROR | Telegram API Error response: {'ok': False, 'error_code': 409, 'description': 'Conflict: terminated by other getUpdates request; make sure that only one bot instance is running'}
2026-01-06 10:04:28,887 | ERROR | Telegram API Error response: {'ok': False, 'error_code': 409, 'description': 'Conflict: terminated by other getUpdates request; make sure that only one bot instance is running'}
2026-01-06 10:04:31,941 | ERROR | Telegram API Error response: {'ok': False, 'error_code': 409, 'description': 'Conflict: terminated by other getUpdates request; make sure that only one bot instance is running'}
2026-01-06 10:04:32,000 | ERROR | Telegram API Error response: {'ok': False, 'error_code': 409, 'description': 'Conflict: terminated by other getUpdates request; make sure that only one bot instance is running'}
2026-01-06 10:04:35,033 | ERROR | Telegram API Error response: {'ok': False, 'error_code': 409, 'description': 'Conflict: terminated by other getUpdates request; make sure that only one bot instance is running'}
2026-01-06 10:04:35,070 | ERROR | Telegram API Error response: {'ok': False, 'error_code': 409, 'description': 'Conflict: terminated by other getUpdates request; make sure that only one bot instance is running'}
2026-01-06 10:04:38,128 | ERROR | Telegram API Error response: {'ok': False, 'error_code': 409, 'description': 'Conflict: terminated by other getUpdates request; make sure that only one bot instance is running'}
2026-01-06 10:04:38,176 | ERROR | Telegram API Error response: {'ok': False, 'error_code': 409, 'description': 'Conflict: terminated by other getUpdates request; make sure that only one bot instance is running'}
2026-01-06 10:04:41,240 | ERROR | Telegram API Error response: {'ok': False, 'error_code': 409, 'description': 'Conflict: terminated by other getUpdates request; make sure that only one bot instance is running'}
2026-01-06 10:04:41,285 | ERROR | Telegram API Error response: {'ok': False, 'error_code': 409, 'description': 'Conflict: terminated by other getUpdates request; make sure that only one bot instance is running'}
2026-01-06 10:04:44,350 | ERROR | Telegram API Error response: {'ok': False, 'error_code': 409, 'description': 'Conflict: terminated by other getUpdates request; make sure that only one bot instance is running'}
2026-01-06 10:04:44,442 | ERROR | Telegram API Error response: {'ok': False, 'error_code': 409, 'description': 'Conflict: terminated by other getUpdates request; make sure that only one bot instance is running'}
2026-01-06 10:04:47,495 | ERROR | Telegram API Error response: {'ok': False, 'error_code': 409, 'description': 'Conflict: terminated by other getUpdates request; make sure that only one bot instance is running'}
2026-01-06 10:04:47,612 | ERROR | Telegram API Error response: {'ok': False, 'error_code': 409, 'description': 'Conflict: terminated by other getUpdates request; make sure that only one bot instance is running'}
2026-01-06 10:04:50,664 | ERROR | Telegram API Error response: {'ok': False, 'error_code': 409, 'description': 'Conflict: terminated by other getUpdates request; make sure that only one bot instance is running'}
2026-01-06 10:04:50,715 | ERROR | Telegram API Error response: {'ok': False, 'error_code': 409, 'description': 'Conflict: terminated by other getUpdates request; make sure that only one bot instance is running'}
2026-01-06 10:04:53,760 | ERROR | Telegram API Error response: {'ok': False, 'error_code': 409, 'description': 'Conflict: terminated by other getUpdates request; make sure that only one bot instance is running'}
2026-01-06 10:04:53,828 | ERROR | Telegram API Error response: {'ok': False, 'error_code': 409, 'description': 'Conflict: terminated by other getUpdates request; make sure that only one bot instance is running'}
2026-01-06 10:04:56,875 | ERROR | Telegram API Error response: {'ok': False, 'error_code': 409, 'description': 'Conflict: terminated by other getUpdates request; make sure that only one bot instance is running'}
2026-01-06 10:04:56,920 | ERROR | Telegram API Error response: {'ok': False, 'error_code': 409, 'description': 'Conflict: terminated by other getUpdates request; make sure that only one bot instance is running'}
2026-01-06 10:04:59,967 | ERROR | Telegram API Error response: {'ok': False, 'error_code': 409, 'description': 'Conflict: terminated by other getUpdates request; make sure that only one bot instance is running'}
2026-01-06 10:05:00,016 | ERROR | Telegram API Error response: {'ok': False, 'error_code': 409, 'description': 'Conflict: terminated by other getUpdates request; make sure that only one bot instance is running'}
2026-01-06 10:05:03,067 | ERROR | Telegram API Error response: {'ok': False, 'error_code': 409, 'description': 'Conflict: terminated by other getUpdates request; make sure that only one bot instance is running'}
2026-01-06 10:05:03,127 | ERROR | Telegram API Error response: {'ok': False, 'error_code': 409, 'description': 'Conflict: terminated by other getUpdates request; make sure that only one bot instance is running'}
2026-01-06 10:05:05,269 | INFO | Signal: WAIT | ATR: 2.5035714285715716 | Expl: High Market Chaos (Entropy 1.91 > 0.88)
2026-01-06 10:05:05,599 | INFO | Signal: WAIT | ATR: 2.5035714285715716 | Expl: High Market Chaos (Entropy 1.91 > 0.88)
2026-01-06 10:05:06,191 | ERROR | Telegram API Error response: {'ok': False, 'error_code': 409, 'description': 'Conflict: terminated by other getUpdates request; make sure that only one bot instance is running'}
2026-01-06 10:05:06,230 | ERROR | Telegram API Error response: {'ok': False, 'error_code': 409, 'description': 'Conflict: terminated by other getUpdates request; make sure that only one bot instance is running'}
2026-01-06 10:05:09,266 | ERROR | Telegram API Error response: {'ok': False, 'error_code': 409, 'description': 'Conflict: terminated by other getUpdates request; make sure that only one bot instance is running'}
2026-01-06 10:05:09,314 | ERROR | Telegram API Error response: {'ok': False, 'error_code': 409, 'description': 'Conflict: terminated by other getUpdates request; make sure that only one bot instance is running'}
2026-01-06 10:05:12,403 | ERROR | Telegram API Error response: {'ok': False, 'error_code': 409, 'description': 'Conflict: terminated by other getUpdates request; make sure that only one bot instance is running'}
2026-01-06 10:05:12,470 | ERROR | Telegram API Error response: {'ok': False, 'error_code': 409, 'description': 'Conflict: terminated by other getUpdates request; make sure that only one bot instance is running'}
2026-01-06 10:05:15,524 | ERROR | Telegram API Error response: {'ok': False, 'error_code': 409, 'description': 'Conflict: terminated by other getUpdates request; make sure that only one bot instance is running'}
2026-01-06 10:05:15,570 | ERROR | Telegram API Error response: {'ok': False, 'error_code': 409, 'description': 'Conflict: terminated by other getUpdates request; make sure that only one bot instance is running'}
2026-01-06 10:05:18,602 | ERROR | Telegram API Error response: {'ok': False, 'error_code': 409, 'description': 'Conflict: terminated by other getUpdates request; make sure that only one bot instance is running'}
2026-01-06 10:05:18,660 | ERROR | Telegram API Error response: {'ok': False, 'error_code': 409, 'description': 'Conflict: terminated by other getUpdates request; make sure that only one bot instance is running'}
2026-01-06 10:05:21,695 | ERROR | Telegram API Error response: {'ok': False, 'error_code': 409, 'description': 'Conflict: terminated by other getUpdates request; make sure that only one bot instance is running'}
2026-01-06 10:05:21,753 | ERROR | Telegram API Error response: {'ok': False, 'error_code': 409, 'description': 'Conflict: terminated by other getUpdates request; make sure that only one bot instance is running'}
2026-01-06 10:05:24,804 | ERROR | Telegram API Error response: {'ok': False, 'error_code': 409, 'description': 'Conflict: terminated by other getUpdates request; make sure that only one bot instance is running'}
2026-01-06 10:05:24,848 | ERROR | Telegram API Error response: {'ok': False, 'error_code': 409, 'description': 'Conflict: terminated by other getUpdates request; make sure that only one bot instance is running'}
2026-01-06 10:05:27,905 | ERROR | Telegram API Error response: {'ok': False, 'error_code': 409, 'description': 'Conflict: terminated by other getUpdates request; make sure that only one bot instance is running'}
2026-01-06 10:05:27,936 | ERROR | Telegram API Error response: {'ok': False, 'error_code': 409, 'description': 'Conflict: terminated by other getUpdates request; make sure that only one bot instance is running'}
2026-01-06 10:05:30,980 | ERROR | Telegram API Error response: {'ok': False, 'error_code': 409, 'description': 'Conflict: terminated by other getUpdates request; make sure that only one bot instance is running'}
2026-01-06 10:05:31,040 | ERROR | Telegram API Error response: {'ok': False, 'error_code': 409, 'description': 'Conflict: terminated by other getUpdates request; make sure that only one bot instance is running'}
2026-01-06 10:05:34,104 | ERROR | Telegram API Error response: {'ok': False, 'error_code': 409, 'description': 'Conflict: terminated by other getUpdates request; make sure that only one bot instance is running'}
2026-01-06 10:05:34,178 | ERROR | Telegram API Error response: {'ok': False, 'error_code': 409, 'description': 'Conflict: terminated by other getUpdates request; make sure that only one bot instance is running'}
2026-01-06 10:05:37,242 | ERROR | Telegram API Error response: {'ok': False, 'error_code': 409, 'description': 'Conflict: terminated by other getUpdates request; make sure that only one bot instance is running'}
2026-01-06 10:05:37,304 | ERROR | Telegram API Error response: {'ok': False, 'error_code': 409, 'description': 'Conflict: terminated by other getUpdates request; make sure that only one bot instance is running'}
2026-01-06 10:05:40,349 | ERROR | Telegram API Error response: {'ok': False, 'error_code': 409, 'description': 'Conflict: terminated by other getUpdates request; make sure that only one bot instance is running'}
2026-01-06 10:05:40,402 | ERROR | Telegram API Error response: {'ok': False, 'error_code': 409, 'description': 'Conflict: terminated by other getUpdates request; make sure that only one bot instance is running'}
2026-01-06 10:05:43,453 | ERROR | Telegram API Error response: {'ok': False, 'error_code': 409, 'description': 'Conflict: terminated by other getUpdates request; make sure that only one bot instance is running'}
2026-01-06 10:05:43,498 | ERROR | Telegram API Error response: {'ok': False, 'error_code': 409, 'description': 'Conflict: terminated by other getUpdates request; make sure that only one bot instance is running'}
2026-01-06 10:05:46,560 | ERROR | Telegram API Error response: {'ok': False, 'error_code': 409, 'description': 'Conflict: terminated by other getUpdates request; make sure that only one bot instance is running'}
2026-01-06 10:05:46,605 | ERROR | Telegram API Error response: {'ok': False, 'error_code': 409, 'description': 'Conflict: terminated by other getUpdates request; make sure that only one bot instance is running'}
2026-01-06 10:05:49,670 | ERROR | Telegram API Error response: {'ok': False, 'error_code': 409, 'description': 'Conflict: terminated by other getUpdates request; make sure that only one bot instance is running'}
2026-01-06 10:05:49,716 | ERROR | Telegram API Error response: {'ok': False, 'error_code': 409, 'description': 'Conflict: terminated by other getUpdates request; make sure that only one bot instance is running'}
2026-01-06 10:05:52,794 | ERROR | Telegram API Error response: {'ok': False, 'error_code': 409, 'description': 'Conflict: terminated by other getUpdates request; make sure that only one bot instance is running'}
2026-01-06 10:05:52,840 | ERROR | Telegram API Error response: {'ok': False, 'error_code': 409, 'description': 'Conflict: terminated by other getUpdates request; make sure that only one bot instance is running'}
2026-01-06 10:05:55,876 | ERROR | Telegram API Error response: {'ok': False, 'error_code': 409, 'description': 'Conflict: terminated by other getUpdates request; make sure that only one bot instance is running'}
2026-01-06 10:05:55,914 | ERROR | Telegram API Error response: {'ok': False, 'error_code': 409, 'description': 'Conflict: terminated by other getUpdates request; make sure that only one bot instance is running'}
2026-01-06 10:05:58,951 | ERROR | Telegram API Error response: {'ok': False, 'error_code': 409, 'description': 'Conflict: terminated by other getUpdates request; make sure that only one bot instance is running'}
2026-01-06 10:05:59,008 | ERROR | Telegram API Error response: {'ok': False, 'error_code': 409, 'description': 'Conflict: terminated by other getUpdates request; make sure that only one bot instance is running'}
2026-01-06 10:06:02,097 | ERROR | Telegram API Error response: {'ok': False, 'error_code': 409, 'description': 'Conflict: terminated by other getUpdates request; make sure that only one bot instance is running'}
2026-01-06 10:06:02,141 | ERROR | Telegram API Error response: {'ok': False, 'error_code': 409, 'description': 'Conflict: terminated by other getUpdates request; make sure that only one bot instance is running'}
2026-01-06 10:06:05,187 | ERROR | Telegram API Error response: {'ok': False, 'error_code': 409, 'description': 'Conflict: terminated by other getUpdates request; make sure that only one bot instance is running'}
2026-01-06 10:06:05,259 | ERROR | Telegram API Error response: {'ok': False, 'error_code': 409, 'description': 'Conflict: terminated by other getUpdates request; make sure that only one bot instance is running'}
2026-01-06 10:06:05,548 | INFO | Signal: WAIT | ATR: 2.5578571428572365 | Expl: High Market Chaos (Entropy 1.91 > 0.88)
2026-01-06 10:06:05,891 | INFO | Signal: WAIT | ATR: 2.5578571428572365 | Expl: High Market Chaos (Entropy 1.91 > 0.88)
2026-01-06 10:06:08,306 | ERROR | Telegram API Error response: {'ok': False, 'error_code': 409, 'description': 'Conflict: terminated by other getUpdates request; make sure that only one bot instance is running'}
2026-01-06 10:06:08,378 | ERROR | Telegram API Error response: {'ok': False, 'error_code': 409, 'description': 'Conflict: terminated by other getUpdates request; make sure that only one bot instance is running'}
2026-01-06 10:06:11,436 | ERROR | Telegram API Error response: {'ok': False, 'error_code': 409, 'description': 'Conflict: terminated by other getUpdates request; make sure that only one bot instance is running'}
2026-01-06 10:06:11,497 | ERROR | Telegram API Error response: {'ok': False, 'error_code': 409, 'description': 'Conflict: terminated by other getUpdates request; make sure that only one bot instance is running'}
2026-01-06 10:06:14,556 | ERROR | Telegram API Error response: {'ok': False, 'error_code': 409, 'description': 'Conflict: terminated by other getUpdates request; make sure that only one bot instance is running'}
2026-01-06 10:06:14,623 | ERROR | Telegram API Error response: {'ok': False, 'error_code': 409, 'description': 'Conflict: terminated by other getUpdates request; make sure that only one bot instance is running'}
2026-01-06 10:06:17,672 | ERROR | Telegram API Error response: {'ok': False, 'error_code': 409, 'description': 'Conflict: terminated by other getUpdates request; make sure that only one bot instance is running'}
2026-01-06 10:06:17,711 | ERROR | Telegram API Error response: {'ok': False, 'error_code': 409, 'description': 'Conflict: terminated by other getUpdates request; make sure that only one bot instance is running'}
2026-01-06 10:06:20,738 | ERROR | Telegram API Error response: {'ok': False, 'error_code': 409, 'description': 'Conflict: terminated by other getUpdates request; make sure that only one bot instance is running'}
2026-01-06 10:06:20,795 | ERROR | Telegram API Error response: {'ok': False, 'error_code': 409, 'description': 'Conflict: terminated by other getUpdates request; make sure that only one bot instance is running'}
2026-01-06 10:06:23,829 | ERROR | Telegram API Error response: {'ok': False, 'error_code': 409, 'description': 'Conflict: terminated by other getUpdates request; make sure that only one bot instance is running'}
2026-01-06 10:06:23,888 | ERROR | Telegram API Error response: {'ok': False, 'error_code': 409, 'description': 'Conflict: terminated by other getUpdates request; make sure that only one bot instance is running'}
2026-01-06 10:06:26,942 | ERROR | Telegram API Error response: {'ok': False, 'error_code': 409, 'description': 'Conflict: terminated by other getUpdates request; make sure that only one bot instance is running'}
2026-01-06 10:06:27,000 | ERROR | Telegram API Error response: {'ok': False, 'error_code': 409, 'description': 'Conflict: terminated by other getUpdates request; make sure that only one bot instance is running'}
2026-01-06 10:06:30,048 | ERROR | Telegram API Error response: {'ok': False, 'error_code': 409, 'description': 'Conflict: terminated by other getUpdates request; make sure that only one bot instance is running'}
2026-01-06 10:06:30,118 | ERROR | Telegram API Error response: {'ok': False, 'error_code': 409, 'description': 'Conflict: terminated by other getUpdates request; make sure that only one bot instance is running'}
2026-01-06 10:06:33,217 | ERROR | Telegram API Error response: {'ok': False, 'error_code': 409, 'description': 'Conflict: terminated by other getUpdates request; make sure that only one bot instance is running'}
2026-01-06 10:06:33,280 | ERROR | Telegram API Error response: {'ok': False, 'error_code': 409, 'description': 'Conflict: terminated by other getUpdates request; make sure that only one bot instance is running'}
2026-01-06 10:06:36,328 | ERROR | Telegram API Error response: {'ok': False, 'error_code': 409, 'description': 'Conflict: terminated by other getUpdates request; make sure that only one bot instance is running'}
2026-01-06 10:06:36,380 | ERROR | Telegram API Error response: {'ok': False, 'error_code': 409, 'description': 'Conflict: terminated by other getUpdates request; make sure that only one bot instance is running'}
2026-01-06 10:06:39,431 | ERROR | Telegram API Error response: {'ok': False, 'error_code': 409, 'description': 'Conflict: terminated by other getUpdates request; make sure that only one bot instance is running'}
2026-01-06 10:06:39,475 | ERROR | Telegram API Error response: {'ok': False, 'error_code': 409, 'description': 'Conflict: terminated by other getUpdates request; make sure that only one bot instance is running'}
2026-01-06 10:06:42,505 | ERROR | Telegram API Error response: {'ok': False, 'error_code': 409, 'description': 'Conflict: terminated by other getUpdates request; make sure that only one bot instance is running'}
2026-01-06 10:06:42,553 | ERROR | Telegram API Error response: {'ok': False, 'error_code': 409, 'description': 'Conflict: terminated by other getUpdates request; make sure that only one bot instance is running'}
2026-01-06 10:06:45,598 | ERROR | Telegram API Error response: {'ok': False, 'error_code': 409, 'description': 'Conflict: terminated by other getUpdates request; make sure that only one bot instance is running'}
2026-01-06 10:06:45,640 | ERROR | Telegram API Error response: {'ok': False, 'error_code': 409, 'description': 'Conflict: terminated by other getUpdates request; make sure that only one bot instance is running'}
2026-01-06 10:06:48,688 | ERROR | Telegram API Error response: {'ok': False, 'error_code': 409, 'description': 'Conflict: terminated by other getUpdates request; make sure that only one bot instance is running'}
2026-01-06 10:06:48,753 | ERROR | Telegram API Error response: {'ok': False, 'error_code': 409, 'description': 'Conflict: terminated by other getUpdates request; make sure that only one bot instance is running'}
2026-01-06 10:06:51,793 | ERROR | Telegram API Error response: {'ok': False, 'error_code': 409, 'description': 'Conflict: terminated by other getUpdates request; make sure that only one bot instance is running'}
2026-01-06 10:06:51,825 | ERROR | Telegram API Error response: {'ok': False, 'error_code': 409, 'description': 'Conflict: terminated by other getUpdates request; make sure that only one bot instance is running'}
2026-01-06 10:06:54,866 | ERROR | Telegram API Error response: {'ok': False, 'error_code': 409, 'description': 'Conflict: terminated by other getUpdates request; make sure that only one bot instance is running'}
2026-01-06 10:06:54,921 | ERROR | Telegram API Error response: {'ok': False, 'error_code': 409, 'description': 'Conflict: terminated by other getUpdates request; make sure that only one bot instance is running'}
2026-01-06 10:06:57,964 | ERROR | Telegram API Error response: {'ok': False, 'error_code': 409, 'description': 'Conflict: terminated by other getUpdates request; make sure that only one bot instance is running'}
2026-01-06 10:06:58,003 | ERROR | Telegram API Error response: {'ok': False, 'error_code': 409, 'description': 'Conflict: terminated by other getUpdates request; make sure that only one bot instance is running'}
2026-01-06 10:07:01,073 | ERROR | Telegram API Error response: {'ok': False, 'error_code': 409, 'description': 'Conflict: terminated by other getUpdates request; make sure that only one bot instance is running'}
2026-01-06 10:07:01,128 | ERROR | Telegram API Error response: {'ok': False, 'error_code': 409, 'description': 'Conflict: terminated by other getUpdates request; make sure that only one bot instance is running'}
2026-01-06 10:07:04,193 | ERROR | Telegram API Error response: {'ok': False, 'error_code': 409, 'description': 'Conflict: terminated by other getUpdates request; make sure that only one bot instance is running'}
2026-01-06 10:07:04,258 | ERROR | Telegram API Error response: {'ok': False, 'error_code': 409, 'description': 'Conflict: terminated by other getUpdates request; make sure that only one bot instance is running'}
2026-01-06 10:07:05,793 | INFO | Signal: WAIT | ATR: 2.4507142857143793 | Expl: High Market Chaos (Entropy 1.80 > 0.88)
2026-01-06 10:07:06,126 | INFO | Signal: WAIT | ATR: 2.4507142857143793 | Expl: High Market Chaos (Entropy 1.80 > 0.88)
2026-01-06 10:07:07,312 | ERROR | Telegram API Error response: {'ok': False, 'error_code': 409, 'description': 'Conflict: terminated by other getUpdates request; make sure that only one bot instance is running'}
2026-01-06 10:07:07,366 | ERROR | Telegram API Error response: {'ok': False, 'error_code': 409, 'description': 'Conflict: terminated by other getUpdates request; make sure that only one bot instance is running'}
2026-01-06 10:07:10,408 | ERROR | Telegram API Error response: {'ok': False, 'error_code': 409, 'description': 'Conflict: terminated by other getUpdates request; make sure that only one bot instance is running'}
2026-01-06 10:07:10,467 | ERROR | Telegram API Error response: {'ok': False, 'error_code': 409, 'description': 'Conflict: terminated by other getUpdates request; make sure that only one bot instance is running'}
2026-01-06 10:07:13,532 | ERROR | Telegram API Error response: {'ok': False, 'error_code': 409, 'description': 'Conflict: terminated by other getUpdates request; make sure that only one bot instance is running'}
2026-01-06 10:07:13,605 | ERROR | Telegram API Error response: {'ok': False, 'error_code': 409, 'description': 'Conflict: terminated by other getUpdates request; make sure that only one bot instance is running'}
2026-01-06 10:07:16,650 | ERROR | Telegram API Error response: {'ok': False, 'error_code': 409, 'description': 'Conflict: terminated by other getUpdates request; make sure that only one bot instance is running'}
2026-01-06 10:07:16,713 | ERROR | Telegram API Error response: {'ok': False, 'error_code': 409, 'description': 'Conflict: terminated by other getUpdates request; make sure that only one bot instance is running'}
2026-01-06 10:07:19,764 | ERROR | Telegram API Error response: {'ok': False, 'error_code': 409, 'description': 'Conflict: terminated by other getUpdates request; make sure that only one bot instance is running'}
2026-01-06 10:07:19,818 | ERROR | Telegram API Error response: {'ok': False, 'error_code': 409, 'description': 'Conflict: terminated by other getUpdates request; make sure that only one bot instance is running'}
2026-01-06 10:07:22,852 | ERROR | Telegram API Error response: {'ok': False, 'error_code': 409, 'description': 'Conflict: terminated by other getUpdates request; make sure that only one bot instance is running'}
2026-01-06 10:07:22,891 | ERROR | Telegram API Error response: {'ok': False, 'error_code': 409, 'description': 'Conflict: terminated by other getUpdates request; make sure that only one bot instance is running'}
2026-01-06 10:07:25,945 | ERROR | Telegram API Error response: {'ok': False, 'error_code': 409, 'description': 'Conflict: terminated by other getUpdates request; make sure that only one bot instance is running'}
2026-01-06 10:07:26,022 | ERROR | Telegram API Error response: {'ok': False, 'error_code': 409, 'description': 'Conflict: terminated by other getUpdates request; make sure that only one bot instance is running'}
2026-01-06 10:07:29,055 | ERROR | Telegram API Error response: {'ok': False, 'error_code': 409, 'description': 'Conflict: terminated by other getUpdates request; make sure that only one bot instance is running'}
2026-01-06 10:07:29,127 | ERROR | Telegram API Error response: {'ok': False, 'error_code': 409, 'description': 'Conflict: terminated by other getUpdates request; make sure that only one bot instance is running'}
2026-01-06 10:07:32,197 | ERROR | Telegram API Error response: {'ok': False, 'error_code': 409, 'description': 'Conflict: terminated by other getUpdates request; make sure that only one bot instance is running'}
2026-01-06 10:07:32,251 | ERROR | Telegram API Error response: {'ok': False, 'error_code': 409, 'description': 'Conflict: terminated by other getUpdates request; make sure that only one bot instance is running'}
2026-01-06 10:07:35,310 | ERROR | Telegram API Error response: {'ok': False, 'error_code': 409, 'description': 'Conflict: terminated by other getUpdates request; make sure that only one bot instance is running'}
2026-01-06 10:07:35,393 | ERROR | Telegram API Error response: {'ok': False, 'error_code': 409, 'description': 'Conflict: terminated by other getUpdates request; make sure that only one bot instance is running'}
2026-01-06 10:07:38,444 | ERROR | Telegram API Error response: {'ok': False, 'error_code': 409, 'description': 'Conflict: terminated by other getUpdates request; make sure that only one bot instance is running'}
2026-01-06 10:07:38,487 | ERROR | Telegram API Error response: {'ok': False, 'error_code': 409, 'description': 'Conflict: terminated by other getUpdates request; make sure that only one bot instance is running'}
2026-01-06 10:07:41,606 | ERROR | Telegram API Error response: {'ok': False, 'error_code': 409, 'description': 'Conflict: terminated by other getUpdates request; make sure that only one bot instance is running'}
2026-01-06 10:07:41,646 | ERROR | Telegram API Error response: {'ok': False, 'error_code': 409, 'description': 'Conflict: terminated by other getUpdates request; make sure that only one bot instance is running'}
2026-01-06 10:07:44,719 | ERROR | Telegram API Error response: {'ok': False, 'error_code': 409, 'description': 'Conflict: terminated by other getUpdates request; make sure that only one bot instance is running'}
2026-01-06 10:07:44,758 | ERROR | Telegram API Error response: {'ok': False, 'error_code': 409, 'description': 'Conflict: terminated by other getUpdates request; make sure that only one bot instance is running'}
2026-01-06 10:07:47,817 | ERROR | Telegram API Error response: {'ok': False, 'error_code': 409, 'description': 'Conflict: terminated by other getUpdates request; make sure that only one bot instance is running'}
2026-01-06 10:07:47,861 | ERROR | Telegram API Error response: {'ok': False, 'error_code': 409, 'description': 'Conflict: terminated by other getUpdates request; make sure that only one bot instance is running'}
2026-01-06 10:07:50,913 | ERROR | Telegram API Error response: {'ok': False, 'error_code': 409, 'description': 'Conflict: terminated by other getUpdates request; make sure that only one bot instance is running'}
2026-01-06 10:07:50,971 | ERROR | Telegram API Error response: {'ok': False, 'error_code': 409, 'description': 'Conflict: terminated by other getUpdates request; make sure that only one bot instance is running'}
2026-01-06 10:07:54,036 | ERROR | Telegram API Error response: {'ok': False, 'error_code': 409, 'description': 'Conflict: terminated by other getUpdates request; make sure that only one bot instance is running'}
2026-01-06 10:07:54,100 | ERROR | Telegram API Error response: {'ok': False, 'error_code': 409, 'description': 'Conflict: terminated by other getUpdates request; make sure that only one bot instance is running'}
2026-01-06 10:07:57,136 | ERROR | Telegram API Error response: {'ok': False, 'error_code': 409, 'description': 'Conflict: terminated by other getUpdates request; make sure that only one bot instance is running'}
2026-01-06 10:08:04,270 | INFO | 🌀 Polling loop started with token: 8294048171...
2026-01-06 10:08:04,270 | INFO | 📡 GIA Control Center: Telegram Listener Active.
2026-01-06 10:08:04,345 | ERROR | Telegram API Error response: {'ok': False, 'error_code': 409, 'description': 'Conflict: terminated by other getUpdates request; make sure that only one bot instance is running'}
2026-01-06 10:08:04,346 | INFO | ✅ Message sent to 1750388468
2026-01-06 10:08:05,373 | INFO | Signal: WAIT | ATR: 2.421428571428675 | Expl: High Market Chaos (Entropy 2.06 > 0.88)
2026-01-06 10:08:06,648 | INFO | AUTH: Account 45724510 Authorized.
2026-01-06 10:08:07,418 | ERROR | Telegram API Error response: {'ok': False, 'error_code': 409, 'description': 'Conflict: terminated by other getUpdates request; make sure that only one bot instance is running'}
2026-01-06 10:08:07,454 | ERROR | Telegram API Error response: {'ok': False, 'error_code': 409, 'description': 'Conflict: terminated by other getUpdates request; make sure that only one bot instance is running'}
2026-01-06 10:08:09,485 | INFO | First Ticket Received: Bid=4448.63
2026-01-06 10:08:09,485 | INFO | First Ticket Received: Ask=4448.77
2026-01-06 10:08:09,550 | INFO | ✅ Message sent to 1750388468
2026-01-06 10:08:09,551 | INFO | Engine Started | Mode: P | Risk: 1.0%
2026-01-06 10:08:09,592 | INFO | ✅ Message sent to 1750388468
2026-01-06 10:08:10,496 | ERROR | Telegram API Error response: {'ok': False, 'error_code': 409, 'description': 'Conflict: terminated by other getUpdates request; make sure that only one bot instance is running'}
2026-01-06 10:08:10,556 | ERROR | Telegram API Error response: {'ok': False, 'error_code': 409, 'description': 'Conflict: terminated by other getUpdates request; make sure that only one bot instance is running'}
2026-01-06 10:08:11,547 | INFO | Signal: WAIT | ATR: 2.4285714285714937 | Expl: High Market Chaos (Entropy 2.07 > 0.88)
2026-01-06 10:08:13,621 | ERROR | Telegram API Error response: {'ok': False, 'error_code': 409, 'description': 'Conflict: terminated by other getUpdates request; make sure that only one bot instance is running'}
2026-01-06 10:08:13,697 | ERROR | Telegram API Error response: {'ok': False, 'error_code': 409, 'description': 'Conflict: terminated by other getUpdates request; make sure that only one bot instance is running'}
2026-01-06 10:08:13,965 | INFO | Signal: WAIT | ATR: 2.4285714285714937 | Expl: High Market Chaos (Entropy 2.07 > 0.88)
2026-01-06 10:08:16,752 | ERROR | Telegram API Error response: {'ok': False, 'error_code': 409, 'description': 'Conflict: terminated by other getUpdates request; make sure that only one bot instance is running'}
2026-01-06 10:08:16,795 | ERROR | Telegram API Error response: {'ok': False, 'error_code': 409, 'description': 'Conflict: terminated by other getUpdates request; make sure that only one bot instance is running'}
2026-01-06 10:08:19,845 | ERROR | Telegram API Error response: {'ok': False, 'error_code': 409, 'description': 'Conflict: terminated by other getUpdates request; make sure that only one bot instance is running'}
2026-01-06 10:08:19,948 | ERROR | Telegram API Error response: {'ok': False, 'error_code': 409, 'description': 'Conflict: terminated by other getUpdates request; make sure that only one bot instance is running'}
2026-01-06 10:08:23,001 | ERROR | Telegram API Error response: {'ok': False, 'error_code': 409, 'description': 'Conflict: terminated by other getUpdates request; make sure that only one bot instance is running'}
2026-01-06 10:08:23,318 | INFO | ✅ Message sent to 1750388468
2026-01-06 10:08:23,563 | INFO | ✅ Message sent to 1750388468
2026-01-06 10:08:23,626 | ERROR | Telegram API Error response: {'ok': False, 'error_code': 409, 'description': 'Conflict: terminated by other getUpdates request; make sure that only one bot instance is running'}
2026-01-06 10:08:26,688 | ERROR | Telegram API Error response: {'ok': False, 'error_code': 409, 'description': 'Conflict: terminated by other getUpdates request; make sure that only one bot instance is running'}
2026-01-06 10:08:26,723 | ERROR | Telegram API Error response: {'ok': False, 'error_code': 409, 'description': 'Conflict: terminated by other getUpdates request; make sure that only one bot instance is running'}
2026-01-06 10:08:29,781 | ERROR | Telegram API Error response: {'ok': False, 'error_code': 409, 'description': 'Conflict: terminated by other getUpdates request; make sure that only one bot instance is running'}
2026-01-06 10:08:29,834 | ERROR | Telegram API Error response: {'ok': False, 'error_code': 409, 'description': 'Conflict: terminated by other getUpdates request; make sure that only one bot instance is running'}
2026-01-06 10:08:32,888 | ERROR | Telegram API Error response: {'ok': False, 'error_code': 409, 'description': 'Conflict: terminated by other getUpdates request; make sure that only one bot instance is running'}
2026-01-06 10:08:32,951 | ERROR | Telegram API Error response: {'ok': False, 'error_code': 409, 'description': 'Conflict: terminated by other getUpdates request; make sure that only one bot instance is running'}
2026-01-06 10:08:35,984 | ERROR | Telegram API Error response: {'ok': False, 'error_code': 409, 'description': 'Conflict: terminated by other getUpdates request; make sure that only one bot instance is running'}
2026-01-06 10:08:36,034 | ERROR | Telegram API Error response: {'ok': False, 'error_code': 409, 'description': 'Conflict: terminated by other getUpdates request; make sure that only one bot instance is running'}
2026-01-06 10:08:39,066 | ERROR | Telegram API Error response: {'ok': False, 'error_code': 409, 'description': 'Conflict: terminated by other getUpdates request; make sure that only one bot instance is running'}
2026-01-06 10:08:39,111 | ERROR | Telegram API Error response: {'ok': False, 'error_code': 409, 'description': 'Conflict: terminated by other getUpdates request; make sure that only one bot instance is running'}
2026-01-06 10:08:42,152 | ERROR | Telegram API Error response: {'ok': False, 'error_code': 409, 'description': 'Conflict: terminated by other getUpdates request; make sure that only one bot instance is running'}
2026-01-06 10:08:42,190 | ERROR | Telegram API Error response: {'ok': False, 'error_code': 409, 'description': 'Conflict: terminated by other getUpdates request; make sure that only one bot instance is running'}
2026-01-06 10:08:45,249 | ERROR | Telegram API Error response: {'ok': False, 'error_code': 409, 'description': 'Conflict: terminated by other getUpdates request; make sure that only one bot instance is running'}
2026-01-06 10:08:45,285 | ERROR | Telegram API Error response: {'ok': False, 'error_code': 409, 'description': 'Conflict: terminated by other getUpdates request; make sure that only one bot instance is running'}
2026-01-06 10:08:48,335 | ERROR | Telegram API Error response: {'ok': False, 'error_code': 409, 'description': 'Conflict: terminated by other getUpdates request; make sure that only one bot instance is running'}
2026-01-06 10:08:48,364 | ERROR | Telegram API Error response: {'ok': False, 'error_code': 409, 'description': 'Conflict: terminated by other getUpdates request; make sure that only one bot instance is running'}
2026-01-06 10:08:51,403 | ERROR | Telegram API Error response: {'ok': False, 'error_code': 409, 'description': 'Conflict: terminated by other getUpdates request; make sure that only one bot instance is running'}
2026-01-06 10:08:51,478 | ERROR | Telegram API Error response: {'ok': False, 'error_code': 409, 'description': 'Conflict: terminated by other getUpdates request; make sure that only one bot instance is running'}
2026-01-06 10:08:54,545 | ERROR | Telegram API Error response: {'ok': False, 'error_code': 409, 'description': 'Conflict: terminated by other getUpdates request; make sure that only one bot instance is running'}
2026-01-06 10:08:54,611 | ERROR | Telegram API Error response: {'ok': False, 'error_code': 409, 'description': 'Conflict: terminated by other getUpdates request; make sure that only one bot instance is running'}
2026-01-06 10:08:57,681 | ERROR | Telegram API Error response: {'ok': False, 'error_code': 409, 'description': 'Conflict: terminated by other getUpdates request; make sure that only one bot instance is running'}
2026-01-06 10:08:57,745 | ERROR | Telegram API Error response: {'ok': False, 'error_code': 409, 'description': 'Conflict: terminated by other getUpdates request; make sure that only one bot instance is running'}
2026-01-06 10:09:00,780 | ERROR | Telegram API Error response: {'ok': False, 'error_code': 409, 'description': 'Conflict: terminated by other getUpdates request; make sure that only one bot instance is running'}
2026-01-06 10:09:00,842 | ERROR | Telegram API Error response: {'ok': False, 'error_code': 409, 'description': 'Conflict: terminated by other getUpdates request; make sure that only one bot instance is running'}
2026-01-06 10:09:03,884 | ERROR | Telegram API Error response: {'ok': False, 'error_code': 409, 'description': 'Conflict: terminated by other getUpdates request; make sure that only one bot instance is running'}
2026-01-06 10:09:03,941 | ERROR | Telegram API Error response: {'ok': False, 'error_code': 409, 'description': 'Conflict: terminated by other getUpdates request; make sure that only one bot instance is running'}
2026-01-06 10:09:06,990 | ERROR | Telegram API Error response: {'ok': False, 'error_code': 409, 'description': 'Conflict: terminated by other getUpdates request; make sure that only one bot instance is running'}
2026-01-06 10:09:07,031 | ERROR | Telegram API Error response: {'ok': False, 'error_code': 409, 'description': 'Conflict: terminated by other getUpdates request; make sure that only one bot instance is running'}
2026-01-06 10:09:10,059 | ERROR | Telegram API Error response: {'ok': False, 'error_code': 409, 'description': 'Conflict: terminated by other getUpdates request; make sure that only one bot instance is running'}
2026-01-06 10:09:10,119 | ERROR | Telegram API Error response: {'ok': False, 'error_code': 409, 'description': 'Conflict: terminated by other getUpdates request; make sure that only one bot instance is running'}
2026-01-06 10:09:13,185 | ERROR | Telegram API Error response: {'ok': False, 'error_code': 409, 'description': 'Conflict: terminated by other getUpdates request; make sure that only one bot instance is running'}
2026-01-06 10:09:13,237 | ERROR | Telegram API Error response: {'ok': False, 'error_code': 409, 'description': 'Conflict: terminated by other getUpdates request; make sure that only one bot instance is running'}
2026-01-06 10:09:15,228 | INFO | Signal: WAIT | ATR: 2.295714285714374 | Expl: High Market Chaos (Entropy 2.19 > 0.88)
2026-01-06 10:09:15,799 | INFO | Signal: WAIT | ATR: 2.295714285714374 | Expl: High Market Chaos (Entropy 2.19 > 0.88)
2026-01-06 10:09:16,284 | ERROR | Telegram API Error response: {'ok': False, 'error_code': 409, 'description': 'Conflict: terminated by other getUpdates request; make sure that only one bot instance is running'}
2026-01-06 10:09:16,340 | ERROR | Telegram API Error response: {'ok': False, 'error_code': 409, 'description': 'Conflict: terminated by other getUpdates request; make sure that only one bot instance is running'}
2026-01-06 10:09:19,386 | ERROR | Telegram API Error response: {'ok': False, 'error_code': 409, 'description': 'Conflict: terminated by other getUpdates request; make sure that only one bot instance is running'}
2026-01-06 10:09:19,442 | ERROR | Telegram API Error response: {'ok': False, 'error_code': 409, 'description': 'Conflict: terminated by other getUpdates request; make sure that only one bot instance is running'}
2026-01-06 10:09:22,500 | ERROR | Telegram API Error response: {'ok': False, 'error_code': 409, 'description': 'Conflict: terminated by other getUpdates request; make sure that only one bot instance is running'}
2026-01-06 10:09:22,584 | ERROR | Telegram API Error response: {'ok': False, 'error_code': 409, 'description': 'Conflict: terminated by other getUpdates request; make sure that only one bot instance is running'}
2026-01-06 10:09:25,620 | ERROR | Telegram API Error response: {'ok': False, 'error_code': 409, 'description': 'Conflict: terminated by other getUpdates request; make sure that only one bot instance is running'}
2026-01-06 10:09:25,684 | ERROR | Telegram API Error response: {'ok': False, 'error_code': 409, 'description': 'Conflict: terminated by other getUpdates request; make sure that only one bot instance is running'}
2026-01-06 10:09:28,775 | ERROR | Telegram API Error response: {'ok': False, 'error_code': 409, 'description': 'Conflict: terminated by other getUpdates request; make sure that only one bot instance is running'}
2026-01-06 10:09:28,810 | ERROR | Telegram API Error response: {'ok': False, 'error_code': 409, 'description': 'Conflict: terminated by other getUpdates request; make sure that only one bot instance is running'}
2026-01-06 10:09:31,855 | ERROR | Telegram API Error response: {'ok': False, 'error_code': 409, 'description': 'Conflict: terminated by other getUpdates request; make sure that only one bot instance is running'}
2026-01-06 10:09:31,904 | ERROR | Telegram API Error response: {'ok': False, 'error_code': 409, 'description': 'Conflict: terminated by other getUpdates request; make sure that only one bot instance is running'}
2026-01-06 10:09:34,966 | ERROR | Telegram API Error response: {'ok': False, 'error_code': 409, 'description': 'Conflict: terminated by other getUpdates request; make sure that only one bot instance is running'}
2026-01-06 10:09:35,023 | ERROR | Telegram API Error response: {'ok': False, 'error_code': 409, 'description': 'Conflict: terminated by other getUpdates request; make sure that only one bot instance is running'}
2026-01-06 10:09:38,080 | ERROR | Telegram API Error response: {'ok': False, 'error_code': 409, 'description': 'Conflict: terminated by other getUpdates request; make sure that only one bot instance is running'}
2026-01-06 10:09:38,149 | ERROR | Telegram API Error response: {'ok': False, 'error_code': 409, 'description': 'Conflict: terminated by other getUpdates request; make sure that only one bot instance is running'}
2026-01-06 10:09:41,194 | ERROR | Telegram API Error response: {'ok': False, 'error_code': 409, 'description': 'Conflict: terminated by other getUpdates request; make sure that only one bot instance is running'}
2026-01-06 10:09:41,281 | ERROR | Telegram API Error response: {'ok': False, 'error_code': 409, 'description': 'Conflict: terminated by other getUpdates request; make sure that only one bot instance is running'}
2026-01-06 10:09:44,342 | ERROR | Telegram API Error response: {'ok': False, 'error_code': 409, 'description': 'Conflict: terminated by other getUpdates request; make sure that only one bot instance is running'}
2026-01-06 10:09:44,401 | ERROR | Telegram API Error response: {'ok': False, 'error_code': 409, 'description': 'Conflict: terminated by other getUpdates request; make sure that only one bot instance is running'}
2026-01-06 10:09:47,460 | ERROR | Telegram API Error response: {'ok': False, 'error_code': 409, 'description': 'Conflict: terminated by other getUpdates request; make sure that only one bot instance is running'}
2026-01-06 10:09:47,497 | ERROR | Telegram API Error response: {'ok': False, 'error_code': 409, 'description': 'Conflict: terminated by other getUpdates request; make sure that only one bot instance is running'}
2026-01-06 10:09:50,556 | ERROR | Telegram API Error response: {'ok': False, 'error_code': 409, 'description': 'Conflict: terminated by other getUpdates request; make sure that only one bot instance is running'}
2026-01-06 10:09:50,592 | ERROR | Telegram API Error response: {'ok': False, 'error_code': 409, 'description': 'Conflict: terminated by other getUpdates request; make sure that only one bot instance is running'}
2026-01-06 10:09:53,638 | ERROR | Telegram API Error response: {'ok': False, 'error_code': 409, 'description': 'Conflict: terminated by other getUpdates request; make sure that only one bot instance is running'}
2026-01-06 10:09:53,695 | ERROR | Telegram API Error response: {'ok': False, 'error_code': 409, 'description': 'Conflict: terminated by other getUpdates request; make sure that only one bot instance is running'}
2026-01-06 10:09:56,732 | ERROR | Telegram API Error response: {'ok': False, 'error_code': 409, 'description': 'Conflict: terminated by other getUpdates request; make sure that only one bot instance is running'}
2026-01-06 10:09:56,792 | ERROR | Telegram API Error response: {'ok': False, 'error_code': 409, 'description': 'Conflict: terminated by other getUpdates request; make sure that only one bot instance is running'}
2026-01-06 10:09:59,842 | ERROR | Telegram API Error response: {'ok': False, 'error_code': 409, 'description': 'Conflict: terminated by other getUpdates request; make sure that only one bot instance is running'}
2026-01-06 10:09:59,917 | ERROR | Telegram API Error response: {'ok': False, 'error_code': 409, 'description': 'Conflict: terminated by other getUpdates request; make sure that only one bot instance is running'}
2026-01-06 10:10:02,964 | ERROR | Telegram API Error response: {'ok': False, 'error_code': 409, 'description': 'Conflict: terminated by other getUpdates request; make sure that only one bot instance is running'}
2026-01-06 10:10:03,007 | ERROR | Telegram API Error response: {'ok': False, 'error_code': 409, 'description': 'Conflict: terminated by other getUpdates request; make sure that only one bot instance is running'}
2026-01-06 10:10:06,037 | ERROR | Telegram API Error response: {'ok': False, 'error_code': 409, 'description': 'Conflict: terminated by other getUpdates request; make sure that only one bot instance is running'}
2026-01-06 10:10:06,079 | ERROR | Telegram API Error response: {'ok': False, 'error_code': 409, 'description': 'Conflict: terminated by other getUpdates request; make sure that only one bot instance is running'}
2026-01-06 10:10:09,155 | ERROR | Telegram API Error response: {'ok': False, 'error_code': 409, 'description': 'Conflict: terminated by other getUpdates request; make sure that only one bot instance is running'}
2026-01-06 10:10:09,212 | ERROR | Telegram API Error response: {'ok': False, 'error_code': 409, 'description': 'Conflict: terminated by other getUpdates request; make sure that only one bot instance is running'}
2026-01-06 10:10:12,258 | ERROR | Telegram API Error response: {'ok': False, 'error_code': 409, 'description': 'Conflict: terminated by other getUpdates request; make sure that only one bot instance is running'}
2026-01-06 10:10:12,305 | ERROR | Telegram API Error response: {'ok': False, 'error_code': 409, 'description': 'Conflict: terminated by other getUpdates request; make sure that only one bot instance is running'}
2026-01-06 10:10:15,344 | ERROR | Telegram API Error response: {'ok': False, 'error_code': 409, 'description': 'Conflict: terminated by other getUpdates request; make sure that only one bot instance is running'}
2026-01-06 10:10:15,381 | ERROR | Telegram API Error response: {'ok': False, 'error_code': 409, 'description': 'Conflict: terminated by other getUpdates request; make sure that only one bot instance is running'}
2026-01-06 10:10:16,003 | INFO | Signal: WAIT | ATR: 2.3085714285714727 | Expl: High Market Chaos (Entropy 1.90 > 0.88)
2026-01-06 10:10:16,500 | INFO | Signal: WAIT | ATR: 2.3085714285714727 | Expl: High Market Chaos (Entropy 1.90 > 0.88)
2026-01-06 10:10:18,436 | ERROR | Telegram API Error response: {'ok': False, 'error_code': 409, 'description': 'Conflict: terminated by other getUpdates request; make sure that only one bot instance is running'}
2026-01-06 10:10:18,495 | ERROR | Telegram API Error response: {'ok': False, 'error_code': 409, 'description': 'Conflict: terminated by other getUpdates request; make sure that only one bot instance is running'}
2026-01-06 10:10:21,550 | ERROR | Telegram API Error response: {'ok': False, 'error_code': 409, 'description': 'Conflict: terminated by other getUpdates request; make sure that only one bot instance is running'}
2026-01-06 10:10:21,594 | ERROR | Telegram API Error response: {'ok': False, 'error_code': 409, 'description': 'Conflict: terminated by other getUpdates request; make sure that only one bot instance is running'}
2026-01-06 10:10:24,630 | ERROR | Telegram API Error response: {'ok': False, 'error_code': 409, 'description': 'Conflict: terminated by other getUpdates request; make sure that only one bot instance is running'}
2026-01-06 10:10:24,674 | ERROR | Telegram API Error response: {'ok': False, 'error_code': 409, 'description': 'Conflict: terminated by other getUpdates request; make sure that only one bot instance is running'}
2026-01-06 10:10:27,729 | ERROR | Telegram API Error response: {'ok': False, 'error_code': 409, 'description': 'Conflict: terminated by other getUpdates request; make sure that only one bot instance is running'}
2026-01-06 10:10:27,805 | ERROR | Telegram API Error response: {'ok': False, 'error_code': 409, 'description': 'Conflict: terminated by other getUpdates request; make sure that only one bot instance is running'}
2026-01-06 10:10:30,844 | ERROR | Telegram API Error response: {'ok': False, 'error_code': 409, 'description': 'Conflict: terminated by other getUpdates request; make sure that only one bot instance is running'}
2026-01-06 10:10:30,894 | ERROR | Telegram API Error response: {'ok': False, 'error_code': 409, 'description': 'Conflict: terminated by other getUpdates request; make sure that only one bot instance is running'}
2026-01-06 10:10:33,923 | ERROR | Telegram API Error response: {'ok': False, 'error_code': 409, 'description': 'Conflict: terminated by other getUpdates request; make sure that only one bot instance is running'}
2026-01-06 10:10:33,973 | ERROR | Telegram API Error response: {'ok': False, 'error_code': 409, 'description': 'Conflict: terminated by other getUpdates request; make sure that only one bot instance is running'}
2026-01-06 10:10:37,025 | ERROR | Telegram API Error response: {'ok': False, 'error_code': 409, 'description': 'Conflict: terminated by other getUpdates request; make sure that only one bot instance is running'}
2026-01-06 10:10:37,065 | ERROR | Telegram API Error response: {'ok': False, 'error_code': 409, 'description': 'Conflict: terminated by other getUpdates request; make sure that only one bot instance is running'}
2026-01-06 10:10:40,137 | ERROR | Telegram API Error response: {'ok': False, 'error_code': 409, 'description': 'Conflict: terminated by other getUpdates request; make sure that only one bot instance is running'}
2026-01-06 10:10:40,168 | ERROR | Telegram API Error response: {'ok': False, 'error_code': 409, 'description': 'Conflict: terminated by other getUpdates request; make sure that only one bot instance is running'}
2026-01-06 10:10:43,273 | ERROR | Telegram API Error response: {'ok': False, 'error_code': 409, 'description': 'Conflict: terminated by other getUpdates request; make sure that only one bot instance is running'}
2026-01-06 10:10:43,332 | ERROR | Telegram API Error response: {'ok': False, 'error_code': 409, 'description': 'Conflict: terminated by other getUpdates request; make sure that only one bot instance is running'}
2026-01-06 10:10:46,383 | ERROR | Telegram API Error response: {'ok': False, 'error_code': 409, 'description': 'Conflict: terminated by other getUpdates request; make sure that only one bot instance is running'}
2026-01-06 10:10:46,412 | ERROR | Telegram API Error response: {'ok': False, 'error_code': 409, 'description': 'Conflict: terminated by other getUpdates request; make sure that only one bot instance is running'}
2026-01-06 10:10:49,473 | ERROR | Telegram API Error response: {'ok': False, 'error_code': 409, 'description': 'Conflict: terminated by other getUpdates request; make sure that only one bot instance is running'}
2026-01-06 10:10:49,552 | ERROR | Telegram API Error response: {'ok': False, 'error_code': 409, 'description': 'Conflict: terminated by other getUpdates request; make sure that only one bot instance is running'}
2026-01-06 10:10:52,631 | ERROR | Telegram API Error response: {'ok': False, 'error_code': 409, 'description': 'Conflict: terminated by other getUpdates request; make sure that only one bot instance is running'}
2026-01-06 10:10:52,666 | ERROR | Telegram API Error response: {'ok': False, 'error_code': 409, 'description': 'Conflict: terminated by other getUpdates request; make sure that only one bot instance is running'}
2026-01-06 10:10:55,714 | ERROR | Telegram API Error response: {'ok': False, 'error_code': 409, 'description': 'Conflict: terminated by other getUpdates request; make sure that only one bot instance is running'}
2026-01-06 10:10:55,759 | ERROR | Telegram API Error response: {'ok': False, 'error_code': 409, 'description': 'Conflict: terminated by other getUpdates request; make sure that only one bot instance is running'}
2026-01-06 10:10:58,828 | ERROR | Telegram API Error response: {'ok': False, 'error_code': 409, 'description': 'Conflict: terminated by other getUpdates request; make sure that only one bot instance is running'}
2026-01-06 10:10:58,866 | ERROR | Telegram API Error response: {'ok': False, 'error_code': 409, 'description': 'Conflict: terminated by other getUpdates request; make sure that only one bot instance is running'}
2026-01-06 10:11:01,961 | ERROR | Telegram API Error response: {'ok': False, 'error_code': 409, 'description': 'Conflict: terminated by other getUpdates request; make sure that only one bot instance is running'}
2026-01-06 10:11:02,012 | ERROR | Telegram API Error response: {'ok': False, 'error_code': 409, 'description': 'Conflict: terminated by other getUpdates request; make sure that only one bot instance is running'}
2026-01-06 10:11:05,086 | ERROR | Telegram API Error response: {'ok': False, 'error_code': 409, 'description': 'Conflict: terminated by other getUpdates request; make sure that only one bot instance is running'}
2026-01-06 10:11:05,141 | ERROR | Telegram API Error response: {'ok': False, 'error_code': 409, 'description': 'Conflict: terminated by other getUpdates request; make sure that only one bot instance is running'}
2026-01-06 10:11:08,189 | ERROR | Telegram API Error response: {'ok': False, 'error_code': 409, 'description': 'Conflict: terminated by other getUpdates request; make sure that only one bot instance is running'}
2026-01-06 10:11:08,256 | ERROR | Telegram API Error response: {'ok': False, 'error_code': 409, 'description': 'Conflict: terminated by other getUpdates request; make sure that only one bot instance is running'}
2026-01-06 10:11:11,360 | ERROR | Telegram API Error response: {'ok': False, 'error_code': 409, 'description': 'Conflict: terminated by other getUpdates request; make sure that only one bot instance is running'}
2026-01-06 10:11:11,418 | ERROR | Telegram API Error response: {'ok': False, 'error_code': 409, 'description': 'Conflict: terminated by other getUpdates request; make sure that only one bot instance is running'}
2026-01-06 10:11:14,470 | ERROR | Telegram API Error response: {'ok': False, 'error_code': 409, 'description': 'Conflict: terminated by other getUpdates request; make sure that only one bot instance is running'}
2026-01-06 10:11:14,515 | ERROR | Telegram API Error response: {'ok': False, 'error_code': 409, 'description': 'Conflict: terminated by other getUpdates request; make sure that only one bot instance is running'}
2026-01-06 10:11:17,585 | ERROR | Telegram API Error response: {'ok': False, 'error_code': 409, 'description': 'Conflict: terminated by other getUpdates request; make sure that only one bot instance is running'}
2026-01-06 10:11:17,682 | ERROR | Telegram API Error response: {'ok': False, 'error_code': 409, 'description': 'Conflict: terminated by other getUpdates request; make sure that only one bot instance is running'}
2026-01-06 10:11:18,239 | INFO | Signal: WAIT | ATR: 2.113571428571439 | Expl: High Market Chaos (Entropy 1.47 > 0.88)
2026-01-06 10:11:18,736 | INFO | Signal: WAIT | ATR: 2.113571428571439 | Expl: High Market Chaos (Entropy 1.47 > 0.88)
2026-01-06 10:11:20,746 | ERROR | Telegram API Error response: {'ok': False, 'error_code': 409, 'description': 'Conflict: terminated by other getUpdates request; make sure that only one bot instance is running'}
2026-01-06 10:11:20,790 | ERROR | Telegram API Error response: {'ok': False, 'error_code': 409, 'description': 'Conflict: terminated by other getUpdates request; make sure that only one bot instance is running'}
2026-01-06 10:11:23,836 | ERROR | Telegram API Error response: {'ok': False, 'error_code': 409, 'description': 'Conflict: terminated by other getUpdates request; make sure that only one bot instance is running'}
2026-01-06 10:11:23,887 | ERROR | Telegram API Error response: {'ok': False, 'error_code': 409, 'description': 'Conflict: terminated by other getUpdates request; make sure that only one bot instance is running'}
2026-01-06 10:11:26,923 | ERROR | Telegram API Error response: {'ok': False, 'error_code': 409, 'description': 'Conflict: terminated by other getUpdates request; make sure that only one bot instance is running'}
2026-01-06 10:11:26,972 | ERROR | Telegram API Error response: {'ok': False, 'error_code': 409, 'description': 'Conflict: terminated by other getUpdates request; make sure that only one bot instance is running'}
2026-01-06 10:11:30,034 | ERROR | Telegram API Error response: {'ok': False, 'error_code': 409, 'description': 'Conflict: terminated by other getUpdates request; make sure that only one bot instance is running'}
2026-01-06 10:11:30,072 | ERROR | Telegram API Error response: {'ok': False, 'error_code': 409, 'description': 'Conflict: terminated by other getUpdates request; make sure that only one bot instance is running'}
2026-01-06 10:11:33,116 | ERROR | Telegram API Error response: {'ok': False, 'error_code': 409, 'description': 'Conflict: terminated by other getUpdates request; make sure that only one bot instance is running'}
2026-01-06 10:11:33,157 | ERROR | Telegram API Error response: {'ok': False, 'error_code': 409, 'description': 'Conflict: terminated by other getUpdates request; make sure that only one bot instance is running'}
2026-01-06 10:11:36,222 | ERROR | Telegram API Error response: {'ok': False, 'error_code': 409, 'description': 'Conflict: terminated by other getUpdates request; make sure that only one bot instance is running'}
2026-01-06 10:11:36,267 | ERROR | Telegram API Error response: {'ok': False, 'error_code': 409, 'description': 'Conflict: terminated by other getUpdates request; make sure that only one bot instance is running'}
2026-01-06 10:11:39,314 | ERROR | Telegram API Error response: {'ok': False, 'error_code': 409, 'description': 'Conflict: terminated by other getUpdates request; make sure that only one bot instance is running'}
2026-01-06 10:11:39,394 | ERROR | Telegram API Error response: {'ok': False, 'error_code': 409, 'description': 'Conflict: terminated by other getUpdates request; make sure that only one bot instance is running'}
2026-01-06 10:11:42,443 | ERROR | Telegram API Error response: {'ok': False, 'error_code': 409, 'description': 'Conflict: terminated by other getUpdates request; make sure that only one bot instance is running'}
2026-01-06 10:11:42,497 | ERROR | Telegram API Error response: {'ok': False, 'error_code': 409, 'description': 'Conflict: terminated by other getUpdates request; make sure that only one bot instance is running'}
2026-01-06 10:11:45,546 | ERROR | Telegram API Error response: {'ok': False, 'error_code': 409, 'description': 'Conflict: terminated by other getUpdates request; make sure that only one bot instance is running'}
2026-01-06 10:11:45,587 | ERROR | Telegram API Error response: {'ok': False, 'error_code': 409, 'description': 'Conflict: terminated by other getUpdates request; make sure that only one bot instance is running'}
2026-01-06 10:11:48,622 | ERROR | Telegram API Error response: {'ok': False, 'error_code': 409, 'description': 'Conflict: terminated by other getUpdates request; make sure that only one bot instance is running'}
2026-01-06 10:11:48,654 | ERROR | Telegram API Error response: {'ok': False, 'error_code': 409, 'description': 'Conflict: terminated by other getUpdates request; make sure that only one bot instance is running'}
2026-01-06 10:11:51,711 | ERROR | Telegram API Error response: {'ok': False, 'error_code': 409, 'description': 'Conflict: terminated by other getUpdates request; make sure that only one bot instance is running'}
2026-01-06 10:11:51,757 | ERROR | Telegram API Error response: {'ok': False, 'error_code': 409, 'description': 'Conflict: terminated by other getUpdates request; make sure that only one bot instance is running'}
2026-01-06 10:11:54,813 | ERROR | Telegram API Error response: {'ok': False, 'error_code': 409, 'description': 'Conflict: terminated by other getUpdates request; make sure that only one bot instance is running'}
2026-01-06 10:11:54,864 | ERROR | Telegram API Error response: {'ok': False, 'error_code': 409, 'description': 'Conflict: terminated by other getUpdates request; make sure that only one bot instance is running'}
2026-01-06 10:11:57,921 | ERROR | Telegram API Error response: {'ok': False, 'error_code': 409, 'description': 'Conflict: terminated by other getUpdates request; make sure that only one bot instance is running'}
2026-01-06 10:11:57,974 | ERROR | Telegram API Error response: {'ok': False, 'error_code': 409, 'description': 'Conflict: terminated by other getUpdates request; make sure that only one bot instance is running'}
2026-01-06 10:12:01,016 | ERROR | Telegram API Error response: {'ok': False, 'error_code': 409, 'description': 'Conflict: terminated by other getUpdates request; make sure that only one bot instance is running'}
2026-01-06 10:12:01,053 | ERROR | Telegram API Error response: {'ok': False, 'error_code': 409, 'description': 'Conflict: terminated by other getUpdates request; make sure that only one bot instance is running'}
2026-01-06 10:12:04,096 | ERROR | Telegram API Error response: {'ok': False, 'error_code': 409, 'description': 'Conflict: terminated by other getUpdates request; make sure that only one bot instance is running'}
2026-01-06 10:12:04,160 | ERROR | Telegram API Error response: {'ok': False, 'error_code': 409, 'description': 'Conflict: terminated by other getUpdates request; make sure that only one bot instance is running'}
2026-01-06 10:12:07,200 | ERROR | Telegram API Error response: {'ok': False, 'error_code': 409, 'description': 'Conflict: terminated by other getUpdates request; make sure that only one bot instance is running'}
2026-01-06 10:12:07,246 | ERROR | Telegram API Error response: {'ok': False, 'error_code': 409, 'description': 'Conflict: terminated by other getUpdates request; make sure that only one bot instance is running'}
2026-01-06 10:12:10,282 | ERROR | Telegram API Error response: {'ok': False, 'error_code': 409, 'description': 'Conflict: terminated by other getUpdates request; make sure that only one bot instance is running'}
2026-01-06 10:12:10,339 | ERROR | Telegram API Error response: {'ok': False, 'error_code': 409, 'description': 'Conflict: terminated by other getUpdates request; make sure that only one bot instance is running'}
2026-01-06 10:12:13,393 | ERROR | Telegram API Error response: {'ok': False, 'error_code': 409, 'description': 'Conflict: terminated by other getUpdates request; make sure that only one bot instance is running'}
2026-01-06 10:12:13,449 | ERROR | Telegram API Error response: {'ok': False, 'error_code': 409, 'description': 'Conflict: terminated by other getUpdates request; make sure that only one bot instance is running'}
2026-01-06 10:12:16,492 | ERROR | Telegram API Error response: {'ok': False, 'error_code': 409, 'description': 'Conflict: terminated by other getUpdates request; make sure that only one bot instance is running'}
2026-01-06 10:12:16,552 | ERROR | Telegram API Error response: {'ok': False, 'error_code': 409, 'description': 'Conflict: terminated by other getUpdates request; make sure that only one bot instance is running'}
2026-01-06 10:12:18,977 | INFO | Signal: WAIT | ATR: 1.9964285714286234 | Expl: High Market Chaos (Entropy 1.18 > 0.88)
2026-01-06 10:12:19,486 | INFO | Signal: WAIT | ATR: 1.9964285714286234 | Expl: High Market Chaos (Entropy 1.18 > 0.88)
2026-01-06 10:12:19,587 | ERROR | Telegram API Error response: {'ok': False, 'error_code': 409, 'description': 'Conflict: terminated by other getUpdates request; make sure that only one bot instance is running'}
2026-01-06 10:12:19,628 | ERROR | Telegram API Error response: {'ok': False, 'error_code': 409, 'description': 'Conflict: terminated by other getUpdates request; make sure that only one bot instance is running'}
2026-01-06 10:12:22,679 | ERROR | Telegram API Error response: {'ok': False, 'error_code': 409, 'description': 'Conflict: terminated by other getUpdates request; make sure that only one bot instance is running'}
2026-01-06 10:12:22,743 | ERROR | Telegram API Error response: {'ok': False, 'error_code': 409, 'description': 'Conflict: terminated by other getUpdates request; make sure that only one bot instance is running'}
2026-01-06 10:12:25,796 | ERROR | Telegram API Error response: {'ok': False, 'error_code': 409, 'description': 'Conflict: terminated by other getUpdates request; make sure that only one bot instance is running'}
2026-01-06 10:12:25,861 | ERROR | Telegram API Error response: {'ok': False, 'error_code': 409, 'description': 'Conflict: terminated by other getUpdates request; make sure that only one bot instance is running'}
2026-01-06 10:12:28,940 | ERROR | Telegram API Error response: {'ok': False, 'error_code': 409, 'description': 'Conflict: terminated by other getUpdates request; make sure that only one bot instance is running'}
2026-01-06 10:12:28,994 | ERROR | Telegram API Error response: {'ok': False, 'error_code': 409, 'description': 'Conflict: terminated by other getUpdates request; make sure that only one bot instance is running'}
2026-01-06 10:12:32,040 | ERROR | Telegram API Error response: {'ok': False, 'error_code': 409, 'description': 'Conflict: terminated by other getUpdates request; make sure that only one bot instance is running'}
2026-01-06 10:12:32,081 | ERROR | Telegram API Error response: {'ok': False, 'error_code': 409, 'description': 'Conflict: terminated by other getUpdates request; make sure that only one bot instance is running'}
2026-01-06 10:12:35,134 | ERROR | Telegram API Error response: {'ok': False, 'error_code': 409, 'description': 'Conflict: terminated by other getUpdates request; make sure that only one bot instance is running'}
2026-01-06 10:12:35,180 | ERROR | Telegram API Error response: {'ok': False, 'error_code': 409, 'description': 'Conflict: terminated by other getUpdates request; make sure that only one bot instance is running'}
2026-01-06 10:12:38,248 | ERROR | Telegram API Error response: {'ok': False, 'error_code': 409, 'description': 'Conflict: terminated by other getUpdates request; make sure that only one bot instance is running'}
2026-01-06 10:12:38,342 | ERROR | Telegram API Error response: {'ok': False, 'error_code': 409, 'description': 'Conflict: terminated by other getUpdates request; make sure that only one bot instance is running'}
2026-01-06 10:12:41,406 | ERROR | Telegram API Error response: {'ok': False, 'error_code': 409, 'description': 'Conflict: terminated by other getUpdates request; make sure that only one bot instance is running'}
2026-01-06 10:12:41,471 | ERROR | Telegram API Error response: {'ok': False, 'error_code': 409, 'description': 'Conflict: terminated by other getUpdates request; make sure that only one bot instance is running'}
2026-01-06 10:12:44,537 | ERROR | Telegram API Error response: {'ok': False, 'error_code': 409, 'description': 'Conflict: terminated by other getUpdates request; make sure that only one bot instance is running'}
2026-01-06 10:12:44,587 | ERROR | Telegram API Error response: {'ok': False, 'error_code': 409, 'description': 'Conflict: terminated by other getUpdates request; make sure that only one bot instance is running'}
2026-01-06 10:12:47,637 | ERROR | Telegram API Error response: {'ok': False, 'error_code': 409, 'description': 'Conflict: terminated by other getUpdates request; make sure that only one bot instance is running'}
2026-01-06 10:12:47,682 | ERROR | Telegram API Error response: {'ok': False, 'error_code': 409, 'description': 'Conflict: terminated by other getUpdates request; make sure that only one bot instance is running'}
2026-01-06 10:12:50,743 | ERROR | Telegram API Error response: {'ok': False, 'error_code': 409, 'description': 'Conflict: terminated by other getUpdates request; make sure that only one bot instance is running'}
2026-01-06 10:12:50,785 | ERROR | Telegram API Error response: {'ok': False, 'error_code': 409, 'description': 'Conflict: terminated by other getUpdates request; make sure that only one bot instance is running'}
2026-01-06 10:12:53,851 | ERROR | Telegram API Error response: {'ok': False, 'error_code': 409, 'description': 'Conflict: terminated by other getUpdates request; make sure that only one bot instance is running'}
2026-01-06 10:12:53,884 | ERROR | Telegram API Error response: {'ok': False, 'error_code': 409, 'description': 'Conflict: terminated by other getUpdates request; make sure that only one bot instance is running'}
2026-01-06 10:12:56,915 | ERROR | Telegram API Error response: {'ok': False, 'error_code': 409, 'description': 'Conflict: terminated by other getUpdates request; make sure that only one bot instance is running'}
2026-01-06 10:12:56,978 | ERROR | Telegram API Error response: {'ok': False, 'error_code': 409, 'description': 'Conflict: terminated by other getUpdates request; make sure that only one bot instance is running'}
2026-01-06 10:13:00,042 | ERROR | Telegram API Error response: {'ok': False, 'error_code': 409, 'description': 'Conflict: terminated by other getUpdates request; make sure that only one bot instance is running'}
2026-01-06 10:13:00,083 | ERROR | Telegram API Error response: {'ok': False, 'error_code': 409, 'description': 'Conflict: terminated by other getUpdates request; make sure that only one bot instance is running'}
2026-01-06 10:13:03,210 | ERROR | Telegram API Error response: {'ok': False, 'error_code': 409, 'description': 'Conflict: terminated by other getUpdates request; make sure that only one bot instance is running'}
2026-01-06 10:13:03,330 | ERROR | Telegram API Error response: {'ok': False, 'error_code': 409, 'description': 'Conflict: terminated by other getUpdates request; make sure that only one bot instance is running'}
2026-01-06 10:13:06,386 | ERROR | Telegram API Error response: {'ok': False, 'error_code': 409, 'description': 'Conflict: terminated by other getUpdates request; make sure that only one bot instance is running'}
2026-01-06 10:13:06,420 | ERROR | Telegram API Error response: {'ok': False, 'error_code': 409, 'description': 'Conflict: terminated by other getUpdates request; make sure that only one bot instance is running'}
2026-01-06 10:13:09,463 | ERROR | Telegram API Error response: {'ok': False, 'error_code': 409, 'description': 'Conflict: terminated by other getUpdates request; make sure that only one bot instance is running'}
2026-01-06 10:13:09,527 | ERROR | Telegram API Error response: {'ok': False, 'error_code': 409, 'description': 'Conflict: terminated by other getUpdates request; make sure that only one bot instance is running'}
2026-01-06 10:13:12,568 | ERROR | Telegram API Error response: {'ok': False, 'error_code': 409, 'description': 'Conflict: terminated by other getUpdates request; make sure that only one bot instance is running'}
2026-01-06 10:13:12,618 | ERROR | Telegram API Error response: {'ok': False, 'error_code': 409, 'description': 'Conflict: terminated by other getUpdates request; make sure that only one bot instance is running'}
2026-01-06 10:13:15,666 | ERROR | Telegram API Error response: {'ok': False, 'error_code': 409, 'description': 'Conflict: terminated by other getUpdates request; make sure that only one bot instance is running'}
2026-01-06 10:13:15,744 | ERROR | Telegram API Error response: {'ok': False, 'error_code': 409, 'description': 'Conflict: terminated by other getUpdates request; make sure that only one bot instance is running'}
2026-01-06 10:13:18,816 | ERROR | Telegram API Error response: {'ok': False, 'error_code': 409, 'description': 'Conflict: terminated by other getUpdates request; make sure that only one bot instance is running'}
2026-01-06 10:13:18,854 | ERROR | Telegram API Error response: {'ok': False, 'error_code': 409, 'description': 'Conflict: terminated by other getUpdates request; make sure that only one bot instance is running'}
2026-01-06 10:13:20,290 | INFO | Signal: WAIT | ATR: 1.9800000000000832 | Expl: High Market Chaos (Entropy 1.18 > 0.88)
2026-01-06 10:13:20,735 | INFO | Signal: WAIT | ATR: 1.9800000000000832 | Expl: High Market Chaos (Entropy 1.18 > 0.88)
2026-01-06 10:13:21,884 | ERROR | Telegram API Error response: {'ok': False, 'error_code': 409, 'description': 'Conflict: terminated by other getUpdates request; make sure that only one bot instance is running'}
2026-01-06 10:13:21,931 | ERROR | Telegram API Error response: {'ok': False, 'error_code': 409, 'description': 'Conflict: terminated by other getUpdates request; make sure that only one bot instance is running'}
2026-01-06 10:13:24,982 | ERROR | Telegram API Error response: {'ok': False, 'error_code': 409, 'description': 'Conflict: terminated by other getUpdates request; make sure that only one bot instance is running'}
2026-01-06 10:13:25,085 | ERROR | Telegram API Error response: {'ok': False, 'error_code': 409, 'description': 'Conflict: terminated by other getUpdates request; make sure that only one bot instance is running'}
2026-01-06 10:13:28,165 | ERROR | Telegram API Error response: {'ok': False, 'error_code': 409, 'description': 'Conflict: terminated by other getUpdates request; make sure that only one bot instance is running'}
2026-01-06 10:13:28,198 | ERROR | Telegram API Error response: {'ok': False, 'error_code': 409, 'description': 'Conflict: terminated by other getUpdates request; make sure that only one bot instance is running'}
2026-01-06 10:13:31,240 | ERROR | Telegram API Error response: {'ok': False, 'error_code': 409, 'description': 'Conflict: terminated by other getUpdates request; make sure that only one bot instance is running'}
2026-01-06 10:13:31,276 | ERROR | Telegram API Error response: {'ok': False, 'error_code': 409, 'description': 'Conflict: terminated by other getUpdates request; make sure that only one bot instance is running'}
2026-01-06 10:13:34,334 | ERROR | Telegram API Error response: {'ok': False, 'error_code': 409, 'description': 'Conflict: terminated by other getUpdates request; make sure that only one bot instance is running'}
2026-01-06 10:13:34,375 | ERROR | Telegram API Error response: {'ok': False, 'error_code': 409, 'description': 'Conflict: terminated by other getUpdates request; make sure that only one bot instance is running'}
2026-01-06 10:13:37,435 | ERROR | Telegram API Error response: {'ok': False, 'error_code': 409, 'description': 'Conflict: terminated by other getUpdates request; make sure that only one bot instance is running'}
2026-01-06 10:13:37,471 | ERROR | Telegram API Error response: {'ok': False, 'error_code': 409, 'description': 'Conflict: terminated by other getUpdates request; make sure that only one bot instance is running'}
2026-01-06 10:13:40,522 | ERROR | Telegram API Error response: {'ok': False, 'error_code': 409, 'description': 'Conflict: terminated by other getUpdates request; make sure that only one bot instance is running'}
2026-01-06 10:13:40,581 | ERROR | Telegram API Error response: {'ok': False, 'error_code': 409, 'description': 'Conflict: terminated by other getUpdates request; make sure that only one bot instance is running'}
2026-01-06 10:13:43,616 | ERROR | Telegram API Error response: {'ok': False, 'error_code': 409, 'description': 'Conflict: terminated by other getUpdates request; make sure that only one bot instance is running'}
2026-01-06 10:13:43,663 | ERROR | Telegram API Error response: {'ok': False, 'error_code': 409, 'description': 'Conflict: terminated by other getUpdates request; make sure that only one bot instance is running'}
2026-01-06 10:13:46,720 | ERROR | Telegram API Error response: {'ok': False, 'error_code': 409, 'description': 'Conflict: terminated by other getUpdates request; make sure that only one bot instance is running'}
2026-01-06 10:13:46,797 | ERROR | Telegram API Error response: {'ok': False, 'error_code': 409, 'description': 'Conflict: terminated by other getUpdates request; make sure that only one bot instance is running'}
2026-01-06 10:13:49,860 | ERROR | Telegram API Error response: {'ok': False, 'error_code': 409, 'description': 'Conflict: terminated by other getUpdates request; make sure that only one bot instance is running'}
2026-01-06 10:13:49,899 | ERROR | Telegram API Error response: {'ok': False, 'error_code': 409, 'description': 'Conflict: terminated by other getUpdates request; make sure that only one bot instance is running'}
2026-01-06 10:13:52,950 | ERROR | Telegram API Error response: {'ok': False, 'error_code': 409, 'description': 'Conflict: terminated by other getUpdates request; make sure that only one bot instance is running'}
2026-01-06 10:13:53,023 | ERROR | Telegram API Error response: {'ok': False, 'error_code': 409, 'description': 'Conflict: terminated by other getUpdates request; make sure that only one bot instance is running'}
2026-01-06 10:13:56,086 | ERROR | Telegram API Error response: {'ok': False, 'error_code': 409, 'description': 'Conflict: terminated by other getUpdates request; make sure that only one bot instance is running'}
2026-01-06 10:13:56,132 | ERROR | Telegram API Error response: {'ok': False, 'error_code': 409, 'description': 'Conflict: terminated by other getUpdates request; make sure that only one bot instance is running'}
2026-01-06 10:13:59,167 | ERROR | Telegram API Error response: {'ok': False, 'error_code': 409, 'description': 'Conflict: terminated by other getUpdates request; make sure that only one bot instance is running'}
2026-01-06 10:13:59,225 | ERROR | Telegram API Error response: {'ok': False, 'error_code': 409, 'description': 'Conflict: terminated by other getUpdates request; make sure that only one bot instance is running'}
2026-01-06 10:14:02,262 | ERROR | Telegram API Error response: {'ok': False, 'error_code': 409, 'description': 'Conflict: terminated by other getUpdates request; make sure that only one bot instance is running'}
2026-01-06 10:14:02,312 | ERROR | Telegram API Error response: {'ok': False, 'error_code': 409, 'description': 'Conflict: terminated by other getUpdates request; make sure that only one bot instance is running'}
2026-01-06 10:14:05,373 | ERROR | Telegram API Error response: {'ok': False, 'error_code': 409, 'description': 'Conflict: terminated by other getUpdates request; make sure that only one bot instance is running'}
2026-01-06 10:14:05,408 | ERROR | Telegram API Error response: {'ok': False, 'error_code': 409, 'description': 'Conflict: terminated by other getUpdates request; make sure that only one bot instance is running'}
2026-01-06 10:14:08,477 | ERROR | Telegram API Error response: {'ok': False, 'error_code': 409, 'description': 'Conflict: terminated by other getUpdates request; make sure that only one bot instance is running'}
2026-01-06 10:14:08,525 | ERROR | Telegram API Error response: {'ok': False, 'error_code': 409, 'description': 'Conflict: terminated by other getUpdates request; make sure that only one bot instance is running'}
2026-01-06 10:14:11,563 | ERROR | Telegram API Error response: {'ok': False, 'error_code': 409, 'description': 'Conflict: terminated by other getUpdates request; make sure that only one bot instance is running'}
2026-01-06 10:14:11,606 | ERROR | Telegram API Error response: {'ok': False, 'error_code': 409, 'description': 'Conflict: terminated by other getUpdates request; make sure that only one bot instance is running'}
2026-01-06 10:14:14,679 | ERROR | Telegram API Error response: {'ok': False, 'error_code': 409, 'description': 'Conflict: terminated by other getUpdates request; make sure that only one bot instance is running'}
2026-01-06 10:14:14,732 | ERROR | Telegram API Error response: {'ok': False, 'error_code': 409, 'description': 'Conflict: terminated by other getUpdates request; make sure that only one bot instance is running'}
2026-01-06 10:14:17,773 | ERROR | Telegram API Error response: {'ok': False, 'error_code': 409, 'description': 'Conflict: terminated by other getUpdates request; make sure that only one bot instance is running'}
2026-01-06 10:14:17,817 | ERROR | Telegram API Error response: {'ok': False, 'error_code': 409, 'description': 'Conflict: terminated by other getUpdates request; make sure that only one bot instance is running'}
2026-01-06 10:14:20,857 | ERROR | Telegram API Error response: {'ok': False, 'error_code': 409, 'description': 'Conflict: terminated by other getUpdates request; make sure that only one bot instance is running'}
2026-01-06 10:14:20,925 | ERROR | Telegram API Error response: {'ok': False, 'error_code': 409, 'description': 'Conflict: terminated by other getUpdates request; make sure that only one bot instance is running'}
2026-01-06 10:14:20,982 | INFO | Signal: WAIT | ATR: 1.9078571428572104 | Expl: High Market Chaos (Entropy 1.12 > 0.88)
2026-01-06 10:14:21,534 | INFO | Signal: WAIT | ATR: 1.9078571428572104 | Expl: High Market Chaos (Entropy 1.12 > 0.88)
2026-01-06 10:14:23,984 | ERROR | Telegram API Error response: {'ok': False, 'error_code': 409, 'description': 'Conflict: terminated by other getUpdates request; make sure that only one bot instance is running'}
2026-01-06 10:14:24,061 | ERROR | Telegram API Error response: {'ok': False, 'error_code': 409, 'description': 'Conflict: terminated by other getUpdates request; make sure that only one bot instance is running'}
2026-01-06 10:14:27,129 | ERROR | Telegram API Error response: {'ok': False, 'error_code': 409, 'description': 'Conflict: terminated by other getUpdates request; make sure that only one bot instance is running'}
2026-01-06 10:14:27,175 | ERROR | Telegram API Error response: {'ok': False, 'error_code': 409, 'description': 'Conflict: terminated by other getUpdates request; make sure that only one bot instance is running'}
2026-01-06 10:14:30,222 | ERROR | Telegram API Error response: {'ok': False, 'error_code': 409, 'description': 'Conflict: terminated by other getUpdates request; make sure that only one bot instance is running'}
2026-01-06 10:14:30,277 | ERROR | Telegram API Error response: {'ok': False, 'error_code': 409, 'description': 'Conflict: terminated by other getUpdates request; make sure that only one bot instance is running'}
2026-01-06 10:14:33,332 | ERROR | Telegram API Error response: {'ok': False, 'error_code': 409, 'description': 'Conflict: terminated by other getUpdates request; make sure that only one bot instance is running'}
2026-01-06 10:14:33,372 | ERROR | Telegram API Error response: {'ok': False, 'error_code': 409, 'description': 'Conflict: terminated by other getUpdates request; make sure that only one bot instance is running'}
2026-01-06 10:14:36,447 | ERROR | Telegram API Error response: {'ok': False, 'error_code': 409, 'description': 'Conflict: terminated by other getUpdates request; make sure that only one bot instance is running'}
2026-01-06 10:14:36,492 | ERROR | Telegram API Error response: {'ok': False, 'error_code': 409, 'description': 'Conflict: terminated by other getUpdates request; make sure that only one bot instance is running'}
2026-01-06 10:14:39,567 | ERROR | Telegram API Error response: {'ok': False, 'error_code': 409, 'description': 'Conflict: terminated by other getUpdates request; make sure that only one bot instance is running'}
2026-01-06 10:14:39,630 | ERROR | Telegram API Error response: {'ok': False, 'error_code': 409, 'description': 'Conflict: terminated by other getUpdates request; make sure that only one bot instance is running'}
2026-01-06 10:14:42,683 | ERROR | Telegram API Error response: {'ok': False, 'error_code': 409, 'description': 'Conflict: terminated by other getUpdates request; make sure that only one bot instance is running'}
2026-01-06 10:14:42,730 | ERROR | Telegram API Error response: {'ok': False, 'error_code': 409, 'description': 'Conflict: terminated by other getUpdates request; make sure that only one bot instance is running'}
2026-01-06 10:14:45,783 | ERROR | Telegram API Error response: {'ok': False, 'error_code': 409, 'description': 'Conflict: terminated by other getUpdates request; make sure that only one bot instance is running'}
2026-01-06 10:14:45,834 | ERROR | Telegram API Error response: {'ok': False, 'error_code': 409, 'description': 'Conflict: terminated by other getUpdates request; make sure that only one bot instance is running'}
2026-01-06 10:14:48,900 | ERROR | Telegram API Error response: {'ok': False, 'error_code': 409, 'description': 'Conflict: terminated by other getUpdates request; make sure that only one bot instance is running'}
2026-01-06 10:14:48,954 | ERROR | Telegram API Error response: {'ok': False, 'error_code': 409, 'description': 'Conflict: terminated by other getUpdates request; make sure that only one bot instance is running'}
2026-01-06 10:14:52,000 | ERROR | Telegram API Error response: {'ok': False, 'error_code': 409, 'description': 'Conflict: terminated by other getUpdates request; make sure that only one bot instance is running'}
2026-01-06 10:14:52,032 | ERROR | Telegram API Error response: {'ok': False, 'error_code': 409, 'description': 'Conflict: terminated by other getUpdates request; make sure that only one bot instance is running'}
2026-01-06 10:14:55,079 | ERROR | Telegram API Error response: {'ok': False, 'error_code': 409, 'description': 'Conflict: terminated by other getUpdates request; make sure that only one bot instance is running'}
2026-01-06 10:14:55,129 | ERROR | Telegram API Error response: {'ok': False, 'error_code': 409, 'description': 'Conflict: terminated by other getUpdates request; make sure that only one bot instance is running'}
2026-01-06 10:14:58,181 | ERROR | Telegram API Error response: {'ok': False, 'error_code': 409, 'description': 'Conflict: terminated by other getUpdates request; make sure that only one bot instance is running'}
2026-01-06 10:14:58,243 | ERROR | Telegram API Error response: {'ok': False, 'error_code': 409, 'description': 'Conflict: terminated by other getUpdates request; make sure that only one bot instance is running'}
2026-01-06 10:15:01,301 | ERROR | Telegram API Error response: {'ok': False, 'error_code': 409, 'description': 'Conflict: terminated by other getUpdates request; make sure that only one bot instance is running'}
2026-01-06 10:15:01,343 | ERROR | Telegram API Error response: {'ok': False, 'error_code': 409, 'description': 'Conflict: terminated by other getUpdates request; make sure that only one bot instance is running'}
2026-01-06 10:15:04,381 | ERROR | Telegram API Error response: {'ok': False, 'error_code': 409, 'description': 'Conflict: terminated by other getUpdates request; make sure that only one bot instance is running'}
2026-01-06 10:15:04,428 | ERROR | Telegram API Error response: {'ok': False, 'error_code': 409, 'description': 'Conflict: terminated by other getUpdates request; make sure that only one bot instance is running'}
2026-01-06 10:15:05,202 | ERROR | Analysis Failed [PRO]: Model requires features missing in latest data: ['is_peak']
2026-01-06 10:15:07,463 | ERROR | Telegram API Error response: {'ok': False, 'error_code': 409, 'description': 'Conflict: terminated by other getUpdates request; make sure that only one bot instance is running'}
2026-01-06 10:15:07,495 | ERROR | Telegram API Error response: {'ok': False, 'error_code': 409, 'description': 'Conflict: terminated by other getUpdates request; make sure that only one bot instance is running'}
2026-01-06 10:15:10,533 | ERROR | Telegram API Error response: {'ok': False, 'error_code': 409, 'description': 'Conflict: terminated by other getUpdates request; make sure that only one bot instance is running'}
2026-01-06 10:15:10,563 | ERROR | Telegram API Error response: {'ok': False, 'error_code': 409, 'description': 'Conflict: terminated by other getUpdates request; make sure that only one bot instance is running'}
2026-01-06 10:15:13,611 | ERROR | Telegram API Error response: {'ok': False, 'error_code': 409, 'description': 'Conflict: terminated by other getUpdates request; make sure that only one bot instance is running'}
2026-01-06 10:15:13,641 | ERROR | Telegram API Error response: {'ok': False, 'error_code': 409, 'description': 'Conflict: terminated by other getUpdates request; make sure that only one bot instance is running'}
2026-01-06 10:15:16,689 | ERROR | Telegram API Error response: {'ok': False, 'error_code': 409, 'description': 'Conflict: terminated by other getUpdates request; make sure that only one bot instance is running'}
2026-01-06 10:15:16,749 | ERROR | Telegram API Error response: {'ok': False, 'error_code': 409, 'description': 'Conflict: terminated by other getUpdates request; make sure that only one bot instance is running'}
2026-01-06 10:15:19,786 | ERROR | Telegram API Error response: {'ok': False, 'error_code': 409, 'description': 'Conflict: terminated by other getUpdates request; make sure that only one bot instance is running'}
2026-01-06 10:15:19,816 | ERROR | Telegram API Error response: {'ok': False, 'error_code': 409, 'description': 'Conflict: terminated by other getUpdates request; make sure that only one bot instance is running'}
2026-01-06 10:15:22,833 | ERROR | Analysis Failed [PRO]: Model requires features missing in latest data: ['is_peak']
2026-01-06 10:15:22,882 | ERROR | Telegram API Error response: {'ok': False, 'error_code': 409, 'description': 'Conflict: terminated by other getUpdates request; make sure that only one bot instance is running'}
2026-01-06 10:15:22,934 | ERROR | Telegram API Error response: {'ok': False, 'error_code': 409, 'description': 'Conflict: terminated by other getUpdates request; make sure that only one bot instance is running'}
2026-01-06 10:15:23,398 | INFO | Signal: WAIT | ATR: 1.7521428571429039 | Expl: High Market Chaos (Entropy 1.28 > 0.88)
2026-01-06 10:15:23,562 | ERROR | Analysis Failed [PRO]: Model requires features missing in latest data: ['is_peak']
2026-01-06 10:15:24,037 | INFO | Signal: WAIT | ATR: 1.7521428571429039 | Expl: High Market Chaos (Entropy 1.28 > 0.88)
2026-01-06 10:15:25,980 | ERROR | Telegram API Error response: {'ok': False, 'error_code': 409, 'description': 'Conflict: terminated by other getUpdates request; make sure that only one bot instance is running'}
2026-01-06 10:15:26,036 | ERROR | Telegram API Error response: {'ok': False, 'error_code': 409, 'description': 'Conflict: terminated by other getUpdates request; make sure that only one bot instance is running'}
2026-01-06 10:15:29,099 | ERROR | Telegram API Error response: {'ok': False, 'error_code': 409, 'description': 'Conflict: terminated by other getUpdates request; make sure that only one bot instance is running'}
2026-01-06 10:15:29,172 | ERROR | Telegram API Error response: {'ok': False, 'error_code': 409, 'description': 'Conflict: terminated by other getUpdates request; make sure that only one bot instance is running'}
2026-01-06 10:15:32,209 | ERROR | Telegram API Error response: {'ok': False, 'error_code': 409, 'description': 'Conflict: terminated by other getUpdates request; make sure that only one bot instance is running'}
2026-01-06 10:15:32,238 | ERROR | Telegram API Error response: {'ok': False, 'error_code': 409, 'description': 'Conflict: terminated by other getUpdates request; make sure that only one bot instance is running'}
2026-01-06 10:15:35,293 | ERROR | Telegram API Error response: {'ok': False, 'error_code': 409, 'description': 'Conflict: terminated by other getUpdates request; make sure that only one bot instance is running'}
2026-01-06 10:15:35,327 | ERROR | Telegram API Error response: {'ok': False, 'error_code': 409, 'description': 'Conflict: terminated by other getUpdates request; make sure that only one bot instance is running'}
2026-01-06 10:15:38,371 | ERROR | Telegram API Error response: {'ok': False, 'error_code': 409, 'description': 'Conflict: terminated by other getUpdates request; make sure that only one bot instance is running'}
2026-01-06 10:15:38,426 | ERROR | Telegram API Error response: {'ok': False, 'error_code': 409, 'description': 'Conflict: terminated by other getUpdates request; make sure that only one bot instance is running'}
2026-01-06 10:15:41,494 | ERROR | Telegram API Error response: {'ok': False, 'error_code': 409, 'description': 'Conflict: terminated by other getUpdates request; make sure that only one bot instance is running'}
2026-01-06 10:15:41,556 | ERROR | Telegram API Error response: {'ok': False, 'error_code': 409, 'description': 'Conflict: terminated by other getUpdates request; make sure that only one bot instance is running'}
2026-01-06 10:15:44,618 | ERROR | Telegram API Error response: {'ok': False, 'error_code': 409, 'description': 'Conflict: terminated by other getUpdates request; make sure that only one bot instance is running'}
2026-01-06 10:15:44,684 | ERROR | Telegram API Error response: {'ok': False, 'error_code': 409, 'description': 'Conflict: terminated by other getUpdates request; make sure that only one bot instance is running'}
2026-01-06 10:15:47,717 | ERROR | Telegram API Error response: {'ok': False, 'error_code': 409, 'description': 'Conflict: terminated by other getUpdates request; make sure that only one bot instance is running'}
2026-01-06 10:15:47,794 | ERROR | Telegram API Error response: {'ok': False, 'error_code': 409, 'description': 'Conflict: terminated by other getUpdates request; make sure that only one bot instance is running'}
2026-01-06 10:15:50,838 | ERROR | Telegram API Error response: {'ok': False, 'error_code': 409, 'description': 'Conflict: terminated by other getUpdates request; make sure that only one bot instance is running'}
2026-01-06 10:15:50,885 | ERROR | Telegram API Error response: {'ok': False, 'error_code': 409, 'description': 'Conflict: terminated by other getUpdates request; make sure that only one bot instance is running'}
2026-01-06 10:15:53,940 | ERROR | Telegram API Error response: {'ok': False, 'error_code': 409, 'description': 'Conflict: terminated by other getUpdates request; make sure that only one bot instance is running'}
2026-01-06 10:15:53,974 | ERROR | Telegram API Error response: {'ok': False, 'error_code': 409, 'description': 'Conflict: terminated by other getUpdates request; make sure that only one bot instance is running'}
2026-01-06 10:15:55,654 | INFO | ✅ Message sent to 1750388468
2026-01-06 10:15:57,005 | ERROR | Telegram API Error response: {'ok': False, 'error_code': 409, 'description': 'Conflict: terminated by other getUpdates request; make sure that only one bot instance is running'}
2026-01-06 10:15:57,052 | ERROR | Telegram API Error response: {'ok': False, 'error_code': 409, 'description': 'Conflict: terminated by other getUpdates request; make sure that only one bot instance is running'}
2026-01-06 10:16:00,118 | ERROR | Telegram API Error response: {'ok': False, 'error_code': 409, 'description': 'Conflict: terminated by other getUpdates request; make sure that only one bot instance is running'}
2026-01-06 10:16:00,167 | ERROR | Telegram API Error response: {'ok': False, 'error_code': 409, 'description': 'Conflict: terminated by other getUpdates request; make sure that only one bot instance is running'}
2026-01-06 10:16:03,211 | ERROR | Telegram API Error response: {'ok': False, 'error_code': 409, 'description': 'Conflict: terminated by other getUpdates request; make sure that only one bot instance is running'}
2026-01-06 10:16:03,253 | ERROR | Telegram API Error response: {'ok': False, 'error_code': 409, 'description': 'Conflict: terminated by other getUpdates request; make sure that only one bot instance is running'}
2026-01-06 10:16:06,298 | ERROR | Telegram API Error response: {'ok': False, 'error_code': 409, 'description': 'Conflict: terminated by other getUpdates request; make sure that only one bot instance is running'}
2026-01-06 10:16:06,541 | ERROR | Telegram API Error response: {'ok': False, 'error_code': 409, 'description': 'Conflict: terminated by other getUpdates request; make sure that only one bot instance is running'}
2026-01-06 10:16:09,578 | ERROR | Telegram API Error response: {'ok': False, 'error_code': 409, 'description': 'Conflict: terminated by other getUpdates request; make sure that only one bot instance is running'}
2026-01-06 10:16:09,639 | ERROR | Telegram API Error response: {'ok': False, 'error_code': 409, 'description': 'Conflict: terminated by other getUpdates request; make sure that only one bot instance is running'}
2026-01-06 10:16:12,697 | ERROR | Telegram API Error response: {'ok': False, 'error_code': 409, 'description': 'Conflict: terminated by other getUpdates request; make sure that only one bot instance is running'}
2026-01-06 10:16:12,757 | ERROR | Telegram API Error response: {'ok': False, 'error_code': 409, 'description': 'Conflict: terminated by other getUpdates request; make sure that only one bot instance is running'}
2026-01-06 10:16:15,792 | ERROR | Telegram API Error response: {'ok': False, 'error_code': 409, 'description': 'Conflict: terminated by other getUpdates request; make sure that only one bot instance is running'}
2026-01-06 10:16:15,840 | ERROR | Telegram API Error response: {'ok': False, 'error_code': 409, 'description': 'Conflict: terminated by other getUpdates request; make sure that only one bot instance is running'}
2026-01-06 10:16:18,905 | ERROR | Telegram API Error response: {'ok': False, 'error_code': 409, 'description': 'Conflict: terminated by other getUpdates request; make sure that only one bot instance is running'}
2026-01-06 10:16:18,957 | ERROR | Telegram API Error response: {'ok': False, 'error_code': 409, 'description': 'Conflict: terminated by other getUpdates request; make sure that only one bot instance is running'}
2026-01-06 10:16:22,001 | ERROR | Telegram API Error response: {'ok': False, 'error_code': 409, 'description': 'Conflict: terminated by other getUpdates request; make sure that only one bot instance is running'}
2026-01-06 10:16:22,064 | ERROR | Telegram API Error response: {'ok': False, 'error_code': 409, 'description': 'Conflict: terminated by other getUpdates request; make sure that only one bot instance is running'}
2026-01-06 10:16:24,301 | INFO | Signal: WAIT | ATR: 1.6785714285714286 | Expl: High Market Chaos (Entropy 1.36 > 0.88)
2026-01-06 10:16:24,803 | INFO | Signal: WAIT | ATR: 1.6785714285714286 | Expl: High Market Chaos (Entropy 1.36 > 0.88)
2026-01-06 10:16:25,116 | ERROR | Telegram API Error response: {'ok': False, 'error_code': 409, 'description': 'Conflict: terminated by other getUpdates request; make sure that only one bot instance is running'}
2026-01-06 10:16:25,157 | ERROR | Telegram API Error response: {'ok': False, 'error_code': 409, 'description': 'Conflict: terminated by other getUpdates request; make sure that only one bot instance is running'}
2026-01-06 10:16:28,277 | ERROR | Telegram API Error response: {'ok': False, 'error_code': 409, 'description': 'Conflict: terminated by other getUpdates request; make sure that only one bot instance is running'}
2026-01-06 10:16:28,324 | ERROR | Telegram API Error response: {'ok': False, 'error_code': 409, 'description': 'Conflict: terminated by other getUpdates request; make sure that only one bot instance is running'}
2026-01-06 10:16:31,365 | ERROR | Telegram API Error response: {'ok': False, 'error_code': 409, 'description': 'Conflict: terminated by other getUpdates request; make sure that only one bot instance is running'}
2026-01-06 10:16:31,411 | ERROR | Telegram API Error response: {'ok': False, 'error_code': 409, 'description': 'Conflict: terminated by other getUpdates request; make sure that only one bot instance is running'}
2026-01-06 10:16:34,460 | ERROR | Telegram API Error response: {'ok': False, 'error_code': 409, 'description': 'Conflict: terminated by other getUpdates request; make sure that only one bot instance is running'}
2026-01-06 10:16:34,498 | ERROR | Telegram API Error response: {'ok': False, 'error_code': 409, 'description': 'Conflict: terminated by other getUpdates request; make sure that only one bot instance is running'}
2026-01-06 10:16:37,534 | ERROR | Telegram API Error response: {'ok': False, 'error_code': 409, 'description': 'Conflict: terminated by other getUpdates request; make sure that only one bot instance is running'}
2026-01-06 10:16:37,579 | ERROR | Telegram API Error response: {'ok': False, 'error_code': 409, 'description': 'Conflict: terminated by other getUpdates request; make sure that only one bot instance is running'}
2026-01-06 10:16:40,631 | ERROR | Telegram API Error response: {'ok': False, 'error_code': 409, 'description': 'Conflict: terminated by other getUpdates request; make sure that only one bot instance is running'}
2026-01-06 10:16:40,676 | ERROR | Telegram API Error response: {'ok': False, 'error_code': 409, 'description': 'Conflict: terminated by other getUpdates request; make sure that only one bot instance is running'}
2026-01-06 10:16:43,727 | ERROR | Telegram API Error response: {'ok': False, 'error_code': 409, 'description': 'Conflict: terminated by other getUpdates request; make sure that only one bot instance is running'}
2026-01-06 10:16:43,821 | ERROR | Telegram API Error response: {'ok': False, 'error_code': 409, 'description': 'Conflict: terminated by other getUpdates request; make sure that only one bot instance is running'}
2026-01-06 10:16:46,857 | ERROR | Telegram API Error response: {'ok': False, 'error_code': 409, 'description': 'Conflict: terminated by other getUpdates request; make sure that only one bot instance is running'}
2026-01-06 10:16:46,897 | ERROR | Telegram API Error response: {'ok': False, 'error_code': 409, 'description': 'Conflict: terminated by other getUpdates request; make sure that only one bot instance is running'}
2026-01-06 10:16:49,990 | ERROR | Telegram API Error response: {'ok': False, 'error_code': 409, 'description': 'Conflict: terminated by other getUpdates request; make sure that only one bot instance is running'}
2026-01-06 10:16:50,053 | ERROR | Telegram API Error response: {'ok': False, 'error_code': 409, 'description': 'Conflict: terminated by other getUpdates request; make sure that only one bot instance is running'}
2026-01-06 10:16:53,101 | ERROR | Telegram API Error response: {'ok': False, 'error_code': 409, 'description': 'Conflict: terminated by other getUpdates request; make sure that only one bot instance is running'}
2026-01-06 10:16:53,136 | ERROR | Telegram API Error response: {'ok': False, 'error_code': 409, 'description': 'Conflict: terminated by other getUpdates request; make sure that only one bot instance is running'}
2026-01-06 10:16:56,168 | ERROR | Telegram API Error response: {'ok': False, 'error_code': 409, 'description': 'Conflict: terminated by other getUpdates request; make sure that only one bot instance is running'}
2026-01-06 10:16:56,214 | ERROR | Telegram API Error response: {'ok': False, 'error_code': 409, 'description': 'Conflict: terminated by other getUpdates request; make sure that only one bot instance is running'}
2026-01-06 10:16:59,279 | ERROR | Telegram API Error response: {'ok': False, 'error_code': 409, 'description': 'Conflict: terminated by other getUpdates request; make sure that only one bot instance is running'}
2026-01-06 10:16:59,314 | ERROR | Telegram API Error response: {'ok': False, 'error_code': 409, 'description': 'Conflict: terminated by other getUpdates request; make sure that only one bot instance is running'}
2026-01-06 10:17:02,374 | ERROR | Telegram API Error response: {'ok': False, 'error_code': 409, 'description': 'Conflict: terminated by other getUpdates request; make sure that only one bot instance is running'}
2026-01-06 10:17:02,428 | ERROR | Telegram API Error response: {'ok': False, 'error_code': 409, 'description': 'Conflict: terminated by other getUpdates request; make sure that only one bot instance is running'}
2026-01-06 10:17:05,477 | ERROR | Telegram API Error response: {'ok': False, 'error_code': 409, 'description': 'Conflict: terminated by other getUpdates request; make sure that only one bot instance is running'}
2026-01-06 10:17:05,517 | ERROR | Telegram API Error response: {'ok': False, 'error_code': 409, 'description': 'Conflict: terminated by other getUpdates request; make sure that only one bot instance is running'}
2026-01-06 10:17:08,581 | ERROR | Telegram API Error response: {'ok': False, 'error_code': 409, 'description': 'Conflict: terminated by other getUpdates request; make sure that only one bot instance is running'}
2026-01-06 10:17:08,627 | ERROR | Telegram API Error response: {'ok': False, 'error_code': 409, 'description': 'Conflict: terminated by other getUpdates request; make sure that only one bot instance is running'}
2026-01-06 10:17:11,696 | ERROR | Telegram API Error response: {'ok': False, 'error_code': 409, 'description': 'Conflict: terminated by other getUpdates request; make sure that only one bot instance is running'}
2026-01-06 10:17:11,742 | ERROR | Telegram API Error response: {'ok': False, 'error_code': 409, 'description': 'Conflict: terminated by other getUpdates request; make sure that only one bot instance is running'}
2026-01-06 10:17:14,787 | ERROR | Telegram API Error response: {'ok': False, 'error_code': 409, 'description': 'Conflict: terminated by other getUpdates request; make sure that only one bot instance is running'}
2026-01-06 10:17:14,838 | ERROR | Telegram API Error response: {'ok': False, 'error_code': 409, 'description': 'Conflict: terminated by other getUpdates request; make sure that only one bot instance is running'}
2026-01-06 10:17:17,912 | ERROR | Telegram API Error response: {'ok': False, 'error_code': 409, 'description': 'Conflict: terminated by other getUpdates request; make sure that only one bot instance is running'}
2026-01-06 10:17:17,971 | ERROR | Telegram API Error response: {'ok': False, 'error_code': 409, 'description': 'Conflict: terminated by other getUpdates request; make sure that only one bot instance is running'}
2026-01-06 10:17:21,030 | ERROR | Telegram API Error response: {'ok': False, 'error_code': 409, 'description': 'Conflict: terminated by other getUpdates request; make sure that only one bot instance is running'}
2026-01-06 10:17:21,075 | ERROR | Telegram API Error response: {'ok': False, 'error_code': 409, 'description': 'Conflict: terminated by other getUpdates request; make sure that only one bot instance is running'}
2026-01-06 10:17:24,125 | ERROR | Telegram API Error response: {'ok': False, 'error_code': 409, 'description': 'Conflict: terminated by other getUpdates request; make sure that only one bot instance is running'}
2026-01-06 10:17:24,189 | ERROR | Telegram API Error response: {'ok': False, 'error_code': 409, 'description': 'Conflict: terminated by other getUpdates request; make sure that only one bot instance is running'}
2026-01-06 10:17:25,025 | INFO | Signal: WAIT | ATR: 1.6535714285714025 | Expl: High Market Chaos (Entropy 1.62 > 0.88)
2026-01-06 10:17:25,676 | INFO | Signal: WAIT | ATR: 1.6535714285714025 | Expl: High Market Chaos (Entropy 1.62 > 0.88)
2026-01-06 10:17:27,256 | ERROR | Telegram API Error response: {'ok': False, 'error_code': 409, 'description': 'Conflict: terminated by other getUpdates request; make sure that only one bot instance is running'}
2026-01-06 10:17:27,292 | ERROR | Telegram API Error response: {'ok': False, 'error_code': 409, 'description': 'Conflict: terminated by other getUpdates request; make sure that only one bot instance is running'}
2026-01-06 10:17:30,396 | ERROR | Telegram API Error response: {'ok': False, 'error_code': 409, 'description': 'Conflict: terminated by other getUpdates request; make sure that only one bot instance is running'}
2026-01-06 10:17:30,455 | ERROR | Telegram API Error response: {'ok': False, 'error_code': 409, 'description': 'Conflict: terminated by other getUpdates request; make sure that only one bot instance is running'}
2026-01-06 10:17:33,508 | ERROR | Telegram API Error response: {'ok': False, 'error_code': 409, 'description': 'Conflict: terminated by other getUpdates request; make sure that only one bot instance is running'}
2026-01-06 10:17:33,564 | ERROR | Telegram API Error response: {'ok': False, 'error_code': 409, 'description': 'Conflict: terminated by other getUpdates request; make sure that only one bot instance is running'}
2026-01-06 10:17:36,615 | ERROR | Telegram API Error response: {'ok': False, 'error_code': 409, 'description': 'Conflict: terminated by other getUpdates request; make sure that only one bot instance is running'}
2026-01-06 10:17:36,663 | ERROR | Telegram API Error response: {'ok': False, 'error_code': 409, 'description': 'Conflict: terminated by other getUpdates request; make sure that only one bot instance is running'}
2026-01-06 10:17:39,710 | ERROR | Telegram API Error response: {'ok': False, 'error_code': 409, 'description': 'Conflict: terminated by other getUpdates request; make sure that only one bot instance is running'}
2026-01-06 10:17:39,768 | ERROR | Telegram API Error response: {'ok': False, 'error_code': 409, 'description': 'Conflict: terminated by other getUpdates request; make sure that only one bot instance is running'}
2026-01-06 10:17:42,816 | ERROR | Telegram API Error response: {'ok': False, 'error_code': 409, 'description': 'Conflict: terminated by other getUpdates request; make sure that only one bot instance is running'}
2026-01-06 10:17:42,868 | ERROR | Telegram API Error response: {'ok': False, 'error_code': 409, 'description': 'Conflict: terminated by other getUpdates request; make sure that only one bot instance is running'}
2026-01-06 10:17:45,913 | ERROR | Telegram API Error response: {'ok': False, 'error_code': 409, 'description': 'Conflict: terminated by other getUpdates request; make sure that only one bot instance is running'}
2026-01-06 10:17:45,943 | ERROR | Telegram API Error response: {'ok': False, 'error_code': 409, 'description': 'Conflict: terminated by other getUpdates request; make sure that only one bot instance is running'}
2026-01-06 10:17:48,974 | ERROR | Telegram API Error response: {'ok': False, 'error_code': 409, 'description': 'Conflict: terminated by other getUpdates request; make sure that only one bot instance is running'}
2026-01-06 10:17:49,017 | ERROR | Telegram API Error response: {'ok': False, 'error_code': 409, 'description': 'Conflict: terminated by other getUpdates request; make sure that only one bot instance is running'}
2026-01-06 10:17:52,068 | ERROR | Telegram API Error response: {'ok': False, 'error_code': 409, 'description': 'Conflict: terminated by other getUpdates request; make sure that only one bot instance is running'}
2026-01-06 10:17:52,097 | ERROR | Telegram API Error response: {'ok': False, 'error_code': 409, 'description': 'Conflict: terminated by other getUpdates request; make sure that only one bot instance is running'}
2026-01-06 10:17:55,137 | ERROR | Telegram API Error response: {'ok': False, 'error_code': 409, 'description': 'Conflict: terminated by other getUpdates request; make sure that only one bot instance is running'}
2026-01-06 10:17:55,207 | ERROR | Telegram API Error response: {'ok': False, 'error_code': 409, 'description': 'Conflict: terminated by other getUpdates request; make sure that only one bot instance is running'}
2026-01-06 10:17:58,255 | ERROR | Telegram API Error response: {'ok': False, 'error_code': 409, 'description': 'Conflict: terminated by other getUpdates request; make sure that only one bot instance is running'}
2026-01-06 10:17:58,288 | ERROR | Telegram API Error response: {'ok': False, 'error_code': 409, 'description': 'Conflict: terminated by other getUpdates request; make sure that only one bot instance is running'}
2026-01-06 10:18:01,331 | ERROR | Telegram API Error response: {'ok': False, 'error_code': 409, 'description': 'Conflict: terminated by other getUpdates request; make sure that only one bot instance is running'}
2026-01-06 10:18:01,390 | ERROR | Telegram API Error response: {'ok': False, 'error_code': 409, 'description': 'Conflict: terminated by other getUpdates request; make sure that only one bot instance is running'}
2026-01-06 10:18:04,450 | ERROR | Telegram API Error response: {'ok': False, 'error_code': 409, 'description': 'Conflict: terminated by other getUpdates request; make sure that only one bot instance is running'}
2026-01-06 10:18:04,510 | ERROR | Telegram API Error response: {'ok': False, 'error_code': 409, 'description': 'Conflict: terminated by other getUpdates request; make sure that only one bot instance is running'}
2026-01-06 10:18:07,571 | ERROR | Telegram API Error response: {'ok': False, 'error_code': 409, 'description': 'Conflict: terminated by other getUpdates request; make sure that only one bot instance is running'}
2026-01-06 10:18:07,624 | ERROR | Telegram API Error response: {'ok': False, 'error_code': 409, 'description': 'Conflict: terminated by other getUpdates request; make sure that only one bot instance is running'}
2026-01-06 10:18:10,674 | ERROR | Telegram API Error response: {'ok': False, 'error_code': 409, 'description': 'Conflict: terminated by other getUpdates request; make sure that only one bot instance is running'}
2026-01-06 10:18:10,734 | ERROR | Telegram API Error response: {'ok': False, 'error_code': 409, 'description': 'Conflict: terminated by other getUpdates request; make sure that only one bot instance is running'}
2026-01-06 10:18:13,858 | ERROR | Telegram API Error response: {'ok': False, 'error_code': 409, 'description': 'Conflict: terminated by other getUpdates request; make sure that only one bot instance is running'}
2026-01-06 10:18:13,917 | ERROR | Telegram API Error response: {'ok': False, 'error_code': 409, 'description': 'Conflict: terminated by other getUpdates request; make sure that only one bot instance is running'}
2026-01-06 10:18:16,946 | ERROR | Telegram API Error response: {'ok': False, 'error_code': 409, 'description': 'Conflict: terminated by other getUpdates request; make sure that only one bot instance is running'}
2026-01-06 10:18:16,996 | ERROR | Telegram API Error response: {'ok': False, 'error_code': 409, 'description': 'Conflict: terminated by other getUpdates request; make sure that only one bot instance is running'}
2026-01-06 10:18:20,044 | ERROR | Telegram API Error response: {'ok': False, 'error_code': 409, 'description': 'Conflict: terminated by other getUpdates request; make sure that only one bot instance is running'}
2026-01-06 10:18:20,091 | ERROR | Telegram API Error response: {'ok': False, 'error_code': 409, 'description': 'Conflict: terminated by other getUpdates request; make sure that only one bot instance is running'}
2026-01-06 10:18:23,132 | ERROR | Telegram API Error response: {'ok': False, 'error_code': 409, 'description': 'Conflict: terminated by other getUpdates request; make sure that only one bot instance is running'}
2026-01-06 10:18:23,205 | ERROR | Telegram API Error response: {'ok': False, 'error_code': 409, 'description': 'Conflict: terminated by other getUpdates request; make sure that only one bot instance is running'}
2026-01-06 10:18:26,291 | ERROR | Telegram API Error response: {'ok': False, 'error_code': 409, 'description': 'Conflict: terminated by other getUpdates request; make sure that only one bot instance is running'}
2026-01-06 10:18:26,351 | ERROR | Telegram API Error response: {'ok': False, 'error_code': 409, 'description': 'Conflict: terminated by other getUpdates request; make sure that only one bot instance is running'}
2026-01-06 10:18:26,894 | INFO | Signal: WAIT | ATR: 1.5878571428571118 | Expl: High Market Chaos (Entropy 1.76 > 0.88)
2026-01-06 10:18:29,400 | ERROR | Telegram API Error response: {'ok': False, 'error_code': 409, 'description': 'Conflict: terminated by other getUpdates request; make sure that only one bot instance is running'}
2026-01-06 10:18:29,442 | ERROR | Telegram API Error response: {'ok': False, 'error_code': 409, 'description': 'Conflict: terminated by other getUpdates request; make sure that only one bot instance is running'}
2026-01-06 10:18:32,472 | ERROR | Telegram API Error response: {'ok': False, 'error_code': 409, 'description': 'Conflict: terminated by other getUpdates request; make sure that only one bot instance is running'}
2026-01-06 10:18:32,546 | ERROR | Telegram API Error response: {'ok': False, 'error_code': 409, 'description': 'Conflict: terminated by other getUpdates request; make sure that only one bot instance is running'}
2026-01-06 10:18:35,600 | ERROR | Telegram API Error response: {'ok': False, 'error_code': 409, 'description': 'Conflict: terminated by other getUpdates request; make sure that only one bot instance is running'}
2026-01-06 10:18:35,645 | ERROR | Telegram API Error response: {'ok': False, 'error_code': 409, 'description': 'Conflict: terminated by other getUpdates request; make sure that only one bot instance is running'}
2026-01-06 10:18:38,702 | ERROR | Telegram API Error response: {'ok': False, 'error_code': 409, 'description': 'Conflict: terminated by other getUpdates request; make sure that only one bot instance is running'}
2026-01-06 10:18:38,773 | ERROR | Telegram API Error response: {'ok': False, 'error_code': 409, 'description': 'Conflict: terminated by other getUpdates request; make sure that only one bot instance is running'}
2026-01-06 10:18:41,818 | ERROR | Telegram API Error response: {'ok': False, 'error_code': 409, 'description': 'Conflict: terminated by other getUpdates request; make sure that only one bot instance is running'}
2026-01-06 10:18:41,865 | ERROR | Telegram API Error response: {'ok': False, 'error_code': 409, 'description': 'Conflict: terminated by other getUpdates request; make sure that only one bot instance is running'}
2026-01-06 10:18:44,908 | ERROR | Telegram API Error response: {'ok': False, 'error_code': 409, 'description': 'Conflict: terminated by other getUpdates request; make sure that only one bot instance is running'}
2026-01-06 10:18:44,949 | ERROR | Telegram API Error response: {'ok': False, 'error_code': 409, 'description': 'Conflict: terminated by other getUpdates request; make sure that only one bot instance is running'}
2026-01-06 10:18:47,995 | ERROR | Telegram API Error response: {'ok': False, 'error_code': 409, 'description': 'Conflict: terminated by other getUpdates request; make sure that only one bot instance is running'}
2026-01-06 10:18:48,045 | ERROR | Telegram API Error response: {'ok': False, 'error_code': 409, 'description': 'Conflict: terminated by other getUpdates request; make sure that only one bot instance is running'}
2026-01-06 10:18:51,093 | ERROR | Telegram API Error response: {'ok': False, 'error_code': 409, 'description': 'Conflict: terminated by other getUpdates request; make sure that only one bot instance is running'}
2026-01-06 10:18:51,157 | ERROR | Telegram API Error response: {'ok': False, 'error_code': 409, 'description': 'Conflict: terminated by other getUpdates request; make sure that only one bot instance is running'}
2026-01-06 10:18:54,217 | ERROR | Telegram API Error response: {'ok': False, 'error_code': 409, 'description': 'Conflict: terminated by other getUpdates request; make sure that only one bot instance is running'}
2026-01-06 10:18:54,251 | ERROR | Telegram API Error response: {'ok': False, 'error_code': 409, 'description': 'Conflict: terminated by other getUpdates request; make sure that only one bot instance is running'}
2026-01-06 10:18:57,297 | ERROR | Telegram API Error response: {'ok': False, 'error_code': 409, 'description': 'Conflict: terminated by other getUpdates request; make sure that only one bot instance is running'}
2026-01-06 10:18:57,339 | ERROR | Telegram API Error response: {'ok': False, 'error_code': 409, 'description': 'Conflict: terminated by other getUpdates request; make sure that only one bot instance is running'}
2026-01-06 10:19:00,385 | ERROR | Telegram API Error response: {'ok': False, 'error_code': 409, 'description': 'Conflict: terminated by other getUpdates request; make sure that only one bot instance is running'}
2026-01-06 10:19:00,419 | ERROR | Telegram API Error response: {'ok': False, 'error_code': 409, 'description': 'Conflict: terminated by other getUpdates request; make sure that only one bot instance is running'}
2026-01-06 10:19:03,473 | ERROR | Telegram API Error response: {'ok': False, 'error_code': 409, 'description': 'Conflict: terminated by other getUpdates request; make sure that only one bot instance is running'}
2026-01-06 10:19:03,536 | ERROR | Telegram API Error response: {'ok': False, 'error_code': 409, 'description': 'Conflict: terminated by other getUpdates request; make sure that only one bot instance is running'}
2026-01-06 10:19:05,347 | INFO | Signal: WAIT | ATR: 1.5878571428571118 | Expl: High Market Chaos (Entropy 1.76 > 0.88)
2026-01-06 10:19:06,568 | ERROR | Telegram API Error response: {'ok': False, 'error_code': 409, 'description': 'Conflict: terminated by other getUpdates request; make sure that only one bot instance is running'}
2026-01-06 10:19:06,616 | ERROR | Telegram API Error response: {'ok': False, 'error_code': 409, 'description': 'Conflict: terminated by other getUpdates request; make sure that only one bot instance is running'}
2026-01-06 10:19:09,675 | ERROR | Telegram API Error response: {'ok': False, 'error_code': 409, 'description': 'Conflict: terminated by other getUpdates request; make sure that only one bot instance is running'}
2026-01-06 10:19:09,730 | ERROR | Telegram API Error response: {'ok': False, 'error_code': 409, 'description': 'Conflict: terminated by other getUpdates request; make sure that only one bot instance is running'}
2026-01-06 10:19:12,787 | ERROR | Telegram API Error response: {'ok': False, 'error_code': 409, 'description': 'Conflict: terminated by other getUpdates request; make sure that only one bot instance is running'}
2026-01-06 10:19:12,834 | ERROR | Telegram API Error response: {'ok': False, 'error_code': 409, 'description': 'Conflict: terminated by other getUpdates request; make sure that only one bot instance is running'}
2026-01-06 10:19:15,869 | ERROR | Telegram API Error response: {'ok': False, 'error_code': 409, 'description': 'Conflict: terminated by other getUpdates request; make sure that only one bot instance is running'}
2026-01-06 10:19:15,908 | ERROR | Telegram API Error response: {'ok': False, 'error_code': 409, 'description': 'Conflict: terminated by other getUpdates request; make sure that only one bot instance is running'}
2026-01-06 10:19:18,963 | ERROR | Telegram API Error response: {'ok': False, 'error_code': 409, 'description': 'Conflict: terminated by other getUpdates request; make sure that only one bot instance is running'}
2026-01-06 10:19:19,029 | ERROR | Telegram API Error response: {'ok': False, 'error_code': 409, 'description': 'Conflict: terminated by other getUpdates request; make sure that only one bot instance is running'}
2026-01-06 10:19:22,097 | ERROR | Telegram API Error response: {'ok': False, 'error_code': 409, 'description': 'Conflict: terminated by other getUpdates request; make sure that only one bot instance is running'}
2026-01-06 10:19:22,162 | ERROR | Telegram API Error response: {'ok': False, 'error_code': 409, 'description': 'Conflict: terminated by other getUpdates request; make sure that only one bot instance is running'}
2026-01-06 10:19:25,216 | ERROR | Telegram API Error response: {'ok': False, 'error_code': 409, 'description': 'Conflict: terminated by other getUpdates request; make sure that only one bot instance is running'}
2026-01-06 10:19:25,267 | ERROR | Telegram API Error response: {'ok': False, 'error_code': 409, 'description': 'Conflict: terminated by other getUpdates request; make sure that only one bot instance is running'}
2026-01-06 10:19:28,326 | ERROR | Telegram API Error response: {'ok': False, 'error_code': 409, 'description': 'Conflict: terminated by other getUpdates request; make sure that only one bot instance is running'}
2026-01-06 10:19:28,391 | ERROR | Telegram API Error response: {'ok': False, 'error_code': 409, 'description': 'Conflict: terminated by other getUpdates request; make sure that only one bot instance is running'}
2026-01-06 10:19:31,427 | ERROR | Telegram API Error response: {'ok': False, 'error_code': 409, 'description': 'Conflict: terminated by other getUpdates request; make sure that only one bot instance is running'}
2026-01-06 10:19:31,485 | ERROR | Telegram API Error response: {'ok': False, 'error_code': 409, 'description': 'Conflict: terminated by other getUpdates request; make sure that only one bot instance is running'}
2026-01-06 10:19:34,521 | ERROR | Telegram API Error response: {'ok': False, 'error_code': 409, 'description': 'Conflict: terminated by other getUpdates request; make sure that only one bot instance is running'}
2026-01-06 10:19:34,583 | ERROR | Telegram API Error response: {'ok': False, 'error_code': 409, 'description': 'Conflict: terminated by other getUpdates request; make sure that only one bot instance is running'}
2026-01-06 10:19:37,640 | ERROR | Telegram API Error response: {'ok': False, 'error_code': 409, 'description': 'Conflict: terminated by other getUpdates request; make sure that only one bot instance is running'}
2026-01-06 10:19:37,682 | ERROR | Telegram API Error response: {'ok': False, 'error_code': 409, 'description': 'Conflict: terminated by other getUpdates request; make sure that only one bot instance is running'}
2026-01-06 10:19:40,749 | ERROR | Telegram API Error response: {'ok': False, 'error_code': 409, 'description': 'Conflict: terminated by other getUpdates request; make sure that only one bot instance is running'}
2026-01-06 10:19:40,806 | ERROR | Telegram API Error response: {'ok': False, 'error_code': 409, 'description': 'Conflict: terminated by other getUpdates request; make sure that only one bot instance is running'}
2026-01-06 10:19:43,859 | ERROR | Telegram API Error response: {'ok': False, 'error_code': 409, 'description': 'Conflict: terminated by other getUpdates request; make sure that only one bot instance is running'}
2026-01-06 10:19:43,895 | ERROR | Telegram API Error response: {'ok': False, 'error_code': 409, 'description': 'Conflict: terminated by other getUpdates request; make sure that only one bot instance is running'}
2026-01-06 10:19:46,993 | ERROR | Telegram API Error response: {'ok': False, 'error_code': 409, 'description': 'Conflict: terminated by other getUpdates request; make sure that only one bot instance is running'}
2026-01-06 10:19:47,048 | ERROR | Telegram API Error response: {'ok': False, 'error_code': 409, 'description': 'Conflict: terminated by other getUpdates request; make sure that only one bot instance is running'}
2026-01-06 10:19:50,108 | ERROR | Telegram API Error response: {'ok': False, 'error_code': 409, 'description': 'Conflict: terminated by other getUpdates request; make sure that only one bot instance is running'}
2026-01-06 10:19:50,159 | ERROR | Telegram API Error response: {'ok': False, 'error_code': 409, 'description': 'Conflict: terminated by other getUpdates request; make sure that only one bot instance is running'}
2026-01-06 10:19:53,206 | ERROR | Telegram API Error response: {'ok': False, 'error_code': 409, 'description': 'Conflict: terminated by other getUpdates request; make sure that only one bot instance is running'}
2026-01-06 10:19:53,267 | ERROR | Telegram API Error response: {'ok': False, 'error_code': 409, 'description': 'Conflict: terminated by other getUpdates request; make sure that only one bot instance is running'}
2026-01-06 10:19:56,331 | ERROR | Telegram API Error response: {'ok': False, 'error_code': 409, 'description': 'Conflict: terminated by other getUpdates request; make sure that only one bot instance is running'}
2026-01-06 10:19:56,374 | ERROR | Telegram API Error response: {'ok': False, 'error_code': 409, 'description': 'Conflict: terminated by other getUpdates request; make sure that only one bot instance is running'}
2026-01-06 10:19:59,412 | ERROR | Telegram API Error response: {'ok': False, 'error_code': 409, 'description': 'Conflict: terminated by other getUpdates request; make sure that only one bot instance is running'}
2026-01-06 10:19:59,445 | ERROR | Telegram API Error response: {'ok': False, 'error_code': 409, 'description': 'Conflict: terminated by other getUpdates request; make sure that only one bot instance is running'}
2026-01-06 10:20:02,521 | ERROR | Telegram API Error response: {'ok': False, 'error_code': 409, 'description': 'Conflict: terminated by other getUpdates request; make sure that only one bot instance is running'}
2026-01-06 10:20:02,616 | ERROR | Telegram API Error response: {'ok': False, 'error_code': 409, 'description': 'Conflict: terminated by other getUpdates request; make sure that only one bot instance is running'}
2026-01-06 10:20:05,599 | INFO | Signal: WAIT | ATR: 1.5014285714285376 | Expl: High Market Chaos (Entropy 1.75 > 0.88)
2026-01-06 10:20:05,676 | ERROR | Telegram API Error response: {'ok': False, 'error_code': 409, 'description': 'Conflict: terminated by other getUpdates request; make sure that only one bot instance is running'}
2026-01-06 10:20:05,709 | ERROR | Telegram API Error response: {'ok': False, 'error_code': 409, 'description': 'Conflict: terminated by other getUpdates request; make sure that only one bot instance is running'}
2026-01-06 10:20:06,153 | INFO | Signal: WAIT | ATR: 1.5014285714285376 | Expl: High Market Chaos (Entropy 1.75 > 0.88)
2026-01-06 10:20:08,743 | ERROR | Telegram API Error response: {'ok': False, 'error_code': 409, 'description': 'Conflict: terminated by other getUpdates request; make sure that only one bot instance is running'}
2026-01-06 10:20:08,777 | ERROR | Telegram API Error response: {'ok': False, 'error_code': 409, 'description': 'Conflict: terminated by other getUpdates request; make sure that only one bot instance is running'}
2026-01-06 10:20:11,811 | ERROR | Telegram API Error response: {'ok': False, 'error_code': 409, 'description': 'Conflict: terminated by other getUpdates request; make sure that only one bot instance is running'}
2026-01-06 10:20:11,853 | ERROR | Telegram API Error response: {'ok': False, 'error_code': 409, 'description': 'Conflict: terminated by other getUpdates request; make sure that only one bot instance is running'}
2026-01-06 10:20:14,899 | ERROR | Telegram API Error response: {'ok': False, 'error_code': 409, 'description': 'Conflict: terminated by other getUpdates request; make sure that only one bot instance is running'}
2026-01-06 10:20:14,926 | ERROR | Telegram API Error response: {'ok': False, 'error_code': 409, 'description': 'Conflict: terminated by other getUpdates request; make sure that only one bot instance is running'}
2026-01-06 10:20:17,978 | ERROR | Telegram API Error response: {'ok': False, 'error_code': 409, 'description': 'Conflict: terminated by other getUpdates request; make sure that only one bot instance is running'}
2026-01-06 10:20:18,039 | ERROR | Telegram API Error response: {'ok': False, 'error_code': 409, 'description': 'Conflict: terminated by other getUpdates request; make sure that only one bot instance is running'}
2026-01-06 10:20:21,077 | ERROR | Telegram API Error response: {'ok': False, 'error_code': 409, 'description': 'Conflict: terminated by other getUpdates request; make sure that only one bot instance is running'}
2026-01-06 10:20:21,124 | ERROR | Telegram API Error response: {'ok': False, 'error_code': 409, 'description': 'Conflict: terminated by other getUpdates request; make sure that only one bot instance is running'}
2026-01-06 10:20:24,163 | ERROR | Telegram API Error response: {'ok': False, 'error_code': 409, 'description': 'Conflict: terminated by other getUpdates request; make sure that only one bot instance is running'}
2026-01-06 10:20:24,208 | ERROR | Telegram API Error response: {'ok': False, 'error_code': 409, 'description': 'Conflict: terminated by other getUpdates request; make sure that only one bot instance is running'}
2026-01-06 10:20:27,258 | ERROR | Telegram API Error response: {'ok': False, 'error_code': 409, 'description': 'Conflict: terminated by other getUpdates request; make sure that only one bot instance is running'}
2026-01-06 10:20:27,314 | ERROR | Telegram API Error response: {'ok': False, 'error_code': 409, 'description': 'Conflict: terminated by other getUpdates request; make sure that only one bot instance is running'}
2026-01-06 10:20:30,374 | ERROR | Telegram API Error response: {'ok': False, 'error_code': 409, 'description': 'Conflict: terminated by other getUpdates request; make sure that only one bot instance is running'}
2026-01-06 10:20:30,428 | ERROR | Telegram API Error response: {'ok': False, 'error_code': 409, 'description': 'Conflict: terminated by other getUpdates request; make sure that only one bot instance is running'}
2026-01-06 10:20:33,489 | ERROR | Telegram API Error response: {'ok': False, 'error_code': 409, 'description': 'Conflict: terminated by other getUpdates request; make sure that only one bot instance is running'}
2026-01-06 10:20:33,558 | ERROR | Telegram API Error response: {'ok': False, 'error_code': 409, 'description': 'Conflict: terminated by other getUpdates request; make sure that only one bot instance is running'}
2026-01-06 10:20:36,614 | ERROR | Telegram API Error response: {'ok': False, 'error_code': 409, 'description': 'Conflict: terminated by other getUpdates request; make sure that only one bot instance is running'}
2026-01-06 10:20:36,673 | ERROR | Telegram API Error response: {'ok': False, 'error_code': 409, 'description': 'Conflict: terminated by other getUpdates request; make sure that only one bot instance is running'}
2026-01-06 10:20:39,709 | ERROR | Telegram API Error response: {'ok': False, 'error_code': 409, 'description': 'Conflict: terminated by other getUpdates request; make sure that only one bot instance is running'}
2026-01-06 10:20:39,756 | ERROR | Telegram API Error response: {'ok': False, 'error_code': 409, 'description': 'Conflict: terminated by other getUpdates request; make sure that only one bot instance is running'}
2026-01-06 10:20:42,826 | ERROR | Telegram API Error response: {'ok': False, 'error_code': 409, 'description': 'Conflict: terminated by other getUpdates request; make sure that only one bot instance is running'}
2026-01-06 10:20:42,897 | ERROR | Telegram API Error response: {'ok': False, 'error_code': 409, 'description': 'Conflict: terminated by other getUpdates request; make sure that only one bot instance is running'}
2026-01-06 10:20:45,960 | ERROR | Telegram API Error response: {'ok': False, 'error_code': 409, 'description': 'Conflict: terminated by other getUpdates request; make sure that only one bot instance is running'}
2026-01-06 10:20:46,017 | ERROR | Telegram API Error response: {'ok': False, 'error_code': 409, 'description': 'Conflict: terminated by other getUpdates request; make sure that only one bot instance is running'}
2026-01-06 10:20:49,086 | ERROR | Telegram API Error response: {'ok': False, 'error_code': 409, 'description': 'Conflict: terminated by other getUpdates request; make sure that only one bot instance is running'}
2026-01-06 10:20:49,168 | ERROR | Telegram API Error response: {'ok': False, 'error_code': 409, 'description': 'Conflict: terminated by other getUpdates request; make sure that only one bot instance is running'}
2026-01-06 10:20:52,214 | ERROR | Telegram API Error response: {'ok': False, 'error_code': 409, 'description': 'Conflict: terminated by other getUpdates request; make sure that only one bot instance is running'}
2026-01-06 10:20:52,243 | ERROR | Telegram API Error response: {'ok': False, 'error_code': 409, 'description': 'Conflict: terminated by other getUpdates request; make sure that only one bot instance is running'}
2026-01-06 10:20:55,273 | ERROR | Telegram API Error response: {'ok': False, 'error_code': 409, 'description': 'Conflict: terminated by other getUpdates request; make sure that only one bot instance is running'}
2026-01-06 10:20:55,335 | ERROR | Telegram API Error response: {'ok': False, 'error_code': 409, 'description': 'Conflict: terminated by other getUpdates request; make sure that only one bot instance is running'}
2026-01-06 10:20:58,398 | ERROR | Telegram API Error response: {'ok': False, 'error_code': 409, 'description': 'Conflict: terminated by other getUpdates request; make sure that only one bot instance is running'}
2026-01-06 10:20:58,457 | ERROR | Telegram API Error response: {'ok': False, 'error_code': 409, 'description': 'Conflict: terminated by other getUpdates request; make sure that only one bot instance is running'}
2026-01-06 10:21:01,538 | ERROR | Telegram API Error response: {'ok': False, 'error_code': 409, 'description': 'Conflict: terminated by other getUpdates request; make sure that only one bot instance is running'}
2026-01-06 10:21:01,604 | ERROR | Telegram API Error response: {'ok': False, 'error_code': 409, 'description': 'Conflict: terminated by other getUpdates request; make sure that only one bot instance is running'}
2026-01-06 10:21:04,656 | ERROR | Telegram API Error response: {'ok': False, 'error_code': 409, 'description': 'Conflict: terminated by other getUpdates request; make sure that only one bot instance is running'}
2026-01-06 10:21:04,740 | ERROR | Telegram API Error response: {'ok': False, 'error_code': 409, 'description': 'Conflict: terminated by other getUpdates request; make sure that only one bot instance is running'}
2026-01-06 10:21:05,392 | INFO | Signal: WAIT | ATR: 1.5007142857142364 | Expl: High Market Chaos (Entropy 1.70 > 0.88)
2026-01-06 10:21:05,881 | INFO | Signal: WAIT | ATR: 1.5007142857142364 | Expl: High Market Chaos (Entropy 1.70 > 0.88)
2026-01-06 10:21:07,808 | ERROR | Telegram API Error response: {'ok': False, 'error_code': 409, 'description': 'Conflict: terminated by other getUpdates request; make sure that only one bot instance is running'}
2026-01-06 10:21:07,867 | ERROR | Telegram API Error response: {'ok': False, 'error_code': 409, 'description': 'Conflict: terminated by other getUpdates request; make sure that only one bot instance is running'}
2026-01-06 10:21:10,912 | ERROR | Telegram API Error response: {'ok': False, 'error_code': 409, 'description': 'Conflict: terminated by other getUpdates request; make sure that only one bot instance is running'}
2026-01-06 10:21:10,975 | ERROR | Telegram API Error response: {'ok': False, 'error_code': 409, 'description': 'Conflict: terminated by other getUpdates request; make sure that only one bot instance is running'}
2026-01-06 10:21:14,021 | ERROR | Telegram API Error response: {'ok': False, 'error_code': 409, 'description': 'Conflict: terminated by other getUpdates request; make sure that only one bot instance is running'}
2026-01-06 10:21:14,080 | ERROR | Telegram API Error response: {'ok': False, 'error_code': 409, 'description': 'Conflict: terminated by other getUpdates request; make sure that only one bot instance is running'}
2026-01-06 10:21:17,130 | ERROR | Telegram API Error response: {'ok': False, 'error_code': 409, 'description': 'Conflict: terminated by other getUpdates request; make sure that only one bot instance is running'}
2026-01-06 10:21:17,191 | ERROR | Telegram API Error response: {'ok': False, 'error_code': 409, 'description': 'Conflict: terminated by other getUpdates request; make sure that only one bot instance is running'}
2026-01-06 10:21:20,247 | ERROR | Telegram API Error response: {'ok': False, 'error_code': 409, 'description': 'Conflict: terminated by other getUpdates request; make sure that only one bot instance is running'}
2026-01-06 10:21:20,289 | ERROR | Telegram API Error response: {'ok': False, 'error_code': 409, 'description': 'Conflict: terminated by other getUpdates request; make sure that only one bot instance is running'}
2026-01-06 10:21:23,373 | ERROR | Telegram API Error response: {'ok': False, 'error_code': 409, 'description': 'Conflict: terminated by other getUpdates request; make sure that only one bot instance is running'}
2026-01-06 10:21:23,432 | ERROR | Telegram API Error response: {'ok': False, 'error_code': 409, 'description': 'Conflict: terminated by other getUpdates request; make sure that only one bot instance is running'}
2026-01-06 10:21:26,467 | ERROR | Telegram API Error response: {'ok': False, 'error_code': 409, 'description': 'Conflict: terminated by other getUpdates request; make sure that only one bot instance is running'}
2026-01-06 10:21:26,529 | ERROR | Telegram API Error response: {'ok': False, 'error_code': 409, 'description': 'Conflict: terminated by other getUpdates request; make sure that only one bot instance is running'}
2026-01-06 10:21:29,575 | ERROR | Telegram API Error response: {'ok': False, 'error_code': 409, 'description': 'Conflict: terminated by other getUpdates request; make sure that only one bot instance is running'}
2026-01-06 10:21:29,647 | ERROR | Telegram API Error response: {'ok': False, 'error_code': 409, 'description': 'Conflict: terminated by other getUpdates request; make sure that only one bot instance is running'}
2026-01-06 10:21:32,701 | ERROR | Telegram API Error response: {'ok': False, 'error_code': 409, 'description': 'Conflict: terminated by other getUpdates request; make sure that only one bot instance is running'}
2026-01-06 10:21:32,732 | ERROR | Telegram API Error response: {'ok': False, 'error_code': 409, 'description': 'Conflict: terminated by other getUpdates request; make sure that only one bot instance is running'}
2026-01-06 10:21:35,777 | ERROR | Telegram API Error response: {'ok': False, 'error_code': 409, 'description': 'Conflict: terminated by other getUpdates request; make sure that only one bot instance is running'}
2026-01-06 10:21:35,819 | ERROR | Telegram API Error response: {'ok': False, 'error_code': 409, 'description': 'Conflict: terminated by other getUpdates request; make sure that only one bot instance is running'}
2026-01-06 10:21:38,855 | ERROR | Telegram API Error response: {'ok': False, 'error_code': 409, 'description': 'Conflict: terminated by other getUpdates request; make sure that only one bot instance is running'}
2026-01-06 10:21:38,913 | ERROR | Telegram API Error response: {'ok': False, 'error_code': 409, 'description': 'Conflict: terminated by other getUpdates request; make sure that only one bot instance is running'}
2026-01-06 10:21:41,959 | ERROR | Telegram API Error response: {'ok': False, 'error_code': 409, 'description': 'Conflict: terminated by other getUpdates request; make sure that only one bot instance is running'}
2026-01-06 10:21:42,025 | ERROR | Telegram API Error response: {'ok': False, 'error_code': 409, 'description': 'Conflict: terminated by other getUpdates request; make sure that only one bot instance is running'}
2026-01-06 10:21:45,090 | ERROR | Telegram API Error response: {'ok': False, 'error_code': 409, 'description': 'Conflict: terminated by other getUpdates request; make sure that only one bot instance is running'}
2026-01-06 10:21:45,144 | ERROR | Telegram API Error response: {'ok': False, 'error_code': 409, 'description': 'Conflict: terminated by other getUpdates request; make sure that only one bot instance is running'}
2026-01-06 10:21:48,210 | ERROR | Telegram API Error response: {'ok': False, 'error_code': 409, 'description': 'Conflict: terminated by other getUpdates request; make sure that only one bot instance is running'}
2026-01-06 10:21:48,256 | ERROR | Telegram API Error response: {'ok': False, 'error_code': 409, 'description': 'Conflict: terminated by other getUpdates request; make sure that only one bot instance is running'}
2026-01-06 10:21:51,326 | ERROR | Telegram API Error response: {'ok': False, 'error_code': 409, 'description': 'Conflict: terminated by other getUpdates request; make sure that only one bot instance is running'}
2026-01-06 10:21:51,391 | ERROR | Telegram API Error response: {'ok': False, 'error_code': 409, 'description': 'Conflict: terminated by other getUpdates request; make sure that only one bot instance is running'}
2026-01-06 10:21:54,444 | ERROR | Telegram API Error response: {'ok': False, 'error_code': 409, 'description': 'Conflict: terminated by other getUpdates request; make sure that only one bot instance is running'}
2026-01-06 10:21:54,553 | ERROR | Telegram API Error response: {'ok': False, 'error_code': 409, 'description': 'Conflict: terminated by other getUpdates request; make sure that only one bot instance is running'}
2026-01-06 10:21:57,592 | ERROR | Telegram API Error response: {'ok': False, 'error_code': 409, 'description': 'Conflict: terminated by other getUpdates request; make sure that only one bot instance is running'}
2026-01-06 10:21:57,639 | ERROR | Telegram API Error response: {'ok': False, 'error_code': 409, 'description': 'Conflict: terminated by other getUpdates request; make sure that only one bot instance is running'}
2026-01-06 10:22:00,698 | ERROR | Telegram API Error response: {'ok': False, 'error_code': 409, 'description': 'Conflict: terminated by other getUpdates request; make sure that only one bot instance is running'}
2026-01-06 10:22:00,738 | ERROR | Telegram API Error response: {'ok': False, 'error_code': 409, 'description': 'Conflict: terminated by other getUpdates request; make sure that only one bot instance is running'}
2026-01-06 10:22:03,786 | ERROR | Telegram API Error response: {'ok': False, 'error_code': 409, 'description': 'Conflict: terminated by other getUpdates request; make sure that only one bot instance is running'}
2026-01-06 10:22:03,847 | ERROR | Telegram API Error response: {'ok': False, 'error_code': 409, 'description': 'Conflict: terminated by other getUpdates request; make sure that only one bot instance is running'}
2026-01-06 10:22:05,671 | INFO | Signal: WAIT | ATR: 1.4971428571428598 | Expl: High Market Chaos (Entropy 1.73 > 0.88)
2026-01-06 10:22:06,372 | INFO | Signal: WAIT | ATR: 1.4971428571428598 | Expl: High Market Chaos (Entropy 1.73 > 0.88)
2026-01-06 10:22:06,904 | ERROR | Telegram API Error response: {'ok': False, 'error_code': 409, 'description': 'Conflict: terminated by other getUpdates request; make sure that only one bot instance is running'}
2026-01-06 10:22:06,950 | ERROR | Telegram API Error response: {'ok': False, 'error_code': 409, 'description': 'Conflict: terminated by other getUpdates request; make sure that only one bot instance is running'}
2026-01-06 10:22:10,006 | ERROR | Telegram API Error response: {'ok': False, 'error_code': 409, 'description': 'Conflict: terminated by other getUpdates request; make sure that only one bot instance is running'}
2026-01-06 10:22:10,076 | ERROR | Telegram API Error response: {'ok': False, 'error_code': 409, 'description': 'Conflict: terminated by other getUpdates request; make sure that only one bot instance is running'}
2026-01-06 10:22:13,133 | ERROR | Telegram API Error response: {'ok': False, 'error_code': 409, 'description': 'Conflict: terminated by other getUpdates request; make sure that only one bot instance is running'}
2026-01-06 10:22:13,167 | ERROR | Telegram API Error response: {'ok': False, 'error_code': 409, 'description': 'Conflict: terminated by other getUpdates request; make sure that only one bot instance is running'}
2026-01-06 10:22:16,223 | ERROR | Telegram API Error response: {'ok': False, 'error_code': 409, 'description': 'Conflict: terminated by other getUpdates request; make sure that only one bot instance is running'}
2026-01-06 10:22:16,288 | ERROR | Telegram API Error response: {'ok': False, 'error_code': 409, 'description': 'Conflict: terminated by other getUpdates request; make sure that only one bot instance is running'}
2026-01-06 10:22:19,359 | ERROR | Telegram API Error response: {'ok': False, 'error_code': 409, 'description': 'Conflict: terminated by other getUpdates request; make sure that only one bot instance is running'}
2026-01-06 10:22:19,405 | ERROR | Telegram API Error response: {'ok': False, 'error_code': 409, 'description': 'Conflict: terminated by other getUpdates request; make sure that only one bot instance is running'}
2026-01-06 10:22:22,461 | ERROR | Telegram API Error response: {'ok': False, 'error_code': 409, 'description': 'Conflict: terminated by other getUpdates request; make sure that only one bot instance is running'}
2026-01-06 10:22:22,515 | ERROR | Telegram API Error response: {'ok': False, 'error_code': 409, 'description': 'Conflict: terminated by other getUpdates request; make sure that only one bot instance is running'}
2026-01-06 10:22:25,555 | ERROR | Telegram API Error response: {'ok': False, 'error_code': 409, 'description': 'Conflict: terminated by other getUpdates request; make sure that only one bot instance is running'}
2026-01-06 10:22:25,619 | ERROR | Telegram API Error response: {'ok': False, 'error_code': 409, 'description': 'Conflict: terminated by other getUpdates request; make sure that only one bot instance is running'}
2026-01-06 10:22:28,663 | ERROR | Telegram API Error response: {'ok': False, 'error_code': 409, 'description': 'Conflict: terminated by other getUpdates request; make sure that only one bot instance is running'}
2026-01-06 10:22:28,715 | ERROR | Telegram API Error response: {'ok': False, 'error_code': 409, 'description': 'Conflict: terminated by other getUpdates request; make sure that only one bot instance is running'}
2026-01-06 10:22:31,760 | ERROR | Telegram API Error response: {'ok': False, 'error_code': 409, 'description': 'Conflict: terminated by other getUpdates request; make sure that only one bot instance is running'}
2026-01-06 10:22:31,847 | ERROR | Telegram API Error response: {'ok': False, 'error_code': 409, 'description': 'Conflict: terminated by other getUpdates request; make sure that only one bot instance is running'}
2026-01-06 10:22:34,901 | ERROR | Telegram API Error response: {'ok': False, 'error_code': 409, 'description': 'Conflict: terminated by other getUpdates request; make sure that only one bot instance is running'}
2026-01-06 10:22:34,955 | ERROR | Telegram API Error response: {'ok': False, 'error_code': 409, 'description': 'Conflict: terminated by other getUpdates request; make sure that only one bot instance is running'}
2026-01-06 10:22:38,030 | ERROR | Telegram API Error response: {'ok': False, 'error_code': 409, 'description': 'Conflict: terminated by other getUpdates request; make sure that only one bot instance is running'}
2026-01-06 10:22:38,096 | ERROR | Telegram API Error response: {'ok': False, 'error_code': 409, 'description': 'Conflict: terminated by other getUpdates request; make sure that only one bot instance is running'}
2026-01-06 10:22:41,153 | ERROR | Telegram API Error response: {'ok': False, 'error_code': 409, 'description': 'Conflict: terminated by other getUpdates request; make sure that only one bot instance is running'}
2026-01-06 10:22:41,251 | ERROR | Telegram API Error response: {'ok': False, 'error_code': 409, 'description': 'Conflict: terminated by other getUpdates request; make sure that only one bot instance is running'}
2026-01-06 10:22:44,321 | ERROR | Telegram API Error response: {'ok': False, 'error_code': 409, 'description': 'Conflict: terminated by other getUpdates request; make sure that only one bot instance is running'}
2026-01-06 10:22:44,376 | ERROR | Telegram API Error response: {'ok': False, 'error_code': 409, 'description': 'Conflict: terminated by other getUpdates request; make sure that only one bot instance is running'}
2026-01-06 10:22:47,432 | ERROR | Telegram API Error response: {'ok': False, 'error_code': 409, 'description': 'Conflict: terminated by other getUpdates request; make sure that only one bot instance is running'}
2026-01-06 10:22:47,465 | ERROR | Telegram API Error response: {'ok': False, 'error_code': 409, 'description': 'Conflict: terminated by other getUpdates request; make sure that only one bot instance is running'}
2026-01-06 10:22:50,539 | ERROR | Telegram API Error response: {'ok': False, 'error_code': 409, 'description': 'Conflict: terminated by other getUpdates request; make sure that only one bot instance is running'}
2026-01-06 10:22:50,611 | ERROR | Telegram API Error response: {'ok': False, 'error_code': 409, 'description': 'Conflict: terminated by other getUpdates request; make sure that only one bot instance is running'}
2026-01-06 10:22:53,663 | ERROR | Telegram API Error response: {'ok': False, 'error_code': 409, 'description': 'Conflict: terminated by other getUpdates request; make sure that only one bot instance is running'}
2026-01-06 10:22:53,741 | ERROR | Telegram API Error response: {'ok': False, 'error_code': 409, 'description': 'Conflict: terminated by other getUpdates request; make sure that only one bot instance is running'}
2026-01-06 10:22:56,795 | ERROR | Telegram API Error response: {'ok': False, 'error_code': 409, 'description': 'Conflict: terminated by other getUpdates request; make sure that only one bot instance is running'}
2026-01-06 10:22:56,863 | ERROR | Telegram API Error response: {'ok': False, 'error_code': 409, 'description': 'Conflict: terminated by other getUpdates request; make sure that only one bot instance is running'}
2026-01-06 10:22:59,915 | ERROR | Telegram API Error response: {'ok': False, 'error_code': 409, 'description': 'Conflict: terminated by other getUpdates request; make sure that only one bot instance is running'}
2026-01-06 10:22:59,963 | ERROR | Telegram API Error response: {'ok': False, 'error_code': 409, 'description': 'Conflict: terminated by other getUpdates request; make sure that only one bot instance is running'}
2026-01-06 10:23:03,015 | ERROR | Telegram API Error response: {'ok': False, 'error_code': 409, 'description': 'Conflict: terminated by other getUpdates request; make sure that only one bot instance is running'}
2026-01-06 10:23:03,059 | ERROR | Telegram API Error response: {'ok': False, 'error_code': 409, 'description': 'Conflict: terminated by other getUpdates request; make sure that only one bot instance is running'}
2026-01-06 10:23:05,749 | INFO | Signal: WAIT | ATR: 1.4871428571428364 | Expl: High Market Chaos (Entropy 1.85 > 0.88)
2026-01-06 10:23:05,991 | INFO | Signal: WAIT | ATR: 1.4871428571428364 | Expl: High Market Chaos (Entropy 1.85 > 0.88)
2026-01-06 10:23:06,189 | ERROR | Telegram API Error response: {'ok': False, 'error_code': 409, 'description': 'Conflict: terminated by other getUpdates request; make sure that only one bot instance is running'}
2026-01-06 10:23:06,252 | ERROR | Telegram API Error response: {'ok': False, 'error_code': 409, 'description': 'Conflict: terminated by other getUpdates request; make sure that only one bot instance is running'}
2026-01-06 10:23:09,315 | ERROR | Telegram API Error response: {'ok': False, 'error_code': 409, 'description': 'Conflict: terminated by other getUpdates request; make sure that only one bot instance is running'}
2026-01-06 10:23:09,357 | ERROR | Telegram API Error response: {'ok': False, 'error_code': 409, 'description': 'Conflict: terminated by other getUpdates request; make sure that only one bot instance is running'}
2026-01-06 10:23:12,407 | ERROR | Telegram API Error response: {'ok': False, 'error_code': 409, 'description': 'Conflict: terminated by other getUpdates request; make sure that only one bot instance is running'}
2026-01-06 10:23:12,443 | ERROR | Telegram API Error response: {'ok': False, 'error_code': 409, 'description': 'Conflict: terminated by other getUpdates request; make sure that only one bot instance is running'}
2026-01-06 10:23:15,538 | ERROR | Telegram API Error response: {'ok': False, 'error_code': 409, 'description': 'Conflict: terminated by other getUpdates request; make sure that only one bot instance is running'}
2026-01-06 10:23:15,584 | ERROR | Telegram API Error response: {'ok': False, 'error_code': 409, 'description': 'Conflict: terminated by other getUpdates request; make sure that only one bot instance is running'}
2026-01-06 10:23:18,637 | ERROR | Telegram API Error response: {'ok': False, 'error_code': 409, 'description': 'Conflict: terminated by other getUpdates request; make sure that only one bot instance is running'}
2026-01-06 10:23:18,682 | ERROR | Telegram API Error response: {'ok': False, 'error_code': 409, 'description': 'Conflict: terminated by other getUpdates request; make sure that only one bot instance is running'}
2026-01-06 10:23:21,718 | ERROR | Telegram API Error response: {'ok': False, 'error_code': 409, 'description': 'Conflict: terminated by other getUpdates request; make sure that only one bot instance is running'}
2026-01-06 10:23:21,789 | ERROR | Telegram API Error response: {'ok': False, 'error_code': 409, 'description': 'Conflict: terminated by other getUpdates request; make sure that only one bot instance is running'}
2026-01-06 10:23:24,840 | ERROR | Telegram API Error response: {'ok': False, 'error_code': 409, 'description': 'Conflict: terminated by other getUpdates request; make sure that only one bot instance is running'}
2026-01-06 10:23:24,884 | ERROR | Telegram API Error response: {'ok': False, 'error_code': 409, 'description': 'Conflict: terminated by other getUpdates request; make sure that only one bot instance is running'}
2026-01-06 10:23:27,938 | ERROR | Telegram API Error response: {'ok': False, 'error_code': 409, 'description': 'Conflict: terminated by other getUpdates request; make sure that only one bot instance is running'}
2026-01-06 10:23:27,993 | ERROR | Telegram API Error response: {'ok': False, 'error_code': 409, 'description': 'Conflict: terminated by other getUpdates request; make sure that only one bot instance is running'}
2026-01-06 10:23:31,033 | ERROR | Telegram API Error response: {'ok': False, 'error_code': 409, 'description': 'Conflict: terminated by other getUpdates request; make sure that only one bot instance is running'}
2026-01-06 10:23:31,089 | ERROR | Telegram API Error response: {'ok': False, 'error_code': 409, 'description': 'Conflict: terminated by other getUpdates request; make sure that only one bot instance is running'}
2026-01-06 10:23:34,143 | ERROR | Telegram API Error response: {'ok': False, 'error_code': 409, 'description': 'Conflict: terminated by other getUpdates request; make sure that only one bot instance is running'}
2026-01-06 10:23:34,198 | ERROR | Telegram API Error response: {'ok': False, 'error_code': 409, 'description': 'Conflict: terminated by other getUpdates request; make sure that only one bot instance is running'}
2026-01-06 10:23:37,246 | ERROR | Telegram API Error response: {'ok': False, 'error_code': 409, 'description': 'Conflict: terminated by other getUpdates request; make sure that only one bot instance is running'}
2026-01-06 10:23:37,283 | ERROR | Telegram API Error response: {'ok': False, 'error_code': 409, 'description': 'Conflict: terminated by other getUpdates request; make sure that only one bot instance is running'}
2026-01-06 10:23:40,319 | ERROR | Telegram API Error response: {'ok': False, 'error_code': 409, 'description': 'Conflict: terminated by other getUpdates request; make sure that only one bot instance is running'}
2026-01-06 10:23:40,382 | ERROR | Telegram API Error response: {'ok': False, 'error_code': 409, 'description': 'Conflict: terminated by other getUpdates request; make sure that only one bot instance is running'}
2026-01-06 10:23:43,451 | ERROR | Telegram API Error response: {'ok': False, 'error_code': 409, 'description': 'Conflict: terminated by other getUpdates request; make sure that only one bot instance is running'}
2026-01-06 10:23:43,500 | ERROR | Telegram API Error response: {'ok': False, 'error_code': 409, 'description': 'Conflict: terminated by other getUpdates request; make sure that only one bot instance is running'}
2026-01-06 10:23:46,556 | ERROR | Telegram API Error response: {'ok': False, 'error_code': 409, 'description': 'Conflict: terminated by other getUpdates request; make sure that only one bot instance is running'}
2026-01-06 10:23:46,594 | ERROR | Telegram API Error response: {'ok': False, 'error_code': 409, 'description': 'Conflict: terminated by other getUpdates request; make sure that only one bot instance is running'}
2026-01-06 10:23:49,658 | ERROR | Telegram API Error response: {'ok': False, 'error_code': 409, 'description': 'Conflict: terminated by other getUpdates request; make sure that only one bot instance is running'}
2026-01-06 10:23:49,724 | ERROR | Telegram API Error response: {'ok': False, 'error_code': 409, 'description': 'Conflict: terminated by other getUpdates request; make sure that only one bot instance is running'}
2026-01-06 10:23:52,796 | ERROR | Telegram API Error response: {'ok': False, 'error_code': 409, 'description': 'Conflict: terminated by other getUpdates request; make sure that only one bot instance is running'}
2026-01-06 10:23:52,849 | ERROR | Telegram API Error response: {'ok': False, 'error_code': 409, 'description': 'Conflict: terminated by other getUpdates request; make sure that only one bot instance is running'}
2026-01-06 10:23:55,950 | ERROR | Telegram API Error response: {'ok': False, 'error_code': 409, 'description': 'Conflict: terminated by other getUpdates request; make sure that only one bot instance is running'}
2026-01-06 10:23:55,997 | ERROR | Telegram API Error response: {'ok': False, 'error_code': 409, 'description': 'Conflict: terminated by other getUpdates request; make sure that only one bot instance is running'}
2026-01-06 10:23:59,051 | ERROR | Telegram API Error response: {'ok': False, 'error_code': 409, 'description': 'Conflict: terminated by other getUpdates request; make sure that only one bot instance is running'}
2026-01-06 10:23:59,123 | ERROR | Telegram API Error response: {'ok': False, 'error_code': 409, 'description': 'Conflict: terminated by other getUpdates request; make sure that only one bot instance is running'}
2026-01-06 10:24:02,216 | ERROR | Telegram API Error response: {'ok': False, 'error_code': 409, 'description': 'Conflict: terminated by other getUpdates request; make sure that only one bot instance is running'}
2026-01-06 10:24:02,249 | ERROR | Telegram API Error response: {'ok': False, 'error_code': 409, 'description': 'Conflict: terminated by other getUpdates request; make sure that only one bot instance is running'}
2026-01-06 10:24:05,320 | ERROR | Telegram API Error response: {'ok': False, 'error_code': 409, 'description': 'Conflict: terminated by other getUpdates request; make sure that only one bot instance is running'}
2026-01-06 10:24:05,373 | INFO | Signal: WAIT | ATR: 1.5178571428571428 | Expl: High Market Chaos (Entropy 1.38 > 0.88)
2026-01-06 10:24:05,418 | ERROR | Telegram API Error response: {'ok': False, 'error_code': 409, 'description': 'Conflict: terminated by other getUpdates request; make sure that only one bot instance is running'}
2026-01-06 10:24:06,258 | INFO | Signal: WAIT | ATR: 1.5178571428571428 | Expl: High Market Chaos (Entropy 1.38 > 0.88)
2026-01-06 10:24:08,511 | ERROR | Telegram API Error response: {'ok': False, 'error_code': 409, 'description': 'Conflict: terminated by other getUpdates request; make sure that only one bot instance is running'}
2026-01-06 10:24:08,577 | ERROR | Telegram API Error response: {'ok': False, 'error_code': 409, 'description': 'Conflict: terminated by other getUpdates request; make sure that only one bot instance is running'}
2026-01-06 10:24:11,621 | ERROR | Telegram API Error response: {'ok': False, 'error_code': 409, 'description': 'Conflict: terminated by other getUpdates request; make sure that only one bot instance is running'}
2026-01-06 10:24:11,687 | ERROR | Telegram API Error response: {'ok': False, 'error_code': 409, 'description': 'Conflict: terminated by other getUpdates request; make sure that only one bot instance is running'}
2026-01-06 10:24:14,748 | ERROR | Telegram API Error response: {'ok': False, 'error_code': 409, 'description': 'Conflict: terminated by other getUpdates request; make sure that only one bot instance is running'}
2026-01-06 10:24:14,814 | ERROR | Telegram API Error response: {'ok': False, 'error_code': 409, 'description': 'Conflict: terminated by other getUpdates request; make sure that only one bot instance is running'}
2026-01-06 10:24:17,889 | ERROR | Telegram API Error response: {'ok': False, 'error_code': 409, 'description': 'Conflict: terminated by other getUpdates request; make sure that only one bot instance is running'}
2026-01-06 10:24:17,955 | ERROR | Telegram API Error response: {'ok': False, 'error_code': 409, 'description': 'Conflict: terminated by other getUpdates request; make sure that only one bot instance is running'}
2026-01-06 10:24:20,983 | ERROR | Telegram API Error response: {'ok': False, 'error_code': 409, 'description': 'Conflict: terminated by other getUpdates request; make sure that only one bot instance is running'}
2026-01-06 10:24:21,024 | ERROR | Telegram API Error response: {'ok': False, 'error_code': 409, 'description': 'Conflict: terminated by other getUpdates request; make sure that only one bot instance is running'}
2026-01-06 10:24:24,068 | ERROR | Telegram API Error response: {'ok': False, 'error_code': 409, 'description': 'Conflict: terminated by other getUpdates request; make sure that only one bot instance is running'}
2026-01-06 10:24:24,110 | ERROR | Telegram API Error response: {'ok': False, 'error_code': 409, 'description': 'Conflict: terminated by other getUpdates request; make sure that only one bot instance is running'}
2026-01-06 10:24:27,168 | ERROR | Telegram API Error response: {'ok': False, 'error_code': 409, 'description': 'Conflict: terminated by other getUpdates request; make sure that only one bot instance is running'}
2026-01-06 10:24:27,218 | ERROR | Telegram API Error response: {'ok': False, 'error_code': 409, 'description': 'Conflict: terminated by other getUpdates request; make sure that only one bot instance is running'}
2026-01-06 10:24:30,267 | ERROR | Telegram API Error response: {'ok': False, 'error_code': 409, 'description': 'Conflict: terminated by other getUpdates request; make sure that only one bot instance is running'}
2026-01-06 10:24:30,318 | ERROR | Telegram API Error response: {'ok': False, 'error_code': 409, 'description': 'Conflict: terminated by other getUpdates request; make sure that only one bot instance is running'}
2026-01-06 10:24:33,395 | ERROR | Telegram API Error response: {'ok': False, 'error_code': 409, 'description': 'Conflict: terminated by other getUpdates request; make sure that only one bot instance is running'}
2026-01-06 10:24:33,454 | ERROR | Telegram API Error response: {'ok': False, 'error_code': 409, 'description': 'Conflict: terminated by other getUpdates request; make sure that only one bot instance is running'}
2026-01-06 10:24:36,496 | ERROR | Telegram API Error response: {'ok': False, 'error_code': 409, 'description': 'Conflict: terminated by other getUpdates request; make sure that only one bot instance is running'}
2026-01-06 10:24:36,553 | ERROR | Telegram API Error response: {'ok': False, 'error_code': 409, 'description': 'Conflict: terminated by other getUpdates request; make sure that only one bot instance is running'}
2026-01-06 10:24:39,617 | ERROR | Telegram API Error response: {'ok': False, 'error_code': 409, 'description': 'Conflict: terminated by other getUpdates request; make sure that only one bot instance is running'}
2026-01-06 10:24:39,663 | ERROR | Telegram API Error response: {'ok': False, 'error_code': 409, 'description': 'Conflict: terminated by other getUpdates request; make sure that only one bot instance is running'}
2026-01-06 10:24:42,723 | ERROR | Telegram API Error response: {'ok': False, 'error_code': 409, 'description': 'Conflict: terminated by other getUpdates request; make sure that only one bot instance is running'}
2026-01-06 10:24:42,768 | ERROR | Telegram API Error response: {'ok': False, 'error_code': 409, 'description': 'Conflict: terminated by other getUpdates request; make sure that only one bot instance is running'}
2026-01-06 10:24:45,813 | ERROR | Telegram API Error response: {'ok': False, 'error_code': 409, 'description': 'Conflict: terminated by other getUpdates request; make sure that only one bot instance is running'}
2026-01-06 10:24:45,861 | ERROR | Telegram API Error response: {'ok': False, 'error_code': 409, 'description': 'Conflict: terminated by other getUpdates request; make sure that only one bot instance is running'}
2026-01-06 10:24:48,895 | ERROR | Telegram API Error response: {'ok': False, 'error_code': 409, 'description': 'Conflict: terminated by other getUpdates request; make sure that only one bot instance is running'}
2026-01-06 10:24:48,927 | ERROR | Telegram API Error response: {'ok': False, 'error_code': 409, 'description': 'Conflict: terminated by other getUpdates request; make sure that only one bot instance is running'}
2026-01-06 10:24:51,981 | ERROR | Telegram API Error response: {'ok': False, 'error_code': 409, 'description': 'Conflict: terminated by other getUpdates request; make sure that only one bot instance is running'}
2026-01-06 10:24:52,035 | ERROR | Telegram API Error response: {'ok': False, 'error_code': 409, 'description': 'Conflict: terminated by other getUpdates request; make sure that only one bot instance is running'}
2026-01-06 10:24:55,076 | ERROR | Telegram API Error response: {'ok': False, 'error_code': 409, 'description': 'Conflict: terminated by other getUpdates request; make sure that only one bot instance is running'}
2026-01-06 10:24:55,123 | ERROR | Telegram API Error response: {'ok': False, 'error_code': 409, 'description': 'Conflict: terminated by other getUpdates request; make sure that only one bot instance is running'}
2026-01-06 10:24:58,196 | ERROR | Telegram API Error response: {'ok': False, 'error_code': 409, 'description': 'Conflict: terminated by other getUpdates request; make sure that only one bot instance is running'}
2026-01-06 10:24:58,242 | ERROR | Telegram API Error response: {'ok': False, 'error_code': 409, 'description': 'Conflict: terminated by other getUpdates request; make sure that only one bot instance is running'}
2026-01-06 10:25:01,285 | ERROR | Telegram API Error response: {'ok': False, 'error_code': 409, 'description': 'Conflict: terminated by other getUpdates request; make sure that only one bot instance is running'}
2026-01-06 10:25:01,347 | ERROR | Telegram API Error response: {'ok': False, 'error_code': 409, 'description': 'Conflict: terminated by other getUpdates request; make sure that only one bot instance is running'}
2026-01-06 10:25:04,408 | ERROR | Telegram API Error response: {'ok': False, 'error_code': 409, 'description': 'Conflict: terminated by other getUpdates request; make sure that only one bot instance is running'}
2026-01-06 10:25:04,456 | ERROR | Telegram API Error response: {'ok': False, 'error_code': 409, 'description': 'Conflict: terminated by other getUpdates request; make sure that only one bot instance is running'}
2026-01-06 10:25:05,663 | INFO | Signal: WAIT | ATR: 1.4650000000000805 | Expl: High Market Chaos (Entropy 1.54 > 0.88)
2026-01-06 10:25:05,872 | INFO | Signal: WAIT | ATR: 1.4650000000000805 | Expl: High Market Chaos (Entropy 1.54 > 0.88)
2026-01-06 10:25:07,522 | ERROR | Telegram API Error response: {'ok': False, 'error_code': 409, 'description': 'Conflict: terminated by other getUpdates request; make sure that only one bot instance is running'}
2026-01-06 10:25:07,567 | ERROR | Telegram API Error response: {'ok': False, 'error_code': 409, 'description': 'Conflict: terminated by other getUpdates request; make sure that only one bot instance is running'}
2026-01-06 10:25:10,607 | ERROR | Telegram API Error response: {'ok': False, 'error_code': 409, 'description': 'Conflict: terminated by other getUpdates request; make sure that only one bot instance is running'}
2026-01-06 10:25:10,655 | ERROR | Telegram API Error response: {'ok': False, 'error_code': 409, 'description': 'Conflict: terminated by other getUpdates request; make sure that only one bot instance is running'}
2026-01-06 10:25:13,722 | ERROR | Telegram API Error response: {'ok': False, 'error_code': 409, 'description': 'Conflict: terminated by other getUpdates request; make sure that only one bot instance is running'}
2026-01-06 10:25:13,768 | ERROR | Telegram API Error response: {'ok': False, 'error_code': 409, 'description': 'Conflict: terminated by other getUpdates request; make sure that only one bot instance is running'}
2026-01-06 10:25:16,816 | ERROR | Telegram API Error response: {'ok': False, 'error_code': 409, 'description': 'Conflict: terminated by other getUpdates request; make sure that only one bot instance is running'}
2026-01-06 10:25:16,885 | ERROR | Telegram API Error response: {'ok': False, 'error_code': 409, 'description': 'Conflict: terminated by other getUpdates request; make sure that only one bot instance is running'}
2026-01-06 10:25:19,956 | ERROR | Telegram API Error response: {'ok': False, 'error_code': 409, 'description': 'Conflict: terminated by other getUpdates request; make sure that only one bot instance is running'}
2026-01-06 10:25:20,010 | ERROR | Telegram API Error response: {'ok': False, 'error_code': 409, 'description': 'Conflict: terminated by other getUpdates request; make sure that only one bot instance is running'}
2026-01-06 10:25:23,079 | ERROR | Telegram API Error response: {'ok': False, 'error_code': 409, 'description': 'Conflict: terminated by other getUpdates request; make sure that only one bot instance is running'}
2026-01-06 10:25:23,137 | ERROR | Telegram API Error response: {'ok': False, 'error_code': 409, 'description': 'Conflict: terminated by other getUpdates request; make sure that only one bot instance is running'}
2026-01-06 10:25:26,176 | ERROR | Telegram API Error response: {'ok': False, 'error_code': 409, 'description': 'Conflict: terminated by other getUpdates request; make sure that only one bot instance is running'}
2026-01-06 10:25:26,233 | ERROR | Telegram API Error response: {'ok': False, 'error_code': 409, 'description': 'Conflict: terminated by other getUpdates request; make sure that only one bot instance is running'}
2026-01-06 10:25:29,287 | ERROR | Telegram API Error response: {'ok': False, 'error_code': 409, 'description': 'Conflict: terminated by other getUpdates request; make sure that only one bot instance is running'}
2026-01-06 10:25:29,330 | ERROR | Telegram API Error response: {'ok': False, 'error_code': 409, 'description': 'Conflict: terminated by other getUpdates request; make sure that only one bot instance is running'}
2026-01-06 10:25:32,365 | ERROR | Telegram API Error response: {'ok': False, 'error_code': 409, 'description': 'Conflict: terminated by other getUpdates request; make sure that only one bot instance is running'}
2026-01-06 10:25:32,433 | ERROR | Telegram API Error response: {'ok': False, 'error_code': 409, 'description': 'Conflict: terminated by other getUpdates request; make sure that only one bot instance is running'}
2026-01-06 10:25:35,471 | ERROR | Telegram API Error response: {'ok': False, 'error_code': 409, 'description': 'Conflict: terminated by other getUpdates request; make sure that only one bot instance is running'}
2026-01-06 10:25:35,519 | ERROR | Telegram API Error response: {'ok': False, 'error_code': 409, 'description': 'Conflict: terminated by other getUpdates request; make sure that only one bot instance is running'}
2026-01-06 10:25:38,556 | ERROR | Telegram API Error response: {'ok': False, 'error_code': 409, 'description': 'Conflict: terminated by other getUpdates request; make sure that only one bot instance is running'}
2026-01-06 10:25:38,610 | ERROR | Telegram API Error response: {'ok': False, 'error_code': 409, 'description': 'Conflict: terminated by other getUpdates request; make sure that only one bot instance is running'}
2026-01-06 10:25:41,662 | ERROR | Telegram API Error response: {'ok': False, 'error_code': 409, 'description': 'Conflict: terminated by other getUpdates request; make sure that only one bot instance is running'}
2026-01-06 10:25:41,698 | ERROR | Telegram API Error response: {'ok': False, 'error_code': 409, 'description': 'Conflict: terminated by other getUpdates request; make sure that only one bot instance is running'}
2026-01-06 10:25:44,752 | ERROR | Telegram API Error response: {'ok': False, 'error_code': 409, 'description': 'Conflict: terminated by other getUpdates request; make sure that only one bot instance is running'}
2026-01-06 10:25:44,797 | ERROR | Telegram API Error response: {'ok': False, 'error_code': 409, 'description': 'Conflict: terminated by other getUpdates request; make sure that only one bot instance is running'}
2026-01-06 10:25:47,862 | ERROR | Telegram API Error response: {'ok': False, 'error_code': 409, 'description': 'Conflict: terminated by other getUpdates request; make sure that only one bot instance is running'}
2026-01-06 10:25:47,912 | ERROR | Telegram API Error response: {'ok': False, 'error_code': 409, 'description': 'Conflict: terminated by other getUpdates request; make sure that only one bot instance is running'}
2026-01-06 10:25:50,964 | ERROR | Telegram API Error response: {'ok': False, 'error_code': 409, 'description': 'Conflict: terminated by other getUpdates request; make sure that only one bot instance is running'}
2026-01-06 10:25:51,028 | ERROR | Telegram API Error response: {'ok': False, 'error_code': 409, 'description': 'Conflict: terminated by other getUpdates request; make sure that only one bot instance is running'}
2026-01-06 10:25:54,098 | ERROR | Telegram API Error response: {'ok': False, 'error_code': 409, 'description': 'Conflict: terminated by other getUpdates request; make sure that only one bot instance is running'}
2026-01-06 10:25:54,172 | ERROR | Telegram API Error response: {'ok': False, 'error_code': 409, 'description': 'Conflict: terminated by other getUpdates request; make sure that only one bot instance is running'}
2026-01-06 10:25:57,229 | ERROR | Telegram API Error response: {'ok': False, 'error_code': 409, 'description': 'Conflict: terminated by other getUpdates request; make sure that only one bot instance is running'}
2026-01-06 10:25:57,292 | ERROR | Telegram API Error response: {'ok': False, 'error_code': 409, 'description': 'Conflict: terminated by other getUpdates request; make sure that only one bot instance is running'}
2026-01-06 10:26:00,526 | ERROR | Telegram API Error response: {'ok': False, 'error_code': 409, 'description': 'Conflict: terminated by other getUpdates request; make sure that only one bot instance is running'}
2026-01-06 10:26:00,583 | ERROR | Telegram API Error response: {'ok': False, 'error_code': 409, 'description': 'Conflict: terminated by other getUpdates request; make sure that only one bot instance is running'}
2026-01-06 10:26:03,687 | ERROR | Telegram API Error response: {'ok': False, 'error_code': 409, 'description': 'Conflict: terminated by other getUpdates request; make sure that only one bot instance is running'}
2026-01-06 10:26:03,785 | ERROR | Telegram API Error response: {'ok': False, 'error_code': 409, 'description': 'Conflict: terminated by other getUpdates request; make sure that only one bot instance is running'}
2026-01-06 10:26:05,951 | INFO | Signal: WAIT | ATR: 1.3785714285715065 | Expl: High Market Chaos (Entropy 1.43 > 0.88)
2026-01-06 10:26:06,266 | INFO | Signal: WAIT | ATR: 1.3785714285715065 | Expl: High Market Chaos (Entropy 1.43 > 0.88)
2026-01-06 10:26:06,851 | ERROR | Telegram API Error response: {'ok': False, 'error_code': 409, 'description': 'Conflict: terminated by other getUpdates request; make sure that only one bot instance is running'}
2026-01-06 10:26:06,893 | ERROR | Telegram API Error response: {'ok': False, 'error_code': 409, 'description': 'Conflict: terminated by other getUpdates request; make sure that only one bot instance is running'}
2026-01-06 10:26:09,963 | ERROR | Telegram API Error response: {'ok': False, 'error_code': 409, 'description': 'Conflict: terminated by other getUpdates request; make sure that only one bot instance is running'}
2026-01-06 10:26:10,030 | ERROR | Telegram API Error response: {'ok': False, 'error_code': 409, 'description': 'Conflict: terminated by other getUpdates request; make sure that only one bot instance is running'}
2026-01-06 10:26:13,083 | ERROR | Telegram API Error response: {'ok': False, 'error_code': 409, 'description': 'Conflict: terminated by other getUpdates request; make sure that only one bot instance is running'}
2026-01-06 10:26:13,137 | ERROR | Telegram API Error response: {'ok': False, 'error_code': 409, 'description': 'Conflict: terminated by other getUpdates request; make sure that only one bot instance is running'}
2026-01-06 10:26:16,184 | ERROR | Telegram API Error response: {'ok': False, 'error_code': 409, 'description': 'Conflict: terminated by other getUpdates request; make sure that only one bot instance is running'}
2026-01-06 10:26:16,233 | ERROR | Telegram API Error response: {'ok': False, 'error_code': 409, 'description': 'Conflict: terminated by other getUpdates request; make sure that only one bot instance is running'}
2026-01-06 10:26:19,302 | ERROR | Telegram API Error response: {'ok': False, 'error_code': 409, 'description': 'Conflict: terminated by other getUpdates request; make sure that only one bot instance is running'}
2026-01-06 10:26:19,359 | ERROR | Telegram API Error response: {'ok': False, 'error_code': 409, 'description': 'Conflict: terminated by other getUpdates request; make sure that only one bot instance is running'}
2026-01-06 10:26:22,444 | ERROR | Telegram API Error response: {'ok': False, 'error_code': 409, 'description': 'Conflict: terminated by other getUpdates request; make sure that only one bot instance is running'}
2026-01-06 10:26:22,524 | ERROR | Telegram API Error response: {'ok': False, 'error_code': 409, 'description': 'Conflict: terminated by other getUpdates request; make sure that only one bot instance is running'}
2026-01-06 10:26:25,579 | ERROR | Telegram API Error response: {'ok': False, 'error_code': 409, 'description': 'Conflict: terminated by other getUpdates request; make sure that only one bot instance is running'}
2026-01-06 10:26:25,613 | ERROR | Telegram API Error response: {'ok': False, 'error_code': 409, 'description': 'Conflict: terminated by other getUpdates request; make sure that only one bot instance is running'}
2026-01-06 10:26:28,686 | ERROR | Telegram API Error response: {'ok': False, 'error_code': 409, 'description': 'Conflict: terminated by other getUpdates request; make sure that only one bot instance is running'}
2026-01-06 10:26:28,747 | ERROR | Telegram API Error response: {'ok': False, 'error_code': 409, 'description': 'Conflict: terminated by other getUpdates request; make sure that only one bot instance is running'}
2026-01-06 10:26:31,807 | ERROR | Telegram API Error response: {'ok': False, 'error_code': 409, 'description': 'Conflict: terminated by other getUpdates request; make sure that only one bot instance is running'}
2026-01-06 10:26:31,869 | ERROR | Telegram API Error response: {'ok': False, 'error_code': 409, 'description': 'Conflict: terminated by other getUpdates request; make sure that only one bot instance is running'}
2026-01-06 10:26:34,909 | ERROR | Telegram API Error response: {'ok': False, 'error_code': 409, 'description': 'Conflict: terminated by other getUpdates request; make sure that only one bot instance is running'}
2026-01-06 10:26:34,948 | ERROR | Telegram API Error response: {'ok': False, 'error_code': 409, 'description': 'Conflict: terminated by other getUpdates request; make sure that only one bot instance is running'}
2026-01-06 10:26:37,999 | ERROR | Telegram API Error response: {'ok': False, 'error_code': 409, 'description': 'Conflict: terminated by other getUpdates request; make sure that only one bot instance is running'}
2026-01-06 10:26:38,057 | ERROR | Telegram API Error response: {'ok': False, 'error_code': 409, 'description': 'Conflict: terminated by other getUpdates request; make sure that only one bot instance is running'}
2026-01-06 10:26:41,092 | ERROR | Telegram API Error response: {'ok': False, 'error_code': 409, 'description': 'Conflict: terminated by other getUpdates request; make sure that only one bot instance is running'}
2026-01-06 10:26:41,160 | ERROR | Telegram API Error response: {'ok': False, 'error_code': 409, 'description': 'Conflict: terminated by other getUpdates request; make sure that only one bot instance is running'}
2026-01-06 10:26:44,211 | ERROR | Telegram API Error response: {'ok': False, 'error_code': 409, 'description': 'Conflict: terminated by other getUpdates request; make sure that only one bot instance is running'}
2026-01-06 10:26:44,263 | ERROR | Telegram API Error response: {'ok': False, 'error_code': 409, 'description': 'Conflict: terminated by other getUpdates request; make sure that only one bot instance is running'}
2026-01-06 10:26:47,309 | ERROR | Telegram API Error response: {'ok': False, 'error_code': 409, 'description': 'Conflict: terminated by other getUpdates request; make sure that only one bot instance is running'}
2026-01-06 10:26:47,367 | ERROR | Telegram API Error response: {'ok': False, 'error_code': 409, 'description': 'Conflict: terminated by other getUpdates request; make sure that only one bot instance is running'}
2026-01-06 10:26:50,440 | ERROR | Telegram API Error response: {'ok': False, 'error_code': 409, 'description': 'Conflict: terminated by other getUpdates request; make sure that only one bot instance is running'}
2026-01-06 10:26:50,506 | ERROR | Telegram API Error response: {'ok': False, 'error_code': 409, 'description': 'Conflict: terminated by other getUpdates request; make sure that only one bot instance is running'}
2026-01-06 10:26:53,563 | ERROR | Telegram API Error response: {'ok': False, 'error_code': 409, 'description': 'Conflict: terminated by other getUpdates request; make sure that only one bot instance is running'}
2026-01-06 10:26:53,606 | ERROR | Telegram API Error response: {'ok': False, 'error_code': 409, 'description': 'Conflict: terminated by other getUpdates request; make sure that only one bot instance is running'}
2026-01-06 10:26:56,658 | ERROR | Telegram API Error response: {'ok': False, 'error_code': 409, 'description': 'Conflict: terminated by other getUpdates request; make sure that only one bot instance is running'}
2026-01-06 10:26:56,710 | ERROR | Telegram API Error response: {'ok': False, 'error_code': 409, 'description': 'Conflict: terminated by other getUpdates request; make sure that only one bot instance is running'}
2026-01-06 10:26:59,776 | ERROR | Telegram API Error response: {'ok': False, 'error_code': 409, 'description': 'Conflict: terminated by other getUpdates request; make sure that only one bot instance is running'}
2026-01-06 10:26:59,815 | ERROR | Telegram API Error response: {'ok': False, 'error_code': 409, 'description': 'Conflict: terminated by other getUpdates request; make sure that only one bot instance is running'}
2026-01-06 10:27:02,881 | ERROR | Telegram API Error response: {'ok': False, 'error_code': 409, 'description': 'Conflict: terminated by other getUpdates request; make sure that only one bot instance is running'}
2026-01-06 10:27:02,928 | ERROR | Telegram API Error response: {'ok': False, 'error_code': 409, 'description': 'Conflict: terminated by other getUpdates request; make sure that only one bot instance is running'}
2026-01-06 10:27:05,303 | INFO | Signal: WAIT | ATR: 1.3792857142857429 | Expl: High Market Chaos (Entropy 1.37 > 0.88)
2026-01-06 10:27:05,772 | INFO | Signal: WAIT | ATR: 1.3792857142857429 | Expl: High Market Chaos (Entropy 1.37 > 0.88)
2026-01-06 10:27:05,998 | ERROR | Telegram API Error response: {'ok': False, 'error_code': 409, 'description': 'Conflict: terminated by other getUpdates request; make sure that only one bot instance is running'}
2026-01-06 10:27:06,049 | ERROR | Telegram API Error response: {'ok': False, 'error_code': 409, 'description': 'Conflict: terminated by other getUpdates request; make sure that only one bot instance is running'}
2026-01-06 10:27:09,124 | ERROR | Telegram API Error response: {'ok': False, 'error_code': 409, 'description': 'Conflict: terminated by other getUpdates request; make sure that only one bot instance is running'}
2026-01-06 10:27:09,173 | ERROR | Telegram API Error response: {'ok': False, 'error_code': 409, 'description': 'Conflict: terminated by other getUpdates request; make sure that only one bot instance is running'}
2026-01-06 10:27:12,226 | ERROR | Telegram API Error response: {'ok': False, 'error_code': 409, 'description': 'Conflict: terminated by other getUpdates request; make sure that only one bot instance is running'}
2026-01-06 10:27:12,278 | ERROR | Telegram API Error response: {'ok': False, 'error_code': 409, 'description': 'Conflict: terminated by other getUpdates request; make sure that only one bot instance is running'}
2026-01-06 10:27:15,355 | ERROR | Telegram API Error response: {'ok': False, 'error_code': 409, 'description': 'Conflict: terminated by other getUpdates request; make sure that only one bot instance is running'}
2026-01-06 10:27:15,394 | ERROR | Telegram API Error response: {'ok': False, 'error_code': 409, 'description': 'Conflict: terminated by other getUpdates request; make sure that only one bot instance is running'}
2026-01-06 10:27:18,442 | ERROR | Telegram API Error response: {'ok': False, 'error_code': 409, 'description': 'Conflict: terminated by other getUpdates request; make sure that only one bot instance is running'}
2026-01-06 10:27:18,503 | ERROR | Telegram API Error response: {'ok': False, 'error_code': 409, 'description': 'Conflict: terminated by other getUpdates request; make sure that only one bot instance is running'}
2026-01-06 10:27:21,555 | ERROR | Telegram API Error response: {'ok': False, 'error_code': 409, 'description': 'Conflict: terminated by other getUpdates request; make sure that only one bot instance is running'}
2026-01-06 10:27:21,592 | ERROR | Telegram API Error response: {'ok': False, 'error_code': 409, 'description': 'Conflict: terminated by other getUpdates request; make sure that only one bot instance is running'}
2026-01-06 10:27:24,661 | ERROR | Telegram API Error response: {'ok': False, 'error_code': 409, 'description': 'Conflict: terminated by other getUpdates request; make sure that only one bot instance is running'}
2026-01-06 10:27:24,719 | ERROR | Telegram API Error response: {'ok': False, 'error_code': 409, 'description': 'Conflict: terminated by other getUpdates request; make sure that only one bot instance is running'}
2026-01-06 10:27:27,818 | ERROR | Telegram API Error response: {'ok': False, 'error_code': 409, 'description': 'Conflict: terminated by other getUpdates request; make sure that only one bot instance is running'}
2026-01-06 10:27:27,872 | ERROR | Telegram API Error response: {'ok': False, 'error_code': 409, 'description': 'Conflict: terminated by other getUpdates request; make sure that only one bot instance is running'}
2026-01-06 10:27:30,972 | ERROR | Telegram API Error response: {'ok': False, 'error_code': 409, 'description': 'Conflict: terminated by other getUpdates request; make sure that only one bot instance is running'}
2026-01-06 10:27:31,036 | ERROR | Telegram API Error response: {'ok': False, 'error_code': 409, 'description': 'Conflict: terminated by other getUpdates request; make sure that only one bot instance is running'}
2026-01-06 10:27:34,078 | ERROR | Telegram API Error response: {'ok': False, 'error_code': 409, 'description': 'Conflict: terminated by other getUpdates request; make sure that only one bot instance is running'}
2026-01-06 10:27:34,117 | ERROR | Telegram API Error response: {'ok': False, 'error_code': 409, 'description': 'Conflict: terminated by other getUpdates request; make sure that only one bot instance is running'}
2026-01-06 10:27:37,176 | ERROR | Telegram API Error response: {'ok': False, 'error_code': 409, 'description': 'Conflict: terminated by other getUpdates request; make sure that only one bot instance is running'}
2026-01-06 10:27:37,249 | ERROR | Telegram API Error response: {'ok': False, 'error_code': 409, 'description': 'Conflict: terminated by other getUpdates request; make sure that only one bot instance is running'}
2026-01-06 10:27:40,306 | ERROR | Telegram API Error response: {'ok': False, 'error_code': 409, 'description': 'Conflict: terminated by other getUpdates request; make sure that only one bot instance is running'}
2026-01-06 10:27:40,371 | ERROR | Telegram API Error response: {'ok': False, 'error_code': 409, 'description': 'Conflict: terminated by other getUpdates request; make sure that only one bot instance is running'}
2026-01-06 10:27:43,421 | ERROR | Telegram API Error response: {'ok': False, 'error_code': 409, 'description': 'Conflict: terminated by other getUpdates request; make sure that only one bot instance is running'}
2026-01-06 10:27:43,461 | ERROR | Telegram API Error response: {'ok': False, 'error_code': 409, 'description': 'Conflict: terminated by other getUpdates request; make sure that only one bot instance is running'}
2026-01-06 10:27:46,496 | ERROR | Telegram API Error response: {'ok': False, 'error_code': 409, 'description': 'Conflict: terminated by other getUpdates request; make sure that only one bot instance is running'}
2026-01-06 10:27:46,536 | ERROR | Telegram API Error response: {'ok': False, 'error_code': 409, 'description': 'Conflict: terminated by other getUpdates request; make sure that only one bot instance is running'}
2026-01-06 10:27:49,592 | ERROR | Telegram API Error response: {'ok': False, 'error_code': 409, 'description': 'Conflict: terminated by other getUpdates request; make sure that only one bot instance is running'}
2026-01-06 10:27:49,649 | ERROR | Telegram API Error response: {'ok': False, 'error_code': 409, 'description': 'Conflict: terminated by other getUpdates request; make sure that only one bot instance is running'}
2026-01-06 10:27:52,705 | ERROR | Telegram API Error response: {'ok': False, 'error_code': 409, 'description': 'Conflict: terminated by other getUpdates request; make sure that only one bot instance is running'}
2026-01-06 10:27:52,750 | ERROR | Telegram API Error response: {'ok': False, 'error_code': 409, 'description': 'Conflict: terminated by other getUpdates request; make sure that only one bot instance is running'}
2026-01-06 10:27:55,830 | ERROR | Telegram API Error response: {'ok': False, 'error_code': 409, 'description': 'Conflict: terminated by other getUpdates request; make sure that only one bot instance is running'}
2026-01-06 10:27:55,904 | ERROR | Telegram API Error response: {'ok': False, 'error_code': 409, 'description': 'Conflict: terminated by other getUpdates request; make sure that only one bot instance is running'}
2026-01-06 10:27:59,010 | ERROR | Telegram API Error response: {'ok': False, 'error_code': 409, 'description': 'Conflict: terminated by other getUpdates request; make sure that only one bot instance is running'}
2026-01-06 10:27:59,062 | ERROR | Telegram API Error response: {'ok': False, 'error_code': 409, 'description': 'Conflict: terminated by other getUpdates request; make sure that only one bot instance is running'}
2026-01-06 10:28:02,108 | ERROR | Telegram API Error response: {'ok': False, 'error_code': 409, 'description': 'Conflict: terminated by other getUpdates request; make sure that only one bot instance is running'}
2026-01-06 10:28:02,153 | ERROR | Telegram API Error response: {'ok': False, 'error_code': 409, 'description': 'Conflict: terminated by other getUpdates request; make sure that only one bot instance is running'}
2026-01-06 10:28:05,205 | ERROR | Telegram API Error response: {'ok': False, 'error_code': 409, 'description': 'Conflict: terminated by other getUpdates request; make sure that only one bot instance is running'}
2026-01-06 10:28:05,271 | ERROR | Telegram API Error response: {'ok': False, 'error_code': 409, 'description': 'Conflict: terminated by other getUpdates request; make sure that only one bot instance is running'}
2026-01-06 10:28:05,619 | INFO | Signal: WAIT | ATR: 1.292857142857169 | Expl: High Market Chaos (Entropy 1.13 > 0.88)
2026-01-06 10:28:06,280 | INFO | Signal: WAIT | ATR: 1.292857142857169 | Expl: High Market Chaos (Entropy 1.13 > 0.88)
2026-01-06 10:28:08,382 | ERROR | Telegram API Error response: {'ok': False, 'error_code': 409, 'description': 'Conflict: terminated by other getUpdates request; make sure that only one bot instance is running'}
2026-01-06 10:28:08,420 | ERROR | Telegram API Error response: {'ok': False, 'error_code': 409, 'description': 'Conflict: terminated by other getUpdates request; make sure that only one bot instance is running'}
2026-01-06 10:28:11,489 | ERROR | Telegram API Error response: {'ok': False, 'error_code': 409, 'description': 'Conflict: terminated by other getUpdates request; make sure that only one bot instance is running'}
2026-01-06 10:28:11,555 | ERROR | Telegram API Error response: {'ok': False, 'error_code': 409, 'description': 'Conflict: terminated by other getUpdates request; make sure that only one bot instance is running'}
2026-01-06 10:28:14,609 | ERROR | Telegram API Error response: {'ok': False, 'error_code': 409, 'description': 'Conflict: terminated by other getUpdates request; make sure that only one bot instance is running'}
2026-01-06 10:28:14,644 | ERROR | Telegram API Error response: {'ok': False, 'error_code': 409, 'description': 'Conflict: terminated by other getUpdates request; make sure that only one bot instance is running'}
2026-01-06 10:28:17,698 | ERROR | Telegram API Error response: {'ok': False, 'error_code': 409, 'description': 'Conflict: terminated by other getUpdates request; make sure that only one bot instance is running'}
2026-01-06 10:28:17,761 | ERROR | Telegram API Error response: {'ok': False, 'error_code': 409, 'description': 'Conflict: terminated by other getUpdates request; make sure that only one bot instance is running'}
2026-01-06 10:28:20,822 | ERROR | Telegram API Error response: {'ok': False, 'error_code': 409, 'description': 'Conflict: terminated by other getUpdates request; make sure that only one bot instance is running'}
2026-01-06 10:28:20,869 | ERROR | Telegram API Error response: {'ok': False, 'error_code': 409, 'description': 'Conflict: terminated by other getUpdates request; make sure that only one bot instance is running'}
2026-01-06 10:28:23,932 | ERROR | Telegram API Error response: {'ok': False, 'error_code': 409, 'description': 'Conflict: terminated by other getUpdates request; make sure that only one bot instance is running'}
2026-01-06 10:28:24,001 | ERROR | Telegram API Error response: {'ok': False, 'error_code': 409, 'description': 'Conflict: terminated by other getUpdates request; make sure that only one bot instance is running'}
2026-01-06 10:28:25,621 | INFO | ✅ Message sent to 1750388468
2026-01-06 10:28:27,097 | ERROR | Telegram API Error response: {'ok': False, 'error_code': 409, 'description': 'Conflict: terminated by other getUpdates request; make sure that only one bot instance is running'}
2026-01-06 10:28:27,136 | ERROR | Telegram API Error response: {'ok': False, 'error_code': 409, 'description': 'Conflict: terminated by other getUpdates request; make sure that only one bot instance is running'}
2026-01-06 10:28:30,192 | ERROR | Telegram API Error response: {'ok': False, 'error_code': 409, 'description': 'Conflict: terminated by other getUpdates request; make sure that only one bot instance is running'}
2026-01-06 10:28:30,263 | ERROR | Telegram API Error response: {'ok': False, 'error_code': 409, 'description': 'Conflict: terminated by other getUpdates request; make sure that only one bot instance is running'}
2026-01-06 10:28:33,324 | ERROR | Telegram API Error response: {'ok': False, 'error_code': 409, 'description': 'Conflict: terminated by other getUpdates request; make sure that only one bot instance is running'}
2026-01-06 10:28:33,377 | ERROR | Telegram API Error response: {'ok': False, 'error_code': 409, 'description': 'Conflict: terminated by other getUpdates request; make sure that only one bot instance is running'}
2026-01-06 10:28:36,429 | ERROR | Telegram API Error response: {'ok': False, 'error_code': 409, 'description': 'Conflict: terminated by other getUpdates request; make sure that only one bot instance is running'}
2026-01-06 10:28:36,482 | ERROR | Telegram API Error response: {'ok': False, 'error_code': 409, 'description': 'Conflict: terminated by other getUpdates request; make sure that only one bot instance is running'}
2026-01-06 10:28:39,557 | ERROR | Telegram API Error response: {'ok': False, 'error_code': 409, 'description': 'Conflict: terminated by other getUpdates request; make sure that only one bot instance is running'}
2026-01-06 10:28:39,638 | ERROR | Telegram API Error response: {'ok': False, 'error_code': 409, 'description': 'Conflict: terminated by other getUpdates request; make sure that only one bot instance is running'}
2026-01-06 10:28:42,701 | ERROR | Telegram API Error response: {'ok': False, 'error_code': 409, 'description': 'Conflict: terminated by other getUpdates request; make sure that only one bot instance is running'}
2026-01-06 10:28:42,730 | ERROR | Telegram API Error response: {'ok': False, 'error_code': 409, 'description': 'Conflict: terminated by other getUpdates request; make sure that only one bot instance is running'}
2026-01-06 10:28:45,773 | ERROR | Telegram API Error response: {'ok': False, 'error_code': 409, 'description': 'Conflict: terminated by other getUpdates request; make sure that only one bot instance is running'}
2026-01-06 10:28:45,816 | ERROR | Telegram API Error response: {'ok': False, 'error_code': 409, 'description': 'Conflict: terminated by other getUpdates request; make sure that only one bot instance is running'}
2026-01-06 10:28:48,870 | ERROR | Telegram API Error response: {'ok': False, 'error_code': 409, 'description': 'Conflict: terminated by other getUpdates request; make sure that only one bot instance is running'}
2026-01-06 10:28:48,933 | ERROR | Telegram API Error response: {'ok': False, 'error_code': 409, 'description': 'Conflict: terminated by other getUpdates request; make sure that only one bot instance is running'}
2026-01-06 10:28:52,001 | ERROR | Telegram API Error response: {'ok': False, 'error_code': 409, 'description': 'Conflict: terminated by other getUpdates request; make sure that only one bot instance is running'}
2026-01-06 10:28:52,039 | ERROR | Telegram API Error response: {'ok': False, 'error_code': 409, 'description': 'Conflict: terminated by other getUpdates request; make sure that only one bot instance is running'}
2026-01-06 10:28:55,088 | ERROR | Telegram API Error response: {'ok': False, 'error_code': 409, 'description': 'Conflict: terminated by other getUpdates request; make sure that only one bot instance is running'}
2026-01-06 10:28:55,147 | ERROR | Telegram API Error response: {'ok': False, 'error_code': 409, 'description': 'Conflict: terminated by other getUpdates request; make sure that only one bot instance is running'}
2026-01-06 10:28:58,206 | ERROR | Telegram API Error response: {'ok': False, 'error_code': 409, 'description': 'Conflict: terminated by other getUpdates request; make sure that only one bot instance is running'}
2026-01-06 10:28:58,267 | ERROR | Telegram API Error response: {'ok': False, 'error_code': 409, 'description': 'Conflict: terminated by other getUpdates request; make sure that only one bot instance is running'}
2026-01-06 10:29:01,383 | ERROR | Telegram API Error response: {'ok': False, 'error_code': 409, 'description': 'Conflict: terminated by other getUpdates request; make sure that only one bot instance is running'}
2026-01-06 10:29:01,441 | ERROR | Telegram API Error response: {'ok': False, 'error_code': 409, 'description': 'Conflict: terminated by other getUpdates request; make sure that only one bot instance is running'}
2026-01-06 10:29:04,526 | ERROR | Telegram API Error response: {'ok': False, 'error_code': 409, 'description': 'Conflict: terminated by other getUpdates request; make sure that only one bot instance is running'}
2026-01-06 10:29:04,582 | ERROR | Telegram API Error response: {'ok': False, 'error_code': 409, 'description': 'Conflict: terminated by other getUpdates request; make sure that only one bot instance is running'}
2026-01-06 10:29:05,816 | INFO | Signal: WAIT | ATR: 1.2571428571429482 | Expl: High Market Chaos (Entropy 1.35 > 0.88)
2026-01-06 10:29:05,951 | INFO | Signal: WAIT | ATR: 1.2571428571429482 | Expl: High Market Chaos (Entropy 1.35 > 0.88)
2026-01-06 10:29:07,617 | ERROR | Telegram API Error response: {'ok': False, 'error_code': 409, 'description': 'Conflict: terminated by other getUpdates request; make sure that only one bot instance is running'}
2026-01-06 10:29:07,660 | ERROR | Telegram API Error response: {'ok': False, 'error_code': 409, 'description': 'Conflict: terminated by other getUpdates request; make sure that only one bot instance is running'}
2026-01-06 10:29:10,699 | ERROR | Telegram API Error response: {'ok': False, 'error_code': 409, 'description': 'Conflict: terminated by other getUpdates request; make sure that only one bot instance is running'}
2026-01-06 10:29:10,778 | ERROR | Telegram API Error response: {'ok': False, 'error_code': 409, 'description': 'Conflict: terminated by other getUpdates request; make sure that only one bot instance is running'}
2026-01-06 10:29:13,833 | ERROR | Telegram API Error response: {'ok': False, 'error_code': 409, 'description': 'Conflict: terminated by other getUpdates request; make sure that only one bot instance is running'}
2026-01-06 10:29:13,886 | ERROR | Telegram API Error response: {'ok': False, 'error_code': 409, 'description': 'Conflict: terminated by other getUpdates request; make sure that only one bot instance is running'}
2026-01-06 10:29:16,948 | ERROR | Telegram API Error response: {'ok': False, 'error_code': 409, 'description': 'Conflict: terminated by other getUpdates request; make sure that only one bot instance is running'}
2026-01-06 10:29:16,995 | ERROR | Telegram API Error response: {'ok': False, 'error_code': 409, 'description': 'Conflict: terminated by other getUpdates request; make sure that only one bot instance is running'}
2026-01-06 10:29:20,075 | ERROR | Telegram API Error response: {'ok': False, 'error_code': 409, 'description': 'Conflict: terminated by other getUpdates request; make sure that only one bot instance is running'}
2026-01-06 10:29:20,141 | ERROR | Telegram API Error response: {'ok': False, 'error_code': 409, 'description': 'Conflict: terminated by other getUpdates request; make sure that only one bot instance is running'}
2026-01-06 10:29:23,179 | ERROR | Telegram API Error response: {'ok': False, 'error_code': 409, 'description': 'Conflict: terminated by other getUpdates request; make sure that only one bot instance is running'}
2026-01-06 10:29:23,242 | ERROR | Telegram API Error response: {'ok': False, 'error_code': 409, 'description': 'Conflict: terminated by other getUpdates request; make sure that only one bot instance is running'}
2026-01-06 10:29:26,273 | ERROR | Telegram API Error response: {'ok': False, 'error_code': 409, 'description': 'Conflict: terminated by other getUpdates request; make sure that only one bot instance is running'}
2026-01-06 10:29:26,307 | ERROR | Telegram API Error response: {'ok': False, 'error_code': 409, 'description': 'Conflict: terminated by other getUpdates request; make sure that only one bot instance is running'}
2026-01-06 10:29:29,359 | ERROR | Telegram API Error response: {'ok': False, 'error_code': 409, 'description': 'Conflict: terminated by other getUpdates request; make sure that only one bot instance is running'}
2026-01-06 10:29:29,418 | ERROR | Telegram API Error response: {'ok': False, 'error_code': 409, 'description': 'Conflict: terminated by other getUpdates request; make sure that only one bot instance is running'}
2026-01-06 10:29:32,464 | ERROR | Telegram API Error response: {'ok': False, 'error_code': 409, 'description': 'Conflict: terminated by other getUpdates request; make sure that only one bot instance is running'}
2026-01-06 10:29:32,515 | ERROR | Telegram API Error response: {'ok': False, 'error_code': 409, 'description': 'Conflict: terminated by other getUpdates request; make sure that only one bot instance is running'}
2026-01-06 10:29:35,570 | ERROR | Telegram API Error response: {'ok': False, 'error_code': 409, 'description': 'Conflict: terminated by other getUpdates request; make sure that only one bot instance is running'}
2026-01-06 10:29:35,638 | ERROR | Telegram API Error response: {'ok': False, 'error_code': 409, 'description': 'Conflict: terminated by other getUpdates request; make sure that only one bot instance is running'}
2026-01-06 10:29:38,717 | ERROR | Telegram API Error response: {'ok': False, 'error_code': 409, 'description': 'Conflict: terminated by other getUpdates request; make sure that only one bot instance is running'}
2026-01-06 10:29:38,754 | ERROR | Telegram API Error response: {'ok': False, 'error_code': 409, 'description': 'Conflict: terminated by other getUpdates request; make sure that only one bot instance is running'}
2026-01-06 10:29:41,785 | ERROR | Telegram API Error response: {'ok': False, 'error_code': 409, 'description': 'Conflict: terminated by other getUpdates request; make sure that only one bot instance is running'}
2026-01-06 10:29:41,856 | ERROR | Telegram API Error response: {'ok': False, 'error_code': 409, 'description': 'Conflict: terminated by other getUpdates request; make sure that only one bot instance is running'}
2026-01-06 10:29:44,930 | ERROR | Telegram API Error response: {'ok': False, 'error_code': 409, 'description': 'Conflict: terminated by other getUpdates request; make sure that only one bot instance is running'}
2026-01-06 10:29:44,970 | ERROR | Telegram API Error response: {'ok': False, 'error_code': 409, 'description': 'Conflict: terminated by other getUpdates request; make sure that only one bot instance is running'}
2026-01-06 10:29:48,027 | ERROR | Telegram API Error response: {'ok': False, 'error_code': 409, 'description': 'Conflict: terminated by other getUpdates request; make sure that only one bot instance is running'}
2026-01-06 10:29:48,075 | ERROR | Telegram API Error response: {'ok': False, 'error_code': 409, 'description': 'Conflict: terminated by other getUpdates request; make sure that only one bot instance is running'}
2026-01-06 10:29:51,126 | ERROR | Telegram API Error response: {'ok': False, 'error_code': 409, 'description': 'Conflict: terminated by other getUpdates request; make sure that only one bot instance is running'}
2026-01-06 10:29:51,184 | ERROR | Telegram API Error response: {'ok': False, 'error_code': 409, 'description': 'Conflict: terminated by other getUpdates request; make sure that only one bot instance is running'}
2026-01-06 10:29:54,258 | ERROR | Telegram API Error response: {'ok': False, 'error_code': 409, 'description': 'Conflict: terminated by other getUpdates request; make sure that only one bot instance is running'}
2026-01-06 10:29:54,310 | ERROR | Telegram API Error response: {'ok': False, 'error_code': 409, 'description': 'Conflict: terminated by other getUpdates request; make sure that only one bot instance is running'}
2026-01-06 10:29:57,352 | ERROR | Telegram API Error response: {'ok': False, 'error_code': 409, 'description': 'Conflict: terminated by other getUpdates request; make sure that only one bot instance is running'}
2026-01-06 10:29:57,397 | ERROR | Telegram API Error response: {'ok': False, 'error_code': 409, 'description': 'Conflict: terminated by other getUpdates request; make sure that only one bot instance is running'}
2026-01-06 10:30:00,462 | ERROR | Telegram API Error response: {'ok': False, 'error_code': 409, 'description': 'Conflict: terminated by other getUpdates request; make sure that only one bot instance is running'}
2026-01-06 10:30:00,521 | ERROR | Telegram API Error response: {'ok': False, 'error_code': 409, 'description': 'Conflict: terminated by other getUpdates request; make sure that only one bot instance is running'}
2026-01-06 10:30:03,588 | ERROR | Telegram API Error response: {'ok': False, 'error_code': 409, 'description': 'Conflict: terminated by other getUpdates request; make sure that only one bot instance is running'}
2026-01-06 10:30:03,660 | ERROR | Telegram API Error response: {'ok': False, 'error_code': 409, 'description': 'Conflict: terminated by other getUpdates request; make sure that only one bot instance is running'}
2026-01-06 10:30:05,289 | INFO | Signal: WAIT | ATR: 1.2878571428572545 | Expl: High Market Chaos (Entropy 1.81 > 0.88)
2026-01-06 10:30:05,457 | ERROR | Analysis Failed [PRO]: Model requires features missing in latest data: ['is_peak']
2026-01-06 10:30:06,427 | INFO | Signal: WAIT | ATR: 1.2878571428572545 | Expl: High Market Chaos (Entropy 1.81 > 0.88)
2026-01-06 10:30:06,661 | ERROR | Analysis Failed [PRO]: Model requires features missing in latest data: ['is_peak']
2026-01-06 10:30:06,706 | ERROR | Telegram API Error response: {'ok': False, 'error_code': 409, 'description': 'Conflict: terminated by other getUpdates request; make sure that only one bot instance is running'}
2026-01-06 10:30:06,749 | ERROR | Telegram API Error response: {'ok': False, 'error_code': 409, 'description': 'Conflict: terminated by other getUpdates request; make sure that only one bot instance is running'}
2026-01-06 10:30:09,823 | ERROR | Telegram API Error response: {'ok': False, 'error_code': 409, 'description': 'Conflict: terminated by other getUpdates request; make sure that only one bot instance is running'}
2026-01-06 10:30:09,891 | ERROR | Telegram API Error response: {'ok': False, 'error_code': 409, 'description': 'Conflict: terminated by other getUpdates request; make sure that only one bot instance is running'}
2026-01-06 10:30:12,964 | ERROR | Telegram API Error response: {'ok': False, 'error_code': 409, 'description': 'Conflict: terminated by other getUpdates request; make sure that only one bot instance is running'}
2026-01-06 10:30:13,002 | ERROR | Telegram API Error response: {'ok': False, 'error_code': 409, 'description': 'Conflict: terminated by other getUpdates request; make sure that only one bot instance is running'}
2026-01-06 10:30:16,055 | ERROR | Telegram API Error response: {'ok': False, 'error_code': 409, 'description': 'Conflict: terminated by other getUpdates request; make sure that only one bot instance is running'}
2026-01-06 10:30:16,108 | ERROR | Telegram API Error response: {'ok': False, 'error_code': 409, 'description': 'Conflict: terminated by other getUpdates request; make sure that only one bot instance is running'}
2026-01-06 10:30:19,158 | ERROR | Telegram API Error response: {'ok': False, 'error_code': 409, 'description': 'Conflict: terminated by other getUpdates request; make sure that only one bot instance is running'}
2026-01-06 10:30:19,207 | ERROR | Telegram API Error response: {'ok': False, 'error_code': 409, 'description': 'Conflict: terminated by other getUpdates request; make sure that only one bot instance is running'}
2026-01-06 10:30:22,268 | ERROR | Telegram API Error response: {'ok': False, 'error_code': 409, 'description': 'Conflict: terminated by other getUpdates request; make sure that only one bot instance is running'}
2026-01-06 10:30:22,304 | ERROR | Telegram API Error response: {'ok': False, 'error_code': 409, 'description': 'Conflict: terminated by other getUpdates request; make sure that only one bot instance is running'}
2026-01-06 10:30:25,352 | ERROR | Telegram API Error response: {'ok': False, 'error_code': 409, 'description': 'Conflict: terminated by other getUpdates request; make sure that only one bot instance is running'}
2026-01-06 10:30:25,397 | ERROR | Telegram API Error response: {'ok': False, 'error_code': 409, 'description': 'Conflict: terminated by other getUpdates request; make sure that only one bot instance is running'}
2026-01-06 10:30:28,442 | ERROR | Telegram API Error response: {'ok': False, 'error_code': 409, 'description': 'Conflict: terminated by other getUpdates request; make sure that only one bot instance is running'}
2026-01-06 10:30:28,494 | ERROR | Telegram API Error response: {'ok': False, 'error_code': 409, 'description': 'Conflict: terminated by other getUpdates request; make sure that only one bot instance is running'}
2026-01-06 10:30:31,535 | ERROR | Telegram API Error response: {'ok': False, 'error_code': 409, 'description': 'Conflict: terminated by other getUpdates request; make sure that only one bot instance is running'}
2026-01-06 10:30:31,587 | ERROR | Telegram API Error response: {'ok': False, 'error_code': 409, 'description': 'Conflict: terminated by other getUpdates request; make sure that only one bot instance is running'}
2026-01-06 10:30:34,626 | ERROR | Telegram API Error response: {'ok': False, 'error_code': 409, 'description': 'Conflict: terminated by other getUpdates request; make sure that only one bot instance is running'}
2026-01-06 10:30:34,691 | ERROR | Telegram API Error response: {'ok': False, 'error_code': 409, 'description': 'Conflict: terminated by other getUpdates request; make sure that only one bot instance is running'}
2026-01-06 10:30:37,732 | ERROR | Telegram API Error response: {'ok': False, 'error_code': 409, 'description': 'Conflict: terminated by other getUpdates request; make sure that only one bot instance is running'}
2026-01-06 10:30:37,790 | ERROR | Telegram API Error response: {'ok': False, 'error_code': 409, 'description': 'Conflict: terminated by other getUpdates request; make sure that only one bot instance is running'}
2026-01-06 10:30:40,842 | ERROR | Telegram API Error response: {'ok': False, 'error_code': 409, 'description': 'Conflict: terminated by other getUpdates request; make sure that only one bot instance is running'}
2026-01-06 10:30:40,896 | ERROR | Telegram API Error response: {'ok': False, 'error_code': 409, 'description': 'Conflict: terminated by other getUpdates request; make sure that only one bot instance is running'}
2026-01-06 10:30:43,987 | ERROR | Telegram API Error response: {'ok': False, 'error_code': 409, 'description': 'Conflict: terminated by other getUpdates request; make sure that only one bot instance is running'}
2026-01-06 10:30:44,020 | ERROR | Telegram API Error response: {'ok': False, 'error_code': 409, 'description': 'Conflict: terminated by other getUpdates request; make sure that only one bot instance is running'}
2026-01-06 10:30:47,088 | ERROR | Telegram API Error response: {'ok': False, 'error_code': 409, 'description': 'Conflict: terminated by other getUpdates request; make sure that only one bot instance is running'}
2026-01-06 10:30:47,143 | ERROR | Telegram API Error response: {'ok': False, 'error_code': 409, 'description': 'Conflict: terminated by other getUpdates request; make sure that only one bot instance is running'}
2026-01-06 10:30:50,196 | ERROR | Telegram API Error response: {'ok': False, 'error_code': 409, 'description': 'Conflict: terminated by other getUpdates request; make sure that only one bot instance is running'}
2026-01-06 10:30:50,250 | ERROR | Telegram API Error response: {'ok': False, 'error_code': 409, 'description': 'Conflict: terminated by other getUpdates request; make sure that only one bot instance is running'}
2026-01-06 10:30:53,297 | ERROR | Telegram API Error response: {'ok': False, 'error_code': 409, 'description': 'Conflict: terminated by other getUpdates request; make sure that only one bot instance is running'}
2026-01-06 10:30:53,349 | ERROR | Telegram API Error response: {'ok': False, 'error_code': 409, 'description': 'Conflict: terminated by other getUpdates request; make sure that only one bot instance is running'}
2026-01-06 10:30:56,407 | ERROR | Telegram API Error response: {'ok': False, 'error_code': 409, 'description': 'Conflict: terminated by other getUpdates request; make sure that only one bot instance is running'}
2026-01-06 10:30:56,439 | ERROR | Telegram API Error response: {'ok': False, 'error_code': 409, 'description': 'Conflict: terminated by other getUpdates request; make sure that only one bot instance is running'}
2026-01-06 10:30:59,512 | ERROR | Telegram API Error response: {'ok': False, 'error_code': 409, 'description': 'Conflict: terminated by other getUpdates request; make sure that only one bot instance is running'}
2026-01-06 10:30:59,552 | ERROR | Telegram API Error response: {'ok': False, 'error_code': 409, 'description': 'Conflict: terminated by other getUpdates request; make sure that only one bot instance is running'}
2026-01-06 10:31:02,600 | ERROR | Telegram API Error response: {'ok': False, 'error_code': 409, 'description': 'Conflict: terminated by other getUpdates request; make sure that only one bot instance is running'}
2026-01-06 10:31:02,676 | ERROR | Telegram API Error response: {'ok': False, 'error_code': 409, 'description': 'Conflict: terminated by other getUpdates request; make sure that only one bot instance is running'}
2026-01-06 10:31:05,749 | ERROR | Telegram API Error response: {'ok': False, 'error_code': 409, 'description': 'Conflict: terminated by other getUpdates request; make sure that only one bot instance is running'}
2026-01-06 10:31:05,775 | INFO | Signal: WAIT | ATR: 1.4064285714287377 | Expl: High Market Chaos (Entropy 1.86 > 0.88)
2026-01-06 10:31:05,797 | ERROR | Telegram API Error response: {'ok': False, 'error_code': 409, 'description': 'Conflict: terminated by other getUpdates request; make sure that only one bot instance is running'}
2026-01-06 10:31:06,100 | INFO | Signal: WAIT | ATR: 1.4064285714287377 | Expl: High Market Chaos (Entropy 1.86 > 0.88)
2026-01-06 10:31:08,857 | ERROR | Telegram API Error response: {'ok': False, 'error_code': 409, 'description': 'Conflict: terminated by other getUpdates request; make sure that only one bot instance is running'}
2026-01-06 10:31:08,908 | ERROR | Telegram API Error response: {'ok': False, 'error_code': 409, 'description': 'Conflict: terminated by other getUpdates request; make sure that only one bot instance is running'}
2026-01-06 10:31:11,962 | ERROR | Telegram API Error response: {'ok': False, 'error_code': 409, 'description': 'Conflict: terminated by other getUpdates request; make sure that only one bot instance is running'}
2026-01-06 10:31:12,010 | ERROR | Telegram API Error response: {'ok': False, 'error_code': 409, 'description': 'Conflict: terminated by other getUpdates request; make sure that only one bot instance is running'}
2026-01-06 10:31:15,071 | ERROR | Telegram API Error response: {'ok': False, 'error_code': 409, 'description': 'Conflict: terminated by other getUpdates request; make sure that only one bot instance is running'}
2026-01-06 10:31:15,127 | ERROR | Telegram API Error response: {'ok': False, 'error_code': 409, 'description': 'Conflict: terminated by other getUpdates request; make sure that only one bot instance is running'}
2026-01-06 10:31:18,162 | ERROR | Telegram API Error response: {'ok': False, 'error_code': 409, 'description': 'Conflict: terminated by other getUpdates request; make sure that only one bot instance is running'}
2026-01-06 10:31:18,222 | ERROR | Telegram API Error response: {'ok': False, 'error_code': 409, 'description': 'Conflict: terminated by other getUpdates request; make sure that only one bot instance is running'}
2026-01-06 10:31:21,262 | ERROR | Telegram API Error response: {'ok': False, 'error_code': 409, 'description': 'Conflict: terminated by other getUpdates request; make sure that only one bot instance is running'}
2026-01-06 10:31:21,314 | ERROR | Telegram API Error response: {'ok': False, 'error_code': 409, 'description': 'Conflict: terminated by other getUpdates request; make sure that only one bot instance is running'}
2026-01-06 10:31:24,385 | ERROR | Telegram API Error response: {'ok': False, 'error_code': 409, 'description': 'Conflict: terminated by other getUpdates request; make sure that only one bot instance is running'}
2026-01-06 10:31:24,483 | ERROR | Telegram API Error response: {'ok': False, 'error_code': 409, 'description': 'Conflict: terminated by other getUpdates request; make sure that only one bot instance is running'}
2026-01-06 10:31:27,567 | ERROR | Telegram API Error response: {'ok': False, 'error_code': 409, 'description': 'Conflict: terminated by other getUpdates request; make sure that only one bot instance is running'}
2026-01-06 10:31:27,633 | ERROR | Telegram API Error response: {'ok': False, 'error_code': 409, 'description': 'Conflict: terminated by other getUpdates request; make sure that only one bot instance is running'}
2026-01-06 10:31:30,685 | ERROR | Telegram API Error response: {'ok': False, 'error_code': 409, 'description': 'Conflict: terminated by other getUpdates request; make sure that only one bot instance is running'}
2026-01-06 10:31:30,757 | ERROR | Telegram API Error response: {'ok': False, 'error_code': 409, 'description': 'Conflict: terminated by other getUpdates request; make sure that only one bot instance is running'}
2026-01-06 10:31:33,817 | ERROR | Telegram API Error response: {'ok': False, 'error_code': 409, 'description': 'Conflict: terminated by other getUpdates request; make sure that only one bot instance is running'}
2026-01-06 10:31:33,862 | ERROR | Telegram API Error response: {'ok': False, 'error_code': 409, 'description': 'Conflict: terminated by other getUpdates request; make sure that only one bot instance is running'}
2026-01-06 10:31:36,939 | ERROR | Telegram API Error response: {'ok': False, 'error_code': 409, 'description': 'Conflict: terminated by other getUpdates request; make sure that only one bot instance is running'}
2026-01-06 10:31:37,006 | ERROR | Telegram API Error response: {'ok': False, 'error_code': 409, 'description': 'Conflict: terminated by other getUpdates request; make sure that only one bot instance is running'}
2026-01-06 10:31:40,068 | ERROR | Telegram API Error response: {'ok': False, 'error_code': 409, 'description': 'Conflict: terminated by other getUpdates request; make sure that only one bot instance is running'}
2026-01-06 10:31:40,134 | ERROR | Telegram API Error response: {'ok': False, 'error_code': 409, 'description': 'Conflict: terminated by other getUpdates request; make sure that only one bot instance is running'}
2026-01-06 10:31:43,193 | ERROR | Telegram API Error response: {'ok': False, 'error_code': 409, 'description': 'Conflict: terminated by other getUpdates request; make sure that only one bot instance is running'}
2026-01-06 10:31:43,242 | ERROR | Telegram API Error response: {'ok': False, 'error_code': 409, 'description': 'Conflict: terminated by other getUpdates request; make sure that only one bot instance is running'}
2026-01-06 10:31:46,275 | ERROR | Telegram API Error response: {'ok': False, 'error_code': 409, 'description': 'Conflict: terminated by other getUpdates request; make sure that only one bot instance is running'}
2026-01-06 10:31:46,332 | ERROR | Telegram API Error response: {'ok': False, 'error_code': 409, 'description': 'Conflict: terminated by other getUpdates request; make sure that only one bot instance is running'}
2026-01-06 10:31:49,421 | ERROR | Telegram API Error response: {'ok': False, 'error_code': 409, 'description': 'Conflict: terminated by other getUpdates request; make sure that only one bot instance is running'}
2026-01-06 10:31:49,469 | ERROR | Telegram API Error response: {'ok': False, 'error_code': 409, 'description': 'Conflict: terminated by other getUpdates request; make sure that only one bot instance is running'}
2026-01-06 10:31:52,531 | ERROR | Telegram API Error response: {'ok': False, 'error_code': 409, 'description': 'Conflict: terminated by other getUpdates request; make sure that only one bot instance is running'}
2026-01-06 10:31:52,581 | ERROR | Telegram API Error response: {'ok': False, 'error_code': 409, 'description': 'Conflict: terminated by other getUpdates request; make sure that only one bot instance is running'}
2026-01-06 10:31:55,635 | ERROR | Telegram API Error response: {'ok': False, 'error_code': 409, 'description': 'Conflict: terminated by other getUpdates request; make sure that only one bot instance is running'}
2026-01-06 10:31:55,689 | ERROR | Telegram API Error response: {'ok': False, 'error_code': 409, 'description': 'Conflict: terminated by other getUpdates request; make sure that only one bot instance is running'}
2026-01-06 10:31:58,740 | ERROR | Telegram API Error response: {'ok': False, 'error_code': 409, 'description': 'Conflict: terminated by other getUpdates request; make sure that only one bot instance is running'}
2026-01-06 10:31:58,803 | ERROR | Telegram API Error response: {'ok': False, 'error_code': 409, 'description': 'Conflict: terminated by other getUpdates request; make sure that only one bot instance is running'}
2026-01-06 10:32:01,862 | ERROR | Telegram API Error response: {'ok': False, 'error_code': 409, 'description': 'Conflict: terminated by other getUpdates request; make sure that only one bot instance is running'}
2026-01-06 10:32:01,919 | ERROR | Telegram API Error response: {'ok': False, 'error_code': 409, 'description': 'Conflict: terminated by other getUpdates request; make sure that only one bot instance is running'}
2026-01-06 10:32:04,981 | ERROR | Telegram API Error response: {'ok': False, 'error_code': 409, 'description': 'Conflict: terminated by other getUpdates request; make sure that only one bot instance is running'}
2026-01-06 10:32:05,029 | ERROR | Telegram API Error response: {'ok': False, 'error_code': 409, 'description': 'Conflict: terminated by other getUpdates request; make sure that only one bot instance is running'}
2026-01-06 10:32:07,109 | INFO | Signal: WAIT | ATR: 1.472857142857265 | Expl: High Market Chaos (Entropy 1.51 > 0.88)
2026-01-06 10:32:07,527 | INFO | Signal: WAIT | ATR: 1.472857142857265 | Expl: High Market Chaos (Entropy 1.51 > 0.88)
2026-01-06 10:32:08,097 | ERROR | Telegram API Error response: {'ok': False, 'error_code': 409, 'description': 'Conflict: terminated by other getUpdates request; make sure that only one bot instance is running'}
2026-01-06 10:32:08,161 | ERROR | Telegram API Error response: {'ok': False, 'error_code': 409, 'description': 'Conflict: terminated by other getUpdates request; make sure that only one bot instance is running'}
2026-01-06 10:32:11,236 | ERROR | Telegram API Error response: {'ok': False, 'error_code': 409, 'description': 'Conflict: terminated by other getUpdates request; make sure that only one bot instance is running'}
2026-01-06 10:32:11,303 | ERROR | Telegram API Error response: {'ok': False, 'error_code': 409, 'description': 'Conflict: terminated by other getUpdates request; make sure that only one bot instance is running'}
2026-01-06 10:32:14,374 | ERROR | Telegram API Error response: {'ok': False, 'error_code': 409, 'description': 'Conflict: terminated by other getUpdates request; make sure that only one bot instance is running'}
2026-01-06 10:32:14,449 | ERROR | Telegram API Error response: {'ok': False, 'error_code': 409, 'description': 'Conflict: terminated by other getUpdates request; make sure that only one bot instance is running'}
2026-01-06 10:32:17,524 | ERROR | Telegram API Error response: {'ok': False, 'error_code': 409, 'description': 'Conflict: terminated by other getUpdates request; make sure that only one bot instance is running'}
2026-01-06 10:32:17,564 | ERROR | Telegram API Error response: {'ok': False, 'error_code': 409, 'description': 'Conflict: terminated by other getUpdates request; make sure that only one bot instance is running'}
2026-01-06 10:32:20,612 | ERROR | Telegram API Error response: {'ok': False, 'error_code': 409, 'description': 'Conflict: terminated by other getUpdates request; make sure that only one bot instance is running'}
2026-01-06 10:32:20,682 | ERROR | Telegram API Error response: {'ok': False, 'error_code': 409, 'description': 'Conflict: terminated by other getUpdates request; make sure that only one bot instance is running'}
2026-01-06 10:32:23,736 | ERROR | Telegram API Error response: {'ok': False, 'error_code': 409, 'description': 'Conflict: terminated by other getUpdates request; make sure that only one bot instance is running'}
2026-01-06 10:32:23,792 | ERROR | Telegram API Error response: {'ok': False, 'error_code': 409, 'description': 'Conflict: terminated by other getUpdates request; make sure that only one bot instance is running'}
2026-01-06 10:32:26,832 | ERROR | Telegram API Error response: {'ok': False, 'error_code': 409, 'description': 'Conflict: terminated by other getUpdates request; make sure that only one bot instance is running'}
2026-01-06 10:32:26,892 | ERROR | Telegram API Error response: {'ok': False, 'error_code': 409, 'description': 'Conflict: terminated by other getUpdates request; make sure that only one bot instance is running'}
2026-01-06 10:32:29,945 | ERROR | Telegram API Error response: {'ok': False, 'error_code': 409, 'description': 'Conflict: terminated by other getUpdates request; make sure that only one bot instance is running'}
2026-01-06 10:32:30,002 | ERROR | Telegram API Error response: {'ok': False, 'error_code': 409, 'description': 'Conflict: terminated by other getUpdates request; make sure that only one bot instance is running'}
2026-01-06 10:32:33,073 | ERROR | Telegram API Error response: {'ok': False, 'error_code': 409, 'description': 'Conflict: terminated by other getUpdates request; make sure that only one bot instance is running'}
2026-01-06 10:32:33,138 | ERROR | Telegram API Error response: {'ok': False, 'error_code': 409, 'description': 'Conflict: terminated by other getUpdates request; make sure that only one bot instance is running'}
2026-01-06 10:32:36,200 | ERROR | Telegram API Error response: {'ok': False, 'error_code': 409, 'description': 'Conflict: terminated by other getUpdates request; make sure that only one bot instance is running'}
2026-01-06 10:32:36,242 | ERROR | Telegram API Error response: {'ok': False, 'error_code': 409, 'description': 'Conflict: terminated by other getUpdates request; make sure that only one bot instance is running'}
2026-01-06 10:32:39,312 | ERROR | Telegram API Error response: {'ok': False, 'error_code': 409, 'description': 'Conflict: terminated by other getUpdates request; make sure that only one bot instance is running'}
2026-01-06 10:32:39,368 | ERROR | Telegram API Error response: {'ok': False, 'error_code': 409, 'description': 'Conflict: terminated by other getUpdates request; make sure that only one bot instance is running'}
2026-01-06 10:32:42,401 | ERROR | Telegram API Error response: {'ok': False, 'error_code': 409, 'description': 'Conflict: terminated by other getUpdates request; make sure that only one bot instance is running'}
2026-01-06 10:32:42,502 | ERROR | Telegram API Error response: {'ok': False, 'error_code': 409, 'description': 'Conflict: terminated by other getUpdates request; make sure that only one bot instance is running'}
2026-01-06 10:32:45,558 | ERROR | Telegram API Error response: {'ok': False, 'error_code': 409, 'description': 'Conflict: terminated by other getUpdates request; make sure that only one bot instance is running'}
2026-01-06 10:32:45,618 | ERROR | Telegram API Error response: {'ok': False, 'error_code': 409, 'description': 'Conflict: terminated by other getUpdates request; make sure that only one bot instance is running'}
2026-01-06 10:32:48,676 | ERROR | Telegram API Error response: {'ok': False, 'error_code': 409, 'description': 'Conflict: terminated by other getUpdates request; make sure that only one bot instance is running'}
2026-01-06 10:32:48,716 | ERROR | Telegram API Error response: {'ok': False, 'error_code': 409, 'description': 'Conflict: terminated by other getUpdates request; make sure that only one bot instance is running'}
2026-01-06 10:32:51,778 | ERROR | Telegram API Error response: {'ok': False, 'error_code': 409, 'description': 'Conflict: terminated by other getUpdates request; make sure that only one bot instance is running'}
2026-01-06 10:32:51,841 | ERROR | Telegram API Error response: {'ok': False, 'error_code': 409, 'description': 'Conflict: terminated by other getUpdates request; make sure that only one bot instance is running'}
2026-01-06 10:32:54,880 | ERROR | Telegram API Error response: {'ok': False, 'error_code': 409, 'description': 'Conflict: terminated by other getUpdates request; make sure that only one bot instance is running'}
2026-01-06 10:32:54,929 | ERROR | Telegram API Error response: {'ok': False, 'error_code': 409, 'description': 'Conflict: terminated by other getUpdates request; make sure that only one bot instance is running'}
2026-01-06 10:32:57,967 | ERROR | Telegram API Error response: {'ok': False, 'error_code': 409, 'description': 'Conflict: terminated by other getUpdates request; make sure that only one bot instance is running'}
2026-01-06 10:32:58,004 | ERROR | Telegram API Error response: {'ok': False, 'error_code': 409, 'description': 'Conflict: terminated by other getUpdates request; make sure that only one bot instance is running'}
2026-01-06 10:33:01,089 | ERROR | Telegram API Error response: {'ok': False, 'error_code': 409, 'description': 'Conflict: terminated by other getUpdates request; make sure that only one bot instance is running'}
2026-01-06 10:33:01,137 | ERROR | Telegram API Error response: {'ok': False, 'error_code': 409, 'description': 'Conflict: terminated by other getUpdates request; make sure that only one bot instance is running'}
2026-01-06 10:33:04,204 | ERROR | Telegram API Error response: {'ok': False, 'error_code': 409, 'description': 'Conflict: terminated by other getUpdates request; make sure that only one bot instance is running'}
2026-01-06 10:33:04,248 | ERROR | Telegram API Error response: {'ok': False, 'error_code': 409, 'description': 'Conflict: terminated by other getUpdates request; make sure that only one bot instance is running'}
2026-01-06 10:33:07,292 | ERROR | Telegram API Error response: {'ok': False, 'error_code': 409, 'description': 'Conflict: terminated by other getUpdates request; make sure that only one bot instance is running'}
2026-01-06 10:33:07,347 | ERROR | Telegram API Error response: {'ok': False, 'error_code': 409, 'description': 'Conflict: terminated by other getUpdates request; make sure that only one bot instance is running'}
2026-01-06 10:33:07,952 | INFO | Signal: WAIT | ATR: 1.4950000000001507 | Expl: High Market Chaos (Entropy 1.62 > 0.88)
2026-01-06 10:33:08,430 | INFO | Signal: WAIT | ATR: 1.4950000000001507 | Expl: High Market Chaos (Entropy 1.62 > 0.88)
2026-01-06 10:33:10,448 | ERROR | Telegram API Error response: {'ok': False, 'error_code': 409, 'description': 'Conflict: terminated by other getUpdates request; make sure that only one bot instance is running'}
2026-01-06 10:33:10,512 | ERROR | Telegram API Error response: {'ok': False, 'error_code': 409, 'description': 'Conflict: terminated by other getUpdates request; make sure that only one bot instance is running'}
2026-01-06 10:33:13,572 | ERROR | Telegram API Error response: {'ok': False, 'error_code': 409, 'description': 'Conflict: terminated by other getUpdates request; make sure that only one bot instance is running'}
2026-01-06 10:33:13,660 | ERROR | Telegram API Error response: {'ok': False, 'error_code': 409, 'description': 'Conflict: terminated by other getUpdates request; make sure that only one bot instance is running'}
2026-01-06 10:33:16,749 | ERROR | Telegram API Error response: {'ok': False, 'error_code': 409, 'description': 'Conflict: terminated by other getUpdates request; make sure that only one bot instance is running'}
2026-01-06 10:33:16,829 | ERROR | Telegram API Error response: {'ok': False, 'error_code': 409, 'description': 'Conflict: terminated by other getUpdates request; make sure that only one bot instance is running'}
2026-01-06 10:33:19,926 | ERROR | Telegram API Error response: {'ok': False, 'error_code': 409, 'description': 'Conflict: terminated by other getUpdates request; make sure that only one bot instance is running'}
2026-01-06 10:33:19,958 | ERROR | Telegram API Error response: {'ok': False, 'error_code': 409, 'description': 'Conflict: terminated by other getUpdates request; make sure that only one bot instance is running'}
2026-01-06 10:33:22,999 | ERROR | Telegram API Error response: {'ok': False, 'error_code': 409, 'description': 'Conflict: terminated by other getUpdates request; make sure that only one bot instance is running'}
2026-01-06 10:33:23,030 | ERROR | Telegram API Error response: {'ok': False, 'error_code': 409, 'description': 'Conflict: terminated by other getUpdates request; make sure that only one bot instance is running'}
2026-01-06 10:33:26,076 | ERROR | Telegram API Error response: {'ok': False, 'error_code': 409, 'description': 'Conflict: terminated by other getUpdates request; make sure that only one bot instance is running'}
2026-01-06 10:33:26,124 | ERROR | Telegram API Error response: {'ok': False, 'error_code': 409, 'description': 'Conflict: terminated by other getUpdates request; make sure that only one bot instance is running'}
2026-01-06 10:33:29,182 | ERROR | Telegram API Error response: {'ok': False, 'error_code': 409, 'description': 'Conflict: terminated by other getUpdates request; make sure that only one bot instance is running'}
2026-01-06 10:33:29,231 | ERROR | Telegram API Error response: {'ok': False, 'error_code': 409, 'description': 'Conflict: terminated by other getUpdates request; make sure that only one bot instance is running'}
2026-01-06 10:33:32,298 | ERROR | Telegram API Error response: {'ok': False, 'error_code': 409, 'description': 'Conflict: terminated by other getUpdates request; make sure that only one bot instance is running'}
2026-01-06 10:33:32,353 | ERROR | Telegram API Error response: {'ok': False, 'error_code': 409, 'description': 'Conflict: terminated by other getUpdates request; make sure that only one bot instance is running'}
2026-01-06 10:33:35,415 | ERROR | Telegram API Error response: {'ok': False, 'error_code': 409, 'description': 'Conflict: terminated by other getUpdates request; make sure that only one bot instance is running'}
2026-01-06 10:33:35,481 | ERROR | Telegram API Error response: {'ok': False, 'error_code': 409, 'description': 'Conflict: terminated by other getUpdates request; make sure that only one bot instance is running'}
2026-01-06 10:33:38,538 | ERROR | Telegram API Error response: {'ok': False, 'error_code': 409, 'description': 'Conflict: terminated by other getUpdates request; make sure that only one bot instance is running'}
2026-01-06 10:33:38,592 | ERROR | Telegram API Error response: {'ok': False, 'error_code': 409, 'description': 'Conflict: terminated by other getUpdates request; make sure that only one bot instance is running'}
2026-01-06 10:33:41,664 | ERROR | Telegram API Error response: {'ok': False, 'error_code': 409, 'description': 'Conflict: terminated by other getUpdates request; make sure that only one bot instance is running'}
2026-01-06 10:33:41,727 | ERROR | Telegram API Error response: {'ok': False, 'error_code': 409, 'description': 'Conflict: terminated by other getUpdates request; make sure that only one bot instance is running'}
2026-01-06 10:33:44,765 | ERROR | Telegram API Error response: {'ok': False, 'error_code': 409, 'description': 'Conflict: terminated by other getUpdates request; make sure that only one bot instance is running'}
2026-01-06 10:33:44,817 | ERROR | Telegram API Error response: {'ok': False, 'error_code': 409, 'description': 'Conflict: terminated by other getUpdates request; make sure that only one bot instance is running'}
2026-01-06 10:33:47,869 | ERROR | Telegram API Error response: {'ok': False, 'error_code': 409, 'description': 'Conflict: terminated by other getUpdates request; make sure that only one bot instance is running'}
2026-01-06 10:33:47,925 | ERROR | Telegram API Error response: {'ok': False, 'error_code': 409, 'description': 'Conflict: terminated by other getUpdates request; make sure that only one bot instance is running'}
2026-01-06 10:33:50,966 | ERROR | Telegram API Error response: {'ok': False, 'error_code': 409, 'description': 'Conflict: terminated by other getUpdates request; make sure that only one bot instance is running'}
2026-01-06 10:33:51,028 | ERROR | Telegram API Error response: {'ok': False, 'error_code': 409, 'description': 'Conflict: terminated by other getUpdates request; make sure that only one bot instance is running'}
2026-01-06 10:33:54,097 | ERROR | Telegram API Error response: {'ok': False, 'error_code': 409, 'description': 'Conflict: terminated by other getUpdates request; make sure that only one bot instance is running'}
2026-01-06 10:33:54,157 | ERROR | Telegram API Error response: {'ok': False, 'error_code': 409, 'description': 'Conflict: terminated by other getUpdates request; make sure that only one bot instance is running'}
2026-01-06 10:33:57,228 | ERROR | Telegram API Error response: {'ok': False, 'error_code': 409, 'description': 'Conflict: terminated by other getUpdates request; make sure that only one bot instance is running'}
2026-01-06 10:33:57,265 | ERROR | Telegram API Error response: {'ok': False, 'error_code': 409, 'description': 'Conflict: terminated by other getUpdates request; make sure that only one bot instance is running'}
2026-01-06 10:34:00,339 | ERROR | Telegram API Error response: {'ok': False, 'error_code': 409, 'description': 'Conflict: terminated by other getUpdates request; make sure that only one bot instance is running'}
2026-01-06 10:34:00,378 | ERROR | Telegram API Error response: {'ok': False, 'error_code': 409, 'description': 'Conflict: terminated by other getUpdates request; make sure that only one bot instance is running'}
2026-01-06 10:34:03,424 | ERROR | Telegram API Error response: {'ok': False, 'error_code': 409, 'description': 'Conflict: terminated by other getUpdates request; make sure that only one bot instance is running'}
2026-01-06 10:34:03,503 | ERROR | Telegram API Error response: {'ok': False, 'error_code': 409, 'description': 'Conflict: terminated by other getUpdates request; make sure that only one bot instance is running'}
2026-01-06 10:34:06,575 | ERROR | Telegram API Error response: {'ok': False, 'error_code': 409, 'description': 'Conflict: terminated by other getUpdates request; make sure that only one bot instance is running'}
2026-01-06 10:34:06,628 | ERROR | Telegram API Error response: {'ok': False, 'error_code': 409, 'description': 'Conflict: terminated by other getUpdates request; make sure that only one bot instance is running'}
2026-01-06 10:34:09,252 | ERROR | Analysis Failed [FLASH]: Insufficient history or feature engineering failure
2026-01-06 10:34:09,679 | ERROR | Telegram API Error response: {'ok': False, 'error_code': 409, 'description': 'Conflict: terminated by other getUpdates request; make sure that only one bot instance is running'}
2026-01-06 10:34:09,751 | ERROR | Telegram API Error response: {'ok': False, 'error_code': 409, 'description': 'Conflict: terminated by other getUpdates request; make sure that only one bot instance is running'}
2026-01-06 10:34:09,814 | INFO | Signal: WAIT | ATR: 1.5607142857144416 | Expl: High Market Chaos (Entropy 1.63 > 0.88)
2026-01-06 10:34:12,833 | ERROR | Telegram API Error response: {'ok': False, 'error_code': 409, 'description': 'Conflict: terminated by other getUpdates request; make sure that only one bot instance is running'}
2026-01-06 10:34:12,883 | ERROR | Telegram API Error response: {'ok': False, 'error_code': 409, 'description': 'Conflict: terminated by other getUpdates request; make sure that only one bot instance is running'}
2026-01-06 10:34:15,955 | ERROR | Telegram API Error response: {'ok': False, 'error_code': 409, 'description': 'Conflict: terminated by other getUpdates request; make sure that only one bot instance is running'}
2026-01-06 10:34:16,005 | ERROR | Telegram API Error response: {'ok': False, 'error_code': 409, 'description': 'Conflict: terminated by other getUpdates request; make sure that only one bot instance is running'}
2026-01-06 10:34:19,072 | ERROR | Telegram API Error response: {'ok': False, 'error_code': 409, 'description': 'Conflict: terminated by other getUpdates request; make sure that only one bot instance is running'}
2026-01-06 10:34:19,124 | ERROR | Telegram API Error response: {'ok': False, 'error_code': 409, 'description': 'Conflict: terminated by other getUpdates request; make sure that only one bot instance is running'}
2026-01-06 10:34:22,167 | ERROR | Telegram API Error response: {'ok': False, 'error_code': 409, 'description': 'Conflict: terminated by other getUpdates request; make sure that only one bot instance is running'}
2026-01-06 10:34:22,218 | ERROR | Telegram API Error response: {'ok': False, 'error_code': 409, 'description': 'Conflict: terminated by other getUpdates request; make sure that only one bot instance is running'}
2026-01-06 10:34:25,262 | ERROR | Telegram API Error response: {'ok': False, 'error_code': 409, 'description': 'Conflict: terminated by other getUpdates request; make sure that only one bot instance is running'}
2026-01-06 10:34:25,300 | ERROR | Telegram API Error response: {'ok': False, 'error_code': 409, 'description': 'Conflict: terminated by other getUpdates request; make sure that only one bot instance is running'}
2026-01-06 10:34:28,349 | ERROR | Telegram API Error response: {'ok': False, 'error_code': 409, 'description': 'Conflict: terminated by other getUpdates request; make sure that only one bot instance is running'}
2026-01-06 10:34:28,418 | ERROR | Telegram API Error response: {'ok': False, 'error_code': 409, 'description': 'Conflict: terminated by other getUpdates request; make sure that only one bot instance is running'}
2026-01-06 10:34:31,485 | ERROR | Telegram API Error response: {'ok': False, 'error_code': 409, 'description': 'Conflict: terminated by other getUpdates request; make sure that only one bot instance is running'}
2026-01-06 10:34:31,571 | ERROR | Telegram API Error response: {'ok': False, 'error_code': 409, 'description': 'Conflict: terminated by other getUpdates request; make sure that only one bot instance is running'}
2026-01-06 10:34:34,679 | ERROR | Telegram API Error response: {'ok': False, 'error_code': 409, 'description': 'Conflict: terminated by other getUpdates request; make sure that only one bot instance is running'}
2026-01-06 10:34:34,740 | ERROR | Telegram API Error response: {'ok': False, 'error_code': 409, 'description': 'Conflict: terminated by other getUpdates request; make sure that only one bot instance is running'}
2026-01-06 10:34:37,795 | ERROR | Telegram API Error response: {'ok': False, 'error_code': 409, 'description': 'Conflict: terminated by other getUpdates request; make sure that only one bot instance is running'}
2026-01-06 10:34:37,844 | ERROR | Telegram API Error response: {'ok': False, 'error_code': 409, 'description': 'Conflict: terminated by other getUpdates request; make sure that only one bot instance is running'}
2026-01-06 10:34:40,884 | ERROR | Telegram API Error response: {'ok': False, 'error_code': 409, 'description': 'Conflict: terminated by other getUpdates request; make sure that only one bot instance is running'}
2026-01-06 10:34:40,914 | ERROR | Telegram API Error response: {'ok': False, 'error_code': 409, 'description': 'Conflict: terminated by other getUpdates request; make sure that only one bot instance is running'}
2026-01-06 10:34:43,946 | ERROR | Telegram API Error response: {'ok': False, 'error_code': 409, 'description': 'Conflict: terminated by other getUpdates request; make sure that only one bot instance is running'}
2026-01-06 10:34:43,998 | ERROR | Telegram API Error response: {'ok': False, 'error_code': 409, 'description': 'Conflict: terminated by other getUpdates request; make sure that only one bot instance is running'}
2026-01-06 10:34:47,066 | ERROR | Telegram API Error response: {'ok': False, 'error_code': 409, 'description': 'Conflict: terminated by other getUpdates request; make sure that only one bot instance is running'}
2026-01-06 10:34:47,130 | ERROR | Telegram API Error response: {'ok': False, 'error_code': 409, 'description': 'Conflict: terminated by other getUpdates request; make sure that only one bot instance is running'}
2026-01-06 10:34:50,182 | ERROR | Telegram API Error response: {'ok': False, 'error_code': 409, 'description': 'Conflict: terminated by other getUpdates request; make sure that only one bot instance is running'}
2026-01-06 10:34:50,234 | ERROR | Telegram API Error response: {'ok': False, 'error_code': 409, 'description': 'Conflict: terminated by other getUpdates request; make sure that only one bot instance is running'}
2026-01-06 10:34:53,280 | ERROR | Telegram API Error response: {'ok': False, 'error_code': 409, 'description': 'Conflict: terminated by other getUpdates request; make sure that only one bot instance is running'}
2026-01-06 10:34:53,331 | ERROR | Telegram API Error response: {'ok': False, 'error_code': 409, 'description': 'Conflict: terminated by other getUpdates request; make sure that only one bot instance is running'}
2026-01-06 10:34:56,413 | ERROR | Telegram API Error response: {'ok': False, 'error_code': 409, 'description': 'Conflict: terminated by other getUpdates request; make sure that only one bot instance is running'}
2026-01-06 10:34:56,470 | ERROR | Telegram API Error response: {'ok': False, 'error_code': 409, 'description': 'Conflict: terminated by other getUpdates request; make sure that only one bot instance is running'}
2026-01-06 10:34:59,524 | ERROR | Telegram API Error response: {'ok': False, 'error_code': 409, 'description': 'Conflict: terminated by other getUpdates request; make sure that only one bot instance is running'}
2026-01-06 10:34:59,566 | ERROR | Telegram API Error response: {'ok': False, 'error_code': 409, 'description': 'Conflict: terminated by other getUpdates request; make sure that only one bot instance is running'}
2026-01-06 10:35:02,668 | ERROR | Telegram API Error response: {'ok': False, 'error_code': 409, 'description': 'Conflict: terminated by other getUpdates request; make sure that only one bot instance is running'}
2026-01-06 10:35:02,739 | ERROR | Telegram API Error response: {'ok': False, 'error_code': 409, 'description': 'Conflict: terminated by other getUpdates request; make sure that only one bot instance is running'}
2026-01-06 10:35:05,813 | ERROR | Telegram API Error response: {'ok': False, 'error_code': 409, 'description': 'Conflict: terminated by other getUpdates request; make sure that only one bot instance is running'}
2026-01-06 10:35:05,918 | ERROR | Telegram API Error response: {'ok': False, 'error_code': 409, 'description': 'Conflict: terminated by other getUpdates request; make sure that only one bot instance is running'}
2026-01-06 10:35:11,530 | INFO | Signal: WAIT | ATR: 1.4964285714286234 | Expl: High Market Chaos (Entropy 1.66 > 0.88)
2026-01-06 10:35:15,509 | INFO | 🌀 Polling loop started with token: 8294048171...
2026-01-06 10:35:15,512 | INFO | 📡 GIA Control Center: Telegram Listener Active.
2026-01-06 10:35:15,581 | ERROR | Telegram API Error response: {'ok': False, 'error_code': 409, 'description': 'Conflict: terminated by other getUpdates request; make sure that only one bot instance is running'}
2026-01-06 10:35:15,624 | INFO | ✅ Message sent to 1750388468
2026-01-06 10:35:17,783 | INFO | AUTH: Account 45724510 Authorized.
2026-01-06 10:35:18,651 | ERROR | Telegram API Error response: {'ok': False, 'error_code': 409, 'description': 'Conflict: terminated by other getUpdates request; make sure that only one bot instance is running'}
2026-01-06 10:35:18,729 | ERROR | Telegram API Error response: {'ok': False, 'error_code': 409, 'description': 'Conflict: terminated by other getUpdates request; make sure that only one bot instance is running'}
2026-01-06 10:35:20,759 | INFO | First Ticket Received: Bid=4452.82
2026-01-06 10:35:20,759 | INFO | First Ticket Received: Ask=4453.02
2026-01-06 10:35:20,908 | INFO | ✅ Message sent to 1750388468
2026-01-06 10:35:20,935 | INFO | ✅ Message sent to 1750388468
2026-01-06 10:35:20,936 | INFO | Engine Started | Mode: P | Risk: 1.0%
2026-01-06 10:35:21,794 | ERROR | Telegram API Error response: {'ok': False, 'error_code': 409, 'description': 'Conflict: terminated by other getUpdates request; make sure that only one bot instance is running'}
2026-01-06 10:35:21,852 | ERROR | Telegram API Error response: {'ok': False, 'error_code': 409, 'description': 'Conflict: terminated by other getUpdates request; make sure that only one bot instance is running'}
2026-01-06 10:35:24,911 | ERROR | Telegram API Error response: {'ok': False, 'error_code': 409, 'description': 'Conflict: terminated by other getUpdates request; make sure that only one bot instance is running'}
2026-01-06 10:35:24,980 | ERROR | Telegram API Error response: {'ok': False, 'error_code': 409, 'description': 'Conflict: terminated by other getUpdates request; make sure that only one bot instance is running'}
2026-01-06 10:35:28,045 | ERROR | Telegram API Error response: {'ok': False, 'error_code': 409, 'description': 'Conflict: terminated by other getUpdates request; make sure that only one bot instance is running'}
2026-01-06 10:35:28,121 | ERROR | Telegram API Error response: {'ok': False, 'error_code': 409, 'description': 'Conflict: terminated by other getUpdates request; make sure that only one bot instance is running'}
2026-01-06 10:35:31,155 | ERROR | Telegram API Error response: {'ok': False, 'error_code': 409, 'description': 'Conflict: terminated by other getUpdates request; make sure that only one bot instance is running'}
2026-01-06 10:35:31,188 | ERROR | Telegram API Error response: {'ok': False, 'error_code': 409, 'description': 'Conflict: terminated by other getUpdates request; make sure that only one bot instance is running'}
2026-01-06 10:35:34,219 | ERROR | Telegram API Error response: {'ok': False, 'error_code': 409, 'description': 'Conflict: terminated by other getUpdates request; make sure that only one bot instance is running'}
2026-01-06 10:35:34,279 | ERROR | Telegram API Error response: {'ok': False, 'error_code': 409, 'description': 'Conflict: terminated by other getUpdates request; make sure that only one bot instance is running'}
2026-01-06 10:35:37,343 | ERROR | Telegram API Error response: {'ok': False, 'error_code': 409, 'description': 'Conflict: terminated by other getUpdates request; make sure that only one bot instance is running'}
2026-01-06 10:35:37,379 | ERROR | Telegram API Error response: {'ok': False, 'error_code': 409, 'description': 'Conflict: terminated by other getUpdates request; make sure that only one bot instance is running'}
2026-01-06 10:35:40,426 | ERROR | Telegram API Error response: {'ok': False, 'error_code': 409, 'description': 'Conflict: terminated by other getUpdates request; make sure that only one bot instance is running'}
2026-01-06 10:35:40,458 | ERROR | Telegram API Error response: {'ok': False, 'error_code': 409, 'description': 'Conflict: terminated by other getUpdates request; make sure that only one bot instance is running'}
2026-01-06 10:35:43,503 | ERROR | Telegram API Error response: {'ok': False, 'error_code': 409, 'description': 'Conflict: terminated by other getUpdates request; make sure that only one bot instance is running'}
2026-01-06 10:35:43,543 | ERROR | Telegram API Error response: {'ok': False, 'error_code': 409, 'description': 'Conflict: terminated by other getUpdates request; make sure that only one bot instance is running'}
2026-01-06 10:35:46,607 | ERROR | Telegram API Error response: {'ok': False, 'error_code': 409, 'description': 'Conflict: terminated by other getUpdates request; make sure that only one bot instance is running'}
2026-01-06 10:35:46,654 | ERROR | Telegram API Error response: {'ok': False, 'error_code': 409, 'description': 'Conflict: terminated by other getUpdates request; make sure that only one bot instance is running'}
2026-01-06 10:35:49,707 | ERROR | Telegram API Error response: {'ok': False, 'error_code': 409, 'description': 'Conflict: terminated by other getUpdates request; make sure that only one bot instance is running'}
2026-01-06 10:35:49,769 | ERROR | Telegram API Error response: {'ok': False, 'error_code': 409, 'description': 'Conflict: terminated by other getUpdates request; make sure that only one bot instance is running'}
2026-01-06 10:35:52,829 | ERROR | Telegram API Error response: {'ok': False, 'error_code': 409, 'description': 'Conflict: terminated by other getUpdates request; make sure that only one bot instance is running'}
2026-01-06 10:35:52,884 | ERROR | Telegram API Error response: {'ok': False, 'error_code': 409, 'description': 'Conflict: terminated by other getUpdates request; make sure that only one bot instance is running'}
2026-01-06 10:35:55,953 | ERROR | Telegram API Error response: {'ok': False, 'error_code': 409, 'description': 'Conflict: terminated by other getUpdates request; make sure that only one bot instance is running'}
2026-01-06 10:35:55,999 | ERROR | Telegram API Error response: {'ok': False, 'error_code': 409, 'description': 'Conflict: terminated by other getUpdates request; make sure that only one bot instance is running'}
2026-01-06 10:35:59,039 | ERROR | Telegram API Error response: {'ok': False, 'error_code': 409, 'description': 'Conflict: terminated by other getUpdates request; make sure that only one bot instance is running'}
2026-01-06 10:35:59,080 | ERROR | Telegram API Error response: {'ok': False, 'error_code': 409, 'description': 'Conflict: terminated by other getUpdates request; make sure that only one bot instance is running'}
2026-01-06 10:36:02,153 | ERROR | Telegram API Error response: {'ok': False, 'error_code': 409, 'description': 'Conflict: terminated by other getUpdates request; make sure that only one bot instance is running'}
2026-01-06 10:36:02,213 | ERROR | Telegram API Error response: {'ok': False, 'error_code': 409, 'description': 'Conflict: terminated by other getUpdates request; make sure that only one bot instance is running'}
2026-01-06 10:36:05,333 | ERROR | Telegram API Error response: {'ok': False, 'error_code': 409, 'description': 'Conflict: terminated by other getUpdates request; make sure that only one bot instance is running'}
2026-01-06 10:36:05,374 | ERROR | Telegram API Error response: {'ok': False, 'error_code': 409, 'description': 'Conflict: terminated by other getUpdates request; make sure that only one bot instance is running'}
2026-01-06 10:36:08,451 | ERROR | Telegram API Error response: {'ok': False, 'error_code': 409, 'description': 'Conflict: terminated by other getUpdates request; make sure that only one bot instance is running'}
2026-01-06 10:36:08,572 | ERROR | Telegram API Error response: {'ok': False, 'error_code': 409, 'description': 'Conflict: terminated by other getUpdates request; make sure that only one bot instance is running'}
2026-01-06 10:36:11,607 | ERROR | Telegram API Error response: {'ok': False, 'error_code': 409, 'description': 'Conflict: terminated by other getUpdates request; make sure that only one bot instance is running'}
2026-01-06 10:36:11,649 | ERROR | Telegram API Error response: {'ok': False, 'error_code': 409, 'description': 'Conflict: terminated by other getUpdates request; make sure that only one bot instance is running'}
2026-01-06 10:36:11,808 | INFO | Signal: WAIT | ATR: 1.5878571428572417 | Expl: High Market Chaos (Entropy 1.88 > 0.88)
2026-01-06 10:36:12,239 | INFO | Signal: WAIT | ATR: 1.5878571428572417 | Expl: High Market Chaos (Entropy 1.88 > 0.88)
2026-01-06 10:36:14,690 | ERROR | Telegram API Error response: {'ok': False, 'error_code': 409, 'description': 'Conflict: terminated by other getUpdates request; make sure that only one bot instance is running'}
2026-01-06 10:36:14,759 | ERROR | Telegram API Error response: {'ok': False, 'error_code': 409, 'description': 'Conflict: terminated by other getUpdates request; make sure that only one bot instance is running'}
2026-01-06 10:36:17,826 | ERROR | Telegram API Error response: {'ok': False, 'error_code': 409, 'description': 'Conflict: terminated by other getUpdates request; make sure that only one bot instance is running'}
2026-01-06 10:36:17,874 | ERROR | Telegram API Error response: {'ok': False, 'error_code': 409, 'description': 'Conflict: terminated by other getUpdates request; make sure that only one bot instance is running'}
2026-01-06 10:36:20,937 | ERROR | Telegram API Error response: {'ok': False, 'error_code': 409, 'description': 'Conflict: terminated by other getUpdates request; make sure that only one bot instance is running'}
2026-01-06 10:36:20,995 | ERROR | Telegram API Error response: {'ok': False, 'error_code': 409, 'description': 'Conflict: terminated by other getUpdates request; make sure that only one bot instance is running'}
2026-01-06 10:36:24,060 | ERROR | Telegram API Error response: {'ok': False, 'error_code': 409, 'description': 'Conflict: terminated by other getUpdates request; make sure that only one bot instance is running'}
2026-01-06 10:36:24,123 | ERROR | Telegram API Error response: {'ok': False, 'error_code': 409, 'description': 'Conflict: terminated by other getUpdates request; make sure that only one bot instance is running'}
2026-01-06 10:36:27,172 | ERROR | Telegram API Error response: {'ok': False, 'error_code': 409, 'description': 'Conflict: terminated by other getUpdates request; make sure that only one bot instance is running'}
2026-01-06 10:36:27,235 | ERROR | Telegram API Error response: {'ok': False, 'error_code': 409, 'description': 'Conflict: terminated by other getUpdates request; make sure that only one bot instance is running'}
2026-01-06 10:36:30,285 | ERROR | Telegram API Error response: {'ok': False, 'error_code': 409, 'description': 'Conflict: terminated by other getUpdates request; make sure that only one bot instance is running'}
2026-01-06 10:36:30,332 | ERROR | Telegram API Error response: {'ok': False, 'error_code': 409, 'description': 'Conflict: terminated by other getUpdates request; make sure that only one bot instance is running'}
2026-01-06 10:36:33,428 | ERROR | Telegram API Error response: {'ok': False, 'error_code': 409, 'description': 'Conflict: terminated by other getUpdates request; make sure that only one bot instance is running'}
2026-01-06 10:36:33,473 | ERROR | Telegram API Error response: {'ok': False, 'error_code': 409, 'description': 'Conflict: terminated by other getUpdates request; make sure that only one bot instance is running'}
2026-01-06 10:36:36,531 | ERROR | Telegram API Error response: {'ok': False, 'error_code': 409, 'description': 'Conflict: terminated by other getUpdates request; make sure that only one bot instance is running'}
2026-01-06 10:36:36,602 | ERROR | Telegram API Error response: {'ok': False, 'error_code': 409, 'description': 'Conflict: terminated by other getUpdates request; make sure that only one bot instance is running'}
2026-01-06 10:36:39,645 | ERROR | Telegram API Error response: {'ok': False, 'error_code': 409, 'description': 'Conflict: terminated by other getUpdates request; make sure that only one bot instance is running'}
2026-01-06 10:36:39,685 | ERROR | Telegram API Error response: {'ok': False, 'error_code': 409, 'description': 'Conflict: terminated by other getUpdates request; make sure that only one bot instance is running'}
2026-01-06 10:36:42,750 | ERROR | Telegram API Error response: {'ok': False, 'error_code': 409, 'description': 'Conflict: terminated by other getUpdates request; make sure that only one bot instance is running'}
2026-01-06 10:36:42,794 | ERROR | Telegram API Error response: {'ok': False, 'error_code': 409, 'description': 'Conflict: terminated by other getUpdates request; make sure that only one bot instance is running'}
2026-01-06 10:36:45,842 | ERROR | Telegram API Error response: {'ok': False, 'error_code': 409, 'description': 'Conflict: terminated by other getUpdates request; make sure that only one bot instance is running'}
2026-01-06 10:36:45,889 | ERROR | Telegram API Error response: {'ok': False, 'error_code': 409, 'description': 'Conflict: terminated by other getUpdates request; make sure that only one bot instance is running'}
2026-01-06 10:36:48,929 | ERROR | Telegram API Error response: {'ok': False, 'error_code': 409, 'description': 'Conflict: terminated by other getUpdates request; make sure that only one bot instance is running'}
2026-01-06 10:36:48,978 | ERROR | Telegram API Error response: {'ok': False, 'error_code': 409, 'description': 'Conflict: terminated by other getUpdates request; make sure that only one bot instance is running'}
2026-01-06 10:36:52,009 | ERROR | Telegram API Error response: {'ok': False, 'error_code': 409, 'description': 'Conflict: terminated by other getUpdates request; make sure that only one bot instance is running'}
2026-01-06 10:36:52,057 | ERROR | Telegram API Error response: {'ok': False, 'error_code': 409, 'description': 'Conflict: terminated by other getUpdates request; make sure that only one bot instance is running'}
2026-01-06 10:36:55,116 | ERROR | Telegram API Error response: {'ok': False, 'error_code': 409, 'description': 'Conflict: terminated by other getUpdates request; make sure that only one bot instance is running'}
2026-01-06 10:36:55,163 | ERROR | Telegram API Error response: {'ok': False, 'error_code': 409, 'description': 'Conflict: terminated by other getUpdates request; make sure that only one bot instance is running'}
2026-01-06 10:36:58,226 | ERROR | Telegram API Error response: {'ok': False, 'error_code': 409, 'description': 'Conflict: terminated by other getUpdates request; make sure that only one bot instance is running'}
2026-01-06 10:36:58,293 | ERROR | Telegram API Error response: {'ok': False, 'error_code': 409, 'description': 'Conflict: terminated by other getUpdates request; make sure that only one bot instance is running'}
2026-01-06 10:37:01,340 | ERROR | Telegram API Error response: {'ok': False, 'error_code': 409, 'description': 'Conflict: terminated by other getUpdates request; make sure that only one bot instance is running'}
