nohup: ignoring input
/var/www/GIA/backend/training/train_v2_flash_m1.py:391: FutureWarning: The behavior of 'isin' with dtype=datetime64[ns] and castable values (e.g. strings) is deprecated. In a future version, these will not be considered matching by isin. Explicitly cast to the appropriate dtype before calling isin instead.
  mask = train_labeled['date'].isin(loss_dates)
/var/www/GIA/backend/training/train_v2_flash_m1.py:391: FutureWarning: The behavior of 'isin' with dtype=datetime64[ns] and castable values (e.g. strings) is deprecated. In a future version, these will not be considered matching by isin. Explicitly cast to the appropriate dtype before calling isin instead.
  mask = train_labeled['date'].isin(loss_dates)
/var/www/GIA/backend/training/train_v2_flash_m1.py:391: FutureWarning: The behavior of 'isin' with dtype=datetime64[ns] and castable values (e.g. strings) is deprecated. In a future version, these will not be considered matching by isin. Explicitly cast to the appropriate dtype before calling isin instead.
  mask = train_labeled['date'].isin(loss_dates)
/var/www/GIA/backend/training/train_v2_flash_m1.py:391: FutureWarning: The behavior of 'isin' with dtype=datetime64[ns] and castable values (e.g. strings) is deprecated. In a future version, these will not be considered matching by isin. Explicitly cast to the appropriate dtype before calling isin instead.
  mask = train_labeled['date'].isin(loss_dates)
/var/www/GIA/backend/training/train_v2_flash_m1.py:391: FutureWarning: The behavior of 'isin' with dtype=datetime64[ns] and castable values (e.g. strings) is deprecated. In a future version, these will not be considered matching by isin. Explicitly cast to the appropriate dtype before calling isin instead.
  mask = train_labeled['date'].isin(loss_dates)
/var/www/GIA/backend/training/train_v2_flash_m1.py:391: FutureWarning: The behavior of 'isin' with dtype=datetime64[ns] and castable values (e.g. strings) is deprecated. In a future version, these will not be considered matching by isin. Explicitly cast to the appropriate dtype before calling isin instead.
  mask = train_labeled['date'].isin(loss_dates)
/var/www/GIA/backend/training/train_v2_flash_m1.py:391: FutureWarning: The behavior of 'isin' with dtype=datetime64[ns] and castable values (e.g. strings) is deprecated. In a future version, these will not be considered matching by isin. Explicitly cast to the appropriate dtype before calling isin instead.
  mask = train_labeled['date'].isin(loss_dates)
/var/www/GIA/backend/training/train_v2_flash_m1.py:391: FutureWarning: The behavior of 'isin' with dtype=datetime64[ns] and castable values (e.g. strings) is deprecated. In a future version, these will not be considered matching by isin. Explicitly cast to the appropriate dtype before calling isin instead.
  mask = train_labeled['date'].isin(loss_dates)
/var/www/GIA/backend/training/train_v2_flash_m1.py:391: FutureWarning: The behavior of 'isin' with dtype=datetime64[ns] and castable values (e.g. strings) is deprecated. In a future version, these will not be considered matching by isin. Explicitly cast to the appropriate dtype before calling isin instead.
  mask = train_labeled['date'].isin(loss_dates)
📂 Loading Multi-Timeframe Datasets from /var/www/GIA/data...

🌀🌀🌀🌀🌀🌀🌀🌀🌀🌀🌀🌀🌀🌀🌀🌀🌀🌀🌀🌀🌀🌀🌀🌀🌀🌀🌀🌀🌀🌀🌀🌀🌀🌀🌀
🚀 GIA FLASH v5.1 - THE DAILY HUNTER (RECURSIVE SEARCH)
🧠 'SMART SCALPER' GENERALIZATION ENGINE
🌀🌀🌀🌀🌀🌀🌀🌀🌀🌀🌀🌀🌀🌀🌀🌀🌀🌀🌀🌀🌀🌀🌀🌀🌀🌀🌀🌀🌀🌀🌀🌀🌀🌀🌀

🛸 SEARCH GENERATION 1 (Elapsed: 0m 0s)
🏷️ Creating Flash M1 Labels (Aggression: 1.22 | Target: 2.2x)...
   ✅ Pulse Distribution: BUY 208 | SELL 224 | WAIT 659
   🧬 Strategy: Target=2.2x | Friction=1.22 | Depth=4

🛸 SEARCH GENERATION 2 (Elapsed: 0m 1s)
🏷️ Creating Flash M1 Labels (Aggression: 1.74 | Target: 2.3x)...
   ✅ Pulse Distribution: BUY 189 | SELL 207 | WAIT 695
   🧬 Strategy: Target=2.3x | Friction=1.74 | Depth=4

🛸 SEARCH GENERATION 3 (Elapsed: 0m 3s)
🏷️ Creating Flash M1 Labels (Aggression: 0.74 | Target: 2.9x)...
   ✅ Pulse Distribution: BUY 141 | SELL 162 | WAIT 788
   🧬 Strategy: Target=2.9x | Friction=0.74 | Depth=4

🛸 SEARCH GENERATION 4 (Elapsed: 0m 4s)
🏷️ Creating Flash M1 Labels (Aggression: 1.91 | Target: 2.1x)...
   ✅ Pulse Distribution: BUY 211 | SELL 230 | WAIT 650
   🧬 Strategy: Target=2.1x | Friction=1.91 | Depth=3

🛸 SEARCH GENERATION 5 (Elapsed: 0m 5s)
🏷️ Creating Flash M1 Labels (Aggression: 0.96 | Target: 2.8x)...
   ✅ Pulse Distribution: BUY 146 | SELL 169 | WAIT 776
   🧬 Strategy: Target=2.8x | Friction=0.96 | Depth=4

🛸 SEARCH GENERATION 6 (Elapsed: 0m 6s)
🏷️ Creating Flash M1 Labels (Aggression: 1.33 | Target: 1.8x)...
   ✅ Pulse Distribution: BUY 245 | SELL 266 | WAIT 580
   🧬 Strategy: Target=1.8x | Friction=1.33 | Depth=4

🛸 SEARCH GENERATION 7 (Elapsed: 0m 8s)
🏷️ Creating Flash M1 Labels (Aggression: 0.71 | Target: 2.6x)...
   ✅ Pulse Distribution: BUY 161 | SELL 182 | WAIT 748
   🧬 Strategy: Target=2.6x | Friction=0.71 | Depth=3

🛸 SEARCH GENERATION 8 (Elapsed: 0m 10s)
🏷️ Creating Flash M1 Labels (Aggression: 1.19 | Target: 1.8x)...
   ✅ Pulse Distribution: BUY 245 | SELL 266 | WAIT 580
   🧬 Strategy: Target=1.8x | Friction=1.19 | Depth=3
      🎓 Learning from 2 pattern failures...

🛸 SEARCH GENERATION 9 (Elapsed: 0m 12s)
🏷️ Creating Flash M1 Labels (Aggression: 1.54 | Target: 1.7x)...
   ✅ Pulse Distribution: BUY 252 | SELL 271 | WAIT 568
   🧬 Strategy: Target=1.7x | Friction=1.54 | Depth=3
      🎓 Learning from 3 pattern failures...

🛸 SEARCH GENERATION 10 (Elapsed: 0m 14s)
🏷️ Creating Flash M1 Labels (Aggression: 1.94 | Target: 2.2x)...
   ✅ Pulse Distribution: BUY 196 | SELL 213 | WAIT 682
   🧬 Strategy: Target=2.2x | Friction=1.94 | Depth=3

🛸 SEARCH GENERATION 11 (Elapsed: 0m 16s)
🏷️ Creating Flash M1 Labels (Aggression: 1.47 | Target: 2.1x)...
   ✅ Pulse Distribution: BUY 215 | SELL 234 | WAIT 642
   🧬 Strategy: Target=2.1x | Friction=1.47 | Depth=3

🛸 SEARCH GENERATION 12 (Elapsed: 0m 17s)
🏷️ Creating Flash M1 Labels (Aggression: 0.93 | Target: 1.8x)...
   ✅ Pulse Distribution: BUY 245 | SELL 268 | WAIT 578
   🧬 Strategy: Target=1.8x | Friction=0.93 | Depth=3
      🎓 Learning from 4 pattern failures...

🛸 SEARCH GENERATION 13 (Elapsed: 0m 21s)
🏷️ Creating Flash M1 Labels (Aggression: 1.70 | Target: 1.8x)...
   ✅ Pulse Distribution: BUY 243 | SELL 264 | WAIT 584
   🧬 Strategy: Target=1.8x | Friction=1.70 | Depth=4

🛸 SEARCH GENERATION 14 (Elapsed: 0m 23s)
🏷️ Creating Flash M1 Labels (Aggression: 0.71 | Target: 2.9x)...
   ✅ Pulse Distribution: BUY 143 | SELL 164 | WAIT 784
   🧬 Strategy: Target=2.9x | Friction=0.71 | Depth=4

🛸 SEARCH GENERATION 15 (Elapsed: 0m 24s)
🏷️ Creating Flash M1 Labels (Aggression: 1.86 | Target: 2.0x)...
   ✅ Pulse Distribution: BUY 222 | SELL 241 | WAIT 628
   🧬 Strategy: Target=2.0x | Friction=1.86 | Depth=4
      🎓 Learning from 5 pattern failures...

🛸 SEARCH GENERATION 16 (Elapsed: 0m 29s)
🏷️ Creating Flash M1 Labels (Aggression: 1.20 | Target: 1.5x)...
   ✅ Pulse Distribution: BUY 265 | SELL 285 | WAIT 541
   🧬 Strategy: Target=1.5x | Friction=1.20 | Depth=3

🛸 SEARCH GENERATION 17 (Elapsed: 0m 30s)
🏷️ Creating Flash M1 Labels (Aggression: 0.94 | Target: 2.8x)...
   ✅ Pulse Distribution: BUY 148 | SELL 171 | WAIT 772
   🧬 Strategy: Target=2.8x | Friction=0.94 | Depth=4
      🎓 Learning from 1 pattern failures...

🛸 SEARCH GENERATION 18 (Elapsed: 0m 33s)
🏷️ Creating Flash M1 Labels (Aggression: 0.87 | Target: 2.6x)...
   ✅ Pulse Distribution: BUY 166 | SELL 187 | WAIT 738
   🧬 Strategy: Target=2.6x | Friction=0.87 | Depth=3

🛸 SEARCH GENERATION 19 (Elapsed: 0m 34s)
🏷️ Creating Flash M1 Labels (Aggression: 0.90 | Target: 2.0x)...
   ✅ Pulse Distribution: BUY 236 | SELL 257 | WAIT 598
   🧬 Strategy: Target=2.0x | Friction=0.90 | Depth=3

🛸 SEARCH GENERATION 20 (Elapsed: 0m 35s)
🏷️ Creating Flash M1 Labels (Aggression: 1.87 | Target: 2.2x)...
   ✅ Pulse Distribution: BUY 205 | SELL 223 | WAIT 663
   🧬 Strategy: Target=2.2x | Friction=1.87 | Depth=4

🛸 SEARCH GENERATION 21 (Elapsed: 0m 36s)
🏷️ Creating Flash M1 Labels (Aggression: 1.70 | Target: 2.0x)...
   ✅ Pulse Distribution: BUY 222 | SELL 240 | WAIT 629
   🧬 Strategy: Target=2.0x | Friction=1.70 | Depth=4
      🎓 Learning from 4 pattern failures...

🛸 SEARCH GENERATION 22 (Elapsed: 0m 41s)
🏷️ Creating Flash M1 Labels (Aggression: 1.05 | Target: 2.0x)...
   ✅ Pulse Distribution: BUY 228 | SELL 250 | WAIT 613
   🧬 Strategy: Target=2.0x | Friction=1.05 | Depth=3

🛸 SEARCH GENERATION 23 (Elapsed: 0m 42s)
🏷️ Creating Flash M1 Labels (Aggression: 0.94 | Target: 2.9x)...
   ✅ Pulse Distribution: BUY 142 | SELL 165 | WAIT 784
   🧬 Strategy: Target=2.9x | Friction=0.94 | Depth=4

🛸 SEARCH GENERATION 24 (Elapsed: 0m 42s)
🏷️ Creating Flash M1 Labels (Aggression: 1.02 | Target: 2.8x)...
   ✅ Pulse Distribution: BUY 148 | SELL 171 | WAIT 772
   🧬 Strategy: Target=2.8x | Friction=1.02 | Depth=4

🛸 SEARCH GENERATION 25 (Elapsed: 0m 44s)
🏷️ Creating Flash M1 Labels (Aggression: 0.86 | Target: 2.9x)...
   ✅ Pulse Distribution: BUY 138 | SELL 157 | WAIT 796
   🧬 Strategy: Target=2.9x | Friction=0.86 | Depth=4
      🎓 Learning from 3 pattern failures...

🛸 SEARCH GENERATION 26 (Elapsed: 0m 45s)
🏷️ Creating Flash M1 Labels (Aggression: 1.91 | Target: 2.6x)...
   ✅ Pulse Distribution: BUY 154 | SELL 179 | WAIT 758
   🧬 Strategy: Target=2.6x | Friction=1.91 | Depth=4

🛸 SEARCH GENERATION 27 (Elapsed: 0m 46s)
🏷️ Creating Flash M1 Labels (Aggression: 0.76 | Target: 2.1x)...
   ✅ Pulse Distribution: BUY 225 | SELL 243 | WAIT 623
   🧬 Strategy: Target=2.1x | Friction=0.76 | Depth=4
      🎓 Learning from 4 pattern failures...

🛸 SEARCH GENERATION 28 (Elapsed: 0m 49s)
🏷️ Creating Flash M1 Labels (Aggression: 0.79 | Target: 2.1x)...
   ✅ Pulse Distribution: BUY 221 | SELL 239 | WAIT 631
   🧬 Strategy: Target=2.1x | Friction=0.79 | Depth=4

🛸 SEARCH GENERATION 29 (Elapsed: 0m 51s)
🏷️ Creating Flash M1 Labels (Aggression: 1.17 | Target: 2.8x)...
   ✅ Pulse Distribution: BUY 146 | SELL 171 | WAIT 774
   🧬 Strategy: Target=2.8x | Friction=1.17 | Depth=4
      🎓 Learning from 1 pattern failures...

🛸 SEARCH GENERATION 30 (Elapsed: 0m 55s)
🏷️ Creating Flash M1 Labels (Aggression: 1.61 | Target: 2.2x)...
   ✅ Pulse Distribution: BUY 202 | SELL 217 | WAIT 672
   🧬 Strategy: Target=2.2x | Friction=1.61 | Depth=3

🛸 SEARCH GENERATION 31 (Elapsed: 0m 56s)
🏷️ Creating Flash M1 Labels (Aggression: 0.98 | Target: 2.7x)...
   ✅ Pulse Distribution: BUY 155 | SELL 174 | WAIT 762
   🧬 Strategy: Target=2.7x | Friction=0.98 | Depth=4

🛸 SEARCH GENERATION 32 (Elapsed: 0m 57s)
🏷️ Creating Flash M1 Labels (Aggression: 1.24 | Target: 2.8x)...
   ✅ Pulse Distribution: BUY 146 | SELL 171 | WAIT 774
   🧬 Strategy: Target=2.8x | Friction=1.24 | Depth=4
/var/www/GIA/backend/training/train_v2_flash_m1.py:391: FutureWarning: The behavior of 'isin' with dtype=datetime64[ns] and castable values (e.g. strings) is deprecated. In a future version, these will not be considered matching by isin. Explicitly cast to the appropriate dtype before calling isin instead.
  mask = train_labeled['date'].isin(loss_dates)
/var/www/GIA/backend/training/train_v2_flash_m1.py:391: FutureWarning: The behavior of 'isin' with dtype=datetime64[ns] and castable values (e.g. strings) is deprecated. In a future version, these will not be considered matching by isin. Explicitly cast to the appropriate dtype before calling isin instead.
  mask = train_labeled['date'].isin(loss_dates)
/var/www/GIA/backend/training/train_v2_flash_m1.py:391: FutureWarning: The behavior of 'isin' with dtype=datetime64[ns] and castable values (e.g. strings) is deprecated. In a future version, these will not be considered matching by isin. Explicitly cast to the appropriate dtype before calling isin instead.
  mask = train_labeled['date'].isin(loss_dates)
/var/www/GIA/backend/training/train_v2_flash_m1.py:391: FutureWarning: The behavior of 'isin' with dtype=datetime64[ns] and castable values (e.g. strings) is deprecated. In a future version, these will not be considered matching by isin. Explicitly cast to the appropriate dtype before calling isin instead.
  mask = train_labeled['date'].isin(loss_dates)
/var/www/GIA/backend/training/train_v2_flash_m1.py:391: FutureWarning: The behavior of 'isin' with dtype=datetime64[ns] and castable values (e.g. strings) is deprecated. In a future version, these will not be considered matching by isin. Explicitly cast to the appropriate dtype before calling isin instead.
  mask = train_labeled['date'].isin(loss_dates)
/var/www/GIA/backend/training/train_v2_flash_m1.py:391: FutureWarning: The behavior of 'isin' with dtype=datetime64[ns] and castable values (e.g. strings) is deprecated. In a future version, these will not be considered matching by isin. Explicitly cast to the appropriate dtype before calling isin instead.
  mask = train_labeled['date'].isin(loss_dates)
/var/www/GIA/backend/training/train_v2_flash_m1.py:391: FutureWarning: The behavior of 'isin' with dtype=datetime64[ns] and castable values (e.g. strings) is deprecated. In a future version, these will not be considered matching by isin. Explicitly cast to the appropriate dtype before calling isin instead.
  mask = train_labeled['date'].isin(loss_dates)
/var/www/GIA/backend/training/train_v2_flash_m1.py:391: FutureWarning: The behavior of 'isin' with dtype=datetime64[ns] and castable values (e.g. strings) is deprecated. In a future version, these will not be considered matching by isin. Explicitly cast to the appropriate dtype before calling isin instead.
  mask = train_labeled['date'].isin(loss_dates)
/var/www/GIA/backend/training/train_v2_flash_m1.py:391: FutureWarning: The behavior of 'isin' with dtype=datetime64[ns] and castable values (e.g. strings) is deprecated. In a future version, these will not be considered matching by isin. Explicitly cast to the appropriate dtype before calling isin instead.
  mask = train_labeled['date'].isin(loss_dates)
/var/www/GIA/backend/training/train_v2_flash_m1.py:391: FutureWarning: The behavior of 'isin' with dtype=datetime64[ns] and castable values (e.g. strings) is deprecated. In a future version, these will not be considered matching by isin. Explicitly cast to the appropriate dtype before calling isin instead.
  mask = train_labeled['date'].isin(loss_dates)
/var/www/GIA/backend/training/train_v2_flash_m1.py:391: FutureWarning: The behavior of 'isin' with dtype=datetime64[ns] and castable values (e.g. strings) is deprecated. In a future version, these will not be considered matching by isin. Explicitly cast to the appropriate dtype before calling isin instead.
  mask = train_labeled['date'].isin(loss_dates)
/var/www/GIA/backend/training/train_v2_flash_m1.py:391: FutureWarning: The behavior of 'isin' with dtype=datetime64[ns] and castable values (e.g. strings) is deprecated. In a future version, these will not be considered matching by isin. Explicitly cast to the appropriate dtype before calling isin instead.
  mask = train_labeled['date'].isin(loss_dates)
/var/www/GIA/backend/training/train_v2_flash_m1.py:391: FutureWarning: The behavior of 'isin' with dtype=datetime64[ns] and castable values (e.g. strings) is deprecated. In a future version, these will not be considered matching by isin. Explicitly cast to the appropriate dtype before calling isin instead.
  mask = train_labeled['date'].isin(loss_dates)
/var/www/GIA/backend/training/train_v2_flash_m1.py:391: FutureWarning: The behavior of 'isin' with dtype=datetime64[ns] and castable values (e.g. strings) is deprecated. In a future version, these will not be considered matching by isin. Explicitly cast to the appropriate dtype before calling isin instead.
  mask = train_labeled['date'].isin(loss_dates)
      🎓 Learning from 1 pattern failures...

🛸 SEARCH GENERATION 33 (Elapsed: 0m 59s)
🏷️ Creating Flash M1 Labels (Aggression: 1.69 | Target: 2.3x)...
   ✅ Pulse Distribution: BUY 188 | SELL 207 | WAIT 696
   🧬 Strategy: Target=2.3x | Friction=1.69 | Depth=3

🛸 SEARCH GENERATION 34 (Elapsed: 1m 0s)
🏷️ Creating Flash M1 Labels (Aggression: 1.61 | Target: 2.8x)...
   ✅ Pulse Distribution: BUY 143 | SELL 164 | WAIT 784
   🧬 Strategy: Target=2.8x | Friction=1.61 | Depth=3

🛸 SEARCH GENERATION 35 (Elapsed: 1m 1s)
🏷️ Creating Flash M1 Labels (Aggression: 1.14 | Target: 1.5x)...
   ✅ Pulse Distribution: BUY 264 | SELL 284 | WAIT 543
   🧬 Strategy: Target=1.5x | Friction=1.14 | Depth=4

🛸 SEARCH GENERATION 36 (Elapsed: 1m 2s)
🏷️ Creating Flash M1 Labels (Aggression: 1.51 | Target: 1.6x)...
   ✅ Pulse Distribution: BUY 256 | SELL 278 | WAIT 557
   🧬 Strategy: Target=1.6x | Friction=1.51 | Depth=3

🛸 SEARCH GENERATION 37 (Elapsed: 1m 3s)
🏷️ Creating Flash M1 Labels (Aggression: 1.96 | Target: 1.6x)...
   ✅ Pulse Distribution: BUY 251 | SELL 271 | WAIT 569
   🧬 Strategy: Target=1.6x | Friction=1.96 | Depth=4
      🎓 Learning from 7 pattern failures...

🛸 SEARCH GENERATION 38 (Elapsed: 1m 6s)
🏷️ Creating Flash M1 Labels (Aggression: 0.78 | Target: 2.7x)...
   ✅ Pulse Distribution: BUY 159 | SELL 181 | WAIT 751
   🧬 Strategy: Target=2.7x | Friction=0.78 | Depth=3
      🎓 Learning from 1 pattern failures...

🛸 SEARCH GENERATION 39 (Elapsed: 1m 8s)
🏷️ Creating Flash M1 Labels (Aggression: 1.88 | Target: 2.3x)...
   ✅ Pulse Distribution: BUY 186 | SELL 206 | WAIT 699
   🧬 Strategy: Target=2.3x | Friction=1.88 | Depth=3

🛸 SEARCH GENERATION 40 (Elapsed: 1m 9s)
🏷️ Creating Flash M1 Labels (Aggression: 1.98 | Target: 2.0x)...
   ✅ Pulse Distribution: BUY 219 | SELL 234 | WAIT 638
   🧬 Strategy: Target=2.0x | Friction=1.98 | Depth=3

🛸 SEARCH GENERATION 41 (Elapsed: 1m 11s)
🏷️ Creating Flash M1 Labels (Aggression: 1.75 | Target: 2.9x)...
   ✅ Pulse Distribution: BUY 134 | SELL 151 | WAIT 806
   🧬 Strategy: Target=2.9x | Friction=1.75 | Depth=3
      🎓 Learning from 2 pattern failures...

🛸 SEARCH GENERATION 42 (Elapsed: 1m 14s)
🏷️ Creating Flash M1 Labels (Aggression: 0.79 | Target: 2.8x)...
   ✅ Pulse Distribution: BUY 151 | SELL 172 | WAIT 768
   🧬 Strategy: Target=2.8x | Friction=0.79 | Depth=3
      🎓 Learning from 2 pattern failures...

🛸 SEARCH GENERATION 43 (Elapsed: 1m 17s)
🏷️ Creating Flash M1 Labels (Aggression: 0.96 | Target: 2.6x)...
   ✅ Pulse Distribution: BUY 159 | SELL 181 | WAIT 751
   🧬 Strategy: Target=2.6x | Friction=0.96 | Depth=3

🛸 SEARCH GENERATION 44 (Elapsed: 1m 19s)
🏷️ Creating Flash M1 Labels (Aggression: 0.76 | Target: 2.1x)...
   ✅ Pulse Distribution: BUY 225 | SELL 243 | WAIT 623
   🧬 Strategy: Target=2.1x | Friction=0.76 | Depth=3

🛸 SEARCH GENERATION 45 (Elapsed: 1m 20s)
🏷️ Creating Flash M1 Labels (Aggression: 0.79 | Target: 1.7x)...
   ✅ Pulse Distribution: BUY 255 | SELL 278 | WAIT 558
   🧬 Strategy: Target=1.7x | Friction=0.79 | Depth=3
      🎓 Learning from 8 pattern failures...

🛸 SEARCH GENERATION 46 (Elapsed: 1m 24s)
🏷️ Creating Flash M1 Labels (Aggression: 1.34 | Target: 1.8x)...
   ✅ Pulse Distribution: BUY 245 | SELL 264 | WAIT 582
   🧬 Strategy: Target=1.8x | Friction=1.34 | Depth=3

🛸 SEARCH GENERATION 47 (Elapsed: 1m 25s)
🏷️ Creating Flash M1 Labels (Aggression: 1.86 | Target: 2.3x)...
   ✅ Pulse Distribution: BUY 189 | SELL 208 | WAIT 694
   🧬 Strategy: Target=2.3x | Friction=1.86 | Depth=3
      🎓 Learning from 3 pattern failures...

🛸 SEARCH GENERATION 48 (Elapsed: 1m 28s)
🏷️ Creating Flash M1 Labels (Aggression: 1.08 | Target: 2.6x)...
   ✅ Pulse Distribution: BUY 163 | SELL 187 | WAIT 741
   🧬 Strategy: Target=2.6x | Friction=1.08 | Depth=3

🛸 SEARCH GENERATION 49 (Elapsed: 1m 29s)
🏷️ Creating Flash M1 Labels (Aggression: 1.58 | Target: 2.9x)...
   ✅ Pulse Distribution: BUY 140 | SELL 155 | WAIT 796
   🧬 Strategy: Target=2.9x | Friction=1.58 | Depth=4
      🎓 Learning from 3 pattern failures...

🛸 SEARCH GENERATION 50 (Elapsed: 1m 34s)
🏷️ Creating Flash M1 Labels (Aggression: 1.46 | Target: 2.1x)...
   ✅ Pulse Distribution: BUY 222 | SELL 237 | WAIT 632
   🧬 Strategy: Target=2.1x | Friction=1.46 | Depth=3

🛸 SEARCH GENERATION 51 (Elapsed: 1m 36s)
🏷️ Creating Flash M1 Labels (Aggression: 0.88 | Target: 1.9x)...
   ✅ Pulse Distribution: BUY 245 | SELL 263 | WAIT 583
   🧬 Strategy: Target=1.9x | Friction=0.88 | Depth=3

🛸 SEARCH GENERATION 52 (Elapsed: 1m 38s)
🏷️ Creating Flash M1 Labels (Aggression: 1.41 | Target: 2.3x)...
   ✅ Pulse Distribution: BUY 189 | SELL 208 | WAIT 694
   🧬 Strategy: Target=2.3x | Friction=1.41 | Depth=3
      🎓 Learning from 6 pattern failures...

🛸 SEARCH GENERATION 53 (Elapsed: 1m 42s)
🏷️ Creating Flash M1 Labels (Aggression: 1.37 | Target: 2.0x)...
   ✅ Pulse Distribution: BUY 222 | SELL 238 | WAIT 631
   🧬 Strategy: Target=2.0x | Friction=1.37 | Depth=3
      🎓 Learning from 6 pattern failures...

🛸 SEARCH GENERATION 54 (Elapsed: 1m 44s)
🏷️ Creating Flash M1 Labels (Aggression: 1.79 | Target: 1.5x)...
   ✅ Pulse Distribution: BUY 258 | SELL 279 | WAIT 554
   🧬 Strategy: Target=1.5x | Friction=1.79 | Depth=3

🛸 SEARCH GENERATION 55 (Elapsed: 1m 45s)
🏷️ Creating Flash M1 Labels (Aggression: 1.27 | Target: 2.7x)...
   ✅ Pulse Distribution: BUY 150 | SELL 172 | WAIT 769
   🧬 Strategy: Target=2.7x | Friction=1.27 | Depth=4

🛸 SEARCH GENERATION 56 (Elapsed: 1m 46s)
🏷️ Creating Flash M1 Labels (Aggression: 1.25 | Target: 2.4x)...
   ✅ Pulse Distribution: BUY 179 | SELL 199 | WAIT 713
   🧬 Strategy: Target=2.4x | Friction=1.25 | Depth=3

🛸 SEARCH GENERATION 57 (Elapsed: 1m 47s)
🏷️ Creating Flash M1 Labels (Aggression: 1.51 | Target: 2.9x)...
   ✅ Pulse Distribution: BUY 134 | SELL 154 | WAIT 803
   🧬 Strategy: Target=2.9x | Friction=1.51 | Depth=4
      🎓 Learning from 3 pattern failures...

🛸 SEARCH GENERATION 58 (Elapsed: 1m 48s)
🏷️ Creating Flash M1 Labels (Aggression: 0.94 | Target: 2.6x)...
   ✅ Pulse Distribution: BUY 165 | SELL 187 | WAIT 739
   🧬 Strategy: Target=2.6x | Friction=0.94 | Depth=4

🛸 SEARCH GENERATION 59 (Elapsed: 1m 49s)
🏷️ Creating Flash M1 Labels (Aggression: 1.42 | Target: 2.4x)...
   ✅ Pulse Distribution: BUY 186 | SELL 205 | WAIT 700
   🧬 Strategy: Target=2.4x | Friction=1.42 | Depth=4

🛸 SEARCH GENERATION 60 (Elapsed: 1m 50s)
🏷️ Creating Flash M1 Labels (Aggression: 1.76 | Target: 1.5x)...
   ✅ Pulse Distribution: BUY 260 | SELL 279 | WAIT 552
   🧬 Strategy: Target=1.5x | Friction=1.76 | Depth=4

🛸 SEARCH GENERATION 61 (Elapsed: 1m 51s)
🏷️ Creating Flash M1 Labels (Aggression: 1.67 | Target: 2.0x)...
   ✅ Pulse Distribution: BUY 224 | SELL 243 | WAIT 624
   🧬 Strategy: Target=2.0x | Friction=1.67 | Depth=4

🛸 SEARCH GENERATION 62 (Elapsed: 1m 52s)
🏷️ Creating Flash M1 Labels (Aggression: 0.79 | Target: 2.4x)...
   ✅ Pulse Distribution: BUY 183 | SELL 204 | WAIT 704
   🧬 Strategy: Target=2.4x | Friction=0.79 | Depth=3
      🎓 Learning from 3 pattern failures...

🛸 SEARCH GENERATION 63 (Elapsed: 1m 55s)
🏷️ Creating Flash M1 Labels (Aggression: 0.83 | Target: 1.9x)...
   ✅ Pulse Distribution: BUY 245 | SELL 264 | WAIT 582
   🧬 Strategy: Target=1.9x | Friction=0.83 | Depth=3

🛸 SEARCH GENERATION 64 (Elapsed: 1m 56s)
🏷️ Creating Flash M1 Labels (Aggression: 0.95 | Target: 2.3x)...
   ✅ Pulse Distribution: BUY 198 | SELL 214 | WAIT 679
   🧬 Strategy: Target=2.3x | Friction=0.95 | Depth=3
      🎓 Learning from 6 pattern failures...

🛸 SEARCH GENERATION 65 (Elapsed: 1m 58s)
🏷️ Creating Flash M1 Labels (Aggression: 1.34 | Target: 2.4x)...
   ✅ Pulse Distribution: BUY 186 | SELL 205 | WAIT 700
   🧬 Strategy: Target=2.4x | Friction=1.34 | Depth=4
      🎓 Learning from 3 pattern failures...
/var/www/GIA/backend/training/train_v2_flash_m1.py:391: FutureWarning: The behavior of 'isin' with dtype=datetime64[ns] and castable values (e.g. strings) is deprecated. In a future version, these will not be considered matching by isin. Explicitly cast to the appropriate dtype before calling isin instead.
  mask = train_labeled['date'].isin(loss_dates)
/var/www/GIA/backend/training/train_v2_flash_m1.py:391: FutureWarning: The behavior of 'isin' with dtype=datetime64[ns] and castable values (e.g. strings) is deprecated. In a future version, these will not be considered matching by isin. Explicitly cast to the appropriate dtype before calling isin instead.
  mask = train_labeled['date'].isin(loss_dates)
/var/www/GIA/backend/training/train_v2_flash_m1.py:391: FutureWarning: The behavior of 'isin' with dtype=datetime64[ns] and castable values (e.g. strings) is deprecated. In a future version, these will not be considered matching by isin. Explicitly cast to the appropriate dtype before calling isin instead.
  mask = train_labeled['date'].isin(loss_dates)
/var/www/GIA/backend/training/train_v2_flash_m1.py:391: FutureWarning: The behavior of 'isin' with dtype=datetime64[ns] and castable values (e.g. strings) is deprecated. In a future version, these will not be considered matching by isin. Explicitly cast to the appropriate dtype before calling isin instead.
  mask = train_labeled['date'].isin(loss_dates)
/var/www/GIA/backend/training/train_v2_flash_m1.py:391: FutureWarning: The behavior of 'isin' with dtype=datetime64[ns] and castable values (e.g. strings) is deprecated. In a future version, these will not be considered matching by isin. Explicitly cast to the appropriate dtype before calling isin instead.
  mask = train_labeled['date'].isin(loss_dates)
/var/www/GIA/backend/training/train_v2_flash_m1.py:391: FutureWarning: The behavior of 'isin' with dtype=datetime64[ns] and castable values (e.g. strings) is deprecated. In a future version, these will not be considered matching by isin. Explicitly cast to the appropriate dtype before calling isin instead.
  mask = train_labeled['date'].isin(loss_dates)
/var/www/GIA/backend/training/train_v2_flash_m1.py:391: FutureWarning: The behavior of 'isin' with dtype=datetime64[ns] and castable values (e.g. strings) is deprecated. In a future version, these will not be considered matching by isin. Explicitly cast to the appropriate dtype before calling isin instead.
  mask = train_labeled['date'].isin(loss_dates)
/var/www/GIA/backend/training/train_v2_flash_m1.py:391: FutureWarning: The behavior of 'isin' with dtype=datetime64[ns] and castable values (e.g. strings) is deprecated. In a future version, these will not be considered matching by isin. Explicitly cast to the appropriate dtype before calling isin instead.
  mask = train_labeled['date'].isin(loss_dates)
/var/www/GIA/backend/training/train_v2_flash_m1.py:391: FutureWarning: The behavior of 'isin' with dtype=datetime64[ns] and castable values (e.g. strings) is deprecated. In a future version, these will not be considered matching by isin. Explicitly cast to the appropriate dtype before calling isin instead.
  mask = train_labeled['date'].isin(loss_dates)
/var/www/GIA/backend/training/train_v2_flash_m1.py:391: FutureWarning: The behavior of 'isin' with dtype=datetime64[ns] and castable values (e.g. strings) is deprecated. In a future version, these will not be considered matching by isin. Explicitly cast to the appropriate dtype before calling isin instead.
  mask = train_labeled['date'].isin(loss_dates)
/var/www/GIA/backend/training/train_v2_flash_m1.py:391: FutureWarning: The behavior of 'isin' with dtype=datetime64[ns] and castable values (e.g. strings) is deprecated. In a future version, these will not be considered matching by isin. Explicitly cast to the appropriate dtype before calling isin instead.
  mask = train_labeled['date'].isin(loss_dates)
/var/www/GIA/backend/training/train_v2_flash_m1.py:391: FutureWarning: The behavior of 'isin' with dtype=datetime64[ns] and castable values (e.g. strings) is deprecated. In a future version, these will not be considered matching by isin. Explicitly cast to the appropriate dtype before calling isin instead.
  mask = train_labeled['date'].isin(loss_dates)
/var/www/GIA/backend/training/train_v2_flash_m1.py:391: FutureWarning: The behavior of 'isin' with dtype=datetime64[ns] and castable values (e.g. strings) is deprecated. In a future version, these will not be considered matching by isin. Explicitly cast to the appropriate dtype before calling isin instead.
  mask = train_labeled['date'].isin(loss_dates)
/var/www/GIA/backend/training/train_v2_flash_m1.py:391: FutureWarning: The behavior of 'isin' with dtype=datetime64[ns] and castable values (e.g. strings) is deprecated. In a future version, these will not be considered matching by isin. Explicitly cast to the appropriate dtype before calling isin instead.
  mask = train_labeled['date'].isin(loss_dates)
/var/www/GIA/backend/training/train_v2_flash_m1.py:391: FutureWarning: The behavior of 'isin' with dtype=datetime64[ns] and castable values (e.g. strings) is deprecated. In a future version, these will not be considered matching by isin. Explicitly cast to the appropriate dtype before calling isin instead.
  mask = train_labeled['date'].isin(loss_dates)
/var/www/GIA/backend/training/train_v2_flash_m1.py:391: FutureWarning: The behavior of 'isin' with dtype=datetime64[ns] and castable values (e.g. strings) is deprecated. In a future version, these will not be considered matching by isin. Explicitly cast to the appropriate dtype before calling isin instead.
  mask = train_labeled['date'].isin(loss_dates)

🛸 SEARCH GENERATION 66 (Elapsed: 2m 1s)
🏷️ Creating Flash M1 Labels (Aggression: 1.87 | Target: 1.5x)...
   ✅ Pulse Distribution: BUY 258 | SELL 279 | WAIT 554
   🧬 Strategy: Target=1.5x | Friction=1.87 | Depth=3
      🎓 Learning from 3 pattern failures...

🛸 SEARCH GENERATION 67 (Elapsed: 2m 3s)
🏷️ Creating Flash M1 Labels (Aggression: 1.38 | Target: 1.9x)...
   ✅ Pulse Distribution: BUY 230 | SELL 252 | WAIT 609
   🧬 Strategy: Target=1.9x | Friction=1.38 | Depth=3

🛸 SEARCH GENERATION 68 (Elapsed: 2m 4s)
🏷️ Creating Flash M1 Labels (Aggression: 1.11 | Target: 1.7x)...
   ✅ Pulse Distribution: BUY 249 | SELL 269 | WAIT 573
   🧬 Strategy: Target=1.7x | Friction=1.11 | Depth=3

🛸 SEARCH GENERATION 69 (Elapsed: 2m 5s)
🏷️ Creating Flash M1 Labels (Aggression: 1.68 | Target: 2.0x)...
   ✅ Pulse Distribution: BUY 221 | SELL 237 | WAIT 633
   🧬 Strategy: Target=2.0x | Friction=1.68 | Depth=4
      🎓 Learning from 4 pattern failures...

🛸 SEARCH GENERATION 70 (Elapsed: 2m 8s)
🏷️ Creating Flash M1 Labels (Aggression: 1.30 | Target: 1.8x)...
   ✅ Pulse Distribution: BUY 245 | SELL 265 | WAIT 581
   🧬 Strategy: Target=1.8x | Friction=1.30 | Depth=3

🛸 SEARCH GENERATION 71 (Elapsed: 2m 9s)
🏷️ Creating Flash M1 Labels (Aggression: 1.48 | Target: 2.2x)...
   ✅ Pulse Distribution: BUY 207 | SELL 224 | WAIT 660
   🧬 Strategy: Target=2.2x | Friction=1.48 | Depth=3

🛸 SEARCH GENERATION 72 (Elapsed: 2m 10s)
🏷️ Creating Flash M1 Labels (Aggression: 1.64 | Target: 1.7x)...
   ✅ Pulse Distribution: BUY 252 | SELL 271 | WAIT 568
   🧬 Strategy: Target=1.7x | Friction=1.64 | Depth=3

🛸 SEARCH GENERATION 73 (Elapsed: 2m 12s)
🏷️ Creating Flash M1 Labels (Aggression: 1.50 | Target: 2.5x)...
   ✅ Pulse Distribution: BUY 161 | SELL 186 | WAIT 744
   🧬 Strategy: Target=2.5x | Friction=1.50 | Depth=4

🛸 SEARCH GENERATION 74 (Elapsed: 2m 13s)
🏷️ Creating Flash M1 Labels (Aggression: 1.78 | Target: 2.2x)...
   ✅ Pulse Distribution: BUY 196 | SELL 213 | WAIT 682
   🧬 Strategy: Target=2.2x | Friction=1.78 | Depth=3
      🎓 Learning from 3 pattern failures...

🛸 SEARCH GENERATION 75 (Elapsed: 2m 15s)
🏷️ Creating Flash M1 Labels (Aggression: 1.12 | Target: 2.0x)...
   ✅ Pulse Distribution: BUY 232 | SELL 255 | WAIT 604
   🧬 Strategy: Target=2.0x | Friction=1.12 | Depth=4

🛸 SEARCH GENERATION 76 (Elapsed: 2m 17s)
🏷️ Creating Flash M1 Labels (Aggression: 1.22 | Target: 1.9x)...
   ✅ Pulse Distribution: BUY 238 | SELL 259 | WAIT 594
   🧬 Strategy: Target=1.9x | Friction=1.22 | Depth=3
      🎓 Learning from 1 pattern failures...

🛸 SEARCH GENERATION 77 (Elapsed: 2m 20s)
🏷️ Creating Flash M1 Labels (Aggression: 0.95 | Target: 2.9x)...
   ✅ Pulse Distribution: BUY 142 | SELL 162 | WAIT 787
   🧬 Strategy: Target=2.9x | Friction=0.95 | Depth=4
      🎓 Learning from 3 pattern failures...

🛸 SEARCH GENERATION 78 (Elapsed: 2m 24s)
🏷️ Creating Flash M1 Labels (Aggression: 1.97 | Target: 3.0x)...
   ✅ Pulse Distribution: BUY 124 | SELL 144 | WAIT 823
   🧬 Strategy: Target=3.0x | Friction=1.97 | Depth=3
      🎓 Learning from 1 pattern failures...

🛸 SEARCH GENERATION 79 (Elapsed: 2m 26s)
🏷️ Creating Flash M1 Labels (Aggression: 1.45 | Target: 2.4x)...
   ✅ Pulse Distribution: BUY 184 | SELL 201 | WAIT 706
   🧬 Strategy: Target=2.4x | Friction=1.45 | Depth=3

🛸 SEARCH GENERATION 80 (Elapsed: 2m 27s)
🏷️ Creating Flash M1 Labels (Aggression: 1.46 | Target: 2.4x)...
   ✅ Pulse Distribution: BUY 183 | SELL 201 | WAIT 707
   🧬 Strategy: Target=2.4x | Friction=1.46 | Depth=3
      🎓 Learning from 2 pattern failures...

🛸 SEARCH GENERATION 81 (Elapsed: 2m 31s)
🏷️ Creating Flash M1 Labels (Aggression: 0.78 | Target: 1.8x)...
   ✅ Pulse Distribution: BUY 250 | SELL 272 | WAIT 569
   🧬 Strategy: Target=1.8x | Friction=0.78 | Depth=4

🛸 SEARCH GENERATION 82 (Elapsed: 2m 32s)
🏷️ Creating Flash M1 Labels (Aggression: 1.96 | Target: 1.6x)...
   ✅ Pulse Distribution: BUY 256 | SELL 276 | WAIT 559
   🧬 Strategy: Target=1.6x | Friction=1.96 | Depth=3

🛸 SEARCH GENERATION 83 (Elapsed: 2m 33s)
🏷️ Creating Flash M1 Labels (Aggression: 1.01 | Target: 2.6x)...
   ✅ Pulse Distribution: BUY 159 | SELL 179 | WAIT 753
   🧬 Strategy: Target=2.6x | Friction=1.01 | Depth=4
      🎓 Learning from 1 pattern failures...

🛸 SEARCH GENERATION 84 (Elapsed: 2m 35s)
🏷️ Creating Flash M1 Labels (Aggression: 1.36 | Target: 2.9x)...
   ✅ Pulse Distribution: BUY 134 | SELL 153 | WAIT 804
   🧬 Strategy: Target=2.9x | Friction=1.36 | Depth=4
      🎓 Learning from 2 pattern failures...

🛸 SEARCH GENERATION 85 (Elapsed: 2m 38s)
🏷️ Creating Flash M1 Labels (Aggression: 1.70 | Target: 2.4x)...
   ✅ Pulse Distribution: BUY 174 | SELL 194 | WAIT 723
   🧬 Strategy: Target=2.4x | Friction=1.70 | Depth=4

🛸 SEARCH GENERATION 86 (Elapsed: 2m 38s)
🏷️ Creating Flash M1 Labels (Aggression: 0.86 | Target: 2.5x)...
   ✅ Pulse Distribution: BUY 180 | SELL 203 | WAIT 708
   🧬 Strategy: Target=2.5x | Friction=0.86 | Depth=3
      🎓 Learning from 3 pattern failures...

🛸 SEARCH GENERATION 87 (Elapsed: 2m 41s)
🏷️ Creating Flash M1 Labels (Aggression: 1.78 | Target: 2.7x)...
   ✅ Pulse Distribution: BUY 150 | SELL 171 | WAIT 770
   🧬 Strategy: Target=2.7x | Friction=1.78 | Depth=3
      🎓 Learning from 1 pattern failures...

🛸 SEARCH GENERATION 88 (Elapsed: 2m 42s)
🏷️ Creating Flash M1 Labels (Aggression: 0.79 | Target: 2.1x)...
   ✅ Pulse Distribution: BUY 214 | SELL 234 | WAIT 643
   🧬 Strategy: Target=2.1x | Friction=0.79 | Depth=4

🛸 SEARCH GENERATION 89 (Elapsed: 2m 43s)
🏷️ Creating Flash M1 Labels (Aggression: 1.68 | Target: 2.2x)...
   ✅ Pulse Distribution: BUY 204 | SELL 222 | WAIT 665
   🧬 Strategy: Target=2.2x | Friction=1.68 | Depth=3
      🎓 Learning from 6 pattern failures...

🛸 SEARCH GENERATION 90 (Elapsed: 2m 47s)
🏷️ Creating Flash M1 Labels (Aggression: 1.12 | Target: 2.4x)...
   ✅ Pulse Distribution: BUY 180 | SELL 201 | WAIT 710
   🧬 Strategy: Target=2.4x | Friction=1.12 | Depth=3
      🎓 Learning from 7 pattern failures...

🛸 SEARCH GENERATION 91 (Elapsed: 2m 49s)
🏷️ Creating Flash M1 Labels (Aggression: 1.87 | Target: 2.3x)...
   ✅ Pulse Distribution: BUY 186 | SELL 204 | WAIT 701
   🧬 Strategy: Target=2.3x | Friction=1.87 | Depth=4

🛸 SEARCH GENERATION 92 (Elapsed: 2m 51s)
🏷️ Creating Flash M1 Labels (Aggression: 1.57 | Target: 2.7x)...
   ✅ Pulse Distribution: BUY 148 | SELL 170 | WAIT 773
   🧬 Strategy: Target=2.7x | Friction=1.57 | Depth=4
      🎓 Learning from 3 pattern failures...

🛸 SEARCH GENERATION 93 (Elapsed: 2m 53s)
🏷️ Creating Flash M1 Labels (Aggression: 1.29 | Target: 3.0x)...
   ✅ Pulse Distribution: BUY 133 | SELL 152 | WAIT 806
   🧬 Strategy: Target=3.0x | Friction=1.29 | Depth=4
      🎓 Learning from 2 pattern failures...

🛸 SEARCH GENERATION 94 (Elapsed: 2m 56s)
🏷️ Creating Flash M1 Labels (Aggression: 1.73 | Target: 2.0x)...
   ✅ Pulse Distribution: BUY 220 | SELL 236 | WAIT 635
   🧬 Strategy: Target=2.0x | Friction=1.73 | Depth=4

🛸 SEARCH GENERATION 95 (Elapsed: 2m 58s)
🏷️ Creating Flash M1 Labels (Aggression: 1.70 | Target: 2.7x)...
   ✅ Pulse Distribution: BUY 146 | SELL 170 | WAIT 775
   🧬 Strategy: Target=2.7x | Friction=1.70 | Depth=3
      🎓 Learning from 3 pattern failures...

🛸 SEARCH GENERATION 96 (Elapsed: 3m 2s)
🏷️ Creating Flash M1 Labels (Aggression: 0.71 | Target: 2.0x)...
   ✅ Pulse Distribution: BUY 235 | SELL 256 | WAIT 600
   🧬 Strategy: Target=2.0x | Friction=0.71 | Depth=4

🛸 SEARCH GENERATION 97 (Elapsed: 3m 3s)
🏷️ Creating Flash M1 Labels (Aggression: 1.97 | Target: 1.9x)...
   ✅ Pulse Distribution: BUY 227 | SELL 246 | WAIT 618
   🧬 Strategy: Target=1.9x | Friction=1.97 | Depth=3

🛸 SEARCH GENERATION 98 (Elapsed: 3m 4s)
🏷️ Creating Flash M1 Labels (Aggression: 1.46 | Target: 2.8x)...
/var/www/GIA/backend/training/train_v2_flash_m1.py:391: FutureWarning: The behavior of 'isin' with dtype=datetime64[ns] and castable values (e.g. strings) is deprecated. In a future version, these will not be considered matching by isin. Explicitly cast to the appropriate dtype before calling isin instead.
  mask = train_labeled['date'].isin(loss_dates)
/var/www/GIA/backend/training/train_v2_flash_m1.py:391: FutureWarning: The behavior of 'isin' with dtype=datetime64[ns] and castable values (e.g. strings) is deprecated. In a future version, these will not be considered matching by isin. Explicitly cast to the appropriate dtype before calling isin instead.
  mask = train_labeled['date'].isin(loss_dates)
/var/www/GIA/backend/training/train_v2_flash_m1.py:391: FutureWarning: The behavior of 'isin' with dtype=datetime64[ns] and castable values (e.g. strings) is deprecated. In a future version, these will not be considered matching by isin. Explicitly cast to the appropriate dtype before calling isin instead.
  mask = train_labeled['date'].isin(loss_dates)
/var/www/GIA/backend/training/train_v2_flash_m1.py:391: FutureWarning: The behavior of 'isin' with dtype=datetime64[ns] and castable values (e.g. strings) is deprecated. In a future version, these will not be considered matching by isin. Explicitly cast to the appropriate dtype before calling isin instead.
  mask = train_labeled['date'].isin(loss_dates)
/var/www/GIA/backend/training/train_v2_flash_m1.py:391: FutureWarning: The behavior of 'isin' with dtype=datetime64[ns] and castable values (e.g. strings) is deprecated. In a future version, these will not be considered matching by isin. Explicitly cast to the appropriate dtype before calling isin instead.
  mask = train_labeled['date'].isin(loss_dates)
/var/www/GIA/backend/training/train_v2_flash_m1.py:391: FutureWarning: The behavior of 'isin' with dtype=datetime64[ns] and castable values (e.g. strings) is deprecated. In a future version, these will not be considered matching by isin. Explicitly cast to the appropriate dtype before calling isin instead.
  mask = train_labeled['date'].isin(loss_dates)
/var/www/GIA/backend/training/train_v2_flash_m1.py:391: FutureWarning: The behavior of 'isin' with dtype=datetime64[ns] and castable values (e.g. strings) is deprecated. In a future version, these will not be considered matching by isin. Explicitly cast to the appropriate dtype before calling isin instead.
  mask = train_labeled['date'].isin(loss_dates)
/var/www/GIA/backend/training/train_v2_flash_m1.py:391: FutureWarning: The behavior of 'isin' with dtype=datetime64[ns] and castable values (e.g. strings) is deprecated. In a future version, these will not be considered matching by isin. Explicitly cast to the appropriate dtype before calling isin instead.
  mask = train_labeled['date'].isin(loss_dates)
/var/www/GIA/backend/training/train_v2_flash_m1.py:391: FutureWarning: The behavior of 'isin' with dtype=datetime64[ns] and castable values (e.g. strings) is deprecated. In a future version, these will not be considered matching by isin. Explicitly cast to the appropriate dtype before calling isin instead.
  mask = train_labeled['date'].isin(loss_dates)
/var/www/GIA/backend/training/train_v2_flash_m1.py:391: FutureWarning: The behavior of 'isin' with dtype=datetime64[ns] and castable values (e.g. strings) is deprecated. In a future version, these will not be considered matching by isin. Explicitly cast to the appropriate dtype before calling isin instead.
  mask = train_labeled['date'].isin(loss_dates)
/var/www/GIA/backend/training/train_v2_flash_m1.py:391: FutureWarning: The behavior of 'isin' with dtype=datetime64[ns] and castable values (e.g. strings) is deprecated. In a future version, these will not be considered matching by isin. Explicitly cast to the appropriate dtype before calling isin instead.
  mask = train_labeled['date'].isin(loss_dates)
/var/www/GIA/backend/training/train_v2_flash_m1.py:391: FutureWarning: The behavior of 'isin' with dtype=datetime64[ns] and castable values (e.g. strings) is deprecated. In a future version, these will not be considered matching by isin. Explicitly cast to the appropriate dtype before calling isin instead.
  mask = train_labeled['date'].isin(loss_dates)
/var/www/GIA/backend/training/train_v2_flash_m1.py:391: FutureWarning: The behavior of 'isin' with dtype=datetime64[ns] and castable values (e.g. strings) is deprecated. In a future version, these will not be considered matching by isin. Explicitly cast to the appropriate dtype before calling isin instead.
  mask = train_labeled['date'].isin(loss_dates)
/var/www/GIA/backend/training/train_v2_flash_m1.py:391: FutureWarning: The behavior of 'isin' with dtype=datetime64[ns] and castable values (e.g. strings) is deprecated. In a future version, these will not be considered matching by isin. Explicitly cast to the appropriate dtype before calling isin instead.
  mask = train_labeled['date'].isin(loss_dates)
/var/www/GIA/backend/training/train_v2_flash_m1.py:391: FutureWarning: The behavior of 'isin' with dtype=datetime64[ns] and castable values (e.g. strings) is deprecated. In a future version, these will not be considered matching by isin. Explicitly cast to the appropriate dtype before calling isin instead.
  mask = train_labeled['date'].isin(loss_dates)
   ✅ Pulse Distribution: BUY 145 | SELL 168 | WAIT 778
   🧬 Strategy: Target=2.8x | Friction=1.46 | Depth=4
      🎓 Learning from 2 pattern failures...

🛸 SEARCH GENERATION 99 (Elapsed: 3m 5s)
🏷️ Creating Flash M1 Labels (Aggression: 1.87 | Target: 1.7x)...
   ✅ Pulse Distribution: BUY 248 | SELL 270 | WAIT 573
   🧬 Strategy: Target=1.7x | Friction=1.87 | Depth=3

🛸 SEARCH GENERATION 100 (Elapsed: 3m 6s)
🏷️ Creating Flash M1 Labels (Aggression: 1.35 | Target: 2.1x)...
   ✅ Pulse Distribution: BUY 213 | SELL 232 | WAIT 646
   🧬 Strategy: Target=2.1x | Friction=1.35 | Depth=3
      🎓 Learning from 4 pattern failures...

🛸 SEARCH GENERATION 101 (Elapsed: 3m 8s)
🏷️ Creating Flash M1 Labels (Aggression: 1.97 | Target: 3.0x)...
   ✅ Pulse Distribution: BUY 125 | SELL 148 | WAIT 818
   🧬 Strategy: Target=3.0x | Friction=1.97 | Depth=3

🛸 SEARCH GENERATION 102 (Elapsed: 3m 9s)
🏷️ Creating Flash M1 Labels (Aggression: 1.26 | Target: 1.6x)...
   ✅ Pulse Distribution: BUY 256 | SELL 278 | WAIT 557
   🧬 Strategy: Target=1.6x | Friction=1.26 | Depth=4

🛸 SEARCH GENERATION 103 (Elapsed: 3m 10s)
🏷️ Creating Flash M1 Labels (Aggression: 1.24 | Target: 1.9x)...
   ✅ Pulse Distribution: BUY 233 | SELL 256 | WAIT 602
   🧬 Strategy: Target=1.9x | Friction=1.24 | Depth=4
      🎓 Learning from 6 pattern failures...

🛸 SEARCH GENERATION 104 (Elapsed: 3m 14s)
🏷️ Creating Flash M1 Labels (Aggression: 1.31 | Target: 2.1x)...
   ✅ Pulse Distribution: BUY 213 | SELL 230 | WAIT 648
   🧬 Strategy: Target=2.1x | Friction=1.31 | Depth=4
      🎓 Learning from 9 pattern failures...

🛸 SEARCH GENERATION 105 (Elapsed: 3m 18s)
🏷️ Creating Flash M1 Labels (Aggression: 1.18 | Target: 1.7x)...
   ✅ Pulse Distribution: BUY 250 | SELL 269 | WAIT 572
   🧬 Strategy: Target=1.7x | Friction=1.18 | Depth=3
      🎓 Learning from 6 pattern failures...

🛸 SEARCH GENERATION 106 (Elapsed: 3m 19s)
🏷️ Creating Flash M1 Labels (Aggression: 1.08 | Target: 2.2x)...
   ✅ Pulse Distribution: BUY 210 | SELL 228 | WAIT 653
   🧬 Strategy: Target=2.2x | Friction=1.08 | Depth=4
      🎓 Learning from 4 pattern failures...

🛸 SEARCH GENERATION 107 (Elapsed: 3m 21s)
🏷️ Creating Flash M1 Labels (Aggression: 1.13 | Target: 1.6x)...
   ✅ Pulse Distribution: BUY 255 | SELL 276 | WAIT 560
   🧬 Strategy: Target=1.6x | Friction=1.13 | Depth=4

🛸 SEARCH GENERATION 108 (Elapsed: 3m 23s)
🏷️ Creating Flash M1 Labels (Aggression: 1.10 | Target: 2.1x)...
   ✅ Pulse Distribution: BUY 216 | SELL 234 | WAIT 641
   🧬 Strategy: Target=2.1x | Friction=1.10 | Depth=4

🛸 SEARCH GENERATION 109 (Elapsed: 3m 25s)
🏷️ Creating Flash M1 Labels (Aggression: 1.18 | Target: 1.6x)...
   ✅ Pulse Distribution: BUY 256 | SELL 278 | WAIT 557
   🧬 Strategy: Target=1.6x | Friction=1.18 | Depth=3

🛸 SEARCH GENERATION 110 (Elapsed: 3m 27s)
🏷️ Creating Flash M1 Labels (Aggression: 0.98 | Target: 1.6x)...
   ✅ Pulse Distribution: BUY 256 | SELL 279 | WAIT 556
   🧬 Strategy: Target=1.6x | Friction=0.98 | Depth=4

🛸 SEARCH GENERATION 111 (Elapsed: 3m 28s)
🏷️ Creating Flash M1 Labels (Aggression: 1.23 | Target: 2.2x)...
   ✅ Pulse Distribution: BUY 209 | SELL 226 | WAIT 656
   🧬 Strategy: Target=2.2x | Friction=1.23 | Depth=3

🛸 SEARCH GENERATION 112 (Elapsed: 3m 30s)
🏷️ Creating Flash M1 Labels (Aggression: 0.95 | Target: 2.8x)...
   ✅ Pulse Distribution: BUY 146 | SELL 171 | WAIT 774
   🧬 Strategy: Target=2.8x | Friction=0.95 | Depth=4
      🎓 Learning from 2 pattern failures...

🛸 SEARCH GENERATION 113 (Elapsed: 3m 32s)
🏷️ Creating Flash M1 Labels (Aggression: 0.72 | Target: 2.6x)...
   ✅ Pulse Distribution: BUY 162 | SELL 183 | WAIT 746
   🧬 Strategy: Target=2.6x | Friction=0.72 | Depth=4
      🎓 Learning from 2 pattern failures...

🛸 SEARCH GENERATION 114 (Elapsed: 3m 36s)
🏷️ Creating Flash M1 Labels (Aggression: 1.15 | Target: 2.4x)...
   ✅ Pulse Distribution: BUY 180 | SELL 201 | WAIT 710
   🧬 Strategy: Target=2.4x | Friction=1.15 | Depth=4
      🎓 Learning from 1 pattern failures...

🛸 SEARCH GENERATION 115 (Elapsed: 3m 40s)
🏷️ Creating Flash M1 Labels (Aggression: 1.92 | Target: 1.7x)...
   ✅ Pulse Distribution: BUY 244 | SELL 264 | WAIT 583
   🧬 Strategy: Target=1.7x | Friction=1.92 | Depth=4

🛸 SEARCH GENERATION 116 (Elapsed: 3m 41s)
🏷️ Creating Flash M1 Labels (Aggression: 1.00 | Target: 1.8x)...
   ✅ Pulse Distribution: BUY 247 | SELL 268 | WAIT 576
   🧬 Strategy: Target=1.8x | Friction=1.00 | Depth=4
      🎓 Learning from 1 pattern failures...

🛸 SEARCH GENERATION 117 (Elapsed: 3m 43s)
🏷️ Creating Flash M1 Labels (Aggression: 0.79 | Target: 2.2x)...
   ✅ Pulse Distribution: BUY 213 | SELL 230 | WAIT 648
   🧬 Strategy: Target=2.2x | Friction=0.79 | Depth=4
      🎓 Learning from 4 pattern failures...

🛸 SEARCH GENERATION 118 (Elapsed: 3m 46s)
🏷️ Creating Flash M1 Labels (Aggression: 1.09 | Target: 2.0x)...
   ✅ Pulse Distribution: BUY 226 | SELL 247 | WAIT 618
   🧬 Strategy: Target=2.0x | Friction=1.09 | Depth=4

🛸 SEARCH GENERATION 119 (Elapsed: 3m 47s)
🏷️ Creating Flash M1 Labels (Aggression: 0.85 | Target: 2.1x)...
   ✅ Pulse Distribution: BUY 223 | SELL 240 | WAIT 628
   🧬 Strategy: Target=2.1x | Friction=0.85 | Depth=4
      🎓 Learning from 4 pattern failures...

🛸 SEARCH GENERATION 120 (Elapsed: 3m 50s)
🏷️ Creating Flash M1 Labels (Aggression: 1.02 | Target: 2.2x)...
   ✅ Pulse Distribution: BUY 210 | SELL 228 | WAIT 653
   🧬 Strategy: Target=2.2x | Friction=1.02 | Depth=3

🛸 SEARCH GENERATION 121 (Elapsed: 3m 51s)
🏷️ Creating Flash M1 Labels (Aggression: 1.51 | Target: 2.7x)...
   ✅ Pulse Distribution: BUY 153 | SELL 173 | WAIT 765
   🧬 Strategy: Target=2.7x | Friction=1.51 | Depth=4
      🎓 Learning from 2 pattern failures...

🛸 SEARCH GENERATION 122 (Elapsed: 3m 55s)
🏷️ Creating Flash M1 Labels (Aggression: 1.53 | Target: 2.1x)...
   ✅ Pulse Distribution: BUY 213 | SELL 230 | WAIT 648
   🧬 Strategy: Target=2.1x | Friction=1.53 | Depth=3

🛸 SEARCH GENERATION 123 (Elapsed: 3m 56s)
🏷️ Creating Flash M1 Labels (Aggression: 0.97 | Target: 2.8x)...
   ✅ Pulse Distribution: BUY 148 | SELL 171 | WAIT 772
   🧬 Strategy: Target=2.8x | Friction=0.97 | Depth=3

🛸 SEARCH GENERATION 124 (Elapsed: 3m 57s)
🏷️ Creating Flash M1 Labels (Aggression: 0.97 | Target: 1.9x)...
   ✅ Pulse Distribution: BUY 245 | SELL 264 | WAIT 582
   🧬 Strategy: Target=1.9x | Friction=0.97 | Depth=3

🛸 SEARCH GENERATION 125 (Elapsed: 3m 58s)
🏷️ Creating Flash M1 Labels (Aggression: 1.25 | Target: 1.9x)...
   ✅ Pulse Distribution: BUY 230 | SELL 254 | WAIT 607
   🧬 Strategy: Target=1.9x | Friction=1.25 | Depth=4

🛸 SEARCH GENERATION 126 (Elapsed: 3m 59s)
🏷️ Creating Flash M1 Labels (Aggression: 0.92 | Target: 2.7x)...
   ✅ Pulse Distribution: BUY 151 | SELL 173 | WAIT 767
   🧬 Strategy: Target=2.7x | Friction=0.92 | Depth=4

🛸 SEARCH GENERATION 127 (Elapsed: 4m 0s)
🏷️ Creating Flash M1 Labels (Aggression: 1.34 | Target: 2.4x)...
   ✅ Pulse Distribution: BUY 182 | SELL 202 | WAIT 707
   🧬 Strategy: Target=2.4x | Friction=1.34 | Depth=4
      🎓 Learning from 3 pattern failures...

🛸 SEARCH GENERATION 128 (Elapsed: 4m 2s)
🏷️ Creating Flash M1 Labels (Aggression: 0.76 | Target: 1.9x)...
   ✅ Pulse Distribution: BUY 245 | SELL 264 | WAIT 582
   🧬 Strategy: Target=1.9x | Friction=0.76 | Depth=4
      🎓 Learning from 1 pattern failures...

🛸 SEARCH GENERATION 129 (Elapsed: 4m 3s)
🏷️ Creating Flash M1 Labels (Aggression: 1.08 | Target: 2.3x)...
   ✅ Pulse Distribution: BUY 192 | SELL 211 | WAIT 688
   🧬 Strategy: Target=2.3x | Friction=1.08 | Depth=3

🛸 SEARCH GENERATION 130 (Elapsed: 4m 4s)
🏷️ Creating Flash M1 Labels (Aggression: 1.40 | Target: 1.5x)...
   ✅ Pulse Distribution: BUY 260 | SELL 281 | WAIT 550
   🧬 Strategy: Target=1.5x | Friction=1.40 | Depth=4

🛸 SEARCH GENERATION 131 (Elapsed: 4m 5s)
/var/www/GIA/backend/training/train_v2_flash_m1.py:391: FutureWarning: The behavior of 'isin' with dtype=datetime64[ns] and castable values (e.g. strings) is deprecated. In a future version, these will not be considered matching by isin. Explicitly cast to the appropriate dtype before calling isin instead.
  mask = train_labeled['date'].isin(loss_dates)
/var/www/GIA/backend/training/train_v2_flash_m1.py:391: FutureWarning: The behavior of 'isin' with dtype=datetime64[ns] and castable values (e.g. strings) is deprecated. In a future version, these will not be considered matching by isin. Explicitly cast to the appropriate dtype before calling isin instead.
  mask = train_labeled['date'].isin(loss_dates)
/var/www/GIA/backend/training/train_v2_flash_m1.py:391: FutureWarning: The behavior of 'isin' with dtype=datetime64[ns] and castable values (e.g. strings) is deprecated. In a future version, these will not be considered matching by isin. Explicitly cast to the appropriate dtype before calling isin instead.
  mask = train_labeled['date'].isin(loss_dates)
/var/www/GIA/backend/training/train_v2_flash_m1.py:391: FutureWarning: The behavior of 'isin' with dtype=datetime64[ns] and castable values (e.g. strings) is deprecated. In a future version, these will not be considered matching by isin. Explicitly cast to the appropriate dtype before calling isin instead.
  mask = train_labeled['date'].isin(loss_dates)
/var/www/GIA/backend/training/train_v2_flash_m1.py:391: FutureWarning: The behavior of 'isin' with dtype=datetime64[ns] and castable values (e.g. strings) is deprecated. In a future version, these will not be considered matching by isin. Explicitly cast to the appropriate dtype before calling isin instead.
  mask = train_labeled['date'].isin(loss_dates)
/var/www/GIA/backend/training/train_v2_flash_m1.py:391: FutureWarning: The behavior of 'isin' with dtype=datetime64[ns] and castable values (e.g. strings) is deprecated. In a future version, these will not be considered matching by isin. Explicitly cast to the appropriate dtype before calling isin instead.
  mask = train_labeled['date'].isin(loss_dates)
/var/www/GIA/backend/training/train_v2_flash_m1.py:391: FutureWarning: The behavior of 'isin' with dtype=datetime64[ns] and castable values (e.g. strings) is deprecated. In a future version, these will not be considered matching by isin. Explicitly cast to the appropriate dtype before calling isin instead.
  mask = train_labeled['date'].isin(loss_dates)
/var/www/GIA/backend/training/train_v2_flash_m1.py:391: FutureWarning: The behavior of 'isin' with dtype=datetime64[ns] and castable values (e.g. strings) is deprecated. In a future version, these will not be considered matching by isin. Explicitly cast to the appropriate dtype before calling isin instead.
  mask = train_labeled['date'].isin(loss_dates)
/var/www/GIA/backend/training/train_v2_flash_m1.py:391: FutureWarning: The behavior of 'isin' with dtype=datetime64[ns] and castable values (e.g. strings) is deprecated. In a future version, these will not be considered matching by isin. Explicitly cast to the appropriate dtype before calling isin instead.
  mask = train_labeled['date'].isin(loss_dates)
/var/www/GIA/backend/training/train_v2_flash_m1.py:391: FutureWarning: The behavior of 'isin' with dtype=datetime64[ns] and castable values (e.g. strings) is deprecated. In a future version, these will not be considered matching by isin. Explicitly cast to the appropriate dtype before calling isin instead.
  mask = train_labeled['date'].isin(loss_dates)
🏷️ Creating Flash M1 Labels (Aggression: 0.83 | Target: 2.1x)...
   ✅ Pulse Distribution: BUY 224 | SELL 241 | WAIT 626
   🧬 Strategy: Target=2.1x | Friction=0.83 | Depth=4

🛸 SEARCH GENERATION 132 (Elapsed: 4m 7s)
🏷️ Creating Flash M1 Labels (Aggression: 1.17 | Target: 2.4x)...
   ✅ Pulse Distribution: BUY 184 | SELL 203 | WAIT 704
   🧬 Strategy: Target=2.4x | Friction=1.17 | Depth=4

🛸 SEARCH GENERATION 133 (Elapsed: 4m 8s)
🏷️ Creating Flash M1 Labels (Aggression: 1.74 | Target: 2.0x)...
   ✅ Pulse Distribution: BUY 223 | SELL 241 | WAIT 627
   🧬 Strategy: Target=2.0x | Friction=1.74 | Depth=4

🛸 SEARCH GENERATION 134 (Elapsed: 4m 9s)
🏷️ Creating Flash M1 Labels (Aggression: 1.67 | Target: 3.0x)...
   ✅ Pulse Distribution: BUY 131 | SELL 149 | WAIT 811
   🧬 Strategy: Target=3.0x | Friction=1.67 | Depth=3

🛸 SEARCH GENERATION 135 (Elapsed: 4m 11s)
🏷️ Creating Flash M1 Labels (Aggression: 1.14 | Target: 1.6x)...
   ✅ Pulse Distribution: BUY 259 | SELL 280 | WAIT 552
   🧬 Strategy: Target=1.6x | Friction=1.14 | Depth=4

🛸 SEARCH GENERATION 136 (Elapsed: 4m 12s)
🏷️ Creating Flash M1 Labels (Aggression: 1.11 | Target: 3.0x)...
   ✅ Pulse Distribution: BUY 136 | SELL 154 | WAIT 801
   🧬 Strategy: Target=3.0x | Friction=1.11 | Depth=4

🛸 SEARCH GENERATION 137 (Elapsed: 4m 14s)
🏷️ Creating Flash M1 Labels (Aggression: 1.79 | Target: 2.8x)...
   ✅ Pulse Distribution: BUY 142 | SELL 163 | WAIT 786
   🧬 Strategy: Target=2.8x | Friction=1.79 | Depth=4
      🎓 Learning from 3 pattern failures...

🛸 SEARCH GENERATION 138 (Elapsed: 4m 16s)
🏷️ Creating Flash M1 Labels (Aggression: 0.84 | Target: 2.5x)...
   ✅ Pulse Distribution: BUY 180 | SELL 201 | WAIT 710
   🧬 Strategy: Target=2.5x | Friction=0.84 | Depth=3

🛸 SEARCH GENERATION 139 (Elapsed: 4m 18s)
🏷️ Creating Flash M1 Labels (Aggression: 0.77 | Target: 1.9x)...
   ✅ Pulse Distribution: BUY 245 | SELL 263 | WAIT 583
   🧬 Strategy: Target=1.9x | Friction=0.77 | Depth=3

🛸 SEARCH GENERATION 140 (Elapsed: 4m 19s)
🏷️ Creating Flash M1 Labels (Aggression: 1.29 | Target: 1.8x)...
   ✅ Pulse Distribution: BUY 243 | SELL 262 | WAIT 586
   🧬 Strategy: Target=1.8x | Friction=1.29 | Depth=4

🛸 SEARCH GENERATION 141 (Elapsed: 4m 21s)
🏷️ Creating Flash M1 Labels (Aggression: 1.47 | Target: 2.5x)...
   ✅ Pulse Distribution: BUY 161 | SELL 185 | WAIT 745
   🧬 Strategy: Target=2.5x | Friction=1.47 | Depth=4

🛸 SEARCH GENERATION 142 (Elapsed: 4m 21s)
🏷️ Creating Flash M1 Labels (Aggression: 1.95 | Target: 1.9x)...
   ✅ Pulse Distribution: BUY 226 | SELL 244 | WAIT 621
   🧬 Strategy: Target=1.9x | Friction=1.95 | Depth=4

🛸 SEARCH GENERATION 143 (Elapsed: 4m 22s)
🏷️ Creating Flash M1 Labels (Aggression: 1.49 | Target: 2.1x)...
   ✅ Pulse Distribution: BUY 212 | SELL 230 | WAIT 649
   🧬 Strategy: Target=2.1x | Friction=1.49 | Depth=4

🛸 SEARCH GENERATION 144 (Elapsed: 4m 23s)
🏷️ Creating Flash M1 Labels (Aggression: 1.96 | Target: 1.9x)...
   ✅ Pulse Distribution: BUY 233 | SELL 255 | WAIT 603
   🧬 Strategy: Target=1.9x | Friction=1.96 | Depth=4
      🎓 Learning from 3 pattern failures...

🛸 SEARCH GENERATION 145 (Elapsed: 4m 26s)
🏷️ Creating Flash M1 Labels (Aggression: 1.08 | Target: 1.7x)...
   ✅ Pulse Distribution: BUY 253 | SELL 275 | WAIT 563
   🧬 Strategy: Target=1.7x | Friction=1.08 | Depth=3

🛸 SEARCH GENERATION 146 (Elapsed: 4m 27s)
🏷️ Creating Flash M1 Labels (Aggression: 1.79 | Target: 2.4x)...
   ✅ Pulse Distribution: BUY 174 | SELL 194 | WAIT 723
   🧬 Strategy: Target=2.4x | Friction=1.79 | Depth=3

🛸 SEARCH GENERATION 147 (Elapsed: 4m 28s)
🏷️ Creating Flash M1 Labels (Aggression: 0.85 | Target: 2.8x)...
   ✅ Pulse Distribution: BUY 148 | SELL 171 | WAIT 772
   🧬 Strategy: Target=2.8x | Friction=0.85 | Depth=4

🛸 SEARCH GENERATION 148 (Elapsed: 4m 30s)
🏷️ Creating Flash M1 Labels (Aggression: 0.76 | Target: 2.2x)...
   ✅ Pulse Distribution: BUY 213 | SELL 231 | WAIT 647
   🧬 Strategy: Target=2.2x | Friction=0.76 | Depth=3

🛸 SEARCH GENERATION 149 (Elapsed: 4m 31s)
🏷️ Creating Flash M1 Labels (Aggression: 1.23 | Target: 1.6x)...
   ✅ Pulse Distribution: BUY 260 | SELL 281 | WAIT 550
   🧬 Strategy: Target=1.6x | Friction=1.23 | Depth=4

🛸 SEARCH GENERATION 150 (Elapsed: 4m 32s)
🏷️ Creating Flash M1 Labels (Aggression: 1.01 | Target: 2.0x)...
   ✅ Pulse Distribution: BUY 232 | SELL 255 | WAIT 604
   🧬 Strategy: Target=2.0x | Friction=1.01 | Depth=3
      🎓 Learning from 5 pattern failures...

🛸 SEARCH GENERATION 151 (Elapsed: 4m 37s)
🏷️ Creating Flash M1 Labels (Aggression: 1.06 | Target: 2.7x)...
   ✅ Pulse Distribution: BUY 150 | SELL 171 | WAIT 770
   🧬 Strategy: Target=2.7x | Friction=1.06 | Depth=3
      🎓 Learning from 3 pattern failures...

🛸 SEARCH GENERATION 152 (Elapsed: 4m 39s)
🏷️ Creating Flash M1 Labels (Aggression: 1.41 | Target: 2.2x)...
   ✅ Pulse Distribution: BUY 206 | SELL 223 | WAIT 662
   🧬 Strategy: Target=2.2x | Friction=1.41 | Depth=4
      🎓 Learning from 1 pattern failures...

🛸 SEARCH GENERATION 153 (Elapsed: 4m 43s)
🏷️ Creating Flash M1 Labels (Aggression: 0.74 | Target: 2.6x)...
   ✅ Pulse Distribution: BUY 167 | SELL 187 | WAIT 737
   🧬 Strategy: Target=2.6x | Friction=0.74 | Depth=4
      🎓 Learning from 5 pattern failures...

🛸 SEARCH GENERATION 154 (Elapsed: 4m 47s)
🏷️ Creating Flash M1 Labels (Aggression: 1.43 | Target: 2.3x)...
   ✅ Pulse Distribution: BUY 201 | SELL 214 | WAIT 676
   🧬 Strategy: Target=2.3x | Friction=1.43 | Depth=4

🛸 SEARCH GENERATION 155 (Elapsed: 4m 49s)
🏷️ Creating Flash M1 Labels (Aggression: 1.33 | Target: 2.9x)...
   ✅ Pulse Distribution: BUY 138 | SELL 155 | WAIT 798
   🧬 Strategy: Target=2.9x | Friction=1.33 | Depth=3
      🎓 Learning from 2 pattern failures...

🛸 SEARCH GENERATION 156 (Elapsed: 4m 51s)
🏷️ Creating Flash M1 Labels (Aggression: 1.33 | Target: 2.9x)...
   ✅ Pulse Distribution: BUY 141 | SELL 158 | WAIT 792
   🧬 Strategy: Target=2.9x | Friction=1.33 | Depth=4

🛸 SEARCH GENERATION 157 (Elapsed: 4m 53s)
🏷️ Creating Flash M1 Labels (Aggression: 1.96 | Target: 2.6x)...
   ✅ Pulse Distribution: BUY 152 | SELL 173 | WAIT 766
   🧬 Strategy: Target=2.6x | Friction=1.96 | Depth=4
      🎓 Learning from 3 pattern failures...

🛸 SEARCH GENERATION 158 (Elapsed: 4m 55s)
🏷️ Creating Flash M1 Labels (Aggression: 0.81 | Target: 1.8x)...
   ✅ Pulse Distribution: BUY 248 | SELL 270 | WAIT 573
   🧬 Strategy: Target=1.8x | Friction=0.81 | Depth=4

🛸 SEARCH GENERATION 159 (Elapsed: 4m 56s)
🏷️ Creating Flash M1 Labels (Aggression: 0.98 | Target: 2.2x)...
   ✅ Pulse Distribution: BUY 209 | SELL 224 | WAIT 658
   🧬 Strategy: Target=2.2x | Friction=0.98 | Depth=4

🛸 SEARCH GENERATION 160 (Elapsed: 4m 57s)
🏷️ Creating Flash M1 Labels (Aggression: 0.78 | Target: 1.9x)...
   ✅ Pulse Distribution: BUY 245 | SELL 263 | WAIT 583
   🧬 Strategy: Target=1.9x | Friction=0.78 | Depth=3

🛸 SEARCH GENERATION 161 (Elapsed: 4m 59s)
🏷️ Creating Flash M1 Labels (Aggression: 1.44 | Target: 2.8x)...
   ✅ Pulse Distribution: BUY 141 | SELL 162 | WAIT 788
   🧬 Strategy: Target=2.8x | Friction=1.44 | Depth=3
      🎓 Learning from 2 pattern failures...

🛸 SEARCH GENERATION 162 (Elapsed: 5m 0s)
🏷️ Creating Flash M1 Labels (Aggression: 1.58 | Target: 2.5x)...
   ✅ Pulse Distribution: BUY 160 | SELL 182 | WAIT 749
   🧬 Strategy: Target=2.5x | Friction=1.58 | Depth=3
      🎓 Learning from 2 pattern failures...

🛸 SEARCH GENERATION 163 (Elapsed: 5m 2s)
🏷️ Creating Flash M1 Labels (Aggression: 0.71 | Target: 1.8x)...
   ✅ Pulse Distribution: BUY 248 | SELL 269 | WAIT 574
   🧬 Strategy: Target=1.8x | Friction=0.71 | Depth=3

🛸 SEARCH GENERATION 164 (Elapsed: 5m 3s)
🏷️ Creating Flash M1 Labels (Aggression: 1.97 | Target: 2.3x)...
   ✅ Pulse Distribution: BUY 193 | SELL 211 | WAIT 687
/var/www/GIA/backend/training/train_v2_flash_m1.py:391: FutureWarning: The behavior of 'isin' with dtype=datetime64[ns] and castable values (e.g. strings) is deprecated. In a future version, these will not be considered matching by isin. Explicitly cast to the appropriate dtype before calling isin instead.
  mask = train_labeled['date'].isin(loss_dates)
/var/www/GIA/backend/training/train_v2_flash_m1.py:391: FutureWarning: The behavior of 'isin' with dtype=datetime64[ns] and castable values (e.g. strings) is deprecated. In a future version, these will not be considered matching by isin. Explicitly cast to the appropriate dtype before calling isin instead.
  mask = train_labeled['date'].isin(loss_dates)
/var/www/GIA/backend/training/train_v2_flash_m1.py:391: FutureWarning: The behavior of 'isin' with dtype=datetime64[ns] and castable values (e.g. strings) is deprecated. In a future version, these will not be considered matching by isin. Explicitly cast to the appropriate dtype before calling isin instead.
  mask = train_labeled['date'].isin(loss_dates)
/var/www/GIA/backend/training/train_v2_flash_m1.py:391: FutureWarning: The behavior of 'isin' with dtype=datetime64[ns] and castable values (e.g. strings) is deprecated. In a future version, these will not be considered matching by isin. Explicitly cast to the appropriate dtype before calling isin instead.
  mask = train_labeled['date'].isin(loss_dates)
/var/www/GIA/backend/training/train_v2_flash_m1.py:391: FutureWarning: The behavior of 'isin' with dtype=datetime64[ns] and castable values (e.g. strings) is deprecated. In a future version, these will not be considered matching by isin. Explicitly cast to the appropriate dtype before calling isin instead.
  mask = train_labeled['date'].isin(loss_dates)
/var/www/GIA/backend/training/train_v2_flash_m1.py:391: FutureWarning: The behavior of 'isin' with dtype=datetime64[ns] and castable values (e.g. strings) is deprecated. In a future version, these will not be considered matching by isin. Explicitly cast to the appropriate dtype before calling isin instead.
  mask = train_labeled['date'].isin(loss_dates)
/var/www/GIA/backend/training/train_v2_flash_m1.py:391: FutureWarning: The behavior of 'isin' with dtype=datetime64[ns] and castable values (e.g. strings) is deprecated. In a future version, these will not be considered matching by isin. Explicitly cast to the appropriate dtype before calling isin instead.
  mask = train_labeled['date'].isin(loss_dates)
/var/www/GIA/backend/training/train_v2_flash_m1.py:391: FutureWarning: The behavior of 'isin' with dtype=datetime64[ns] and castable values (e.g. strings) is deprecated. In a future version, these will not be considered matching by isin. Explicitly cast to the appropriate dtype before calling isin instead.
  mask = train_labeled['date'].isin(loss_dates)
/var/www/GIA/backend/training/train_v2_flash_m1.py:391: FutureWarning: The behavior of 'isin' with dtype=datetime64[ns] and castable values (e.g. strings) is deprecated. In a future version, these will not be considered matching by isin. Explicitly cast to the appropriate dtype before calling isin instead.
  mask = train_labeled['date'].isin(loss_dates)
/var/www/GIA/backend/training/train_v2_flash_m1.py:391: FutureWarning: The behavior of 'isin' with dtype=datetime64[ns] and castable values (e.g. strings) is deprecated. In a future version, these will not be considered matching by isin. Explicitly cast to the appropriate dtype before calling isin instead.
  mask = train_labeled['date'].isin(loss_dates)
/var/www/GIA/backend/training/train_v2_flash_m1.py:391: FutureWarning: The behavior of 'isin' with dtype=datetime64[ns] and castable values (e.g. strings) is deprecated. In a future version, these will not be considered matching by isin. Explicitly cast to the appropriate dtype before calling isin instead.
  mask = train_labeled['date'].isin(loss_dates)
/var/www/GIA/backend/training/train_v2_flash_m1.py:391: FutureWarning: The behavior of 'isin' with dtype=datetime64[ns] and castable values (e.g. strings) is deprecated. In a future version, these will not be considered matching by isin. Explicitly cast to the appropriate dtype before calling isin instead.
  mask = train_labeled['date'].isin(loss_dates)
/var/www/GIA/backend/training/train_v2_flash_m1.py:391: FutureWarning: The behavior of 'isin' with dtype=datetime64[ns] and castable values (e.g. strings) is deprecated. In a future version, these will not be considered matching by isin. Explicitly cast to the appropriate dtype before calling isin instead.
  mask = train_labeled['date'].isin(loss_dates)
/var/www/GIA/backend/training/train_v2_flash_m1.py:391: FutureWarning: The behavior of 'isin' with dtype=datetime64[ns] and castable values (e.g. strings) is deprecated. In a future version, these will not be considered matching by isin. Explicitly cast to the appropriate dtype before calling isin instead.
  mask = train_labeled['date'].isin(loss_dates)
/var/www/GIA/backend/training/train_v2_flash_m1.py:391: FutureWarning: The behavior of 'isin' with dtype=datetime64[ns] and castable values (e.g. strings) is deprecated. In a future version, these will not be considered matching by isin. Explicitly cast to the appropriate dtype before calling isin instead.
  mask = train_labeled['date'].isin(loss_dates)
/var/www/GIA/backend/training/train_v2_flash_m1.py:391: FutureWarning: The behavior of 'isin' with dtype=datetime64[ns] and castable values (e.g. strings) is deprecated. In a future version, these will not be considered matching by isin. Explicitly cast to the appropriate dtype before calling isin instead.
  mask = train_labeled['date'].isin(loss_dates)
   🧬 Strategy: Target=2.3x | Friction=1.97 | Depth=3

🛸 SEARCH GENERATION 165 (Elapsed: 5m 4s)
🏷️ Creating Flash M1 Labels (Aggression: 0.92 | Target: 2.1x)...
   ✅ Pulse Distribution: BUY 217 | SELL 234 | WAIT 640
   🧬 Strategy: Target=2.1x | Friction=0.92 | Depth=3

🛸 SEARCH GENERATION 166 (Elapsed: 5m 5s)
🏷️ Creating Flash M1 Labels (Aggression: 1.97 | Target: 2.1x)...
   ✅ Pulse Distribution: BUY 211 | SELL 230 | WAIT 650
   🧬 Strategy: Target=2.1x | Friction=1.97 | Depth=3
      🎓 Learning from 1 pattern failures...

🛸 SEARCH GENERATION 167 (Elapsed: 5m 8s)
🏷️ Creating Flash M1 Labels (Aggression: 1.04 | Target: 1.6x)...
   ✅ Pulse Distribution: BUY 264 | SELL 284 | WAIT 543
   🧬 Strategy: Target=1.6x | Friction=1.04 | Depth=4

🛸 SEARCH GENERATION 168 (Elapsed: 5m 10s)
🏷️ Creating Flash M1 Labels (Aggression: 1.78 | Target: 2.1x)...
   ✅ Pulse Distribution: BUY 211 | SELL 230 | WAIT 650
   🧬 Strategy: Target=2.1x | Friction=1.78 | Depth=3
      🎓 Learning from 5 pattern failures...

🛸 SEARCH GENERATION 169 (Elapsed: 5m 11s)
🏷️ Creating Flash M1 Labels (Aggression: 1.64 | Target: 2.4x)...
   ✅ Pulse Distribution: BUY 177 | SELL 195 | WAIT 719
   🧬 Strategy: Target=2.4x | Friction=1.64 | Depth=4

🛸 SEARCH GENERATION 170 (Elapsed: 5m 12s)
🏷️ Creating Flash M1 Labels (Aggression: 0.73 | Target: 1.7x)...
   ✅ Pulse Distribution: BUY 250 | SELL 274 | WAIT 567
   🧬 Strategy: Target=1.7x | Friction=0.73 | Depth=3
      🎓 Learning from 5 pattern failures...

🛸 SEARCH GENERATION 171 (Elapsed: 5m 15s)
🏷️ Creating Flash M1 Labels (Aggression: 0.89 | Target: 2.8x)...
   ✅ Pulse Distribution: BUY 146 | SELL 170 | WAIT 775
   🧬 Strategy: Target=2.8x | Friction=0.89 | Depth=3
      🎓 Learning from 3 pattern failures...

🛸 SEARCH GENERATION 172 (Elapsed: 5m 18s)
🏷️ Creating Flash M1 Labels (Aggression: 1.83 | Target: 1.6x)...
   ✅ Pulse Distribution: BUY 254 | SELL 274 | WAIT 563
   🧬 Strategy: Target=1.6x | Friction=1.83 | Depth=3
      🎓 Learning from 5 pattern failures...

🛸 SEARCH GENERATION 173 (Elapsed: 5m 20s)
🏷️ Creating Flash M1 Labels (Aggression: 0.89 | Target: 1.6x)...
   ✅ Pulse Distribution: BUY 257 | SELL 279 | WAIT 555
   🧬 Strategy: Target=1.6x | Friction=0.89 | Depth=4

🛸 SEARCH GENERATION 174 (Elapsed: 5m 21s)
🏷️ Creating Flash M1 Labels (Aggression: 1.69 | Target: 1.6x)...
   ✅ Pulse Distribution: BUY 255 | SELL 275 | WAIT 561
   🧬 Strategy: Target=1.6x | Friction=1.69 | Depth=4
      🎓 Learning from 6 pattern failures...

🛸 SEARCH GENERATION 175 (Elapsed: 5m 24s)
🏷️ Creating Flash M1 Labels (Aggression: 0.90 | Target: 2.1x)...
   ✅ Pulse Distribution: BUY 221 | SELL 238 | WAIT 632
   🧬 Strategy: Target=2.1x | Friction=0.90 | Depth=4

🛸 SEARCH GENERATION 176 (Elapsed: 5m 26s)
🏷️ Creating Flash M1 Labels (Aggression: 1.87 | Target: 2.1x)...
   ✅ Pulse Distribution: BUY 215 | SELL 231 | WAIT 645
   🧬 Strategy: Target=2.1x | Friction=1.87 | Depth=3

🛸 SEARCH GENERATION 177 (Elapsed: 5m 27s)
🏷️ Creating Flash M1 Labels (Aggression: 0.84 | Target: 2.5x)...
   ✅ Pulse Distribution: BUY 174 | SELL 198 | WAIT 719
   🧬 Strategy: Target=2.5x | Friction=0.84 | Depth=4
      🎓 Learning from 2 pattern failures...

🛸 SEARCH GENERATION 178 (Elapsed: 5m 29s)
🏷️ Creating Flash M1 Labels (Aggression: 1.26 | Target: 1.7x)...
   ✅ Pulse Distribution: BUY 253 | SELL 274 | WAIT 564
   🧬 Strategy: Target=1.7x | Friction=1.26 | Depth=4

🛸 SEARCH GENERATION 179 (Elapsed: 5m 30s)
🏷️ Creating Flash M1 Labels (Aggression: 1.66 | Target: 2.0x)...
   ✅ Pulse Distribution: BUY 224 | SELL 243 | WAIT 624
   🧬 Strategy: Target=2.0x | Friction=1.66 | Depth=3
      🎓 Learning from 1 pattern failures...

🛸 SEARCH GENERATION 180 (Elapsed: 5m 32s)
🏷️ Creating Flash M1 Labels (Aggression: 1.33 | Target: 1.6x)...
   ✅ Pulse Distribution: BUY 257 | SELL 279 | WAIT 555
   🧬 Strategy: Target=1.6x | Friction=1.33 | Depth=4

🛸 SEARCH GENERATION 181 (Elapsed: 5m 35s)
🏷️ Creating Flash M1 Labels (Aggression: 0.80 | Target: 1.9x)...
   ✅ Pulse Distribution: BUY 245 | SELL 263 | WAIT 583
   🧬 Strategy: Target=1.9x | Friction=0.80 | Depth=4

🛸 SEARCH GENERATION 182 (Elapsed: 5m 36s)
🏷️ Creating Flash M1 Labels (Aggression: 1.29 | Target: 1.8x)...
   ✅ Pulse Distribution: BUY 243 | SELL 262 | WAIT 586
   🧬 Strategy: Target=1.8x | Friction=1.29 | Depth=3
      🎓 Learning from 2 pattern failures...

🛸 SEARCH GENERATION 183 (Elapsed: 5m 42s)
🏷️ Creating Flash M1 Labels (Aggression: 1.54 | Target: 2.0x)...
   ✅ Pulse Distribution: BUY 222 | SELL 240 | WAIT 629
   🧬 Strategy: Target=2.0x | Friction=1.54 | Depth=4

🛸 SEARCH GENERATION 184 (Elapsed: 5m 44s)
🏷️ Creating Flash M1 Labels (Aggression: 1.27 | Target: 1.7x)...
   ✅ Pulse Distribution: BUY 250 | SELL 272 | WAIT 569
   🧬 Strategy: Target=1.7x | Friction=1.27 | Depth=4
      🎓 Learning from 1 pattern failures...

🛸 SEARCH GENERATION 185 (Elapsed: 5m 46s)
🏷️ Creating Flash M1 Labels (Aggression: 1.86 | Target: 2.5x)...
   ✅ Pulse Distribution: BUY 165 | SELL 189 | WAIT 737
   🧬 Strategy: Target=2.5x | Friction=1.86 | Depth=4
      🎓 Learning from 3 pattern failures...

🛸 SEARCH GENERATION 186 (Elapsed: 5m 49s)
🏷️ Creating Flash M1 Labels (Aggression: 1.22 | Target: 2.2x)...
   ✅ Pulse Distribution: BUY 207 | SELL 224 | WAIT 660
   🧬 Strategy: Target=2.2x | Friction=1.22 | Depth=3
      🎓 Learning from 2 pattern failures...

🛸 SEARCH GENERATION 187 (Elapsed: 5m 50s)
🏷️ Creating Flash M1 Labels (Aggression: 1.57 | Target: 2.3x)...
   ✅ Pulse Distribution: BUY 193 | SELL 211 | WAIT 687
   🧬 Strategy: Target=2.3x | Friction=1.57 | Depth=3
      🎓 Learning from 1 pattern failures...

🛸 SEARCH GENERATION 188 (Elapsed: 5m 52s)
🏷️ Creating Flash M1 Labels (Aggression: 1.03 | Target: 1.7x)...
   ✅ Pulse Distribution: BUY 253 | SELL 275 | WAIT 563
   🧬 Strategy: Target=1.7x | Friction=1.03 | Depth=3

🛸 SEARCH GENERATION 189 (Elapsed: 5m 52s)
🏷️ Creating Flash M1 Labels (Aggression: 0.80 | Target: 2.5x)...
   ✅ Pulse Distribution: BUY 171 | SELL 191 | WAIT 729
   🧬 Strategy: Target=2.5x | Friction=0.80 | Depth=4
      🎓 Learning from 3 pattern failures...

🛸 SEARCH GENERATION 190 (Elapsed: 5m 55s)
🏷️ Creating Flash M1 Labels (Aggression: 1.48 | Target: 2.3x)...
   ✅ Pulse Distribution: BUY 189 | SELL 208 | WAIT 694
   🧬 Strategy: Target=2.3x | Friction=1.48 | Depth=4
      🎓 Learning from 3 pattern failures...

🛸 SEARCH GENERATION 191 (Elapsed: 5m 57s)
🏷️ Creating Flash M1 Labels (Aggression: 1.43 | Target: 2.3x)...
   ✅ Pulse Distribution: BUY 191 | SELL 210 | WAIT 690
   🧬 Strategy: Target=2.3x | Friction=1.43 | Depth=4

🛸 SEARCH GENERATION 192 (Elapsed: 5m 57s)
🏷️ Creating Flash M1 Labels (Aggression: 1.39 | Target: 1.5x)...
   ✅ Pulse Distribution: BUY 262 | SELL 284 | WAIT 545
   🧬 Strategy: Target=1.5x | Friction=1.39 | Depth=3
      🎓 Learning from 7 pattern failures...

🛸 SEARCH GENERATION 193 (Elapsed: 6m 1s)
🏷️ Creating Flash M1 Labels (Aggression: 1.54 | Target: 2.1x)...
   ✅ Pulse Distribution: BUY 210 | SELL 228 | WAIT 653
   🧬 Strategy: Target=2.1x | Friction=1.54 | Depth=4

🛸 SEARCH GENERATION 194 (Elapsed: 6m 2s)
🏷️ Creating Flash M1 Labels (Aggression: 1.84 | Target: 1.6x)...
   ✅ Pulse Distribution: BUY 254 | SELL 274 | WAIT 563
   🧬 Strategy: Target=1.6x | Friction=1.84 | Depth=3

🛸 SEARCH GENERATION 195 (Elapsed: 6m 4s)
🏷️ Creating Flash M1 Labels (Aggression: 1.62 | Target: 2.8x)...
   ✅ Pulse Distribution: BUY 141 | SELL 161 | WAIT 789
   🧬 Strategy: Target=2.8x | Friction=1.62 | Depth=4

🛸 SEARCH GENERATION 196 (Elapsed: 6m 5s)
🏷️ Creating Flash M1 Labels (Aggression: 1.85 | Target: 1.9x)...
   ✅ Pulse Distribution: BUY 237 | SELL 257 | WAIT 597
   🧬 Strategy: Target=1.9x | Friction=1.85 | Depth=3

🛸 SEARCH GENERATION 197 (Elapsed: 6m 6s)
/var/www/GIA/backend/training/train_v2_flash_m1.py:391: FutureWarning: The behavior of 'isin' with dtype=datetime64[ns] and castable values (e.g. strings) is deprecated. In a future version, these will not be considered matching by isin. Explicitly cast to the appropriate dtype before calling isin instead.
  mask = train_labeled['date'].isin(loss_dates)
/var/www/GIA/backend/training/train_v2_flash_m1.py:391: FutureWarning: The behavior of 'isin' with dtype=datetime64[ns] and castable values (e.g. strings) is deprecated. In a future version, these will not be considered matching by isin. Explicitly cast to the appropriate dtype before calling isin instead.
  mask = train_labeled['date'].isin(loss_dates)
/var/www/GIA/backend/training/train_v2_flash_m1.py:391: FutureWarning: The behavior of 'isin' with dtype=datetime64[ns] and castable values (e.g. strings) is deprecated. In a future version, these will not be considered matching by isin. Explicitly cast to the appropriate dtype before calling isin instead.
  mask = train_labeled['date'].isin(loss_dates)
/var/www/GIA/backend/training/train_v2_flash_m1.py:391: FutureWarning: The behavior of 'isin' with dtype=datetime64[ns] and castable values (e.g. strings) is deprecated. In a future version, these will not be considered matching by isin. Explicitly cast to the appropriate dtype before calling isin instead.
  mask = train_labeled['date'].isin(loss_dates)
/var/www/GIA/backend/training/train_v2_flash_m1.py:391: FutureWarning: The behavior of 'isin' with dtype=datetime64[ns] and castable values (e.g. strings) is deprecated. In a future version, these will not be considered matching by isin. Explicitly cast to the appropriate dtype before calling isin instead.
  mask = train_labeled['date'].isin(loss_dates)
/var/www/GIA/backend/training/train_v2_flash_m1.py:391: FutureWarning: The behavior of 'isin' with dtype=datetime64[ns] and castable values (e.g. strings) is deprecated. In a future version, these will not be considered matching by isin. Explicitly cast to the appropriate dtype before calling isin instead.
  mask = train_labeled['date'].isin(loss_dates)
/var/www/GIA/backend/training/train_v2_flash_m1.py:391: FutureWarning: The behavior of 'isin' with dtype=datetime64[ns] and castable values (e.g. strings) is deprecated. In a future version, these will not be considered matching by isin. Explicitly cast to the appropriate dtype before calling isin instead.
  mask = train_labeled['date'].isin(loss_dates)
/var/www/GIA/backend/training/train_v2_flash_m1.py:391: FutureWarning: The behavior of 'isin' with dtype=datetime64[ns] and castable values (e.g. strings) is deprecated. In a future version, these will not be considered matching by isin. Explicitly cast to the appropriate dtype before calling isin instead.
  mask = train_labeled['date'].isin(loss_dates)
/var/www/GIA/backend/training/train_v2_flash_m1.py:391: FutureWarning: The behavior of 'isin' with dtype=datetime64[ns] and castable values (e.g. strings) is deprecated. In a future version, these will not be considered matching by isin. Explicitly cast to the appropriate dtype before calling isin instead.
  mask = train_labeled['date'].isin(loss_dates)
/var/www/GIA/backend/training/train_v2_flash_m1.py:391: FutureWarning: The behavior of 'isin' with dtype=datetime64[ns] and castable values (e.g. strings) is deprecated. In a future version, these will not be considered matching by isin. Explicitly cast to the appropriate dtype before calling isin instead.
  mask = train_labeled['date'].isin(loss_dates)
/var/www/GIA/backend/training/train_v2_flash_m1.py:391: FutureWarning: The behavior of 'isin' with dtype=datetime64[ns] and castable values (e.g. strings) is deprecated. In a future version, these will not be considered matching by isin. Explicitly cast to the appropriate dtype before calling isin instead.
  mask = train_labeled['date'].isin(loss_dates)
/var/www/GIA/backend/training/train_v2_flash_m1.py:391: FutureWarning: The behavior of 'isin' with dtype=datetime64[ns] and castable values (e.g. strings) is deprecated. In a future version, these will not be considered matching by isin. Explicitly cast to the appropriate dtype before calling isin instead.
  mask = train_labeled['date'].isin(loss_dates)
/var/www/GIA/backend/training/train_v2_flash_m1.py:391: FutureWarning: The behavior of 'isin' with dtype=datetime64[ns] and castable values (e.g. strings) is deprecated. In a future version, these will not be considered matching by isin. Explicitly cast to the appropriate dtype before calling isin instead.
  mask = train_labeled['date'].isin(loss_dates)
/var/www/GIA/backend/training/train_v2_flash_m1.py:391: FutureWarning: The behavior of 'isin' with dtype=datetime64[ns] and castable values (e.g. strings) is deprecated. In a future version, these will not be considered matching by isin. Explicitly cast to the appropriate dtype before calling isin instead.
  mask = train_labeled['date'].isin(loss_dates)
/var/www/GIA/backend/training/train_v2_flash_m1.py:391: FutureWarning: The behavior of 'isin' with dtype=datetime64[ns] and castable values (e.g. strings) is deprecated. In a future version, these will not be considered matching by isin. Explicitly cast to the appropriate dtype before calling isin instead.
  mask = train_labeled['date'].isin(loss_dates)
/var/www/GIA/backend/training/train_v2_flash_m1.py:391: FutureWarning: The behavior of 'isin' with dtype=datetime64[ns] and castable values (e.g. strings) is deprecated. In a future version, these will not be considered matching by isin. Explicitly cast to the appropriate dtype before calling isin instead.
  mask = train_labeled['date'].isin(loss_dates)
/var/www/GIA/backend/training/train_v2_flash_m1.py:391: FutureWarning: The behavior of 'isin' with dtype=datetime64[ns] and castable values (e.g. strings) is deprecated. In a future version, these will not be considered matching by isin. Explicitly cast to the appropriate dtype before calling isin instead.
  mask = train_labeled['date'].isin(loss_dates)
🏷️ Creating Flash M1 Labels (Aggression: 1.89 | Target: 2.5x)...
   ✅ Pulse Distribution: BUY 168 | SELL 190 | WAIT 733
   🧬 Strategy: Target=2.5x | Friction=1.89 | Depth=4

🛸 SEARCH GENERATION 198 (Elapsed: 6m 7s)
🏷️ Creating Flash M1 Labels (Aggression: 1.69 | Target: 2.7x)...
   ✅ Pulse Distribution: BUY 149 | SELL 171 | WAIT 771
   🧬 Strategy: Target=2.7x | Friction=1.69 | Depth=4
      🎓 Learning from 2 pattern failures...

🛸 SEARCH GENERATION 199 (Elapsed: 6m 10s)
🏷️ Creating Flash M1 Labels (Aggression: 1.08 | Target: 2.5x)...
   ✅ Pulse Distribution: BUY 177 | SELL 200 | WAIT 714
   🧬 Strategy: Target=2.5x | Friction=1.08 | Depth=3
      🎓 Learning from 3 pattern failures...

🛸 SEARCH GENERATION 200 (Elapsed: 6m 12s)
🏷️ Creating Flash M1 Labels (Aggression: 1.11 | Target: 1.8x)...
   ✅ Pulse Distribution: BUY 245 | SELL 265 | WAIT 581
   🧬 Strategy: Target=1.8x | Friction=1.11 | Depth=4

🛸 SEARCH GENERATION 201 (Elapsed: 6m 13s)
🏷️ Creating Flash M1 Labels (Aggression: 1.73 | Target: 3.0x)...
   ✅ Pulse Distribution: BUY 133 | SELL 149 | WAIT 809
   🧬 Strategy: Target=3.0x | Friction=1.73 | Depth=4
      🎓 Learning from 1 pattern failures...

🛸 SEARCH GENERATION 202 (Elapsed: 6m 15s)
🏷️ Creating Flash M1 Labels (Aggression: 1.04 | Target: 2.1x)...
   ✅ Pulse Distribution: BUY 222 | SELL 238 | WAIT 631
   🧬 Strategy: Target=2.1x | Friction=1.04 | Depth=4
      🎓 Learning from 8 pattern failures...

🛸 SEARCH GENERATION 203 (Elapsed: 6m 17s)
🏷️ Creating Flash M1 Labels (Aggression: 1.76 | Target: 1.8x)...
   ✅ Pulse Distribution: BUY 243 | SELL 264 | WAIT 584
   🧬 Strategy: Target=1.8x | Friction=1.76 | Depth=3

🛸 SEARCH GENERATION 204 (Elapsed: 6m 19s)
🏷️ Creating Flash M1 Labels (Aggression: 1.48 | Target: 2.3x)...
   ✅ Pulse Distribution: BUY 189 | SELL 210 | WAIT 692
   🧬 Strategy: Target=2.3x | Friction=1.48 | Depth=4

🛸 SEARCH GENERATION 205 (Elapsed: 6m 20s)
🏷️ Creating Flash M1 Labels (Aggression: 1.97 | Target: 1.9x)...
   ✅ Pulse Distribution: BUY 233 | SELL 255 | WAIT 603
   🧬 Strategy: Target=1.9x | Friction=1.97 | Depth=4

🛸 SEARCH GENERATION 206 (Elapsed: 6m 21s)
🏷️ Creating Flash M1 Labels (Aggression: 1.39 | Target: 1.8x)...
   ✅ Pulse Distribution: BUY 245 | SELL 266 | WAIT 580
   🧬 Strategy: Target=1.8x | Friction=1.39 | Depth=4
      🎓 Learning from 8 pattern failures...

🛸 SEARCH GENERATION 207 (Elapsed: 6m 25s)
🏷️ Creating Flash M1 Labels (Aggression: 0.86 | Target: 1.7x)...
   ✅ Pulse Distribution: BUY 255 | SELL 276 | WAIT 560
   🧬 Strategy: Target=1.7x | Friction=0.86 | Depth=4

🛸 SEARCH GENERATION 208 (Elapsed: 6m 26s)
🏷️ Creating Flash M1 Labels (Aggression: 1.03 | Target: 3.0x)...
   ✅ Pulse Distribution: BUY 135 | SELL 154 | WAIT 802
   🧬 Strategy: Target=3.0x | Friction=1.03 | Depth=4
      🎓 Learning from 1 pattern failures...

🛸 SEARCH GENERATION 209 (Elapsed: 6m 30s)
🏷️ Creating Flash M1 Labels (Aggression: 1.04 | Target: 2.6x)...
   ✅ Pulse Distribution: BUY 161 | SELL 182 | WAIT 748
   🧬 Strategy: Target=2.6x | Friction=1.04 | Depth=3
      🎓 Learning from 1 pattern failures...

🛸 SEARCH GENERATION 210 (Elapsed: 6m 32s)
🏷️ Creating Flash M1 Labels (Aggression: 1.75 | Target: 2.7x)...
   ✅ Pulse Distribution: BUY 145 | SELL 168 | WAIT 778
   🧬 Strategy: Target=2.7x | Friction=1.75 | Depth=3

🛸 SEARCH GENERATION 211 (Elapsed: 6m 34s)
🏷️ Creating Flash M1 Labels (Aggression: 1.38 | Target: 2.6x)...
   ✅ Pulse Distribution: BUY 158 | SELL 179 | WAIT 754
   🧬 Strategy: Target=2.6x | Friction=1.38 | Depth=3
      🎓 Learning from 2 pattern failures...

🛸 SEARCH GENERATION 212 (Elapsed: 6m 37s)
🏷️ Creating Flash M1 Labels (Aggression: 1.91 | Target: 2.9x)...
   ✅ Pulse Distribution: BUY 135 | SELL 152 | WAIT 804
   🧬 Strategy: Target=2.9x | Friction=1.91 | Depth=3
      🎓 Learning from 2 pattern failures...

🛸 SEARCH GENERATION 213 (Elapsed: 6m 41s)
🏷️ Creating Flash M1 Labels (Aggression: 1.57 | Target: 3.0x)...
   ✅ Pulse Distribution: BUY 131 | SELL 149 | WAIT 811
   🧬 Strategy: Target=3.0x | Friction=1.57 | Depth=4
      🎓 Learning from 1 pattern failures...

🛸 SEARCH GENERATION 214 (Elapsed: 6m 43s)
🏷️ Creating Flash M1 Labels (Aggression: 1.61 | Target: 1.9x)...
   ✅ Pulse Distribution: BUY 228 | SELL 249 | WAIT 614
   🧬 Strategy: Target=1.9x | Friction=1.61 | Depth=3
      🎓 Learning from 4 pattern failures...

🛸 SEARCH GENERATION 215 (Elapsed: 6m 46s)
🏷️ Creating Flash M1 Labels (Aggression: 1.05 | Target: 1.5x)...
   ✅ Pulse Distribution: BUY 267 | SELL 287 | WAIT 537
   🧬 Strategy: Target=1.5x | Friction=1.05 | Depth=3

🛸 SEARCH GENERATION 216 (Elapsed: 6m 47s)
🏷️ Creating Flash M1 Labels (Aggression: 1.48 | Target: 2.4x)...
   ✅ Pulse Distribution: BUY 179 | SELL 199 | WAIT 713
   🧬 Strategy: Target=2.4x | Friction=1.48 | Depth=3
      🎓 Learning from 5 pattern failures...

🛸 SEARCH GENERATION 217 (Elapsed: 6m 50s)
🏷️ Creating Flash M1 Labels (Aggression: 1.64 | Target: 2.5x)...
   ✅ Pulse Distribution: BUY 166 | SELL 189 | WAIT 736
   🧬 Strategy: Target=2.5x | Friction=1.64 | Depth=4
      🎓 Learning from 1 pattern failures...

🛸 SEARCH GENERATION 218 (Elapsed: 6m 53s)
🏷️ Creating Flash M1 Labels (Aggression: 0.75 | Target: 1.6x)...
   ✅ Pulse Distribution: BUY 265 | SELL 285 | WAIT 541
   🧬 Strategy: Target=1.6x | Friction=0.75 | Depth=3

🛸 SEARCH GENERATION 219 (Elapsed: 6m 54s)
🏷️ Creating Flash M1 Labels (Aggression: 1.90 | Target: 2.7x)...
   ✅ Pulse Distribution: BUY 149 | SELL 171 | WAIT 771
   🧬 Strategy: Target=2.7x | Friction=1.90 | Depth=4
      🎓 Learning from 2 pattern failures...

🛸 SEARCH GENERATION 220 (Elapsed: 6m 58s)
🏷️ Creating Flash M1 Labels (Aggression: 0.95 | Target: 2.9x)...
   ✅ Pulse Distribution: BUY 138 | SELL 157 | WAIT 796
   🧬 Strategy: Target=2.9x | Friction=0.95 | Depth=3
      🎓 Learning from 2 pattern failures...

🛸 SEARCH GENERATION 221 (Elapsed: 7m 1s)
🏷️ Creating Flash M1 Labels (Aggression: 1.73 | Target: 1.6x)...
   ✅ Pulse Distribution: BUY 253 | SELL 274 | WAIT 564
   🧬 Strategy: Target=1.6x | Friction=1.73 | Depth=3
      🎓 Learning from 1 pattern failures...

🛸 SEARCH GENERATION 222 (Elapsed: 7m 4s)
🏷️ Creating Flash M1 Labels (Aggression: 0.99 | Target: 1.8x)...
   ✅ Pulse Distribution: BUY 247 | SELL 268 | WAIT 576
   🧬 Strategy: Target=1.8x | Friction=0.99 | Depth=3

🛸 SEARCH GENERATION 223 (Elapsed: 7m 5s)
🏷️ Creating Flash M1 Labels (Aggression: 0.89 | Target: 2.5x)...
   ✅ Pulse Distribution: BUY 177 | SELL 201 | WAIT 713
   🧬 Strategy: Target=2.5x | Friction=0.89 | Depth=4
      🎓 Learning from 4 pattern failures...

🛸 SEARCH GENERATION 224 (Elapsed: 7m 7s)
🏷️ Creating Flash M1 Labels (Aggression: 1.45 | Target: 1.7x)...
   ✅ Pulse Distribution: BUY 253 | SELL 274 | WAIT 564
   🧬 Strategy: Target=1.7x | Friction=1.45 | Depth=4

🛸 SEARCH GENERATION 225 (Elapsed: 7m 9s)
🏷️ Creating Flash M1 Labels (Aggression: 1.59 | Target: 1.8x)...
   ✅ Pulse Distribution: BUY 243 | SELL 263 | WAIT 585
   🧬 Strategy: Target=1.8x | Friction=1.59 | Depth=4

🛸 SEARCH GENERATION 226 (Elapsed: 7m 10s)
🏷️ Creating Flash M1 Labels (Aggression: 0.72 | Target: 2.1x)...
   ✅ Pulse Distribution: BUY 226 | SELL 247 | WAIT 618
   🧬 Strategy: Target=2.1x | Friction=0.72 | Depth=3

🛸 SEARCH GENERATION 227 (Elapsed: 7m 11s)
🏷️ Creating Flash M1 Labels (Aggression: 1.89 | Target: 2.2x)...
   ✅ Pulse Distribution: BUY 209 | SELL 224 | WAIT 658
   🧬 Strategy: Target=2.2x | Friction=1.89 | Depth=3

🛸 SEARCH GENERATION 228 (Elapsed: 7m 13s)
🏷️ Creating Flash M1 Labels (Aggression: 1.27 | Target: 1.7x)...
   ✅ Pulse Distribution: BUY 250 | SELL 272 | WAIT 569
   🧬 Strategy: Target=1.7x | Friction=1.27 | Depth=3

🛸 SEARCH GENERATION 229 (Elapsed: 7m 15s)
🏷️ Creating Flash M1 Labels (Aggression: 1.17 | Target: 2.8x)...
/var/www/GIA/backend/training/train_v2_flash_m1.py:391: FutureWarning: The behavior of 'isin' with dtype=datetime64[ns] and castable values (e.g. strings) is deprecated. In a future version, these will not be considered matching by isin. Explicitly cast to the appropriate dtype before calling isin instead.
  mask = train_labeled['date'].isin(loss_dates)
/var/www/GIA/backend/training/train_v2_flash_m1.py:391: FutureWarning: The behavior of 'isin' with dtype=datetime64[ns] and castable values (e.g. strings) is deprecated. In a future version, these will not be considered matching by isin. Explicitly cast to the appropriate dtype before calling isin instead.
  mask = train_labeled['date'].isin(loss_dates)
/var/www/GIA/backend/training/train_v2_flash_m1.py:391: FutureWarning: The behavior of 'isin' with dtype=datetime64[ns] and castable values (e.g. strings) is deprecated. In a future version, these will not be considered matching by isin. Explicitly cast to the appropriate dtype before calling isin instead.
  mask = train_labeled['date'].isin(loss_dates)
/var/www/GIA/backend/training/train_v2_flash_m1.py:391: FutureWarning: The behavior of 'isin' with dtype=datetime64[ns] and castable values (e.g. strings) is deprecated. In a future version, these will not be considered matching by isin. Explicitly cast to the appropriate dtype before calling isin instead.
  mask = train_labeled['date'].isin(loss_dates)
/var/www/GIA/backend/training/train_v2_flash_m1.py:391: FutureWarning: The behavior of 'isin' with dtype=datetime64[ns] and castable values (e.g. strings) is deprecated. In a future version, these will not be considered matching by isin. Explicitly cast to the appropriate dtype before calling isin instead.
  mask = train_labeled['date'].isin(loss_dates)
/var/www/GIA/backend/training/train_v2_flash_m1.py:391: FutureWarning: The behavior of 'isin' with dtype=datetime64[ns] and castable values (e.g. strings) is deprecated. In a future version, these will not be considered matching by isin. Explicitly cast to the appropriate dtype before calling isin instead.
  mask = train_labeled['date'].isin(loss_dates)
/var/www/GIA/backend/training/train_v2_flash_m1.py:391: FutureWarning: The behavior of 'isin' with dtype=datetime64[ns] and castable values (e.g. strings) is deprecated. In a future version, these will not be considered matching by isin. Explicitly cast to the appropriate dtype before calling isin instead.
  mask = train_labeled['date'].isin(loss_dates)
/var/www/GIA/backend/training/train_v2_flash_m1.py:391: FutureWarning: The behavior of 'isin' with dtype=datetime64[ns] and castable values (e.g. strings) is deprecated. In a future version, these will not be considered matching by isin. Explicitly cast to the appropriate dtype before calling isin instead.
  mask = train_labeled['date'].isin(loss_dates)
/var/www/GIA/backend/training/train_v2_flash_m1.py:391: FutureWarning: The behavior of 'isin' with dtype=datetime64[ns] and castable values (e.g. strings) is deprecated. In a future version, these will not be considered matching by isin. Explicitly cast to the appropriate dtype before calling isin instead.
  mask = train_labeled['date'].isin(loss_dates)
/var/www/GIA/backend/training/train_v2_flash_m1.py:391: FutureWarning: The behavior of 'isin' with dtype=datetime64[ns] and castable values (e.g. strings) is deprecated. In a future version, these will not be considered matching by isin. Explicitly cast to the appropriate dtype before calling isin instead.
  mask = train_labeled['date'].isin(loss_dates)
/var/www/GIA/backend/training/train_v2_flash_m1.py:391: FutureWarning: The behavior of 'isin' with dtype=datetime64[ns] and castable values (e.g. strings) is deprecated. In a future version, these will not be considered matching by isin. Explicitly cast to the appropriate dtype before calling isin instead.
  mask = train_labeled['date'].isin(loss_dates)
/var/www/GIA/backend/training/train_v2_flash_m1.py:391: FutureWarning: The behavior of 'isin' with dtype=datetime64[ns] and castable values (e.g. strings) is deprecated. In a future version, these will not be considered matching by isin. Explicitly cast to the appropriate dtype before calling isin instead.
  mask = train_labeled['date'].isin(loss_dates)
/var/www/GIA/backend/training/train_v2_flash_m1.py:391: FutureWarning: The behavior of 'isin' with dtype=datetime64[ns] and castable values (e.g. strings) is deprecated. In a future version, these will not be considered matching by isin. Explicitly cast to the appropriate dtype before calling isin instead.
  mask = train_labeled['date'].isin(loss_dates)
/var/www/GIA/backend/training/train_v2_flash_m1.py:391: FutureWarning: The behavior of 'isin' with dtype=datetime64[ns] and castable values (e.g. strings) is deprecated. In a future version, these will not be considered matching by isin. Explicitly cast to the appropriate dtype before calling isin instead.
  mask = train_labeled['date'].isin(loss_dates)
/var/www/GIA/backend/training/train_v2_flash_m1.py:391: FutureWarning: The behavior of 'isin' with dtype=datetime64[ns] and castable values (e.g. strings) is deprecated. In a future version, these will not be considered matching by isin. Explicitly cast to the appropriate dtype before calling isin instead.
  mask = train_labeled['date'].isin(loss_dates)
   ✅ Pulse Distribution: BUY 146 | SELL 170 | WAIT 775
   🧬 Strategy: Target=2.8x | Friction=1.17 | Depth=4

🛸 SEARCH GENERATION 230 (Elapsed: 7m 16s)
🏷️ Creating Flash M1 Labels (Aggression: 0.81 | Target: 1.6x)...
   ✅ Pulse Distribution: BUY 256 | SELL 279 | WAIT 556
   🧬 Strategy: Target=1.6x | Friction=0.81 | Depth=4

🛸 SEARCH GENERATION 231 (Elapsed: 7m 16s)
🏷️ Creating Flash M1 Labels (Aggression: 1.00 | Target: 2.6x)...
   ✅ Pulse Distribution: BUY 162 | SELL 184 | WAIT 745
   🧬 Strategy: Target=2.6x | Friction=1.00 | Depth=4

🛸 SEARCH GENERATION 232 (Elapsed: 7m 17s)
🏷️ Creating Flash M1 Labels (Aggression: 1.72 | Target: 2.2x)...
   ✅ Pulse Distribution: BUY 204 | SELL 218 | WAIT 669
   🧬 Strategy: Target=2.2x | Friction=1.72 | Depth=3
      🎓 Learning from 4 pattern failures...

🛸 SEARCH GENERATION 233 (Elapsed: 7m 20s)
🏷️ Creating Flash M1 Labels (Aggression: 1.51 | Target: 1.8x)...
   ✅ Pulse Distribution: BUY 244 | SELL 264 | WAIT 583
   🧬 Strategy: Target=1.8x | Friction=1.51 | Depth=3

🛸 SEARCH GENERATION 234 (Elapsed: 7m 22s)
🏷️ Creating Flash M1 Labels (Aggression: 0.79 | Target: 1.8x)...
   ✅ Pulse Distribution: BUY 247 | SELL 267 | WAIT 577
   🧬 Strategy: Target=1.8x | Friction=0.79 | Depth=3

🛸 SEARCH GENERATION 235 (Elapsed: 7m 23s)
🏷️ Creating Flash M1 Labels (Aggression: 0.78 | Target: 2.5x)...
   ✅ Pulse Distribution: BUY 182 | SELL 203 | WAIT 706
   🧬 Strategy: Target=2.5x | Friction=0.78 | Depth=3
      🎓 Learning from 2 pattern failures...

🛸 SEARCH GENERATION 236 (Elapsed: 7m 26s)
🏷️ Creating Flash M1 Labels (Aggression: 1.77 | Target: 2.0x)...
   ✅ Pulse Distribution: BUY 221 | SELL 237 | WAIT 633
   🧬 Strategy: Target=2.0x | Friction=1.77 | Depth=4

🛸 SEARCH GENERATION 237 (Elapsed: 7m 26s)
🏷️ Creating Flash M1 Labels (Aggression: 1.86 | Target: 1.7x)...
   ✅ Pulse Distribution: BUY 246 | SELL 267 | WAIT 578
   🧬 Strategy: Target=1.7x | Friction=1.86 | Depth=3

🛸 SEARCH GENERATION 238 (Elapsed: 7m 27s)
🏷️ Creating Flash M1 Labels (Aggression: 0.91 | Target: 2.3x)...
   ✅ Pulse Distribution: BUY 191 | SELL 210 | WAIT 690
   🧬 Strategy: Target=2.3x | Friction=0.91 | Depth=4

🛸 SEARCH GENERATION 239 (Elapsed: 7m 28s)
🏷️ Creating Flash M1 Labels (Aggression: 1.58 | Target: 1.7x)...
   ✅ Pulse Distribution: BUY 253 | SELL 274 | WAIT 564
   🧬 Strategy: Target=1.7x | Friction=1.58 | Depth=4

🛸 SEARCH GENERATION 240 (Elapsed: 7m 29s)
🏷️ Creating Flash M1 Labels (Aggression: 1.06 | Target: 2.2x)...
   ✅ Pulse Distribution: BUY 210 | SELL 228 | WAIT 653
   🧬 Strategy: Target=2.2x | Friction=1.06 | Depth=3
      🎓 Learning from 9 pattern failures...

🛸 SEARCH GENERATION 241 (Elapsed: 7m 32s)
🏷️ Creating Flash M1 Labels (Aggression: 1.18 | Target: 2.6x)...
   ✅ Pulse Distribution: BUY 161 | SELL 182 | WAIT 748
   🧬 Strategy: Target=2.6x | Friction=1.18 | Depth=3
      🎓 Learning from 3 pattern failures...

🛸 SEARCH GENERATION 242 (Elapsed: 7m 35s)
🏷️ Creating Flash M1 Labels (Aggression: 1.27 | Target: 2.1x)...
   ✅ Pulse Distribution: BUY 213 | SELL 230 | WAIT 648
   🧬 Strategy: Target=2.1x | Friction=1.27 | Depth=3

🛸 SEARCH GENERATION 243 (Elapsed: 7m 37s)
🏷️ Creating Flash M1 Labels (Aggression: 1.60 | Target: 2.8x)...
   ✅ Pulse Distribution: BUY 144 | SELL 165 | WAIT 782
   🧬 Strategy: Target=2.8x | Friction=1.60 | Depth=4
      🎓 Learning from 3 pattern failures...

🛸 SEARCH GENERATION 244 (Elapsed: 7m 42s)
🏷️ Creating Flash M1 Labels (Aggression: 1.06 | Target: 2.6x)...
   ✅ Pulse Distribution: BUY 162 | SELL 186 | WAIT 743
   🧬 Strategy: Target=2.6x | Friction=1.06 | Depth=3
      🎓 Learning from 2 pattern failures...

🛸 SEARCH GENERATION 245 (Elapsed: 7m 45s)
🏷️ Creating Flash M1 Labels (Aggression: 1.52 | Target: 1.9x)...
   ✅ Pulse Distribution: BUY 238 | SELL 258 | WAIT 595
   🧬 Strategy: Target=1.9x | Friction=1.52 | Depth=4

🛸 SEARCH GENERATION 246 (Elapsed: 7m 48s)
🏷️ Creating Flash M1 Labels (Aggression: 1.87 | Target: 2.8x)...
   ✅ Pulse Distribution: BUY 141 | SELL 163 | WAIT 787
   🧬 Strategy: Target=2.8x | Friction=1.87 | Depth=3
      🎓 Learning from 3 pattern failures...

🛸 SEARCH GENERATION 247 (Elapsed: 7m 51s)
🏷️ Creating Flash M1 Labels (Aggression: 1.10 | Target: 2.8x)...
   ✅ Pulse Distribution: BUY 146 | SELL 169 | WAIT 776
   🧬 Strategy: Target=2.8x | Friction=1.10 | Depth=3
      🎓 Learning from 3 pattern failures...

🛸 SEARCH GENERATION 248 (Elapsed: 7m 52s)
🏷️ Creating Flash M1 Labels (Aggression: 1.24 | Target: 1.7x)...
   ✅ Pulse Distribution: BUY 250 | SELL 272 | WAIT 569
   🧬 Strategy: Target=1.7x | Friction=1.24 | Depth=4
      🎓 Learning from 1 pattern failures...

🛸 SEARCH GENERATION 249 (Elapsed: 7m 55s)
🏷️ Creating Flash M1 Labels (Aggression: 1.72 | Target: 2.5x)...
   ✅ Pulse Distribution: BUY 158 | SELL 182 | WAIT 751
   🧬 Strategy: Target=2.5x | Friction=1.72 | Depth=3
      🎓 Learning from 2 pattern failures...

🛸 SEARCH GENERATION 250 (Elapsed: 7m 58s)
🏷️ Creating Flash M1 Labels (Aggression: 1.17 | Target: 2.1x)...
   ✅ Pulse Distribution: BUY 217 | SELL 234 | WAIT 640
   🧬 Strategy: Target=2.1x | Friction=1.17 | Depth=3

🛸 SEARCH GENERATION 251 (Elapsed: 7m 59s)
🏷️ Creating Flash M1 Labels (Aggression: 1.87 | Target: 2.6x)...
   ✅ Pulse Distribution: BUY 154 | SELL 177 | WAIT 760
   🧬 Strategy: Target=2.6x | Friction=1.87 | Depth=4

🛸 SEARCH GENERATION 252 (Elapsed: 8m 0s)
🏷️ Creating Flash M1 Labels (Aggression: 1.82 | Target: 1.9x)...
   ✅ Pulse Distribution: BUY 231 | SELL 250 | WAIT 610
   🧬 Strategy: Target=1.9x | Friction=1.82 | Depth=4

🛸 SEARCH GENERATION 253 (Elapsed: 8m 2s)
🏷️ Creating Flash M1 Labels (Aggression: 1.54 | Target: 1.9x)...
   ✅ Pulse Distribution: BUY 230 | SELL 251 | WAIT 610
   🧬 Strategy: Target=1.9x | Friction=1.54 | Depth=4
      🎓 Learning from 2 pattern failures...

🛸 SEARCH GENERATION 254 (Elapsed: 8m 4s)
🏷️ Creating Flash M1 Labels (Aggression: 1.38 | Target: 2.6x)...
   ✅ Pulse Distribution: BUY 154 | SELL 179 | WAIT 758
   🧬 Strategy: Target=2.6x | Friction=1.38 | Depth=4
      🎓 Learning from 2 pattern failures...

🛸 SEARCH GENERATION 255 (Elapsed: 8m 7s)
🏷️ Creating Flash M1 Labels (Aggression: 1.16 | Target: 2.6x)...
   ✅ Pulse Distribution: BUY 159 | SELL 179 | WAIT 753
   🧬 Strategy: Target=2.6x | Friction=1.16 | Depth=3

🛸 SEARCH GENERATION 256 (Elapsed: 8m 8s)
🏷️ Creating Flash M1 Labels (Aggression: 1.54 | Target: 1.9x)...
   ✅ Pulse Distribution: BUY 230 | SELL 253 | WAIT 608
   🧬 Strategy: Target=1.9x | Friction=1.54 | Depth=4

🛸 SEARCH GENERATION 257 (Elapsed: 8m 8s)
🏷️ Creating Flash M1 Labels (Aggression: 1.57 | Target: 2.1x)...
   ✅ Pulse Distribution: BUY 213 | SELL 230 | WAIT 648
   🧬 Strategy: Target=2.1x | Friction=1.57 | Depth=3

🛸 SEARCH GENERATION 258 (Elapsed: 8m 10s)
🏷️ Creating Flash M1 Labels (Aggression: 1.74 | Target: 2.8x)...
   ✅ Pulse Distribution: BUY 145 | SELL 167 | WAIT 779
   🧬 Strategy: Target=2.8x | Friction=1.74 | Depth=3
      🎓 Learning from 3 pattern failures...

🛸 SEARCH GENERATION 259 (Elapsed: 8m 12s)
🏷️ Creating Flash M1 Labels (Aggression: 0.73 | Target: 3.0x)...
   ✅ Pulse Distribution: BUY 136 | SELL 157 | WAIT 798
   🧬 Strategy: Target=3.0x | Friction=0.73 | Depth=3
      🎓 Learning from 2 pattern failures...

🛸 SEARCH GENERATION 260 (Elapsed: 8m 14s)
🏷️ Creating Flash M1 Labels (Aggression: 1.89 | Target: 2.0x)...
   ✅ Pulse Distribution: BUY 219 | SELL 236 | WAIT 636
   🧬 Strategy: Target=2.0x | Friction=1.89 | Depth=3
      🎓 Learning from 5 pattern failures...

🛸 SEARCH GENERATION 261 (Elapsed: 8m 17s)
🏷️ Creating Flash M1 Labels (Aggression: 1.63 | Target: 2.7x)...
   ✅ Pulse Distribution: BUY 145 | SELL 168 | WAIT 778
   🧬 Strategy: Target=2.7x | Friction=1.63 | Depth=3

🛸 SEARCH GENERATION 262 (Elapsed: 8m 18s)
/var/www/GIA/backend/training/train_v2_flash_m1.py:391: FutureWarning: The behavior of 'isin' with dtype=datetime64[ns] and castable values (e.g. strings) is deprecated. In a future version, these will not be considered matching by isin. Explicitly cast to the appropriate dtype before calling isin instead.
  mask = train_labeled['date'].isin(loss_dates)
/var/www/GIA/backend/training/train_v2_flash_m1.py:391: FutureWarning: The behavior of 'isin' with dtype=datetime64[ns] and castable values (e.g. strings) is deprecated. In a future version, these will not be considered matching by isin. Explicitly cast to the appropriate dtype before calling isin instead.
  mask = train_labeled['date'].isin(loss_dates)
/var/www/GIA/backend/training/train_v2_flash_m1.py:391: FutureWarning: The behavior of 'isin' with dtype=datetime64[ns] and castable values (e.g. strings) is deprecated. In a future version, these will not be considered matching by isin. Explicitly cast to the appropriate dtype before calling isin instead.
  mask = train_labeled['date'].isin(loss_dates)
/var/www/GIA/backend/training/train_v2_flash_m1.py:391: FutureWarning: The behavior of 'isin' with dtype=datetime64[ns] and castable values (e.g. strings) is deprecated. In a future version, these will not be considered matching by isin. Explicitly cast to the appropriate dtype before calling isin instead.
  mask = train_labeled['date'].isin(loss_dates)
/var/www/GIA/backend/training/train_v2_flash_m1.py:391: FutureWarning: The behavior of 'isin' with dtype=datetime64[ns] and castable values (e.g. strings) is deprecated. In a future version, these will not be considered matching by isin. Explicitly cast to the appropriate dtype before calling isin instead.
  mask = train_labeled['date'].isin(loss_dates)
/var/www/GIA/backend/training/train_v2_flash_m1.py:391: FutureWarning: The behavior of 'isin' with dtype=datetime64[ns] and castable values (e.g. strings) is deprecated. In a future version, these will not be considered matching by isin. Explicitly cast to the appropriate dtype before calling isin instead.
  mask = train_labeled['date'].isin(loss_dates)
/var/www/GIA/backend/training/train_v2_flash_m1.py:391: FutureWarning: The behavior of 'isin' with dtype=datetime64[ns] and castable values (e.g. strings) is deprecated. In a future version, these will not be considered matching by isin. Explicitly cast to the appropriate dtype before calling isin instead.
  mask = train_labeled['date'].isin(loss_dates)
/var/www/GIA/backend/training/train_v2_flash_m1.py:391: FutureWarning: The behavior of 'isin' with dtype=datetime64[ns] and castable values (e.g. strings) is deprecated. In a future version, these will not be considered matching by isin. Explicitly cast to the appropriate dtype before calling isin instead.
  mask = train_labeled['date'].isin(loss_dates)
/var/www/GIA/backend/training/train_v2_flash_m1.py:391: FutureWarning: The behavior of 'isin' with dtype=datetime64[ns] and castable values (e.g. strings) is deprecated. In a future version, these will not be considered matching by isin. Explicitly cast to the appropriate dtype before calling isin instead.
  mask = train_labeled['date'].isin(loss_dates)
/var/www/GIA/backend/training/train_v2_flash_m1.py:391: FutureWarning: The behavior of 'isin' with dtype=datetime64[ns] and castable values (e.g. strings) is deprecated. In a future version, these will not be considered matching by isin. Explicitly cast to the appropriate dtype before calling isin instead.
  mask = train_labeled['date'].isin(loss_dates)
/var/www/GIA/backend/training/train_v2_flash_m1.py:391: FutureWarning: The behavior of 'isin' with dtype=datetime64[ns] and castable values (e.g. strings) is deprecated. In a future version, these will not be considered matching by isin. Explicitly cast to the appropriate dtype before calling isin instead.
  mask = train_labeled['date'].isin(loss_dates)
/var/www/GIA/backend/training/train_v2_flash_m1.py:391: FutureWarning: The behavior of 'isin' with dtype=datetime64[ns] and castable values (e.g. strings) is deprecated. In a future version, these will not be considered matching by isin. Explicitly cast to the appropriate dtype before calling isin instead.
  mask = train_labeled['date'].isin(loss_dates)
/var/www/GIA/backend/training/train_v2_flash_m1.py:391: FutureWarning: The behavior of 'isin' with dtype=datetime64[ns] and castable values (e.g. strings) is deprecated. In a future version, these will not be considered matching by isin. Explicitly cast to the appropriate dtype before calling isin instead.
  mask = train_labeled['date'].isin(loss_dates)
/var/www/GIA/backend/training/train_v2_flash_m1.py:391: FutureWarning: The behavior of 'isin' with dtype=datetime64[ns] and castable values (e.g. strings) is deprecated. In a future version, these will not be considered matching by isin. Explicitly cast to the appropriate dtype before calling isin instead.
  mask = train_labeled['date'].isin(loss_dates)
/var/www/GIA/backend/training/train_v2_flash_m1.py:391: FutureWarning: The behavior of 'isin' with dtype=datetime64[ns] and castable values (e.g. strings) is deprecated. In a future version, these will not be considered matching by isin. Explicitly cast to the appropriate dtype before calling isin instead.
  mask = train_labeled['date'].isin(loss_dates)
/var/www/GIA/backend/training/train_v2_flash_m1.py:391: FutureWarning: The behavior of 'isin' with dtype=datetime64[ns] and castable values (e.g. strings) is deprecated. In a future version, these will not be considered matching by isin. Explicitly cast to the appropriate dtype before calling isin instead.
  mask = train_labeled['date'].isin(loss_dates)
🏷️ Creating Flash M1 Labels (Aggression: 1.14 | Target: 2.1x)...
   ✅ Pulse Distribution: BUY 213 | SELL 229 | WAIT 649
   🧬 Strategy: Target=2.1x | Friction=1.14 | Depth=4

🛸 SEARCH GENERATION 263 (Elapsed: 8m 20s)
🏷️ Creating Flash M1 Labels (Aggression: 1.97 | Target: 1.6x)...
   ✅ Pulse Distribution: BUY 252 | SELL 272 | WAIT 567
   🧬 Strategy: Target=1.6x | Friction=1.97 | Depth=4

🛸 SEARCH GENERATION 264 (Elapsed: 8m 22s)
🏷️ Creating Flash M1 Labels (Aggression: 1.58 | Target: 2.9x)...
   ✅ Pulse Distribution: BUY 134 | SELL 152 | WAIT 805
   🧬 Strategy: Target=2.9x | Friction=1.58 | Depth=3
      🎓 Learning from 2 pattern failures...

🛸 SEARCH GENERATION 265 (Elapsed: 8m 25s)
🏷️ Creating Flash M1 Labels (Aggression: 1.32 | Target: 2.8x)...
   ✅ Pulse Distribution: BUY 145 | SELL 168 | WAIT 778
   🧬 Strategy: Target=2.8x | Friction=1.32 | Depth=3

🛸 SEARCH GENERATION 266 (Elapsed: 8m 26s)
🏷️ Creating Flash M1 Labels (Aggression: 2.00 | Target: 1.8x)...
   ✅ Pulse Distribution: BUY 242 | SELL 261 | WAIT 588
   🧬 Strategy: Target=1.8x | Friction=2.00 | Depth=4

🛸 SEARCH GENERATION 267 (Elapsed: 8m 27s)
🏷️ Creating Flash M1 Labels (Aggression: 1.43 | Target: 2.8x)...
   ✅ Pulse Distribution: BUY 145 | SELL 168 | WAIT 778
   🧬 Strategy: Target=2.8x | Friction=1.43 | Depth=3
      🎓 Learning from 2 pattern failures...

🛸 SEARCH GENERATION 268 (Elapsed: 8m 30s)
🏷️ Creating Flash M1 Labels (Aggression: 1.22 | Target: 1.7x)...
   ✅ Pulse Distribution: BUY 255 | SELL 276 | WAIT 560
   🧬 Strategy: Target=1.7x | Friction=1.22 | Depth=4

🛸 SEARCH GENERATION 269 (Elapsed: 8m 32s)
🏷️ Creating Flash M1 Labels (Aggression: 1.75 | Target: 1.5x)...
   ✅ Pulse Distribution: BUY 261 | SELL 281 | WAIT 549
   🧬 Strategy: Target=1.5x | Friction=1.75 | Depth=4
      🎓 Learning from 1 pattern failures...

🛸 SEARCH GENERATION 270 (Elapsed: 8m 35s)
🏷️ Creating Flash M1 Labels (Aggression: 1.64 | Target: 2.3x)...
   ✅ Pulse Distribution: BUY 186 | SELL 205 | WAIT 700
   🧬 Strategy: Target=2.3x | Friction=1.64 | Depth=4

🛸 SEARCH GENERATION 271 (Elapsed: 8m 38s)
🏷️ Creating Flash M1 Labels (Aggression: 1.64 | Target: 2.4x)...
   ✅ Pulse Distribution: BUY 175 | SELL 194 | WAIT 722
   🧬 Strategy: Target=2.4x | Friction=1.64 | Depth=4
      🎓 Learning from 1 pattern failures...

🛸 SEARCH GENERATION 272 (Elapsed: 8m 42s)
🏷️ Creating Flash M1 Labels (Aggression: 1.60 | Target: 2.7x)...
   ✅ Pulse Distribution: BUY 147 | SELL 170 | WAIT 774
   🧬 Strategy: Target=2.7x | Friction=1.60 | Depth=4
      🎓 Learning from 3 pattern failures...

🛸 SEARCH GENERATION 273 (Elapsed: 8m 44s)
🏷️ Creating Flash M1 Labels (Aggression: 1.98 | Target: 2.0x)...
   ✅ Pulse Distribution: BUY 217 | SELL 232 | WAIT 642
   🧬 Strategy: Target=2.0x | Friction=1.98 | Depth=3

🛸 SEARCH GENERATION 274 (Elapsed: 8m 45s)
🏷️ Creating Flash M1 Labels (Aggression: 0.79 | Target: 2.7x)...
   ✅ Pulse Distribution: BUY 156 | SELL 178 | WAIT 757
   🧬 Strategy: Target=2.7x | Friction=0.79 | Depth=4

🛸 SEARCH GENERATION 275 (Elapsed: 8m 46s)
🏷️ Creating Flash M1 Labels (Aggression: 0.81 | Target: 1.6x)...
   ✅ Pulse Distribution: BUY 256 | SELL 279 | WAIT 556
   🧬 Strategy: Target=1.6x | Friction=0.81 | Depth=3
      🎓 Learning from 1 pattern failures...

🛸 SEARCH GENERATION 276 (Elapsed: 8m 48s)
🏷️ Creating Flash M1 Labels (Aggression: 1.99 | Target: 2.0x)...
   ✅ Pulse Distribution: BUY 219 | SELL 234 | WAIT 638
   🧬 Strategy: Target=2.0x | Friction=1.99 | Depth=3

🛸 SEARCH GENERATION 277 (Elapsed: 8m 49s)
🏷️ Creating Flash M1 Labels (Aggression: 1.27 | Target: 2.1x)...
   ✅ Pulse Distribution: BUY 213 | SELL 230 | WAIT 648
   🧬 Strategy: Target=2.1x | Friction=1.27 | Depth=4
      🎓 Learning from 4 pattern failures...

🛸 SEARCH GENERATION 278 (Elapsed: 8m 52s)
🏷️ Creating Flash M1 Labels (Aggression: 1.30 | Target: 1.6x)...
   ✅ Pulse Distribution: BUY 255 | SELL 276 | WAIT 560
   🧬 Strategy: Target=1.6x | Friction=1.30 | Depth=3
      🎓 Learning from 3 pattern failures...

🛸 SEARCH GENERATION 279 (Elapsed: 8m 56s)
🏷️ Creating Flash M1 Labels (Aggression: 1.98 | Target: 1.7x)...
   ✅ Pulse Distribution: BUY 244 | SELL 264 | WAIT 583
   🧬 Strategy: Target=1.7x | Friction=1.98 | Depth=4
      🎓 Learning from 5 pattern failures...

🛸 SEARCH GENERATION 280 (Elapsed: 9m 0s)
🏷️ Creating Flash M1 Labels (Aggression: 1.97 | Target: 1.6x)...
   ✅ Pulse Distribution: BUY 256 | SELL 276 | WAIT 559
   🧬 Strategy: Target=1.6x | Friction=1.97 | Depth=3

🛸 SEARCH GENERATION 281 (Elapsed: 9m 2s)
🏷️ Creating Flash M1 Labels (Aggression: 0.72 | Target: 2.8x)...
   ✅ Pulse Distribution: BUY 151 | SELL 171 | WAIT 769
   🧬 Strategy: Target=2.8x | Friction=0.72 | Depth=3

🛸 SEARCH GENERATION 282 (Elapsed: 9m 2s)
🏷️ Creating Flash M1 Labels (Aggression: 1.91 | Target: 2.9x)...
   ✅ Pulse Distribution: BUY 137 | SELL 155 | WAIT 799
   🧬 Strategy: Target=2.9x | Friction=1.91 | Depth=3

🛸 SEARCH GENERATION 283 (Elapsed: 9m 3s)
🏷️ Creating Flash M1 Labels (Aggression: 1.71 | Target: 2.0x)...
   ✅ Pulse Distribution: BUY 222 | SELL 237 | WAIT 632
   🧬 Strategy: Target=2.0x | Friction=1.71 | Depth=3

🛸 SEARCH GENERATION 284 (Elapsed: 9m 4s)
🏷️ Creating Flash M1 Labels (Aggression: 1.09 | Target: 1.8x)...
   ✅ Pulse Distribution: BUY 246 | SELL 268 | WAIT 577
   🧬 Strategy: Target=1.8x | Friction=1.09 | Depth=4
      🎓 Learning from 6 pattern failures...

🛸 SEARCH GENERATION 285 (Elapsed: 9m 7s)
🏷️ Creating Flash M1 Labels (Aggression: 1.99 | Target: 1.7x)...
   ✅ Pulse Distribution: BUY 251 | SELL 271 | WAIT 569
   🧬 Strategy: Target=1.7x | Friction=1.99 | Depth=3
      🎓 Learning from 3 pattern failures...

🛸 SEARCH GENERATION 286 (Elapsed: 9m 10s)
🏷️ Creating Flash M1 Labels (Aggression: 1.04 | Target: 2.7x)...
   ✅ Pulse Distribution: BUY 156 | SELL 178 | WAIT 757
   🧬 Strategy: Target=2.7x | Friction=1.04 | Depth=4
      🎓 Learning from 3 pattern failures...

🛸 SEARCH GENERATION 287 (Elapsed: 9m 13s)
🏷️ Creating Flash M1 Labels (Aggression: 1.78 | Target: 2.6x)...
   ✅ Pulse Distribution: BUY 156 | SELL 179 | WAIT 756
   🧬 Strategy: Target=2.6x | Friction=1.78 | Depth=4
      🎓 Learning from 2 pattern failures...

🛸 SEARCH GENERATION 288 (Elapsed: 9m 15s)
🏷️ Creating Flash M1 Labels (Aggression: 1.05 | Target: 2.3x)...
   ✅ Pulse Distribution: BUY 196 | SELL 213 | WAIT 682
   🧬 Strategy: Target=2.3x | Friction=1.05 | Depth=4

🛸 SEARCH GENERATION 289 (Elapsed: 9m 17s)
🏷️ Creating Flash M1 Labels (Aggression: 1.73 | Target: 2.2x)...
   ✅ Pulse Distribution: BUY 201 | SELL 215 | WAIT 675
   🧬 Strategy: Target=2.2x | Friction=1.73 | Depth=3
      🎓 Learning from 9 pattern failures...

🛸 SEARCH GENERATION 290 (Elapsed: 9m 21s)
🏷️ Creating Flash M1 Labels (Aggression: 0.74 | Target: 2.3x)...
   ✅ Pulse Distribution: BUY 208 | SELL 224 | WAIT 659
   🧬 Strategy: Target=2.3x | Friction=0.74 | Depth=4
      🎓 Learning from 3 pattern failures...

🛸 SEARCH GENERATION 291 (Elapsed: 9m 23s)
🏷️ Creating Flash M1 Labels (Aggression: 1.75 | Target: 2.3x)...
   ✅ Pulse Distribution: BUY 189 | SELL 206 | WAIT 696
   🧬 Strategy: Target=2.3x | Friction=1.75 | Depth=4

🛸 SEARCH GENERATION 292 (Elapsed: 9m 24s)
🏷️ Creating Flash M1 Labels (Aggression: 1.06 | Target: 2.9x)...
   ✅ Pulse Distribution: BUY 142 | SELL 162 | WAIT 787
   🧬 Strategy: Target=2.9x | Friction=1.06 | Depth=4
      🎓 Learning from 1 pattern failures...

🛸 SEARCH GENERATION 293 (Elapsed: 9m 25s)
🏷️ Creating Flash M1 Labels (Aggression: 1.58 | Target: 2.5x)...
   ✅ Pulse Distribution: BUY 161 | SELL 186 | WAIT 744
   🧬 Strategy: Target=2.5x | Friction=1.58 | Depth=4

🛸 SEARCH GENERATION 294 (Elapsed: 9m 26s)
🏷️ Creating Flash M1 Labels (Aggression: 1.38 | Target: 2.3x)...
/var/www/GIA/backend/training/train_v2_flash_m1.py:391: FutureWarning: The behavior of 'isin' with dtype=datetime64[ns] and castable values (e.g. strings) is deprecated. In a future version, these will not be considered matching by isin. Explicitly cast to the appropriate dtype before calling isin instead.
  mask = train_labeled['date'].isin(loss_dates)
/var/www/GIA/backend/training/train_v2_flash_m1.py:391: FutureWarning: The behavior of 'isin' with dtype=datetime64[ns] and castable values (e.g. strings) is deprecated. In a future version, these will not be considered matching by isin. Explicitly cast to the appropriate dtype before calling isin instead.
  mask = train_labeled['date'].isin(loss_dates)
/var/www/GIA/backend/training/train_v2_flash_m1.py:391: FutureWarning: The behavior of 'isin' with dtype=datetime64[ns] and castable values (e.g. strings) is deprecated. In a future version, these will not be considered matching by isin. Explicitly cast to the appropriate dtype before calling isin instead.
  mask = train_labeled['date'].isin(loss_dates)
/var/www/GIA/backend/training/train_v2_flash_m1.py:391: FutureWarning: The behavior of 'isin' with dtype=datetime64[ns] and castable values (e.g. strings) is deprecated. In a future version, these will not be considered matching by isin. Explicitly cast to the appropriate dtype before calling isin instead.
  mask = train_labeled['date'].isin(loss_dates)
/var/www/GIA/backend/training/train_v2_flash_m1.py:391: FutureWarning: The behavior of 'isin' with dtype=datetime64[ns] and castable values (e.g. strings) is deprecated. In a future version, these will not be considered matching by isin. Explicitly cast to the appropriate dtype before calling isin instead.
  mask = train_labeled['date'].isin(loss_dates)
/var/www/GIA/backend/training/train_v2_flash_m1.py:391: FutureWarning: The behavior of 'isin' with dtype=datetime64[ns] and castable values (e.g. strings) is deprecated. In a future version, these will not be considered matching by isin. Explicitly cast to the appropriate dtype before calling isin instead.
  mask = train_labeled['date'].isin(loss_dates)
/var/www/GIA/backend/training/train_v2_flash_m1.py:391: FutureWarning: The behavior of 'isin' with dtype=datetime64[ns] and castable values (e.g. strings) is deprecated. In a future version, these will not be considered matching by isin. Explicitly cast to the appropriate dtype before calling isin instead.
  mask = train_labeled['date'].isin(loss_dates)
/var/www/GIA/backend/training/train_v2_flash_m1.py:391: FutureWarning: The behavior of 'isin' with dtype=datetime64[ns] and castable values (e.g. strings) is deprecated. In a future version, these will not be considered matching by isin. Explicitly cast to the appropriate dtype before calling isin instead.
  mask = train_labeled['date'].isin(loss_dates)
/var/www/GIA/backend/training/train_v2_flash_m1.py:391: FutureWarning: The behavior of 'isin' with dtype=datetime64[ns] and castable values (e.g. strings) is deprecated. In a future version, these will not be considered matching by isin. Explicitly cast to the appropriate dtype before calling isin instead.
  mask = train_labeled['date'].isin(loss_dates)
/var/www/GIA/backend/training/train_v2_flash_m1.py:391: FutureWarning: The behavior of 'isin' with dtype=datetime64[ns] and castable values (e.g. strings) is deprecated. In a future version, these will not be considered matching by isin. Explicitly cast to the appropriate dtype before calling isin instead.
  mask = train_labeled['date'].isin(loss_dates)
/var/www/GIA/backend/training/train_v2_flash_m1.py:391: FutureWarning: The behavior of 'isin' with dtype=datetime64[ns] and castable values (e.g. strings) is deprecated. In a future version, these will not be considered matching by isin. Explicitly cast to the appropriate dtype before calling isin instead.
  mask = train_labeled['date'].isin(loss_dates)
/var/www/GIA/backend/training/train_v2_flash_m1.py:391: FutureWarning: The behavior of 'isin' with dtype=datetime64[ns] and castable values (e.g. strings) is deprecated. In a future version, these will not be considered matching by isin. Explicitly cast to the appropriate dtype before calling isin instead.
  mask = train_labeled['date'].isin(loss_dates)
/var/www/GIA/backend/training/train_v2_flash_m1.py:391: FutureWarning: The behavior of 'isin' with dtype=datetime64[ns] and castable values (e.g. strings) is deprecated. In a future version, these will not be considered matching by isin. Explicitly cast to the appropriate dtype before calling isin instead.
  mask = train_labeled['date'].isin(loss_dates)
/var/www/GIA/backend/training/train_v2_flash_m1.py:391: FutureWarning: The behavior of 'isin' with dtype=datetime64[ns] and castable values (e.g. strings) is deprecated. In a future version, these will not be considered matching by isin. Explicitly cast to the appropriate dtype before calling isin instead.
  mask = train_labeled['date'].isin(loss_dates)
/var/www/GIA/backend/training/train_v2_flash_m1.py:391: FutureWarning: The behavior of 'isin' with dtype=datetime64[ns] and castable values (e.g. strings) is deprecated. In a future version, these will not be considered matching by isin. Explicitly cast to the appropriate dtype before calling isin instead.
  mask = train_labeled['date'].isin(loss_dates)
/var/www/GIA/backend/training/train_v2_flash_m1.py:391: FutureWarning: The behavior of 'isin' with dtype=datetime64[ns] and castable values (e.g. strings) is deprecated. In a future version, these will not be considered matching by isin. Explicitly cast to the appropriate dtype before calling isin instead.
  mask = train_labeled['date'].isin(loss_dates)
   ✅ Pulse Distribution: BUY 201 | SELL 216 | WAIT 674
   🧬 Strategy: Target=2.3x | Friction=1.38 | Depth=3
      🎓 Learning from 3 pattern failures...

🛸 SEARCH GENERATION 295 (Elapsed: 9m 29s)
🏷️ Creating Flash M1 Labels (Aggression: 1.16 | Target: 2.6x)...
   ✅ Pulse Distribution: BUY 157 | SELL 179 | WAIT 755
   🧬 Strategy: Target=2.6x | Friction=1.16 | Depth=4
      🎓 Learning from 4 pattern failures...

🛸 SEARCH GENERATION 296 (Elapsed: 9m 33s)
🏷️ Creating Flash M1 Labels (Aggression: 1.51 | Target: 2.4x)...
   ✅ Pulse Distribution: BUY 185 | SELL 205 | WAIT 701
   🧬 Strategy: Target=2.4x | Friction=1.51 | Depth=3
      🎓 Learning from 1 pattern failures...

🛸 SEARCH GENERATION 297 (Elapsed: 9m 34s)
🏷️ Creating Flash M1 Labels (Aggression: 0.94 | Target: 1.7x)...
   ✅ Pulse Distribution: BUY 255 | SELL 277 | WAIT 559
   🧬 Strategy: Target=1.7x | Friction=0.94 | Depth=3

🛸 SEARCH GENERATION 298 (Elapsed: 9m 35s)
🏷️ Creating Flash M1 Labels (Aggression: 1.47 | Target: 2.5x)...
   ✅ Pulse Distribution: BUY 168 | SELL 190 | WAIT 733
   🧬 Strategy: Target=2.5x | Friction=1.47 | Depth=4

🛸 SEARCH GENERATION 299 (Elapsed: 9m 36s)
🏷️ Creating Flash M1 Labels (Aggression: 1.97 | Target: 1.7x)...
   ✅ Pulse Distribution: BUY 246 | SELL 267 | WAIT 578
   🧬 Strategy: Target=1.7x | Friction=1.97 | Depth=3
      🎓 Learning from 5 pattern failures...

🛸 SEARCH GENERATION 300 (Elapsed: 9m 39s)
🏷️ Creating Flash M1 Labels (Aggression: 1.93 | Target: 1.9x)...
   ✅ Pulse Distribution: BUY 235 | SELL 256 | WAIT 600
   🧬 Strategy: Target=1.9x | Friction=1.93 | Depth=4

🛸 SEARCH GENERATION 301 (Elapsed: 9m 40s)
🏷️ Creating Flash M1 Labels (Aggression: 0.72 | Target: 1.7x)...
   ✅ Pulse Distribution: BUY 255 | SELL 278 | WAIT 558
   🧬 Strategy: Target=1.7x | Friction=0.72 | Depth=4

🛸 SEARCH GENERATION 302 (Elapsed: 9m 42s)
🏷️ Creating Flash M1 Labels (Aggression: 1.44 | Target: 2.1x)...
   ✅ Pulse Distribution: BUY 211 | SELL 229 | WAIT 651
   🧬 Strategy: Target=2.1x | Friction=1.44 | Depth=4
      🎓 Learning from 10 pattern failures...

🛸 SEARCH GENERATION 303 (Elapsed: 9m 46s)
🏷️ Creating Flash M1 Labels (Aggression: 1.70 | Target: 1.8x)...
   ✅ Pulse Distribution: BUY 243 | SELL 264 | WAIT 584
   🧬 Strategy: Target=1.8x | Friction=1.70 | Depth=4

🛸 SEARCH GENERATION 304 (Elapsed: 9m 47s)
🏷️ Creating Flash M1 Labels (Aggression: 1.17 | Target: 2.0x)...
   ✅ Pulse Distribution: BUY 229 | SELL 250 | WAIT 612
   🧬 Strategy: Target=2.0x | Friction=1.17 | Depth=3

🛸 SEARCH GENERATION 305 (Elapsed: 9m 49s)
🏷️ Creating Flash M1 Labels (Aggression: 1.20 | Target: 3.0x)...
   ✅ Pulse Distribution: BUY 136 | SELL 154 | WAIT 801
   🧬 Strategy: Target=3.0x | Friction=1.20 | Depth=4

🛸 SEARCH GENERATION 306 (Elapsed: 9m 50s)
🏷️ Creating Flash M1 Labels (Aggression: 1.29 | Target: 2.2x)...
   ✅ Pulse Distribution: BUY 207 | SELL 224 | WAIT 660
   🧬 Strategy: Target=2.2x | Friction=1.29 | Depth=4

🛸 SEARCH GENERATION 307 (Elapsed: 9m 52s)
🏷️ Creating Flash M1 Labels (Aggression: 1.44 | Target: 1.6x)...
   ✅ Pulse Distribution: BUY 257 | SELL 278 | WAIT 556
   🧬 Strategy: Target=1.6x | Friction=1.44 | Depth=4
      🎓 Learning from 1 pattern failures...

🛸 SEARCH GENERATION 308 (Elapsed: 9m 55s)
🏷️ Creating Flash M1 Labels (Aggression: 1.10 | Target: 1.5x)...
   ✅ Pulse Distribution: BUY 264 | SELL 284 | WAIT 543
   🧬 Strategy: Target=1.5x | Friction=1.10 | Depth=3

🛸 SEARCH GENERATION 309 (Elapsed: 9m 57s)
🏷️ Creating Flash M1 Labels (Aggression: 1.59 | Target: 1.9x)...
   ✅ Pulse Distribution: BUY 232 | SELL 255 | WAIT 604
   🧬 Strategy: Target=1.9x | Friction=1.59 | Depth=3
      🎓 Learning from 3 pattern failures...

🛸 SEARCH GENERATION 310 (Elapsed: 10m 0s)
🏷️ Creating Flash M1 Labels (Aggression: 1.53 | Target: 1.7x)...
   ✅ Pulse Distribution: BUY 246 | SELL 269 | WAIT 576
   🧬 Strategy: Target=1.7x | Friction=1.53 | Depth=4
      🎓 Learning from 3 pattern failures...

🛸 SEARCH GENERATION 311 (Elapsed: 10m 1s)
🏷️ Creating Flash M1 Labels (Aggression: 1.90 | Target: 2.4x)...
   ✅ Pulse Distribution: BUY 174 | SELL 194 | WAIT 723
   🧬 Strategy: Target=2.4x | Friction=1.90 | Depth=4
      🎓 Learning from 3 pattern failures...

🛸 SEARCH GENERATION 312 (Elapsed: 10m 5s)
🏷️ Creating Flash M1 Labels (Aggression: 1.68 | Target: 2.6x)...
   ✅ Pulse Distribution: BUY 154 | SELL 179 | WAIT 758
   🧬 Strategy: Target=2.6x | Friction=1.68 | Depth=4
      🎓 Learning from 3 pattern failures...

🛸 SEARCH GENERATION 313 (Elapsed: 10m 6s)
🏷️ Creating Flash M1 Labels (Aggression: 1.65 | Target: 2.4x)...
   ✅ Pulse Distribution: BUY 174 | SELL 193 | WAIT 724
   🧬 Strategy: Target=2.4x | Friction=1.65 | Depth=4
      🎓 Learning from 3 pattern failures...

🛸 SEARCH GENERATION 314 (Elapsed: 10m 9s)
🏷️ Creating Flash M1 Labels (Aggression: 1.39 | Target: 2.4x)...
   ✅ Pulse Distribution: BUY 184 | SELL 202 | WAIT 705
   🧬 Strategy: Target=2.4x | Friction=1.39 | Depth=4

🛸 SEARCH GENERATION 315 (Elapsed: 10m 11s)
🏷️ Creating Flash M1 Labels (Aggression: 0.74 | Target: 2.9x)...
   ✅ Pulse Distribution: BUY 145 | SELL 167 | WAIT 779
   🧬 Strategy: Target=2.9x | Friction=0.74 | Depth=3

🛸 SEARCH GENERATION 316 (Elapsed: 10m 12s)
🏷️ Creating Flash M1 Labels (Aggression: 1.05 | Target: 2.5x)...
   ✅ Pulse Distribution: BUY 168 | SELL 188 | WAIT 735
   🧬 Strategy: Target=2.5x | Friction=1.05 | Depth=3
      🎓 Learning from 3 pattern failures...

🛸 SEARCH GENERATION 317 (Elapsed: 10m 15s)
🏷️ Creating Flash M1 Labels (Aggression: 1.10 | Target: 2.2x)...
   ✅ Pulse Distribution: BUY 210 | SELL 228 | WAIT 653
   🧬 Strategy: Target=2.2x | Friction=1.10 | Depth=4

🛸 SEARCH GENERATION 318 (Elapsed: 10m 16s)
🏷️ Creating Flash M1 Labels (Aggression: 1.62 | Target: 2.3x)...
   ✅ Pulse Distribution: BUY 196 | SELL 213 | WAIT 682
   🧬 Strategy: Target=2.3x | Friction=1.62 | Depth=3

🛸 SEARCH GENERATION 319 (Elapsed: 10m 18s)
🏷️ Creating Flash M1 Labels (Aggression: 1.66 | Target: 2.8x)...
   ✅ Pulse Distribution: BUY 142 | SELL 164 | WAIT 785
   🧬 Strategy: Target=2.8x | Friction=1.66 | Depth=3
      🎓 Learning from 1 pattern failures...

🛸 SEARCH GENERATION 320 (Elapsed: 10m 21s)
🏷️ Creating Flash M1 Labels (Aggression: 0.80 | Target: 1.8x)...
   ✅ Pulse Distribution: BUY 248 | SELL 269 | WAIT 574
   🧬 Strategy: Target=1.8x | Friction=0.80 | Depth=3
      🎓 Learning from 1 pattern failures...

🛸 SEARCH GENERATION 321 (Elapsed: 10m 24s)
🏷️ Creating Flash M1 Labels (Aggression: 1.45 | Target: 1.7x)...
   ✅ Pulse Distribution: BUY 248 | SELL 269 | WAIT 574
   🧬 Strategy: Target=1.7x | Friction=1.45 | Depth=3
      🎓 Learning from 3 pattern failures...

🛸 SEARCH GENERATION 322 (Elapsed: 10m 27s)
🏷️ Creating Flash M1 Labels (Aggression: 1.42 | Target: 1.7x)...
   ✅ Pulse Distribution: BUY 249 | SELL 270 | WAIT 572
   🧬 Strategy: Target=1.7x | Friction=1.42 | Depth=4

🛸 SEARCH GENERATION 323 (Elapsed: 10m 28s)
🏷️ Creating Flash M1 Labels (Aggression: 1.45 | Target: 2.6x)...
   ✅ Pulse Distribution: BUY 154 | SELL 179 | WAIT 758
   🧬 Strategy: Target=2.6x | Friction=1.45 | Depth=4
      🎓 Learning from 1 pattern failures...

🛸 SEARCH GENERATION 324 (Elapsed: 10m 31s)
🏷️ Creating Flash M1 Labels (Aggression: 1.61 | Target: 1.7x)...
   ✅ Pulse Distribution: BUY 246 | SELL 269 | WAIT 576
   🧬 Strategy: Target=1.7x | Friction=1.61 | Depth=3

🛸 SEARCH GENERATION 325 (Elapsed: 10m 32s)
🏷️ Creating Flash M1 Labels (Aggression: 1.45 | Target: 1.7x)...
   ✅ Pulse Distribution: BUY 253 | SELL 274 | WAIT 564
   🧬 Strategy: Target=1.7x | Friction=1.45 | Depth=3

🛸 SEARCH GENERATION 326 (Elapsed: 10m 34s)
🏷️ Creating Flash M1 Labels (Aggression: 1.29 | Target: 1.9x)...
   ✅ Pulse Distribution: BUY 230 | SELL 253 | WAIT 608
/var/www/GIA/backend/training/train_v2_flash_m1.py:391: FutureWarning: The behavior of 'isin' with dtype=datetime64[ns] and castable values (e.g. strings) is deprecated. In a future version, these will not be considered matching by isin. Explicitly cast to the appropriate dtype before calling isin instead.
  mask = train_labeled['date'].isin(loss_dates)
/var/www/GIA/backend/training/train_v2_flash_m1.py:391: FutureWarning: The behavior of 'isin' with dtype=datetime64[ns] and castable values (e.g. strings) is deprecated. In a future version, these will not be considered matching by isin. Explicitly cast to the appropriate dtype before calling isin instead.
  mask = train_labeled['date'].isin(loss_dates)
/var/www/GIA/backend/training/train_v2_flash_m1.py:391: FutureWarning: The behavior of 'isin' with dtype=datetime64[ns] and castable values (e.g. strings) is deprecated. In a future version, these will not be considered matching by isin. Explicitly cast to the appropriate dtype before calling isin instead.
  mask = train_labeled['date'].isin(loss_dates)
/var/www/GIA/backend/training/train_v2_flash_m1.py:391: FutureWarning: The behavior of 'isin' with dtype=datetime64[ns] and castable values (e.g. strings) is deprecated. In a future version, these will not be considered matching by isin. Explicitly cast to the appropriate dtype before calling isin instead.
  mask = train_labeled['date'].isin(loss_dates)
/var/www/GIA/backend/training/train_v2_flash_m1.py:391: FutureWarning: The behavior of 'isin' with dtype=datetime64[ns] and castable values (e.g. strings) is deprecated. In a future version, these will not be considered matching by isin. Explicitly cast to the appropriate dtype before calling isin instead.
  mask = train_labeled['date'].isin(loss_dates)
/var/www/GIA/backend/training/train_v2_flash_m1.py:391: FutureWarning: The behavior of 'isin' with dtype=datetime64[ns] and castable values (e.g. strings) is deprecated. In a future version, these will not be considered matching by isin. Explicitly cast to the appropriate dtype before calling isin instead.
  mask = train_labeled['date'].isin(loss_dates)
/var/www/GIA/backend/training/train_v2_flash_m1.py:391: FutureWarning: The behavior of 'isin' with dtype=datetime64[ns] and castable values (e.g. strings) is deprecated. In a future version, these will not be considered matching by isin. Explicitly cast to the appropriate dtype before calling isin instead.
  mask = train_labeled['date'].isin(loss_dates)
/var/www/GIA/backend/training/train_v2_flash_m1.py:391: FutureWarning: The behavior of 'isin' with dtype=datetime64[ns] and castable values (e.g. strings) is deprecated. In a future version, these will not be considered matching by isin. Explicitly cast to the appropriate dtype before calling isin instead.
  mask = train_labeled['date'].isin(loss_dates)
/var/www/GIA/backend/training/train_v2_flash_m1.py:391: FutureWarning: The behavior of 'isin' with dtype=datetime64[ns] and castable values (e.g. strings) is deprecated. In a future version, these will not be considered matching by isin. Explicitly cast to the appropriate dtype before calling isin instead.
  mask = train_labeled['date'].isin(loss_dates)
/var/www/GIA/backend/training/train_v2_flash_m1.py:391: FutureWarning: The behavior of 'isin' with dtype=datetime64[ns] and castable values (e.g. strings) is deprecated. In a future version, these will not be considered matching by isin. Explicitly cast to the appropriate dtype before calling isin instead.
  mask = train_labeled['date'].isin(loss_dates)
/var/www/GIA/backend/training/train_v2_flash_m1.py:391: FutureWarning: The behavior of 'isin' with dtype=datetime64[ns] and castable values (e.g. strings) is deprecated. In a future version, these will not be considered matching by isin. Explicitly cast to the appropriate dtype before calling isin instead.
  mask = train_labeled['date'].isin(loss_dates)
/var/www/GIA/backend/training/train_v2_flash_m1.py:391: FutureWarning: The behavior of 'isin' with dtype=datetime64[ns] and castable values (e.g. strings) is deprecated. In a future version, these will not be considered matching by isin. Explicitly cast to the appropriate dtype before calling isin instead.
  mask = train_labeled['date'].isin(loss_dates)
/var/www/GIA/backend/training/train_v2_flash_m1.py:391: FutureWarning: The behavior of 'isin' with dtype=datetime64[ns] and castable values (e.g. strings) is deprecated. In a future version, these will not be considered matching by isin. Explicitly cast to the appropriate dtype before calling isin instead.
  mask = train_labeled['date'].isin(loss_dates)
/var/www/GIA/backend/training/train_v2_flash_m1.py:391: FutureWarning: The behavior of 'isin' with dtype=datetime64[ns] and castable values (e.g. strings) is deprecated. In a future version, these will not be considered matching by isin. Explicitly cast to the appropriate dtype before calling isin instead.
  mask = train_labeled['date'].isin(loss_dates)
   🧬 Strategy: Target=1.9x | Friction=1.29 | Depth=4

🛸 SEARCH GENERATION 327 (Elapsed: 10m 35s)
🏷️ Creating Flash M1 Labels (Aggression: 1.44 | Target: 2.6x)...
   ✅ Pulse Distribution: BUY 154 | SELL 177 | WAIT 760
   🧬 Strategy: Target=2.6x | Friction=1.44 | Depth=4

🛸 SEARCH GENERATION 328 (Elapsed: 10m 38s)
🏷️ Creating Flash M1 Labels (Aggression: 1.93 | Target: 3.0x)...
   ✅ Pulse Distribution: BUY 125 | SELL 145 | WAIT 821
   🧬 Strategy: Target=3.0x | Friction=1.93 | Depth=3
      🎓 Learning from 2 pattern failures...

🛸 SEARCH GENERATION 329 (Elapsed: 10m 42s)
🏷️ Creating Flash M1 Labels (Aggression: 1.93 | Target: 2.5x)...
   ✅ Pulse Distribution: BUY 158 | SELL 184 | WAIT 749
   🧬 Strategy: Target=2.5x | Friction=1.93 | Depth=4

🛸 SEARCH GENERATION 330 (Elapsed: 10m 45s)
🏷️ Creating Flash M1 Labels (Aggression: 1.71 | Target: 2.1x)...
   ✅ Pulse Distribution: BUY 213 | SELL 230 | WAIT 648
   🧬 Strategy: Target=2.1x | Friction=1.71 | Depth=4

🛸 SEARCH GENERATION 331 (Elapsed: 10m 46s)
🏷️ Creating Flash M1 Labels (Aggression: 1.22 | Target: 1.6x)...
   ✅ Pulse Distribution: BUY 260 | SELL 281 | WAIT 550
   🧬 Strategy: Target=1.6x | Friction=1.22 | Depth=4

🛸 SEARCH GENERATION 332 (Elapsed: 10m 47s)
🏷️ Creating Flash M1 Labels (Aggression: 1.43 | Target: 2.7x)...
   ✅ Pulse Distribution: BUY 153 | SELL 173 | WAIT 765
   🧬 Strategy: Target=2.7x | Friction=1.43 | Depth=3
      🎓 Learning from 2 pattern failures...

🛸 SEARCH GENERATION 333 (Elapsed: 10m 50s)
🏷️ Creating Flash M1 Labels (Aggression: 0.82 | Target: 2.6x)...
   ✅ Pulse Distribution: BUY 159 | SELL 181 | WAIT 751
   🧬 Strategy: Target=2.6x | Friction=0.82 | Depth=4
      🎓 Learning from 3 pattern failures...

🛸 SEARCH GENERATION 334 (Elapsed: 10m 52s)
🏷️ Creating Flash M1 Labels (Aggression: 1.78 | Target: 1.8x)...
   ✅ Pulse Distribution: BUY 238 | SELL 259 | WAIT 594
   🧬 Strategy: Target=1.8x | Friction=1.78 | Depth=3

🛸 SEARCH GENERATION 335 (Elapsed: 10m 53s)
🏷️ Creating Flash M1 Labels (Aggression: 1.22 | Target: 2.8x)...
   ✅ Pulse Distribution: BUY 145 | SELL 169 | WAIT 777
   🧬 Strategy: Target=2.8x | Friction=1.22 | Depth=4
      🎓 Learning from 1 pattern failures...

🛸 SEARCH GENERATION 336 (Elapsed: 10m 56s)
🏷️ Creating Flash M1 Labels (Aggression: 1.79 | Target: 2.3x)...
   ✅ Pulse Distribution: BUY 191 | SELL 210 | WAIT 690
   🧬 Strategy: Target=2.3x | Friction=1.79 | Depth=4
      🎓 Learning from 4 pattern failures...

🛸 SEARCH GENERATION 337 (Elapsed: 10m 59s)
🏷️ Creating Flash M1 Labels (Aggression: 1.70 | Target: 2.6x)...
   ✅ Pulse Distribution: BUY 156 | SELL 179 | WAIT 756
   🧬 Strategy: Target=2.6x | Friction=1.70 | Depth=4

🛸 SEARCH GENERATION 338 (Elapsed: 11m 0s)
🏷️ Creating Flash M1 Labels (Aggression: 1.23 | Target: 2.2x)...
   ✅ Pulse Distribution: BUY 210 | SELL 227 | WAIT 654
   🧬 Strategy: Target=2.2x | Friction=1.23 | Depth=3

🛸 SEARCH GENERATION 339 (Elapsed: 11m 1s)
🏷️ Creating Flash M1 Labels (Aggression: 0.80 | Target: 2.1x)...
   ✅ Pulse Distribution: BUY 225 | SELL 243 | WAIT 623
   🧬 Strategy: Target=2.1x | Friction=0.80 | Depth=3

🛸 SEARCH GENERATION 340 (Elapsed: 11m 2s)
🏷️ Creating Flash M1 Labels (Aggression: 0.86 | Target: 1.9x)...
   ✅ Pulse Distribution: BUY 239 | SELL 261 | WAIT 591
   🧬 Strategy: Target=1.9x | Friction=0.86 | Depth=4

🛸 SEARCH GENERATION 341 (Elapsed: 11m 2s)
🏷️ Creating Flash M1 Labels (Aggression: 1.88 | Target: 1.6x)...
   ✅ Pulse Distribution: BUY 256 | SELL 276 | WAIT 559
   🧬 Strategy: Target=1.6x | Friction=1.88 | Depth=4

🛸 SEARCH GENERATION 342 (Elapsed: 11m 3s)
🏷️ Creating Flash M1 Labels (Aggression: 1.71 | Target: 2.8x)...
   ✅ Pulse Distribution: BUY 145 | SELL 168 | WAIT 778
   🧬 Strategy: Target=2.8x | Friction=1.71 | Depth=4
      🎓 Learning from 2 pattern failures...

🛸 SEARCH GENERATION 343 (Elapsed: 11m 6s)
🏷️ Creating Flash M1 Labels (Aggression: 0.88 | Target: 1.8x)...
   ✅ Pulse Distribution: BUY 250 | SELL 270 | WAIT 571
   🧬 Strategy: Target=1.8x | Friction=0.88 | Depth=4

🛸 SEARCH GENERATION 344 (Elapsed: 11m 8s)
🏷️ Creating Flash M1 Labels (Aggression: 1.91 | Target: 1.7x)...
   ✅ Pulse Distribution: BUY 251 | SELL 271 | WAIT 569
   🧬 Strategy: Target=1.7x | Friction=1.91 | Depth=3
      🎓 Learning from 4 pattern failures...

🛸 SEARCH GENERATION 345 (Elapsed: 11m 10s)
🏷️ Creating Flash M1 Labels (Aggression: 1.67 | Target: 1.5x)...
   ✅ Pulse Distribution: BUY 261 | SELL 281 | WAIT 549
   🧬 Strategy: Target=1.5x | Friction=1.67 | Depth=3
      🎓 Learning from 2 pattern failures...

🛸 SEARCH GENERATION 346 (Elapsed: 11m 13s)
🏷️ Creating Flash M1 Labels (Aggression: 1.99 | Target: 2.9x)...
   ✅ Pulse Distribution: BUY 135 | SELL 152 | WAIT 804
   🧬 Strategy: Target=2.9x | Friction=1.99 | Depth=3
      🎓 Learning from 2 pattern failures...

🛸 SEARCH GENERATION 347 (Elapsed: 11m 15s)
🏷️ Creating Flash M1 Labels (Aggression: 1.80 | Target: 1.8x)...
   ✅ Pulse Distribution: BUY 238 | SELL 259 | WAIT 594
   🧬 Strategy: Target=1.8x | Friction=1.80 | Depth=3

🛸 SEARCH GENERATION 348 (Elapsed: 11m 16s)
🏷️ Creating Flash M1 Labels (Aggression: 1.37 | Target: 1.5x)...
   ✅ Pulse Distribution: BUY 264 | SELL 284 | WAIT 543
   🧬 Strategy: Target=1.5x | Friction=1.37 | Depth=4
      🎓 Learning from 2 pattern failures...

🛸 SEARCH GENERATION 349 (Elapsed: 11m 20s)
🏷️ Creating Flash M1 Labels (Aggression: 1.84 | Target: 2.3x)...
   ✅ Pulse Distribution: BUY 193 | SELL 211 | WAIT 687
   🧬 Strategy: Target=2.3x | Friction=1.84 | Depth=4
      🎓 Learning from 2 pattern failures...

🛸 SEARCH GENERATION 350 (Elapsed: 11m 23s)
🏷️ Creating Flash M1 Labels (Aggression: 1.72 | Target: 1.7x)...
   ✅ Pulse Distribution: BUY 245 | SELL 266 | WAIT 580
   🧬 Strategy: Target=1.7x | Friction=1.72 | Depth=3

🛸 SEARCH GENERATION 351 (Elapsed: 11m 25s)
🏷️ Creating Flash M1 Labels (Aggression: 1.24 | Target: 2.5x)...
   ✅ Pulse Distribution: BUY 167 | SELL 188 | WAIT 736
   🧬 Strategy: Target=2.5x | Friction=1.24 | Depth=3
      🎓 Learning from 2 pattern failures...

🛸 SEARCH GENERATION 352 (Elapsed: 11m 28s)
🏷️ Creating Flash M1 Labels (Aggression: 1.68 | Target: 1.7x)...
   ✅ Pulse Distribution: BUY 248 | SELL 271 | WAIT 572
   🧬 Strategy: Target=1.7x | Friction=1.68 | Depth=4
      🎓 Learning from 7 pattern failures...

🛸 SEARCH GENERATION 353 (Elapsed: 11m 31s)
🏷️ Creating Flash M1 Labels (Aggression: 1.13 | Target: 2.3x)...
   ✅ Pulse Distribution: BUY 204 | SELL 221 | WAIT 666
   🧬 Strategy: Target=2.3x | Friction=1.13 | Depth=3

🛸 SEARCH GENERATION 354 (Elapsed: 11m 32s)
🏷️ Creating Flash M1 Labels (Aggression: 0.97 | Target: 2.9x)...
   ✅ Pulse Distribution: BUY 141 | SELL 162 | WAIT 788
   🧬 Strategy: Target=2.9x | Friction=0.97 | Depth=4

🛸 SEARCH GENERATION 355 (Elapsed: 11m 32s)
🏷️ Creating Flash M1 Labels (Aggression: 1.32 | Target: 1.6x)...
   ✅ Pulse Distribution: BUY 257 | SELL 279 | WAIT 555
   🧬 Strategy: Target=1.6x | Friction=1.32 | Depth=4

🛸 SEARCH GENERATION 356 (Elapsed: 11m 34s)
🏷️ Creating Flash M1 Labels (Aggression: 1.71 | Target: 2.2x)...
   ✅ Pulse Distribution: BUY 204 | SELL 218 | WAIT 669
   🧬 Strategy: Target=2.2x | Friction=1.71 | Depth=4

🛸 SEARCH GENERATION 357 (Elapsed: 11m 34s)
🏷️ Creating Flash M1 Labels (Aggression: 0.99 | Target: 2.3x)...
   ✅ Pulse Distribution: BUY 194 | SELL 212 | WAIT 685
   🧬 Strategy: Target=2.3x | Friction=0.99 | Depth=4

🛸 SEARCH GENERATION 358 (Elapsed: 11m 35s)
🏷️ Creating Flash M1 Labels (Aggression: 1.71 | Target: 2.4x)...
   ✅ Pulse Distribution: BUY 183 | SELL 200 | WAIT 708
   🧬 Strategy: Target=2.4x | Friction=1.71 | Depth=4
      🎓 Learning from 3 pattern failures...

🛸 SEARCH GENERATION 359 (Elapsed: 11m 39s)
🏷️ Creating Flash M1 Labels (Aggression: 0.92 | Target: 2.5x)...
/var/www/GIA/backend/training/train_v2_flash_m1.py:391: FutureWarning: The behavior of 'isin' with dtype=datetime64[ns] and castable values (e.g. strings) is deprecated. In a future version, these will not be considered matching by isin. Explicitly cast to the appropriate dtype before calling isin instead.
  mask = train_labeled['date'].isin(loss_dates)
/var/www/GIA/backend/training/train_v2_flash_m1.py:391: FutureWarning: The behavior of 'isin' with dtype=datetime64[ns] and castable values (e.g. strings) is deprecated. In a future version, these will not be considered matching by isin. Explicitly cast to the appropriate dtype before calling isin instead.
  mask = train_labeled['date'].isin(loss_dates)
