Time,Open,High,Low,Close,Volume
2026-01-05 08:14:00,4423.95,4424.41,4423.55,4424.23,203
2026-01-05 08:15:00,4424.27,4427.4,4424.24,4427.31,258
2026-01-05 08:16:00,4427.2,4428.54,4427.18,4428.54,286
2026-01-05 08:17:00,4428.63,4430.11,4428.49,4430.02,275
2026-01-05 08:18:00,4429.99,4430.05,4429.14,4429.41,215
2026-01-05 08:19:00,4429.32,4430.03,4427.55,4427.6,238
2026-01-05 08:20:00,4427.61,4428.52,4426.78,4428.2,236
2026-01-05 08:21:00,4428.24,4428.33,4425.87,4426.08,224
2026-01-05 08:22:00,4426.15,4427.78,4426.04,4427.48,203
2026-01-05 08:23:00,4427.62,4427.77,4426.86,4427.67,142
2026-01-05 08:24:00,4427.8,4428.12,4427.35,4428.0,186
2026-01-05 08:25:00,4428.11,4429.86,4428.11,4428.87,194
2026-01-05 08:26:00,4428.86,4429.14,4428.13,4428.73,162
2026-01-05 08:27:00,4428.84,4429.72,4428.84,4429.14,135
2026-01-05 08:28:00,4429.18,4430.05,4429.08,4429.69,146
2026-01-05 08:29:00,4429.41,4429.57,4426.58,4426.63,224
2026-01-05 08:30:00,4426.62,4426.64,4423.87,4424.76,299
2026-01-05 08:31:00,4424.88,4426.39,4423.65,4426.21,223
2026-01-05 08:32:00,4426.17,4427.21,4424.88,4427.12,216
2026-01-05 08:33:00,4427.07,4427.07,4425.23,4425.54,194
2026-01-05 08:34:00,4425.64,4425.67,4424.57,4424.97,191
2026-01-05 08:35:00,4425.03,4426.04,4424.97,4425.85,204
2026-01-05 08:36:00,4425.81,4425.94,4425.15,4425.68,226
2026-01-05 08:37:00,4425.7,4426.08,4425.22,4425.25,198
2026-01-05 08:38:00,4425.3,4425.79,4424.49,4425.5,234
2026-01-05 08:39:00,4425.44,4426.14,4425.26,4425.89,192
2026-01-05 08:40:00,4425.85,4427.42,4425.55,4427.29,229
2026-01-05 08:41:00,4427.27,4427.53,4426.44,4426.44,169
2026-01-05 08:42:00,4426.55,4427.21,4426.49,4427.21,148
2026-01-05 08:43:00,4427.19,4430.11,4426.75,4430.11,194
2026-01-05 08:44:00,4430.25,4430.75,4429.62,4429.93,215
2026-01-05 08:45:00,4429.93,4431.76,4429.92,4430.74,235
2026-01-05 08:46:00,4430.91,4431.39,4430.21,4431.18,228
2026-01-05 08:47:00,4431.28,4431.43,4430.35,4431.25,189
2026-01-05 08:48:00,4431.27,4432.01,4430.59,4431.42,142
2026-01-05 08:49:00,4431.35,4432.33,4431.31,4431.96,200
2026-01-05 08:50:00,4431.94,4432.74,4431.87,4432.57,147
2026-01-05 08:51:00,4432.53,4433.73,4432.4,4432.9,182
2026-01-05 08:52:00,4432.88,4432.88,4430.9,4431.18,223
2026-01-05 08:53:00,4431.21,4432.19,4430.95,4431.58,175
2026-01-05 08:54:00,4431.57,4431.7,4430.63,4431.12,159
2026-01-05 08:55:00,4431.1,4431.44,4430.25,4431.4,238
2026-01-05 08:56:00,4431.34,4431.51,4431.06,4431.24,134
2026-01-05 08:57:00,4431.23,4432.35,4431.18,4431.63,131
2026-01-05 08:58:00,4431.61,4431.63,4430.67,4431.45,183
2026-01-05 08:59:00,4431.46,4431.57,4429.95,4430.04,184
2026-01-05 09:00:00,4429.93,4432.08,4429.46,4431.37,231
2026-01-05 09:01:00,4431.42,4431.68,4430.52,4431.26,249
2026-01-05 09:02:00,4431.15,4431.19,4429.91,4429.98,197
2026-01-05 09:03:00,4429.91,4430.26,4427.55,4428.7,222
2026-01-05 09:04:00,4428.69,4428.74,4427.51,4428.22,180
2026-01-05 09:05:00,4428.25,4428.35,4427.16,4427.9,160
2026-01-05 09:06:00,4427.92,4428.27,4427.26,4427.75,211
2026-01-05 09:07:00,4427.86,4428.4,4426.94,4427.02,189
2026-01-05 09:08:00,4427.0,4428.81,4426.48,4428.37,240
2026-01-05 09:09:00,4428.34,4428.8,4426.67,4426.85,223
2026-01-05 09:10:00,4426.88,4427.3,4426.53,4426.91,209
2026-01-05 09:11:00,4426.85,4427.2,4426.51,4426.91,205
2026-01-05 09:12:00,4426.9,4428.61,4426.23,4428.61,218
2026-01-05 09:13:00,4428.81,4429.81,4428.81,4429.33,229
2026-01-05 09:14:00,4429.32,4430.99,4429.31,4430.46,185
2026-01-05 09:15:00,4430.47,4430.53,4429.73,4430.16,178
2026-01-05 09:16:00,4430.11,4430.89,4430.11,4430.46,157
2026-01-05 09:17:00,4430.42,4430.72,4430.18,4430.59,200
2026-01-05 09:18:00,4430.55,4430.86,4430.23,4430.64,154
2026-01-05 09:19:00,4430.66,4431.9,4430.66,4431.7,182
2026-01-05 09:20:00,4431.69,4433.05,4431.11,4432.08,226
2026-01-05 09:21:00,4432.11,4434.2,4432.08,4434.17,170
2026-01-05 09:22:00,4434.18,4434.34,4433.12,4433.44,212
2026-01-05 09:23:00,4433.39,4433.63,4433.13,4433.47,178
2026-01-05 09:24:00,4433.4,4433.84,4433.1,4433.68,171
2026-01-05 09:25:00,4433.69,4434.49,4432.53,4432.63,223
2026-01-05 09:26:00,4432.62,4433.7,4432.55,4433.69,183
2026-01-05 09:27:00,4433.71,4433.71,4432.72,4433.58,180
2026-01-05 09:28:00,4433.51,4433.78,4433.18,4433.28,167
2026-01-05 09:29:00,4433.29,4433.49,4432.72,4432.72,135
2026-01-05 09:30:00,4432.62,4432.72,4431.5,4432.16,149
2026-01-05 09:31:00,4432.17,4433.4,4432.17,4432.59,125
2026-01-05 09:32:00,4432.57,4433.17,4431.78,4433.17,202
2026-01-05 09:33:00,4433.18,4433.34,4432.67,4432.89,152
2026-01-05 09:34:00,4432.94,4433.44,4432.76,4433.04,176
2026-01-05 09:35:00,4432.81,4433.16,4432.31,4432.85,190
2026-01-05 09:36:00,4432.91,4432.95,4431.83,4432.51,177
2026-01-05 09:37:00,4432.49,4432.5,4431.06,4431.36,207
2026-01-05 09:38:00,4431.42,4432.05,4431.19,4431.53,234
2026-01-05 09:39:00,4431.56,4432.74,4431.38,4432.6,225
2026-01-05 09:40:00,4432.62,4433.9,4432.42,4433.58,220
2026-01-05 09:41:00,4433.6,4434.2,4433.2,4433.4,210
2026-01-05 09:42:00,4433.41,4434.8,4432.9,4434.54,226
2026-01-05 09:43:00,4434.51,4437.44,4434.51,4436.52,217
2026-01-05 09:44:00,4436.71,4437.99,4436.68,4437.67,241
2026-01-05 09:45:00,4437.74,4437.86,4435.28,4436.24,252
2026-01-05 09:46:00,4436.25,4436.45,4434.71,4435.46,190
2026-01-05 09:47:00,4435.62,4435.62,4434.44,4435.58,225
2026-01-05 09:48:00,4435.6,4436.47,4434.75,4435.61,238
2026-01-05 09:49:00,4435.6,4436.0,4434.73,4434.95,215
2026-01-05 09:50:00,4434.96,4435.65,4434.8,4435.34,170
2026-01-05 09:51:00,4435.26,4436.12,4434.95,4435.93,217
2026-01-05 09:52:00,4436.04,4437.26,4435.81,4436.73,229
2026-01-05 09:53:00,4436.71,4436.71,4435.44,4436.45,204
2026-01-05 09:54:00,4436.37,4436.37,4434.69,4435.16,230
2026-01-05 09:55:00,4435.17,4435.59,4434.6,4435.04,173
2026-01-05 09:56:00,4435.02,4435.05,4434.23,4434.77,170
2026-01-05 09:57:00,4434.8,4436.48,4433.98,4436.42,224
2026-01-05 09:58:00,4436.45,4436.85,4435.83,4435.86,188
2026-01-05 09:59:00,4435.87,4435.87,4434.68,4434.92,174
2026-01-05 10:00:00,4434.91,4435.29,4434.19,4434.28,180
2026-01-05 10:01:00,4434.08,4434.67,4433.99,4434.01,156
2026-01-05 10:02:00,4434.1,4434.48,4431.72,4431.73,213
2026-01-05 10:03:00,4431.65,4432.17,4431.28,4431.59,187
2026-01-05 10:04:00,4431.5,4432.61,4431.19,4432.04,224
2026-01-05 10:05:00,4432.05,4432.22,4431.43,4431.7,165
2026-01-05 10:06:00,4431.71,4432.31,4430.82,4432.31,227
2026-01-05 10:07:00,4432.34,4432.69,4430.83,4432.33,224
2026-01-05 10:08:00,4432.31,4432.79,4431.49,4432.79,155
2026-01-05 10:09:00,4432.78,4433.5,4432.34,4432.79,127
2026-01-05 10:10:00,4432.18,4433.31,4431.88,4433.31,180
2026-01-05 10:11:00,4433.32,4433.32,4431.87,4431.93,155
2026-01-05 10:12:00,4431.94,4432.96,4431.78,4432.96,174
2026-01-05 10:13:00,4433.06,4433.54,4433.06,4433.46,130
2026-01-05 10:14:00,4433.47,4433.5,4433.06,4433.25,76
2026-01-05 10:15:00,4433.18,4433.34,4432.4,4432.49,128
2026-01-05 10:16:00,4432.47,4432.78,4432.22,4432.31,147
2026-01-05 10:17:00,4432.33,4433.19,4431.7,4432.64,114
2026-01-05 10:18:00,4432.61,4432.61,4431.46,4431.55,133
2026-01-05 10:19:00,4431.54,4432.29,4431.44,4431.82,122
2026-01-05 10:20:00,4431.96,4432.64,4431.84,4432.25,130
2026-01-05 10:21:00,4432.3,4432.95,4432.3,4432.95,159
2026-01-05 10:22:00,4432.96,4433.28,4432.72,4432.98,132
2026-01-05 10:23:00,4433.0,4434.24,4433.0,4433.51,187
2026-01-05 10:24:00,4433.48,4433.92,4432.97,4433.92,107
2026-01-05 10:25:00,4433.93,4434.61,4433.83,4433.93,112
2026-01-05 10:26:00,4433.88,4435.26,4433.84,4435.26,172
2026-01-05 10:27:00,4435.27,4436.57,4433.97,4434.13,231
2026-01-05 10:28:00,4434.18,4435.18,4433.29,4434.49,190
2026-01-05 10:29:00,4434.51,4434.52,4432.44,4433.17,194
2026-01-05 10:30:00,4433.05,4435.42,4432.66,4434.81,205
2026-01-05 10:31:00,4434.87,4435.67,4434.46,4435.43,149
2026-01-05 10:32:00,4435.41,4436.39,4435.41,4436.39,201
2026-01-05 10:33:00,4436.42,4437.02,4436.01,4436.18,169
2026-01-05 10:34:00,4436.19,4436.94,4435.73,4436.51,187
2026-01-05 10:35:00,4436.7,4437.26,4436.54,4436.84,189
2026-01-05 10:36:00,4436.82,4436.84,4435.31,4436.25,181
2026-01-05 10:37:00,4436.27,4436.66,4435.86,4436.66,171
2026-01-05 10:38:00,4436.75,4439.01,4436.75,4437.57,185
2026-01-05 10:39:00,4437.58,4438.03,4435.97,4436.01,244
2026-01-05 10:40:00,4435.9,4436.2,4435.39,4435.42,159
2026-01-05 10:41:00,4435.41,4436.1,4435.11,4435.72,133
2026-01-05 10:42:00,4435.71,4435.9,4435.23,4435.66,150
2026-01-05 10:43:00,4435.67,4435.87,4434.9,4435.2,168
2026-01-05 10:44:00,4435.22,4436.25,4434.77,4434.98,195
2026-01-05 10:45:00,4435.03,4435.36,4434.5,4434.51,237
2026-01-05 10:46:00,4434.53,4436.69,4434.25,4435.86,205
2026-01-05 10:47:00,4435.85,4436.74,4435.52,4436.71,177
2026-01-05 10:48:00,4436.71,4436.88,4435.96,4436.67,108
2026-01-05 10:49:00,4436.74,4437.16,4436.6,4436.68,113
2026-01-05 10:50:00,4436.69,4437.19,4436.55,4437.09,101
2026-01-05 10:51:00,4437.01,4438.42,4436.8,4438.17,192
2026-01-05 10:52:00,4438.15,4439.33,4438.0,4438.0,259
2026-01-05 10:53:00,4437.99,4439.13,4437.92,4438.75,241
2026-01-05 10:54:00,4438.75,4439.8,4438.12,4438.39,253
2026-01-05 10:55:00,4438.43,4438.43,4437.39,4437.57,206
2026-01-05 10:56:00,4437.68,4438.1,4437.43,4437.5,197
2026-01-05 10:57:00,4437.49,4437.49,4436.5,4436.58,267
2026-01-05 10:58:00,4436.5,4436.57,4435.3,4435.98,240
2026-01-05 10:59:00,4436.02,4436.56,4435.23,4436.24,242
2026-01-05 11:00:00,4436.27,4437.41,4435.1,4436.26,264
2026-01-05 11:01:00,4436.27,4436.83,4433.51,4433.74,234
2026-01-05 11:02:00,4433.78,4434.16,4432.45,4432.89,252
2026-01-05 11:03:00,4432.93,4433.92,4432.81,4433.39,227
2026-01-05 11:04:00,4433.27,4433.6,4431.62,4432.09,245
2026-01-05 11:05:00,4432.1,4432.1,4430.17,4430.79,318
2026-01-05 11:06:00,4431.01,4433.07,4430.53,4433.02,278
2026-01-05 11:07:00,4433.22,4433.53,4432.34,4432.38,190
2026-01-05 11:08:00,4432.52,4432.92,4431.7,4432.54,229
2026-01-05 11:09:00,4432.44,4432.8,4431.4,4431.45,190
2026-01-05 11:10:00,4431.44,4432.13,4431.1,4432.01,251
2026-01-05 11:11:00,4432.11,4432.42,4430.76,4431.72,226
2026-01-05 11:12:00,4431.93,4432.44,4430.61,4430.78,216
2026-01-05 11:13:00,4430.79,4433.53,4430.79,4433.11,170
2026-01-05 11:14:00,4433.18,4433.67,4432.72,4433.35,176
2026-01-05 11:15:00,4433.34,4433.72,4430.62,4430.63,227
2026-01-05 11:16:00,4430.72,4431.25,4428.81,4429.49,246
2026-01-05 11:17:00,4429.76,4430.13,4428.85,4429.09,256
2026-01-05 11:18:00,4429.64,4429.68,4427.83,4428.06,291
2026-01-05 11:19:00,4428.03,4428.22,4427.46,4427.76,247
2026-01-05 11:20:00,4427.75,4430.45,4427.3,4430.21,285
2026-01-05 11:21:00,4430.2,4430.66,4429.61,4429.67,221
2026-01-05 11:22:00,4429.18,4430.57,4429.01,4430.57,221
2026-01-05 11:23:00,4430.54,4430.6,4428.77,4428.97,194
2026-01-05 11:24:00,4428.99,4429.29,4426.85,4427.92,222
2026-01-05 11:25:00,4427.93,4428.1,4423.09,4423.09,210
2026-01-05 11:26:00,4423.11,4423.52,4415.21,4416.31,355
2026-01-05 11:27:00,4416.36,4417.16,4411.19,4412.63,360
2026-01-05 11:28:00,4412.89,4418.28,4411.46,4418.0,327
2026-01-05 11:29:00,4417.98,4418.76,4416.5,4417.3,262
2026-01-05 11:30:00,4417.31,4418.6,4415.82,4415.82,304
2026-01-05 11:31:00,4415.86,4417.25,4415.32,4417.1,255
2026-01-05 11:32:00,4417.09,4419.71,4417.09,4419.65,265
2026-01-05 11:33:00,4419.87,4421.26,4419.28,4420.83,268
2026-01-05 11:34:00,4420.73,4421.59,4419.61,4419.97,255
2026-01-05 11:35:00,4420.17,4420.32,4418.51,4420.32,247
2026-01-05 11:36:00,4420.31,4421.67,4420.31,4421.49,237
2026-01-05 11:37:00,4421.47,4422.34,4421.47,4422.12,175
2026-01-05 11:38:00,4422.27,4422.27,4421.28,4421.55,197
2026-01-05 11:39:00,4421.6,4422.93,4421.11,4421.55,231
2026-01-05 11:40:00,4421.62,4422.89,4421.62,4422.26,191
2026-01-05 11:41:00,4422.28,4423.32,4421.54,4421.91,242
2026-01-05 11:42:00,4421.91,4423.51,4421.46,4423.46,225
2026-01-05 11:43:00,4423.44,4424.62,4423.17,4423.71,249
2026-01-05 11:44:00,4423.79,4424.37,4423.68,4424.18,195
2026-01-05 11:45:00,4424.11,4424.29,4423.2,4423.78,130
2026-01-05 11:46:00,4423.85,4424.33,4423.54,4423.54,117
2026-01-05 11:47:00,4423.59,4423.87,4422.33,4423.38,186
2026-01-05 11:48:00,4423.43,4423.66,4422.67,4423.58,152
2026-01-05 11:49:00,4423.63,4425.87,4423.19,4425.87,161
2026-01-05 11:50:00,4425.89,4426.09,4425.44,4425.45,149
2026-01-05 11:51:00,4425.47,4425.47,4422.45,4422.55,203
2026-01-05 11:52:00,4422.42,4423.04,4421.99,4422.02,190
2026-01-05 11:53:00,4422.16,4422.41,4421.51,4422.07,185
2026-01-05 11:54:00,4422.02,4422.16,4420.79,4420.8,269
2026-01-05 11:55:00,4420.49,4421.16,4419.7,4420.93,257
2026-01-05 11:56:00,4420.94,4421.37,4418.57,4418.57,265
2026-01-05 11:57:00,4418.6,4419.4,4418.24,4418.97,279
2026-01-05 11:58:00,4419.04,4420.26,4418.72,4420.08,277
2026-01-05 11:59:00,4420.06,4420.63,4419.4,4419.4,273
2026-01-05 12:00:00,4418.99,4421.07,4418.61,4420.63,248
2026-01-05 12:01:00,4420.64,4421.44,4420.27,4420.77,225
2026-01-05 12:02:00,4420.7,4421.35,4419.16,4419.62,226
2026-01-05 12:03:00,4419.66,4420.41,4418.42,4420.18,283
2026-01-05 12:04:00,4420.23,4421.36,4419.37,4419.4,227
2026-01-05 12:05:00,4419.37,4419.88,4418.09,4418.09,228
2026-01-05 12:06:00,4418.08,4418.54,4416.86,4417.46,283
2026-01-05 12:07:00,4417.55,4419.02,4417.43,4417.97,253
2026-01-05 12:08:00,4417.95,4418.86,4417.33,4418.15,219
2026-01-05 12:09:00,4418.11,4419.16,4417.03,4419.02,227
2026-01-05 12:10:00,4419.03,4419.57,4418.43,4418.88,226
2026-01-05 12:11:00,4418.81,4419.95,4418.47,4419.38,225
2026-01-05 12:12:00,4419.49,4420.64,4418.39,4418.39,249
2026-01-05 12:13:00,4418.27,4418.63,4417.72,4418.18,234
2026-01-05 12:14:00,4418.17,4418.71,4417.28,4417.9,215
2026-01-05 12:15:00,4417.87,4418.44,4416.72,4417.47,261
2026-01-05 12:16:00,4417.49,4417.97,4416.72,4417.85,219
2026-01-05 12:17:00,4417.84,4418.03,4416.86,4416.86,178
2026-01-05 12:18:00,4416.8,4418.32,4416.8,4417.51,217
2026-01-05 12:19:00,4417.57,4418.49,4417.18,4418.02,220
2026-01-05 12:20:00,4417.99,4418.37,4416.48,4417.29,220
2026-01-05 12:21:00,4417.19,4417.34,4413.97,4416.15,228
2026-01-05 12:22:00,4416.13,4416.61,4415.0,4416.25,179
2026-01-05 12:23:00,4416.22,4416.87,4414.14,4414.49,231
2026-01-05 12:24:00,4414.48,4415.42,4414.17,4414.34,220
2026-01-05 12:25:00,4414.35,4415.3,4413.84,4414.82,189
2026-01-05 12:26:00,4414.78,4416.24,4414.58,4416.24,149
2026-01-05 12:27:00,4416.18,4416.96,4415.15,4415.43,199
2026-01-05 12:28:00,4415.35,4416.27,4415.23,4415.7,161
2026-01-05 12:29:00,4415.85,4416.49,4415.69,4415.75,116
2026-01-05 12:30:00,4415.77,4416.74,4415.56,4415.78,170
2026-01-05 12:31:00,4415.96,4417.0,4415.62,4416.93,156
2026-01-05 12:32:00,4417.13,4417.19,4414.98,4415.1,178
2026-01-05 12:33:00,4414.65,4414.98,4414.09,4414.8,204
2026-01-05 12:34:00,4414.86,4416.11,4414.86,4415.51,169
2026-01-05 12:35:00,4415.53,4415.68,4414.05,4414.07,177
2026-01-05 12:36:00,4414.02,4414.31,4413.7,4413.9,204
2026-01-05 12:37:00,4414.14,4415.62,4413.94,4415.62,196
2026-01-05 12:38:00,4415.67,4416.03,4414.87,4414.92,171
2026-01-05 12:39:00,4415.02,4415.38,4414.33,4415.3,218
2026-01-05 12:40:00,4415.29,4415.37,4413.14,4413.44,209
2026-01-05 12:41:00,4413.39,4413.48,4412.14,4412.42,244
2026-01-05 12:42:00,4412.32,4413.55,4407.56,4407.56,272
2026-01-05 12:43:00,4407.37,4408.22,4406.83,4407.41,287
2026-01-05 12:44:00,4407.4,4410.04,4406.14,4409.93,281
2026-01-05 12:45:00,4409.98,4411.39,4409.01,4410.08,267
2026-01-05 12:46:00,4410.16,4412.42,4410.07,4411.8,267
2026-01-05 12:47:00,4411.81,4412.16,4410.43,4410.43,210
2026-01-05 12:48:00,4410.18,4410.69,4407.51,4407.77,252
2026-01-05 12:49:00,4407.76,4408.63,4406.85,4407.37,275
2026-01-05 12:50:00,4407.31,4407.35,4405.61,4406.56,238
2026-01-05 12:51:00,4406.66,4408.47,4406.52,4408.39,232
2026-01-05 12:52:00,4408.37,4410.35,4408.35,4409.77,238
2026-01-05 12:53:00,4409.76,4410.64,4409.19,4410.62,228
2026-01-05 12:54:00,4410.64,4411.85,4410.59,4410.7,283
2026-01-05 12:55:00,4410.66,4411.15,4409.64,4409.64,227
2026-01-05 12:56:00,4409.61,4410.23,4408.88,4408.97,238
2026-01-05 12:57:00,4408.38,4410.02,4408.16,4409.37,222
2026-01-05 12:58:00,4409.38,4409.53,4408.24,4409.19,229
2026-01-05 12:59:00,4409.41,4409.74,4408.37,4409.74,264
2026-01-05 13:00:00,4409.94,4411.2,4407.86,4410.01,336
2026-01-05 13:01:00,4409.86,4414.33,4409.47,4413.98,343
2026-01-05 13:02:00,4414.03,4414.86,4412.67,4413.85,339
2026-01-05 13:03:00,4413.44,4415.37,4412.6,4415.37,327
2026-01-05 13:04:00,4415.0,4416.05,4414.35,4415.31,278
2026-01-05 13:05:00,4415.54,4418.1,4414.99,4416.9,315
2026-01-05 13:06:00,4416.9,4418.8,4415.65,4418.65,300
2026-01-05 13:07:00,4418.71,4418.71,4416.16,4416.37,260
2026-01-05 13:08:00,4416.4,4416.52,4410.21,4412.64,327
2026-01-05 13:09:00,4412.73,4412.73,4407.52,4409.14,336
2026-01-05 13:10:00,4409.26,4412.33,4408.27,4410.32,313
2026-01-05 13:11:00,4410.31,4410.85,4407.39,4409.6,312
2026-01-05 13:12:00,4409.68,4411.1,4409.64,4410.92,286
2026-01-05 13:13:00,4410.99,4412.23,4409.67,4410.15,293
2026-01-05 13:14:00,4410.18,4411.06,4408.08,4409.24,326
2026-01-05 13:15:00,4409.1,4410.1,4408.16,4409.84,306
2026-01-05 13:16:00,4409.81,4411.25,4407.78,4409.72,310
2026-01-05 13:17:00,4409.69,4410.31,4408.79,4409.97,290
2026-01-05 13:18:00,4410.04,4411.73,4409.17,4411.66,296
2026-01-05 13:19:00,4411.67,4412.52,4410.68,4411.52,264
2026-01-05 13:20:00,4411.08,4413.13,4409.65,4410.24,306
2026-01-05 13:21:00,4410.61,4411.13,4407.32,4407.4,308
2026-01-05 13:22:00,4407.3,4409.15,4402.8,4402.93,317
2026-01-05 13:23:00,4403.01,4407.83,4402.59,4406.98,333
2026-01-05 13:24:00,4406.92,4407.73,4405.49,4406.04,319
2026-01-05 13:25:00,4406.67,4407.77,4403.39,4403.41,347
2026-01-05 13:26:00,4403.39,4406.26,4403.39,4405.47,314
2026-01-05 13:27:00,4406.14,4406.64,4403.5,4404.23,337
2026-01-05 13:28:00,4404.25,4404.66,4402.71,4403.58,301
2026-01-05 13:29:00,4403.27,4403.84,4397.07,4399.57,347
2026-01-05 13:30:00,4399.86,4401.93,4396.28,4399.16,364
2026-01-05 13:31:00,4399.22,4404.39,4397.53,4403.99,336
2026-01-05 13:32:00,4403.93,4405.28,4403.32,4403.89,309
2026-01-05 13:33:00,4403.82,4408.02,4403.11,4407.47,335
2026-01-05 13:34:00,4407.38,4408.76,4406.48,4408.76,291
2026-01-05 13:35:00,4409.06,4410.48,4407.53,4409.88,345
2026-01-05 13:36:00,4409.9,4412.34,4409.86,4410.99,357
2026-01-05 13:37:00,4411.01,4411.87,4409.31,4409.36,305
2026-01-05 13:38:00,4409.32,4410.02,4408.02,4408.54,285
2026-01-05 13:39:00,4408.51,4410.99,4407.47,4410.94,271
2026-01-05 13:40:00,4411.25,4413.89,4411.01,4413.89,305
2026-01-05 13:41:00,4413.87,4414.1,4412.61,4412.88,268
2026-01-05 13:42:00,4412.82,4413.06,4410.94,4413.0,300
2026-01-05 13:43:00,4412.96,4413.92,4412.13,4412.32,264
2026-01-05 13:44:00,4412.34,4413.38,4411.65,4412.25,308
2026-01-05 13:45:00,4412.24,4414.03,4411.78,4413.4,322
2026-01-05 13:46:00,4413.38,4414.77,4412.5,4414.03,292
2026-01-05 13:47:00,4414.03,4414.63,4413.07,4414.16,282
2026-01-05 13:48:00,4414.17,4414.64,4413.13,4414.48,242
2026-01-05 13:49:00,4414.47,4415.06,4414.07,4414.07,277
2026-01-05 13:50:00,4414.02,4415.04,4413.45,4414.69,281
2026-01-05 13:51:00,4414.68,4414.68,4413.28,4413.52,236
2026-01-05 13:52:00,4413.58,4414.01,4413.14,4413.99,241
2026-01-05 13:53:00,4414.0,4414.8,4413.91,4414.48,224
2026-01-05 13:54:00,4414.4,4414.61,4412.68,4412.95,247
2026-01-05 13:55:00,4412.26,4413.27,4411.37,4413.02,288
2026-01-05 13:56:00,4413.12,4414.01,4412.24,4413.55,271
2026-01-05 13:57:00,4413.62,4414.65,4413.62,4414.51,228
2026-01-05 13:58:00,4414.56,4416.67,4414.55,4416.67,231
2026-01-05 13:59:00,4416.55,4417.26,4416.55,4416.86,223
2026-01-05 14:00:00,4417.22,4419.43,4417.22,4419.05,314
2026-01-05 14:01:00,4419.06,4420.51,4418.69,4420.5,299
2026-01-05 14:02:00,4420.53,4423.11,4420.31,4421.85,314
2026-01-05 14:03:00,4421.85,4423.3,4421.65,4421.79,312
2026-01-05 14:04:00,4421.84,4422.96,4421.26,4422.45,306
2026-01-05 14:05:00,4422.25,4424.38,4421.36,4421.41,328
2026-01-05 14:06:00,4421.68,4423.84,4420.73,4422.93,318
2026-01-05 14:07:00,4423.38,4424.75,4421.98,4423.27,326
2026-01-05 14:08:00,4423.32,4424.16,4422.21,4422.55,309
2026-01-05 14:09:00,4422.48,4423.56,4422.41,4423.32,277
2026-01-05 14:10:00,4423.35,4427.52,4423.35,4427.46,328
2026-01-05 14:11:00,4427.45,4428.27,4426.09,4426.8,285
2026-01-05 14:12:00,4426.83,4427.48,4425.82,4427.48,298
2026-01-05 14:13:00,4427.45,4428.41,4426.45,4426.69,310
2026-01-05 14:14:00,4426.7,4427.69,4425.79,4426.28,270
2026-01-05 14:15:00,4426.37,4427.68,4424.66,4424.84,306
2026-01-05 14:16:00,4425.0,4425.28,4423.46,4424.4,307
2026-01-05 14:17:00,4424.41,4425.72,4423.77,4425.72,310
2026-01-05 14:18:00,4425.7,4425.7,4423.81,4424.26,273
2026-01-05 14:19:00,4424.34,4427.57,4423.55,4427.2,300
2026-01-05 14:20:00,4427.23,4427.93,4425.54,4426.57,277
2026-01-05 14:21:00,4426.69,4429.48,4424.45,4424.48,334
2026-01-05 14:22:00,4424.58,4425.35,4422.47,4422.47,294
2026-01-05 14:23:00,4422.46,4424.09,4421.62,4424.03,322
2026-01-05 14:24:00,4423.8,4423.81,4421.25,4421.96,294
2026-01-05 14:25:00,4421.53,4421.89,4420.76,4420.95,301
2026-01-05 14:26:00,4421.3,4423.49,4421.03,4421.64,310
2026-01-05 14:27:00,4421.79,4422.68,4421.14,4421.97,310
2026-01-05 14:28:00,4421.98,4422.45,4420.92,4421.23,271
2026-01-05 14:29:00,4421.26,4422.36,4420.2,4421.07,300
2026-01-05 14:30:00,4419.93,4423.04,4418.07,4422.2,358
2026-01-05 14:31:00,4422.39,4425.59,4418.58,4419.27,352
2026-01-05 14:32:00,4419.31,4423.52,4418.65,4423.41,357
2026-01-05 14:33:00,4423.37,4426.0,4423.37,4424.5,342
2026-01-05 14:34:00,4424.55,4427.36,4424.54,4425.76,346
2026-01-05 14:35:00,4425.92,4426.38,4418.63,4418.63,358
2026-01-05 14:36:00,4419.05,4421.26,4418.01,4420.59,356
2026-01-05 14:37:00,4420.52,4423.56,4419.21,4419.98,364
2026-01-05 14:38:00,4420.17,4422.78,4419.43,4421.77,358
2026-01-05 14:39:00,4422.08,4427.83,4422.06,4427.53,364
2026-01-05 14:40:00,4427.2,4428.06,4422.97,4422.97,360
2026-01-05 14:41:00,4422.72,4425.36,4421.93,4424.19,353
2026-01-05 14:42:00,4424.46,4426.13,4423.44,4423.67,343
2026-01-05 14:43:00,4424.19,4426.79,4424.19,4425.87,344
2026-01-05 14:44:00,4426.19,4429.93,4426.19,4429.75,331
2026-01-05 14:45:00,4429.7,4431.02,4428.13,4429.72,328
2026-01-05 14:46:00,4429.75,4433.41,4429.75,4433.16,350
2026-01-05 14:47:00,4432.96,4435.18,4432.09,4435.01,345
2026-01-05 14:48:00,4435.04,4436.87,4434.83,4435.97,331
2026-01-05 14:49:00,4436.12,4438.63,4436.12,4436.8,345
2026-01-05 14:50:00,4436.85,4437.0,4433.21,4434.24,350
2026-01-05 14:51:00,4434.21,4436.42,4432.85,4434.56,342
2026-01-05 14:52:00,4434.49,4437.07,4434.34,4436.47,340
2026-01-05 14:53:00,4436.42,4437.89,4435.63,4437.39,335
2026-01-05 14:54:00,4437.28,4439.45,4436.78,4439.38,328
2026-01-05 14:55:00,4439.97,4442.77,4439.75,4439.91,341
2026-01-05 14:56:00,4439.94,4440.72,4437.51,4439.1,360
2026-01-05 14:57:00,4439.24,4440.98,4435.78,4436.56,326
2026-01-05 14:58:00,4436.62,4437.53,4434.8,4435.94,309
2026-01-05 14:59:00,4435.98,4437.95,4435.07,4436.55,255
2026-01-05 15:00:00,4436.59,4444.37,4436.23,4443.38,345
2026-01-05 15:01:00,4443.48,4445.23,4442.78,4444.23,323
2026-01-05 15:02:00,4444.4,4447.08,4443.27,4446.87,340
2026-01-05 15:03:00,4446.83,4451.81,4446.81,4450.73,354
2026-01-05 15:04:00,4450.7,4453.48,4450.45,4451.95,355
2026-01-05 15:05:00,4452.07,4454.08,4450.81,4453.89,361
2026-01-05 15:06:00,4453.92,4454.78,4449.58,4453.38,344
2026-01-05 15:07:00,4453.3,4455.64,4451.42,4455.63,362
2026-01-05 15:08:00,4455.52,4455.7,4452.08,4453.4,326
2026-01-05 15:09:00,4453.66,4454.83,4451.28,4454.33,335
2026-01-05 15:10:00,4454.31,4454.66,4449.75,4450.34,347
2026-01-05 15:11:00,4450.07,4451.06,4448.37,4448.9,351
2026-01-05 15:12:00,4448.87,4448.92,4445.38,4445.44,335
2026-01-05 15:13:00,4445.22,4447.78,4443.78,4447.34,330
2026-01-05 15:14:00,4446.94,4449.45,4446.53,4449.18,339
2026-01-05 15:15:00,4449.16,4451.05,4446.91,4447.33,349
2026-01-05 15:16:00,4447.34,4450.96,4447.25,4450.95,315
2026-01-05 15:17:00,4450.88,4451.36,4449.29,4450.63,310
2026-01-05 15:18:00,4450.73,4450.99,4448.66,4450.29,313
2026-01-05 15:19:00,4450.32,4451.63,4449.19,4451.28,319
2026-01-05 15:20:00,4451.26,4451.26,4448.28,4449.35,318
2026-01-05 15:21:00,4449.28,4451.59,4448.47,4451.49,318
2026-01-05 15:22:00,4451.5,4452.39,4450.03,4450.1,308
2026-01-05 15:23:00,4450.12,4451.37,4449.06,4450.45,308
2026-01-05 15:24:00,4449.76,4451.66,4448.21,4448.79,310
2026-01-05 15:25:00,4448.71,4448.71,4443.88,4444.03,345
2026-01-05 15:26:00,4443.94,4448.1,4443.92,4448.03,316
2026-01-05 15:27:00,4448.56,4449.88,4446.57,4447.46,316
2026-01-05 15:28:00,4447.1,4447.51,4444.58,4444.58,325
2026-01-05 15:29:00,4444.41,4445.21,4442.49,4444.62,333
2026-01-05 15:30:00,4444.89,4445.01,4441.03,4443.99,328
2026-01-05 15:31:00,4444.08,4444.89,4443.18,4444.6,315
2026-01-05 15:32:00,4444.62,4445.34,4442.74,4443.72,323
2026-01-05 15:33:00,4443.74,4444.07,4441.08,4441.08,314
2026-01-05 15:34:00,4441.01,4443.26,4440.58,4443.08,300
2026-01-05 15:35:00,4443.06,4444.55,4442.47,4443.47,331
2026-01-05 15:36:00,4443.28,4443.89,4438.17,4439.35,317
2026-01-05 15:37:00,4439.31,4440.57,4437.81,4438.57,312
2026-01-05 15:38:00,4438.5,4440.56,4435.42,4436.57,332
2026-01-05 15:39:00,4436.56,4439.97,4436.56,4439.97,300
2026-01-05 15:40:00,4440.16,4440.16,4437.0,4439.4,338
2026-01-05 15:41:00,4439.3,4440.66,4438.63,4439.27,284
2026-01-05 15:42:00,4439.03,4441.78,4438.74,4441.78,270
2026-01-05 15:43:00,4441.77,4444.39,4440.13,4443.95,314
2026-01-05 15:44:00,4444.12,4447.86,4443.79,4447.34,332
2026-01-05 15:45:00,4447.2,4448.31,4444.26,4445.6,321
2026-01-05 15:46:00,4445.55,4448.66,4444.16,4448.36,292
2026-01-05 15:47:00,4448.28,4449.74,4446.6,4446.7,326
2026-01-05 15:48:00,4446.74,4447.11,4444.81,4444.97,303
2026-01-05 15:49:00,4444.96,4445.0,4442.54,4443.49,316
2026-01-05 15:50:00,4443.67,4444.1,4441.4,4441.96,305
2026-01-05 15:51:00,4441.84,4443.05,4440.65,4443.05,295
2026-01-05 15:52:00,4443.0,4443.75,4441.77,4443.69,279
2026-01-05 15:53:00,4443.59,4443.91,4442.77,4443.05,254
2026-01-05 15:54:00,4443.1,4445.32,4443.04,4444.95,279
2026-01-05 15:55:00,4444.96,4448.11,4444.7,4448.11,290
2026-01-05 15:56:00,4448.11,4449.43,4448.1,4449.13,297
2026-01-05 15:57:00,4449.08,4449.08,4447.76,4448.48,234
2026-01-05 15:58:00,4449.04,4449.8,4447.93,4449.58,279
2026-01-05 15:59:00,4449.59,4449.69,4448.14,4448.56,247
2026-01-05 16:00:00,4448.54,4450.25,4448.3,4449.94,276
2026-01-05 16:01:00,4449.77,4451.36,4448.49,4448.9,321
2026-01-05 16:02:00,4448.87,4449.51,4448.23,4449.51,291
2026-01-05 16:03:00,4449.59,4450.07,4446.44,4446.68,282
2026-01-05 16:04:00,4446.74,4448.8,4445.46,4448.34,271
2026-01-05 16:05:00,4448.33,4448.75,4446.08,4446.09,266
2026-01-05 16:06:00,4445.86,4446.04,4441.4,4441.98,291
2026-01-05 16:07:00,4441.97,4443.74,4439.98,4439.98,308
2026-01-05 16:08:00,4439.85,4441.92,4438.46,4441.23,284
2026-01-05 16:09:00,4441.18,4442.63,4439.95,4441.67,270
2026-01-05 16:10:00,4441.6,4441.94,4439.52,4441.48,282
2026-01-05 16:11:00,4441.46,4443.17,4440.04,4440.3,300
2026-01-05 16:12:00,4440.39,4442.28,4439.61,4442.18,280
2026-01-05 16:13:00,4442.16,4445.9,4442.14,4445.9,267
2026-01-05 16:14:00,4445.91,4446.87,4445.52,4446.38,256
2026-01-05 16:15:00,4446.39,4448.71,4445.87,4448.0,283
2026-01-05 16:16:00,4448.01,4448.71,4447.3,4448.11,265
2026-01-05 16:17:00,4448.1,4448.3,4445.37,4445.74,281
2026-01-05 16:18:00,4445.68,4446.11,4444.96,4445.15,258
2026-01-05 16:19:00,4445.09,4446.64,4444.9,4446.44,279
2026-01-05 16:20:00,4446.54,4447.1,4445.91,4446.28,264
2026-01-05 16:21:00,4446.21,4446.47,4444.15,4445.13,229
2026-01-05 16:22:00,4445.14,4446.33,4444.68,4446.1,241
2026-01-05 16:23:00,4446.04,4446.26,4444.39,4444.66,190
2026-01-05 16:24:00,4444.61,4444.78,4443.5,4443.77,239
2026-01-05 16:25:00,4443.86,4444.06,4442.51,4443.2,231
2026-01-05 16:26:00,4443.29,4443.56,4442.0,4443.21,214
2026-01-05 16:27:00,4443.22,4443.8,4442.47,4443.59,242
2026-01-05 16:28:00,4443.65,4443.86,4441.22,4441.6,229
2026-01-05 16:29:00,4441.54,4441.58,4440.38,4440.9,271
2026-01-05 16:30:00,4440.87,4444.63,4440.28,4444.3,290
2026-01-05 16:31:00,4444.33,4445.99,4444.03,4444.39,283
2026-01-05 16:32:00,4444.36,4444.38,4442.1,4443.81,245
2026-01-05 16:33:00,4443.73,4445.87,4443.47,4445.16,244
2026-01-05 16:34:00,4445.24,4445.88,4444.47,4445.07,254
2026-01-05 16:35:00,4445.39,4445.94,4444.67,4444.8,232
2026-01-05 16:36:00,4444.72,4445.04,4443.59,4444.29,238
2026-01-05 16:37:00,4444.25,4444.53,4443.37,4444.3,230
2026-01-05 16:38:00,4444.31,4445.87,4444.18,4445.16,219
2026-01-05 16:39:00,4444.95,4445.41,4444.38,4444.38,198
2026-01-05 16:40:00,4444.19,4445.75,4444.19,4445.61,212
2026-01-05 16:41:00,4445.6,4445.76,4444.48,4445.27,141
2026-01-05 16:42:00,4445.26,4445.58,4444.55,4445.22,207
2026-01-05 16:43:00,4444.97,4445.4,4444.58,4444.84,211
2026-01-05 16:44:00,4444.98,4445.45,4444.86,4445.14,161
2026-01-05 16:45:00,4445.13,4445.49,4444.89,4445.45,194
2026-01-05 16:46:00,4445.39,4445.81,4445.2,4445.63,250
2026-01-05 16:47:00,4445.61,4445.61,4444.27,4444.27,200
2026-01-05 16:48:00,4444.22,4445.74,4444.22,4445.62,190
2026-01-05 16:49:00,4445.62,4450.98,4445.62,4450.89,287
2026-01-05 16:50:00,4450.92,4452.95,4450.92,4452.95,265
2026-01-05 16:51:00,4452.89,4454.25,4452.74,4454.0,303
2026-01-05 16:52:00,4453.94,4454.02,4452.64,4453.2,282
2026-01-05 16:53:00,4453.16,4454.04,4452.26,4453.96,247
2026-01-05 16:54:00,4453.79,4454.37,4452.49,4452.63,223
2026-01-05 16:55:00,4452.52,4452.52,4450.49,4451.34,292
2026-01-05 16:56:00,4451.2,4451.64,4447.66,4448.13,291
2026-01-05 16:57:00,4448.05,4448.72,4446.33,4446.37,269
2026-01-05 16:58:00,4446.36,4447.48,4445.39,4445.39,272
2026-01-05 16:59:00,4445.41,4445.49,4440.78,4441.73,336
2026-01-05 17:00:00,4441.9,4442.13,4439.4,4440.59,326
2026-01-05 17:01:00,4441.09,4441.83,4435.29,4437.79,343
2026-01-05 17:02:00,4437.72,4440.88,4436.3,4439.34,338
2026-01-05 17:03:00,4439.25,4439.45,4434.72,4435.82,330
2026-01-05 17:04:00,4435.92,4436.98,4433.24,4433.59,331
2026-01-05 17:05:00,4433.69,4437.74,4432.68,4437.38,302
2026-01-05 17:06:00,4437.06,4439.76,4437.06,4439.3,320
2026-01-05 17:07:00,4439.28,4439.65,4436.18,4436.43,299
2026-01-05 17:08:00,4437.12,4439.1,4436.94,4438.38,309
2026-01-05 17:09:00,4438.98,4439.82,4437.76,4439.55,252
2026-01-05 17:10:00,4438.7,4440.29,4436.8,4436.8,287
2026-01-05 17:11:00,4437.07,4439.91,4436.15,4439.63,285
2026-01-05 17:12:00,4439.92,4442.41,4439.91,4441.72,241
2026-01-05 17:13:00,4442.13,4442.33,4439.64,4439.85,238
2026-01-05 17:14:00,4439.8,4442.46,4439.75,4442.46,252
2026-01-05 17:15:00,4442.36,4443.99,4442.36,4442.97,241
2026-01-05 17:16:00,4443.12,4445.58,4443.12,4445.41,279
2026-01-05 17:17:00,4445.46,4446.5,4444.94,4445.62,248
2026-01-05 17:18:00,4445.63,4446.35,4444.91,4445.13,224
2026-01-05 17:19:00,4445.12,4446.42,4445.0,4445.34,172
2026-01-05 17:20:00,4445.24,4445.54,4443.67,4444.56,218
2026-01-05 17:21:00,4444.61,4445.79,4444.24,4444.81,206
2026-01-05 17:22:00,4444.8,4446.08,4444.47,4445.8,236
2026-01-05 17:23:00,4446.03,4447.34,4445.64,4446.22,274
2026-01-05 17:24:00,4446.2,4447.01,4445.95,4446.86,236
2026-01-05 17:25:00,4446.88,4448.85,4446.88,4448.4,233
2026-01-05 17:26:00,4448.39,4449.07,4446.37,4446.84,233
2026-01-05 17:27:00,4446.75,4447.01,4445.79,4445.9,208
2026-01-05 17:28:00,4446.08,4446.12,4445.14,4445.18,222
2026-01-05 17:29:00,4445.13,4447.07,4445.08,4445.79,240
2026-01-05 17:30:00,4445.84,4446.79,4444.88,4445.33,277
2026-01-05 17:31:00,4445.31,4445.78,4444.71,4445.59,253
2026-01-05 17:32:00,4445.62,4445.76,4444.25,4444.56,253
2026-01-05 17:33:00,4444.62,4444.67,4443.25,4443.58,269
2026-01-05 17:34:00,4443.62,4444.62,4443.44,4443.92,206
2026-01-05 17:35:00,4443.64,4444.66,4442.7,4444.5,265
2026-01-05 17:36:00,4444.61,4446.47,4444.16,4446.47,220
2026-01-05 17:37:00,4446.52,4447.44,4446.14,4446.95,264
2026-01-05 17:38:00,4446.96,4447.03,4444.84,4445.11,236
2026-01-05 17:39:00,4445.04,4445.41,4444.52,4444.69,241
2026-01-05 17:40:00,4444.58,4444.82,4443.55,4443.56,237
2026-01-05 17:41:00,4443.05,4444.27,4442.05,4443.26,275
2026-01-05 17:42:00,4443.25,4443.31,4440.73,4441.19,273
2026-01-05 17:43:00,4441.11,4441.91,4440.16,4440.19,254
2026-01-05 17:44:00,4440.25,4440.29,4437.8,4439.6,289
2026-01-05 17:45:00,4439.56,4442.26,4439.21,4441.08,310
2026-01-05 17:46:00,4441.14,4442.61,4441.02,4441.06,264
2026-01-05 17:47:00,4441.01,4441.56,4439.79,4441.55,238
2026-01-05 17:48:00,4441.32,4444.35,4440.89,4443.38,248
2026-01-05 17:49:00,4443.33,4444.39,4443.33,4444.23,233
2026-01-05 17:50:00,4444.24,4444.7,4442.52,4442.82,277
2026-01-05 17:51:00,4442.69,4443.21,4442.33,4442.39,226
2026-01-05 17:52:00,4442.34,4444.32,4442.05,4444.07,257
2026-01-05 17:53:00,4444.53,4445.53,4444.53,4445.03,237
2026-01-05 17:54:00,4445.07,4445.37,4443.91,4444.67,221
2026-01-05 17:55:00,4444.7,4445.35,4444.23,4445.21,249
2026-01-05 17:56:00,4445.19,4445.52,4444.96,4445.38,199
2026-01-05 17:57:00,4445.4,4445.74,4444.98,4445.58,200
2026-01-05 17:58:00,4445.51,4445.63,4444.1,4444.71,198
2026-01-05 17:59:00,4444.67,4444.73,4443.02,4443.57,245
2026-01-05 18:00:00,4443.78,4444.24,4442.17,4442.17,256
2026-01-05 18:01:00,4442.18,4443.23,4441.84,4442.99,252
2026-01-05 18:02:00,4443.6,4443.6,4442.16,4442.6,221
2026-01-05 18:03:00,4442.63,4443.58,4442.11,4442.31,244
2026-01-05 18:04:00,4442.35,4444.46,4442.35,4443.23,278
2026-01-05 18:05:00,4443.32,4444.63,4442.85,4444.47,238
2026-01-05 18:06:00,4444.55,4446.4,4444.52,4446.29,220
2026-01-05 18:07:00,4446.26,4446.44,4445.45,4445.66,213
2026-01-05 18:08:00,4445.7,4445.77,4444.89,4445.6,225
2026-01-05 18:09:00,4445.55,4446.71,4445.26,4445.4,214
2026-01-05 18:10:00,4445.17,4446.94,4445.17,4446.31,214
2026-01-05 18:11:00,4446.5,4447.24,4446.5,4446.6,178
2026-01-05 18:12:00,4446.65,4447.85,4446.61,4447.69,218
2026-01-05 18:13:00,4447.91,4448.25,4446.46,4446.56,190
2026-01-05 18:14:00,4446.54,4447.39,4446.41,4447.28,242
2026-01-05 18:15:00,4447.33,4448.17,4446.65,4448.04,240
2026-01-05 18:16:00,4448.03,4448.54,4447.71,4448.08,245
2026-01-05 18:17:00,4448.0,4448.0,4447.28,4447.56,178
2026-01-05 18:18:00,4447.57,4447.85,4445.85,4445.91,211
2026-01-05 18:19:00,4445.92,4445.93,4444.0,4444.94,248
2026-01-05 18:20:00,4444.86,4444.87,4443.63,4443.68,212
2026-01-05 18:21:00,4443.07,4443.6,4442.58,4443.0,238
2026-01-05 18:22:00,4442.89,4442.89,4442.03,4442.62,209
2026-01-05 18:23:00,4442.39,4444.61,4442.28,4444.38,254
2026-01-05 18:24:00,4444.31,4446.79,4443.37,4446.19,320
2026-01-05 18:25:00,4446.29,4446.29,4443.25,4443.27,276
2026-01-05 18:26:00,4443.43,4443.43,4441.04,4441.07,252
2026-01-05 18:27:00,4441.04,4441.91,4441.04,4441.36,194
2026-01-05 18:28:00,4441.33,4442.12,4440.68,4440.8,199
2026-01-05 18:29:00,4440.68,4442.17,4439.82,4441.29,334
2026-01-05 18:30:00,4441.3,4444.43,4441.07,4443.63,252
2026-01-05 18:31:00,4443.37,4444.03,4442.53,4442.61,218
2026-01-05 18:32:00,4442.46,4443.02,4441.95,4442.79,230
2026-01-05 18:33:00,4442.69,4443.35,4442.55,4443.13,202
2026-01-05 18:34:00,4443.11,4443.38,4442.4,4442.55,193
2026-01-05 18:35:00,4442.53,4443.46,4442.5,4442.68,189
2026-01-05 18:36:00,4442.71,4442.76,4441.72,4442.58,217
2026-01-05 18:37:00,4442.33,4444.85,4442.33,4444.72,211
2026-01-05 18:38:00,4444.81,4444.98,4443.79,4444.37,184
2026-01-05 18:39:00,4444.37,4445.45,4444.3,4444.5,199
2026-01-05 18:40:00,4444.49,4444.49,4443.44,4443.65,210
2026-01-05 18:41:00,4443.6,4445.81,4443.59,4445.44,217
2026-01-05 18:42:00,4445.02,4445.6,4444.43,4444.77,192
2026-01-05 18:43:00,4444.84,4445.06,4442.94,4442.94,173
2026-01-05 18:44:00,4443.07,4443.67,4443.01,4443.67,174
2026-01-05 18:45:00,4443.68,4443.68,4442.71,4443.48,165
2026-01-05 18:46:00,4443.47,4444.24,4443.36,4443.47,186
2026-01-05 18:47:00,4443.52,4443.84,4443.26,4443.56,163
2026-01-05 18:48:00,4443.57,4444.66,4443.57,4444.66,204
2026-01-05 18:49:00,4444.67,4446.0,4444.61,4445.51,223
2026-01-05 18:50:00,4445.34,4445.47,4443.53,4445.01,177
2026-01-05 18:51:00,4444.99,4445.05,4443.93,4444.36,146
2026-01-05 18:52:00,4444.33,4445.8,4444.33,4445.02,181
2026-01-05 18:53:00,4445.01,4446.68,4444.82,4446.68,172
2026-01-05 18:54:00,4446.63,4447.25,4446.42,4446.66,174
2026-01-05 18:55:00,4446.69,4447.22,4445.53,4445.65,235
2026-01-05 18:56:00,4445.68,4447.28,4445.67,4447.17,186
2026-01-05 18:57:00,4447.14,4447.14,4446.28,4446.32,209
2026-01-05 18:58:00,4446.29,4447.74,4446.29,4447.72,140
2026-01-05 18:59:00,4447.53,4447.92,4447.36,4447.92,167
2026-01-05 19:00:00,4449.07,4449.07,4448.0,4448.27,222
2026-01-05 19:01:00,4448.26,4448.72,4448.02,4448.36,215
2026-01-05 19:02:00,4448.39,4448.47,4446.3,4447.22,214
2026-01-05 19:03:00,4447.2,4447.6,4446.4,4446.6,206
2026-01-05 19:04:00,4446.58,4448.32,4446.44,4448.11,218
2026-01-05 19:05:00,4448.1,4448.1,4446.1,4446.1,228
2026-01-05 19:06:00,4446.07,4446.07,4439.22,4439.24,298
2026-01-05 19:07:00,4439.23,4441.35,4439.04,4440.39,310
2026-01-05 19:08:00,4440.29,4440.6,4435.3,4435.47,307
2026-01-05 19:09:00,4436.3,4437.69,4435.83,4437.44,322
2026-01-05 19:10:00,4437.49,4437.74,4434.88,4436.23,288
2026-01-05 19:11:00,4436.24,4440.13,4436.2,4439.59,290
2026-01-05 19:12:00,4439.78,4440.51,4439.39,4439.86,266
2026-01-05 19:13:00,4439.8,4440.65,4438.28,4440.11,284
2026-01-05 19:14:00,4440.07,4440.29,4437.73,4440.03,264
2026-01-05 19:15:00,4439.77,4441.2,4439.25,4439.47,281
2026-01-05 19:16:00,4439.49,4440.54,4438.79,4440.47,233
2026-01-05 19:17:00,4440.48,4440.58,4438.19,4438.37,208
2026-01-05 19:18:00,4438.28,4439.32,4437.85,4437.96,229
2026-01-05 19:19:00,4437.94,4440.17,4437.82,4439.91,245
2026-01-05 19:20:00,4439.96,4441.68,4439.96,4441.67,239
2026-01-05 19:21:00,4441.59,4441.79,4439.35,4440.2,226
2026-01-05 19:22:00,4440.28,4441.15,4440.18,4441.15,192
2026-01-05 19:23:00,4441.23,4441.81,4440.74,4441.73,213
2026-01-05 19:24:00,4441.7,4441.75,4440.71,4441.09,211
2026-01-05 19:25:00,4441.08,4441.36,4440.08,4440.85,206
2026-01-05 19:26:00,4440.87,4441.97,4440.47,4441.73,222
2026-01-05 19:27:00,4441.68,4442.86,4440.59,4441.37,209
2026-01-05 19:28:00,4441.37,4442.31,4441.14,4441.94,223
2026-01-05 19:29:00,4442.03,4442.58,4441.31,4441.76,194
2026-01-05 19:30:00,4441.59,4442.98,4441.17,4442.68,192
2026-01-05 19:31:00,4442.71,4443.68,4442.54,4443.54,218
2026-01-05 19:32:00,4443.56,4444.68,4443.56,4444.66,232
2026-01-05 19:33:00,4444.69,4445.12,4444.19,4444.51,254
2026-01-05 19:34:00,4444.52,4445.82,4444.52,4445.1,184
2026-01-05 19:35:00,4445.02,4445.54,4445.0,4445.27,174
2026-01-05 19:36:00,4445.35,4445.52,4444.56,4445.21,187
2026-01-05 19:37:00,4445.22,4445.46,4445.17,4445.39,160
2026-01-05 19:38:00,4445.32,4445.32,4443.94,4445.18,213
2026-01-05 19:39:00,4445.24,4445.33,4444.5,4444.97,230
2026-01-05 19:40:00,4444.91,4445.4,4444.46,4444.72,210
2026-01-05 19:41:00,4444.71,4445.06,4444.02,4444.56,216
2026-01-05 19:42:00,4444.38,4444.38,4443.17,4443.36,211
2026-01-05 19:43:00,4443.14,4444.07,4442.81,4443.24,219
2026-01-05 19:44:00,4443.29,4443.83,4442.5,4442.7,180
2026-01-05 19:45:00,4442.67,4444.16,4442.67,4444.16,156
2026-01-05 19:46:00,4444.06,4444.06,4442.4,4442.4,134
2026-01-05 19:47:00,4442.35,4442.85,4441.99,4442.41,185
2026-01-05 19:48:00,4442.35,4443.17,4442.21,4442.61,170
2026-01-05 19:49:00,4442.59,4443.53,4442.34,4443.52,130
2026-01-05 19:50:00,4443.54,4443.54,4442.42,4442.8,181
2026-01-05 19:51:00,4442.67,4442.85,4440.9,4441.19,214
2026-01-05 19:52:00,4441.18,4441.77,4441.03,4441.44,192
2026-01-05 19:53:00,4441.45,4441.77,4440.56,4441.01,180
2026-01-05 19:54:00,4441.0,4442.12,4441.0,4441.98,202
2026-01-05 19:55:00,4441.96,4442.68,4440.62,4440.62,189
2026-01-05 19:56:00,4440.63,4440.63,4438.62,4438.95,223
2026-01-05 19:57:00,4438.93,4441.69,4438.63,4441.69,218
2026-01-05 19:58:00,4441.72,4441.73,4440.38,4440.49,214
2026-01-05 19:59:00,4440.48,4440.5,4439.68,4439.76,234
2026-01-05 20:00:00,4439.73,4441.25,4439.07,4440.84,228
2026-01-05 20:01:00,4440.95,4443.23,4440.95,4442.59,262
2026-01-05 20:02:00,4442.67,4443.29,4441.99,4443.24,228
2026-01-05 20:03:00,4443.26,4443.8,4442.86,4443.22,182
2026-01-05 20:04:00,4443.23,4443.77,4442.92,4443.01,176
2026-01-05 20:05:00,4443.0,4443.45,4442.52,4442.82,201
2026-01-05 20:06:00,4442.73,4442.73,4441.82,4442.52,210
2026-01-05 20:07:00,4442.56,4442.81,4441.49,4441.6,220
2026-01-05 20:08:00,4441.46,4441.57,4439.98,4440.52,196
2026-01-05 20:09:00,4440.45,4441.41,4440.16,4441.2,184
2026-01-05 20:10:00,4441.21,4442.06,4440.29,4441.85,221
2026-01-05 20:11:00,4441.83,4444.09,4441.79,4443.9,265
2026-01-05 20:12:00,4443.89,4445.42,4443.72,4445.26,231
2026-01-05 20:13:00,4445.14,4445.16,4443.98,4444.59,216
2026-01-05 20:14:00,4444.65,4445.03,4443.79,4443.92,220
2026-01-05 20:15:00,4443.98,4445.05,4443.98,4444.28,278
2026-01-05 20:16:00,4444.35,4444.35,4442.84,4443.96,204
2026-01-05 20:17:00,4443.98,4444.56,4443.63,4444.56,225
2026-01-05 20:18:00,4444.55,4445.17,4444.48,4445.02,214
2026-01-05 20:19:00,4445.01,4445.41,4444.98,4445.03,152
2026-01-05 20:20:00,4445.0,4445.84,4444.26,4445.84,230
2026-01-05 20:21:00,4445.82,4446.95,4445.6,4445.73,232
2026-01-05 20:22:00,4445.81,4445.99,4444.76,4444.76,229
2026-01-05 20:23:00,4444.71,4445.33,4444.62,4444.91,182
2026-01-05 20:24:00,4444.92,4445.03,4443.88,4444.74,252
2026-01-05 20:25:00,4444.76,4444.83,4443.89,4443.98,228
2026-01-05 20:26:00,4444.0,4444.64,4443.91,4444.37,214
2026-01-05 20:27:00,4444.37,4445.64,4444.35,4445.6,273
2026-01-05 20:28:00,4445.57,4446.1,4444.83,4445.74,246
2026-01-05 20:29:00,4445.8,4445.99,4444.95,4445.6,263
2026-01-05 20:30:00,4445.59,4445.59,4444.52,4444.55,211
2026-01-05 20:31:00,4444.55,4445.31,4444.4,4444.97,216
2026-01-05 20:32:00,4445.11,4445.53,4443.55,4443.63,259
2026-01-05 20:33:00,4443.59,4443.73,4442.0,4443.09,234
2026-01-05 20:34:00,4443.11,4443.61,4441.45,4441.65,188
2026-01-05 20:35:00,4441.7,4443.24,4441.66,4442.69,271
2026-01-05 20:36:00,4442.63,4442.63,4440.48,4441.12,206
2026-01-05 20:37:00,4440.81,4441.53,4440.39,4441.38,248
2026-01-05 20:38:00,4441.42,4441.67,4440.51,4441.04,270
2026-01-05 20:39:00,4441.03,4441.09,4439.33,4441.05,226
2026-01-05 20:40:00,4441.07,4441.57,4438.63,4438.66,201
2026-01-05 20:41:00,4438.61,4439.99,4438.3,4439.23,182
2026-01-05 20:42:00,4439.24,4440.62,4438.78,4440.04,213
2026-01-05 20:43:00,4440.44,4440.73,4439.82,4440.07,164
2026-01-05 20:44:00,4440.04,4440.17,4437.99,4438.04,153
2026-01-05 20:45:00,4438.19,4441.0,4438.08,4441.0,175
2026-01-05 20:46:00,4441.37,4441.9,4440.91,4441.76,244
2026-01-05 20:47:00,4441.74,4442.83,4441.74,4442.83,181
2026-01-05 20:48:00,4442.84,4442.88,4441.47,4441.47,193
2026-01-05 20:49:00,4441.5,4441.5,4440.39,4440.6,204
2026-01-05 20:50:00,4440.29,4442.32,4439.84,4442.32,203
2026-01-05 20:51:00,4442.3,4442.63,4441.23,4441.78,215
2026-01-05 20:52:00,4441.83,4442.99,4441.77,4442.93,190
2026-01-05 20:53:00,4442.74,4442.74,4440.69,4440.69,234
2026-01-05 20:54:00,4440.7,4442.27,4440.03,4442.04,236
2026-01-05 20:55:00,4442.31,4442.75,4441.53,4441.75,210
2026-01-05 20:56:00,4441.82,4443.39,4441.57,4442.7,231
2026-01-05 20:57:00,4442.71,4444.28,4442.61,4444.08,213
2026-01-05 20:58:00,4444.07,4445.45,4443.73,4445.12,293
2026-01-05 20:59:00,4445.15,4445.93,4444.53,4444.86,307
2026-01-05 21:00:00,4444.91,4447.16,4444.91,4446.38,229
2026-01-05 21:01:00,4446.57,4446.57,4445.4,4445.49,174
2026-01-05 21:02:00,4445.5,4446.35,4445.29,4446.13,128
2026-01-05 21:03:00,4446.06,4447.38,4445.99,4447.32,122
2026-01-05 21:04:00,4447.41,4447.6,4446.21,4446.38,180
2026-01-05 21:05:00,4446.45,4446.54,4445.81,4445.84,126
2026-01-05 21:06:00,4445.8,4445.94,4445.36,4445.89,88
2026-01-05 21:07:00,4445.77,4446.01,4445.06,4446.01,78
2026-01-05 21:08:00,4445.6,4445.89,4445.37,4445.37,74
2026-01-05 21:09:00,4445.38,4447.39,4445.28,4447.39,170
2026-01-05 21:10:00,4447.48,4448.22,4447.02,4447.18,191
2026-01-05 21:11:00,4447.17,4447.62,4447.09,4447.27,135
2026-01-05 21:12:00,4447.26,4447.55,4446.75,4447.52,99
2026-01-05 21:13:00,4447.58,4448.07,4447.47,4447.83,86
2026-01-05 21:14:00,4447.77,4447.77,4447.14,4447.23,70
2026-01-05 21:15:00,4447.03,4447.15,4446.6,4446.95,114
2026-01-05 21:16:00,4446.92,4446.92,4446.62,4446.89,44
2026-01-05 21:17:00,4446.85,4447.11,4446.38,4446.76,72
2026-01-05 21:18:00,4446.86,4446.94,4444.79,4444.8,116
2026-01-05 21:19:00,4444.76,4444.98,4443.59,4443.85,117
2026-01-05 21:20:00,4443.87,4444.31,4443.53,4443.95,135
2026-01-05 21:21:00,4444.01,4444.11,4443.65,4444.06,70
2026-01-05 21:22:00,4443.99,4444.86,4443.84,4444.83,78
2026-01-05 21:23:00,4444.84,4444.84,4444.26,4444.31,65
2026-01-05 21:24:00,4444.37,4444.43,4444.03,4444.38,58
2026-01-05 21:25:00,4444.28,4444.81,4444.23,4444.81,65
2026-01-05 21:26:00,4444.77,4445.09,4444.65,4444.74,51
2026-01-05 21:27:00,4444.94,4445.51,4444.94,4445.28,78
2026-01-05 21:28:00,4445.21,4445.5,4445.18,4445.5,50
2026-01-05 21:29:00,4445.36,4445.64,4445.18,4445.64,60
2026-01-05 21:30:00,4445.51,4445.96,4445.51,4445.86,40
2026-01-05 21:31:00,4445.83,4447.15,4445.67,4447.05,103
2026-01-05 21:32:00,4447.02,4447.02,4446.62,4446.91,77
2026-01-05 21:33:00,4446.95,4448.12,4446.85,4448.07,84
2026-01-05 21:34:00,4448.07,4448.34,4447.63,4447.78,118
2026-01-05 21:35:00,4447.77,4447.82,4446.96,4447.34,94
2026-01-05 21:36:00,4447.37,4447.37,4446.84,4446.96,66
2026-01-05 21:37:00,4446.75,4446.9,4446.68,4446.75,51
2026-01-05 21:38:00,4446.72,4447.12,4446.59,4447.12,58
2026-01-05 21:39:00,4447.03,4447.18,4446.16,4446.2,61
2026-01-05 21:40:00,4446.25,4446.64,4446.23,4446.43,85
2026-01-05 21:41:00,4446.32,4446.98,4446.14,4446.98,103
2026-01-05 21:42:00,4446.95,4447.06,4446.43,4446.77,58
2026-01-05 21:43:00,4446.81,4447.01,4446.74,4446.98,54
2026-01-05 21:44:00,4446.94,4446.94,4445.77,4445.89,62
2026-01-05 21:45:00,4445.96,4446.49,4445.67,4446.45,88
2026-01-05 21:46:00,4446.44,4447.11,4445.69,4445.69,66
2026-01-05 21:47:00,4445.65,4446.01,4445.48,4445.99,68
2026-01-05 21:48:00,4445.95,4446.85,4445.93,4446.85,58
2026-01-05 21:49:00,4446.92,4448.73,4446.88,4448.45,143
2026-01-05 21:50:00,4448.49,4448.57,4448.15,4448.27,76
2026-01-05 21:51:00,4448.3,4448.54,4448.05,4448.13,53
2026-01-05 21:52:00,4448.12,4448.91,4448.12,4448.39,66
2026-01-05 21:53:00,4448.44,4448.6,4448.09,4448.54,69
2026-01-05 21:54:00,4448.63,4448.63,4448.22,4448.55,64
2026-01-05 21:55:00,4448.5,4448.61,4448.21,4448.4,67
2026-01-05 21:56:00,4448.51,4449.22,4448.33,4448.78,84
2026-01-05 21:57:00,4448.71,4449.03,4448.33,4449.03,89
2026-01-05 21:58:00,4448.93,4449.21,4448.91,4449.0,59
2026-01-05 21:59:00,4447.53,4447.92,4447.36,4447.92,167
2026-01-05 22:00:00,4449.07,4449.07,4448.0,4448.27,222
2026-01-05 22:01:00,4448.26,4448.72,4448.02,4448.36,215
2026-01-05 22:02:00,4448.39,4448.47,4446.3,4447.22,214
2026-01-05 22:03:00,4447.2,4447.6,4446.4,4446.6,206
2026-01-05 22:04:00,4446.58,4448.32,4446.44,4448.11,218
2026-01-05 22:05:00,4448.1,4448.1,4446.1,4446.1,228
2026-01-05 22:06:00,4446.07,4446.07,4439.22,4439.24,298
2026-01-05 22:07:00,4439.23,4441.35,4439.04,4440.39,310
2026-01-05 22:08:00,4440.29,4440.6,4435.3,4435.47,307
2026-01-05 22:09:00,4436.3,4437.69,4435.83,4437.44,322
2026-01-05 22:10:00,4437.49,4437.74,4434.88,4436.23,288
2026-01-05 22:11:00,4436.24,4440.13,4436.2,4439.59,290
2026-01-05 22:12:00,4439.78,4440.51,4439.39,4439.86,266
2026-01-05 22:13:00,4439.8,4440.65,4438.28,4440.11,284
2026-01-05 22:14:00,4440.07,4440.29,4437.73,4440.03,264
2026-01-05 22:15:00,4439.77,4441.2,4439.25,4439.47,281
2026-01-05 22:16:00,4439.49,4440.54,4438.79,4440.47,233
2026-01-05 22:17:00,4440.48,4440.58,4438.19,4438.37,208
2026-01-05 22:18:00,4438.28,4439.32,4437.85,4437.96,229
2026-01-05 22:19:00,4437.94,4440.17,4437.82,4439.91,245
2026-01-05 22:20:00,4439.96,4441.68,4439.96,4441.67,239
2026-01-05 22:21:00,4441.59,4441.79,4439.35,4440.2,226
2026-01-05 22:22:00,4440.28,4441.15,4440.18,4441.15,192
2026-01-05 22:23:00,4441.23,4441.81,4440.74,4441.73,213
2026-01-05 22:24:00,4441.7,4441.75,4440.71,4441.09,211
2026-01-05 22:25:00,4441.08,4441.36,4440.08,4440.85,206
2026-01-05 22:26:00,4440.87,4441.97,4440.47,4441.73,222
2026-01-05 22:27:00,4441.68,4442.86,4440.59,4441.37,209
2026-01-05 22:28:00,4441.37,4442.31,4441.14,4441.94,223
2026-01-05 22:29:00,4442.03,4442.58,4441.31,4441.76,194
2026-01-05 22:30:00,4441.59,4442.98,4441.17,4442.68,192
2026-01-05 22:31:00,4442.71,4443.68,4442.54,4443.54,218
2026-01-05 22:32:00,4443.56,4444.68,4443.56,4444.66,232
2026-01-05 22:33:00,4444.69,4445.12,4444.19,4444.51,254
2026-01-05 22:34:00,4444.52,4445.82,4444.52,4445.1,184
2026-01-05 22:35:00,4445.02,4445.54,4445.0,4445.27,174
2026-01-05 22:36:00,4445.35,4445.52,4444.56,4445.21,187
2026-01-05 22:37:00,4445.22,4445.46,4445.17,4445.39,160
2026-01-05 22:38:00,4445.32,4445.32,4443.94,4445.18,213
2026-01-05 22:39:00,4445.24,4445.33,4444.5,4444.97,230
2026-01-05 22:40:00,4444.91,4445.4,4444.46,4444.72,210
2026-01-05 22:41:00,4444.71,4445.06,4444.02,4444.56,216
2026-01-05 22:42:00,4444.38,4444.38,4443.17,4443.36,211
2026-01-05 22:43:00,4443.14,4444.07,4442.81,4443.24,219
2026-01-05 22:44:00,4443.29,4443.83,4442.5,4442.7,180
2026-01-05 22:45:00,4442.67,4444.16,4442.67,4444.16,156
2026-01-05 22:46:00,4444.06,4444.06,4442.4,4442.4,134
2026-01-05 22:47:00,4442.35,4442.85,4441.99,4442.41,185
2026-01-05 22:48:00,4442.35,4443.17,4442.21,4442.61,170
2026-01-05 22:49:00,4442.59,4443.53,4442.34,4443.52,130
2026-01-05 22:50:00,4443.54,4443.54,4442.42,4442.8,181
2026-01-05 22:51:00,4442.67,4442.85,4440.9,4441.19,214
2026-01-05 22:52:00,4441.18,4441.77,4441.03,4441.44,192
2026-01-05 22:53:00,4441.45,4441.77,4440.56,4441.01,180
2026-01-05 22:54:00,4441.0,4442.12,4441.0,4441.98,202
2026-01-05 22:55:00,4441.96,4442.68,4440.62,4440.62,189
2026-01-05 22:56:00,4440.63,4440.63,4438.62,4438.95,223
2026-01-05 22:57:00,4438.93,4441.69,4438.63,4441.69,218
2026-01-05 22:58:00,4441.72,4441.73,4440.38,4440.49,214
2026-01-05 22:59:00,4440.48,4440.5,4439.68,4439.76,234
2026-01-05 23:00:00,4439.73,4441.25,4439.07,4440.84,228
2026-01-05 23:01:00,4451.12,4453.74,4449.22,4453.22,224
2026-01-05 23:02:00,4453.23,4454.2,4450.07,4451.54,184
2026-01-05 23:03:00,4451.54,4453.14,4451.41,4452.99,103
2026-01-05 23:04:00,4453.36,4454.81,4453.36,4454.37,153
2026-01-05 23:05:00,4454.37,4454.99,4454.05,4454.66,81
2026-01-05 23:06:00,4454.25,4454.35,4453.11,4454.02,78
2026-01-05 23:07:00,4454.0,4454.84,4453.63,4454.04,85
2026-01-05 23:08:00,4454.04,4454.53,4453.52,4454.34,84
2026-01-05 23:09:00,4454.44,4457.95,4454.14,4457.5,111
2026-01-05 23:10:00,4457.52,4460.02,4456.67,4456.73,233
2026-01-05 23:11:00,4456.74,4456.89,4454.01,4456.35,208
2026-01-05 23:12:00,4456.56,4456.56,4454.25,4454.39,131
2026-01-05 23:13:00,4454.43,4455.25,4453.91,4454.05,124
2026-01-05 23:14:00,4454.22,4454.22,4451.42,4451.6,143
2026-01-05 23:15:00,4451.55,4451.6,4449.77,4451.25,139
2026-01-05 23:16:00,4451.15,4451.29,4450.45,4450.79,113
2026-01-05 23:17:00,4450.7,4450.7,4448.74,4450.46,200
2026-01-05 23:18:00,4450.36,4453.44,4450.3,4453.28,156
2026-01-05 23:19:00,4453.32,4453.53,4451.54,4452.02,138
2026-01-05 23:20:00,4451.95,4453.01,4451.72,4452.74,161
2026-01-05 23:21:00,4452.75,4453.28,4452.19,4452.81,105
2026-01-05 23:22:00,4452.82,4453.2,4452.56,4452.56,85
2026-01-05 23:23:00,4452.5,4452.97,4452.37,4452.43,86
2026-01-05 23:24:00,4452.38,4452.38,4450.69,4450.69,124
2026-01-05 23:25:00,4450.76,4451.02,4449.96,4450.22,128
2026-01-05 23:26:00,4450.33,4450.69,4449.69,4449.82,119
2026-01-05 23:27:00,4449.9,4450.51,4449.75,4450.5,102
2026-01-05 23:28:00,4450.51,4450.52,4449.11,4449.3,97
2026-01-05 23:29:00,4449.25,4449.73,4448.83,4449.08,136
2026-01-05 23:30:00,4449.13,4450.32,4448.81,4449.88,158
2026-01-05 23:31:00,4449.89,4450.31,4444.4,4444.5,145
2026-01-05 23:32:00,4444.5,4445.48,4438.81,4441.8,291
2026-01-05 23:33:00,4441.82,4441.82,4440.12,4440.28,200
2026-01-05 23:34:00,4440.32,4442.33,4440.32,4441.34,179
2026-01-05 23:35:00,4441.35,4443.55,4441.35,4443.11,157
2026-01-05 23:36:00,4443.18,4445.3,4443.12,4445.01,160
2026-01-05 23:37:00,4445.07,4446.34,4444.63,4446.34,106
2026-01-05 23:38:00,4446.4,4446.4,4443.48,4443.85,138
2026-01-05 23:39:00,4444.13,4444.59,4442.09,4444.06,179
2026-01-05 23:40:00,4443.88,4444.15,4442.72,4444.15,132
2026-01-05 23:41:00,4444.15,4444.62,4443.19,4444.48,120
2026-01-05 23:42:00,4444.49,4444.72,4443.18,4443.36,102
2026-01-05 23:43:00,4443.41,4443.52,4442.15,4442.23,113
2026-01-05 23:44:00,4442.28,4443.05,4441.59,4443.02,122
2026-01-05 23:45:00,4443.01,4444.02,4441.7,4442.63,153
2026-01-05 23:46:00,4442.91,4443.7,4441.16,4441.16,121
2026-01-05 23:47:00,4441.15,4441.33,4440.06,4440.81,157
2026-01-05 23:48:00,4440.86,4441.67,4440.6,4441.53,100
2026-01-05 23:49:00,4441.54,4441.83,4441.31,4441.37,64
2026-01-05 23:50:00,4440.96,4441.22,4440.72,4440.97,46
2026-01-05 23:51:00,4440.6,4440.61,4439.19,4439.19,120
2026-01-05 23:52:00,4439.19,4440.29,4439.19,4439.44,148
2026-01-05 23:53:00,4439.25,4440.44,4439.17,4439.88,129
2026-01-05 23:54:00,4439.79,4440.0,4439.25,4439.57,120
2026-01-05 23:55:00,4439.36,4441.1,4439.1,4439.57,134
2026-01-05 23:56:00,4439.63,4440.29,4436.8,4440.29,188
2026-01-05 23:57:00,4440.33,4441.8,4439.84,4440.93,156
2026-01-05 23:58:00,4441.31,4441.66,4440.76,4441.1,131
2026-01-05 23:59:00,4441.0,4441.22,4440.38,4440.65,115
2026-01-06 00:00:00,4440.61,4441.25,4436.93,4438.54,224
2026-01-06 00:01:00,4438.75,4439.14,4436.7,4437.47,245
2026-01-06 00:02:00,4437.46,4439.25,4437.0,4437.96,165
2026-01-06 00:03:00,4437.92,4438.78,4437.33,4438.72,168
2026-01-06 00:04:00,4438.64,4440.32,4438.03,4440.27,160
2026-01-06 00:05:00,4440.3,4440.31,4436.93,4437.25,143
2026-01-06 00:06:00,4437.25,4439.09,4437.25,4438.51,117
2026-01-06 00:07:00,4438.33,4440.01,4438.33,4439.1,134
2026-01-06 00:08:00,4439.01,4441.28,4438.58,4440.74,176
2026-01-06 00:09:00,4440.73,4441.74,4438.89,4438.92,183
2026-01-06 00:10:00,4438.94,4439.06,4437.81,4438.29,162
2026-01-06 00:11:00,4438.09,4439.61,4437.84,4439.24,173
2026-01-06 00:12:00,4439.25,4439.6,4438.24,4438.78,137
2026-01-06 00:13:00,4438.63,4439.81,4438.55,4439.81,87
2026-01-06 00:14:00,4440.11,4440.91,4440.01,4440.48,143
2026-01-06 00:15:00,4440.52,4442.0,4440.42,4441.94,199
2026-01-06 00:16:00,4441.9,4442.01,4439.71,4440.52,191
2026-01-06 00:17:00,4440.5,4442.18,4439.38,4442.01,157
2026-01-06 00:18:00,4441.99,4442.33,4441.54,4442.24,178
2026-01-06 00:19:00,4442.24,4442.47,4441.4,4441.53,166
2026-01-06 00:20:00,4441.5,4441.76,4439.94,4440.29,200
2026-01-06 00:21:00,4440.24,4441.86,4440.04,4441.86,164
2026-01-06 00:22:00,4441.89,4442.01,4441.08,4441.44,119
2026-01-06 00:23:00,4441.4,4441.4,4439.75,4440.0,148
2026-01-06 00:24:00,4439.98,4441.31,4439.83,4440.98,131
2026-01-06 00:25:00,4441.01,4441.15,4439.56,4439.86,113
2026-01-06 00:26:00,4439.86,4441.0,4439.86,4441.0,127
2026-01-06 00:27:00,4441.02,4441.05,4440.19,4440.53,109
2026-01-06 00:28:00,4440.59,4440.99,4440.23,4440.31,116
2026-01-06 00:29:00,4440.18,4441.32,4440.18,4440.73,123
2026-01-06 00:30:00,4440.73,4443.39,4440.73,4443.25,145
2026-01-06 00:31:00,4443.24,4444.72,4442.37,4442.46,226
2026-01-06 00:32:00,4442.6,4443.24,4438.01,4438.01,216
2026-01-06 00:33:00,4438.19,4439.09,4437.7,4438.17,198
2026-01-06 00:34:00,4438.03,4438.45,4436.41,4436.54,202
2026-01-06 00:35:00,4436.52,4437.03,4434.01,4436.04,214
2026-01-06 00:36:00,4436.03,4437.37,4435.63,4436.12,256
2026-01-06 00:37:00,4435.79,4436.85,4435.51,4436.19,175
2026-01-06 00:38:00,4436.2,4436.28,4434.87,4435.05,182
2026-01-06 00:39:00,4435.04,4435.44,4434.43,4434.58,215
2026-01-06 00:40:00,4434.66,4434.94,4430.48,4432.76,275
2026-01-06 00:41:00,4432.68,4434.77,4432.61,4433.14,269
2026-01-06 00:42:00,4432.9,4435.23,4432.75,4435.21,208
2026-01-06 00:43:00,4435.22,4436.68,4435.15,4436.22,190
2026-01-06 00:44:00,4436.24,4436.74,4435.27,4436.55,164
2026-01-06 00:45:00,4437.08,4437.73,4436.51,4437.16,200
2026-01-06 00:46:00,4437.09,4437.78,4437.09,4437.68,148
2026-01-06 00:47:00,4437.58,4437.9,4437.19,4437.7,120
2026-01-06 00:48:00,4437.73,4438.18,4437.57,4437.69,182
2026-01-06 00:49:00,4437.7,4437.7,4436.3,4436.6,197
2026-01-06 00:50:00,4436.56,4437.09,4435.78,4436.17,172
2026-01-06 00:51:00,4436.21,4436.28,4435.33,4435.33,149
2026-01-06 00:52:00,4435.32,4435.93,4435.11,4435.41,227
2026-01-06 00:53:00,4435.37,4435.57,4434.72,4434.89,196
2026-01-06 00:54:00,4435.12,4435.53,4434.62,4435.53,198
2026-01-06 00:55:00,4435.55,4436.69,4435.55,4436.6,178
2026-01-06 00:56:00,4436.74,4437.96,4436.54,4437.85,224
2026-01-06 00:57:00,4437.84,4437.84,4436.46,4436.84,187
2026-01-06 00:58:00,4436.66,4437.04,4436.19,4436.94,181
2026-01-06 00:59:00,4436.92,4436.92,4435.34,4436.38,197
2026-01-06 01:00:00,4437.17,4440.12,4435.74,4436.73,347
2026-01-06 01:01:00,4436.48,4438.03,4435.02,4437.99,336
2026-01-06 01:02:00,4438.0,4438.0,4430.88,4430.95,339
2026-01-06 01:03:00,4431.21,4434.64,4428.01,4434.17,343
2026-01-06 01:04:00,4434.3,4435.19,4433.62,4434.2,320
2026-01-06 01:05:00,4433.75,4435.66,4431.97,4434.07,311
2026-01-06 01:06:00,4434.0,4436.91,4432.43,4436.14,302
2026-01-06 01:07:00,4436.38,4438.04,4435.43,4437.86,283
2026-01-06 01:08:00,4437.99,4438.94,4436.84,4436.93,258
2026-01-06 01:09:00,4436.89,4439.42,4436.56,4436.56,297
2026-01-06 01:10:00,4436.42,4441.83,4436.34,4440.01,308
2026-01-06 01:11:00,4440.03,4440.99,4438.31,4439.75,302
2026-01-06 01:12:00,4439.82,4440.97,4439.07,4440.4,245
2026-01-06 01:13:00,4440.37,4441.77,4438.53,4439.31,267
2026-01-06 01:14:00,4439.37,4442.28,4439.37,4441.77,269
2026-01-06 01:15:00,4441.78,4444.17,4441.16,4443.32,326
2026-01-06 01:16:00,4443.2,4443.2,4441.53,4442.2,258
2026-01-06 01:17:00,4442.43,4443.32,4440.29,4441.01,289
2026-01-06 01:18:00,4440.94,4441.96,4439.65,4440.35,280
2026-01-06 01:19:00,4440.34,4441.44,4440.29,4440.91,228
2026-01-06 01:20:00,4440.75,4442.5,4440.17,4442.43,282
2026-01-06 01:21:00,4442.48,4442.56,4439.07,4439.3,291
2026-01-06 01:22:00,4438.72,4439.76,4437.74,4438.69,289
2026-01-06 01:23:00,4438.75,4439.57,4436.83,4436.83,254
2026-01-06 01:24:00,4436.82,4437.14,4435.37,4435.89,248
2026-01-06 01:25:00,4435.68,4436.05,4434.36,4435.68,274
2026-01-06 01:26:00,4435.44,4436.26,4433.9,4435.34,275
2026-01-06 01:27:00,4435.37,4436.22,4434.23,4435.46,280
2026-01-06 01:28:00,4435.42,4436.86,4434.01,4436.46,295
2026-01-06 01:29:00,4436.59,4436.64,4434.31,4434.95,257
2026-01-06 01:30:00,4435.2,4436.36,4433.53,4435.51,288
2026-01-06 01:31:00,4435.43,4435.65,4433.38,4434.59,247
2026-01-06 01:32:00,4434.57,4435.81,4433.37,4433.71,288
2026-01-06 01:33:00,4433.68,4434.28,4432.79,4433.74,286
2026-01-06 01:34:00,4433.69,4436.69,4432.69,4436.17,250
2026-01-06 01:35:00,4436.22,4436.98,4434.37,4436.64,281
2026-01-06 01:36:00,4436.76,4438.13,4435.83,4438.09,254
2026-01-06 01:37:00,4438.09,4439.84,4437.96,4439.66,271
2026-01-06 01:38:00,4439.78,4440.05,4438.59,4439.47,245
2026-01-06 01:39:00,4439.25,4440.53,4439.08,4440.15,245
2026-01-06 01:40:00,4440.14,4441.33,4439.61,4440.48,237
2026-01-06 01:41:00,4440.43,4443.18,4440.09,4443.13,272
2026-01-06 01:42:00,4443.24,4443.25,4441.16,4441.58,245
2026-01-06 01:43:00,4440.84,4441.25,4440.21,4440.69,239
2026-01-06 01:44:00,4440.61,4440.98,4439.05,4439.23,209
2026-01-06 01:45:00,4439.33,4440.83,4438.34,4440.43,252
2026-01-06 01:46:00,4440.28,4441.29,4439.86,4440.04,248
2026-01-06 01:47:00,4440.07,4441.29,4440.02,4441.18,218
2026-01-06 01:48:00,4441.34,4442.67,4441.19,4441.9,254
2026-01-06 01:49:00,4441.91,4441.91,4440.25,4440.53,219
2026-01-06 01:50:00,4440.47,4441.91,4439.65,4441.64,246
2026-01-06 01:51:00,4441.67,4443.42,4440.93,4443.32,214
2026-01-06 01:52:00,4443.35,4443.99,4442.57,4443.81,194
2026-01-06 01:53:00,4443.86,4446.44,4443.86,4445.69,296
2026-01-06 01:54:00,4445.69,4448.2,4445.69,4447.64,298
2026-01-06 01:55:00,4447.78,4448.71,4447.32,4448.71,287
2026-01-06 01:56:00,4448.85,4450.57,4447.77,4450.37,285
2026-01-06 01:57:00,4450.33,4451.19,4449.67,4451.07,325
2026-01-06 01:58:00,4451.04,4452.22,4451.04,4451.84,294
2026-01-06 01:59:00,4452.04,4452.04,4450.22,4450.58,262
2026-01-06 02:00:00,4450.57,4451.96,4448.67,4449.72,291
2026-01-06 02:01:00,4449.9,4452.67,4449.56,4452.67,330
2026-01-06 02:02:00,4452.74,4454.83,4452.59,4453.88,278
2026-01-06 02:03:00,4453.75,4454.97,4452.03,4454.97,277
2026-01-06 02:04:00,4454.86,4454.86,4452.06,4452.75,283
2026-01-06 02:05:00,4452.77,4453.3,4451.31,4452.05,289
2026-01-06 02:06:00,4452.09,4454.05,4451.36,4453.23,321
2026-01-06 02:07:00,4452.98,4454.17,4451.76,4454.16,286
2026-01-06 02:08:00,4454.08,4455.44,4453.97,4454.91,298
2026-01-06 02:09:00,4455.11,4457.54,4455.11,4457.29,327
2026-01-06 02:10:00,4457.24,4459.12,4457.21,4458.81,302
2026-01-06 02:11:00,4458.86,4459.42,4457.41,4457.97,296
2026-01-06 02:12:00,4457.89,4459.37,4456.68,4458.4,296
2026-01-06 02:13:00,4458.43,4460.52,4457.95,4459.14,299
2026-01-06 02:14:00,4459.11,4459.75,4458.99,4459.28,270
2026-01-06 02:15:00,4459.3,4459.3,4457.62,4458.05,287
2026-01-06 02:16:00,4457.98,4458.42,4457.39,4457.67,205
2026-01-06 02:17:00,4457.62,4458.78,4456.6,4458.45,265
2026-01-06 02:18:00,4458.43,4458.44,4456.87,4457.41,219
2026-01-06 02:19:00,4457.42,4458.12,4456.47,4457.9,232
2026-01-06 02:20:00,4457.91,4458.88,4457.11,4457.5,214
2026-01-06 02:21:00,4457.4,4459.96,4457.32,4459.03,181
2026-01-06 02:22:00,4459.01,4459.97,4458.59,4459.21,233
2026-01-06 02:23:00,4459.2,4459.76,4458.98,4459.38,205
2026-01-06 02:24:00,4459.3,4459.77,4458.75,4459.77,206
2026-01-06 02:25:00,4459.73,4459.95,4459.21,4459.36,223
2026-01-06 02:26:00,4459.37,4459.37,4457.71,4457.71,160
2026-01-06 02:27:00,4457.68,4460.61,4457.63,4460.61,217
2026-01-06 02:28:00,4460.53,4460.55,4459.7,4460.18,227
2026-01-06 02:29:00,4460.24,4460.33,4459.64,4460.21,160
2026-01-06 02:30:00,4460.15,4460.93,4459.34,4460.04,285
2026-01-06 02:31:00,4459.97,4460.04,4459.35,4459.84,247
2026-01-06 02:32:00,4459.87,4459.94,4457.76,4458.56,272
2026-01-06 02:33:00,4458.59,4458.81,4456.86,4456.93,296
2026-01-06 02:34:00,4456.95,4459.3,4456.95,4458.52,289
2026-01-06 02:35:00,4458.47,4459.3,4457.9,4457.91,215
2026-01-06 02:36:00,4458.25,4459.51,4457.26,4458.59,266
2026-01-06 02:37:00,4458.55,4458.58,4456.3,4456.48,261
2026-01-06 02:38:00,4456.42,4456.53,4455.25,4455.51,300
2026-01-06 02:39:00,4455.5,4455.7,4452.37,4452.43,274
2026-01-06 02:40:00,4452.39,4452.43,4450.45,4450.61,314
2026-01-06 02:41:00,4450.62,4450.62,4448.79,4449.69,306
2026-01-06 02:42:00,4449.71,4453.26,4449.1,4453.26,277
2026-01-06 02:43:00,4453.28,4453.78,4452.7,4452.7,261
2026-01-06 02:44:00,4452.81,4453.6,4452.37,4453.58,261
2026-01-06 02:45:00,4453.6,4455.8,4453.35,4455.73,300
2026-01-06 02:46:00,4455.71,4455.91,4454.37,4455.74,223
2026-01-06 02:47:00,4455.73,4456.13,4454.61,4456.13,253
2026-01-06 02:48:00,4456.14,4457.14,4455.03,4457.1,242
2026-01-06 02:49:00,4457.09,4457.51,4455.97,4456.0,229
2026-01-06 02:50:00,4456.01,4456.14,4454.48,4454.6,216
2026-01-06 02:51:00,4454.5,4454.6,4453.48,4453.78,192
2026-01-06 02:52:00,4453.82,4454.6,4453.05,4453.27,231
2026-01-06 02:53:00,4453.32,4454.34,4452.66,4454.19,221
2026-01-06 02:54:00,4454.14,4455.08,4453.64,4454.59,223
2026-01-06 02:55:00,4454.58,4454.62,4452.53,4453.49,216
2026-01-06 02:56:00,4453.46,4455.52,4453.46,4455.4,247
2026-01-06 02:57:00,4455.28,4455.28,4451.85,4454.02,279
2026-01-06 02:58:00,4454.12,4454.78,4453.94,4454.55,227
2026-01-06 02:59:00,4454.5,4455.36,4454.48,4454.84,196
2026-01-06 03:00:00,4454.89,4456.57,4454.89,4456.26,223
2026-01-06 03:01:00,4456.27,4457.16,4454.69,4454.92,201
2026-01-06 03:02:00,4454.82,4455.88,4454.0,4455.12,257
2026-01-06 03:03:00,4455.1,4457.2,4455.1,4456.26,209
2026-01-06 03:04:00,4456.21,4456.85,4455.77,4456.68,233
2026-01-06 03:05:00,4456.81,4456.83,4455.89,4456.57,246
2026-01-06 03:06:00,4456.52,4456.61,4454.99,4455.74,210
2026-01-06 03:07:00,4455.73,4457.1,4454.91,4456.76,218
2026-01-06 03:08:00,4456.76,4457.46,4456.74,4457.03,227
2026-01-06 03:09:00,4457.01,4458.61,4456.93,4458.55,200
2026-01-06 03:10:00,4458.6,4459.55,4458.53,4459.33,214
2026-01-06 03:11:00,4459.32,4459.55,4458.71,4459.48,186
2026-01-06 03:12:00,4459.53,4465.23,4459.38,4465.19,270
2026-01-06 03:13:00,4465.22,4465.24,4463.04,4463.19,290
2026-01-06 03:14:00,4463.23,4464.07,4462.39,4462.44,302
2026-01-06 03:15:00,4462.36,4464.67,4462.36,4464.08,284
2026-01-06 03:16:00,4464.0,4464.84,4462.08,4464.54,294
2026-01-06 03:17:00,4464.57,4465.28,4464.57,4465.02,236
2026-01-06 03:18:00,4464.96,4467.29,4464.58,4464.88,287
2026-01-06 03:19:00,4464.85,4466.35,4464.85,4465.22,242
2026-01-06 03:20:00,4465.17,4465.22,4463.77,4463.97,232
2026-01-06 03:21:00,4463.95,4463.99,4462.4,4462.5,232
2026-01-06 03:22:00,4462.53,4465.11,4462.53,4464.8,250
2026-01-06 03:23:00,4464.88,4465.85,4464.55,4465.78,222
2026-01-06 03:24:00,4465.75,4468.01,4465.56,4467.72,231
2026-01-06 03:25:00,4467.7,4467.77,4465.94,4465.96,253
2026-01-06 03:26:00,4465.97,4466.87,4465.18,4465.71,252
2026-01-06 03:27:00,4465.72,4466.07,4464.92,4465.07,213
2026-01-06 03:28:00,4465.17,4465.65,4464.17,4464.34,232
2026-01-06 03:29:00,4464.48,4465.14,4463.58,4463.66,222
2026-01-06 03:30:00,4463.69,4464.22,4463.12,4464.22,144
2026-01-06 03:31:00,4464.25,4464.81,4463.89,4463.89,190
2026-01-06 03:32:00,4463.93,4464.7,4463.71,4464.66,160
2026-01-06 03:33:00,4464.85,4465.13,4464.17,4464.17,178
2026-01-06 03:34:00,4464.18,4465.04,4464.07,4464.93,137
2026-01-06 03:35:00,4464.67,4465.39,4464.59,4464.84,126
2026-01-06 03:36:00,4464.85,4465.35,4464.52,4464.82,92
2026-01-06 03:37:00,4464.76,4465.0,4464.69,4464.92,98
2026-01-06 03:38:00,4465.07,4465.4,4465.07,4465.17,89
2026-01-06 03:39:00,4465.18,4467.63,4465.1,4467.2,161
2026-01-06 03:40:00,4467.2,4467.38,4466.24,4466.29,151
2026-01-06 03:41:00,4466.32,4467.26,4465.87,4465.9,158
2026-01-06 03:42:00,4465.95,4465.99,4464.95,4465.26,157
2026-01-06 03:43:00,4465.27,4465.96,4464.95,4465.93,108
2026-01-06 03:44:00,4465.92,4466.27,4465.59,4466.18,117
2026-01-06 03:45:00,4466.23,4466.85,4465.75,4466.55,97
2026-01-06 03:46:00,4466.55,4467.77,4466.24,4466.39,190
2026-01-06 03:47:00,4466.38,4466.64,4465.7,4466.64,160
2026-01-06 03:48:00,4466.65,4466.67,4465.96,4466.5,88
2026-01-06 03:49:00,4466.51,4466.51,4465.64,4465.91,119
2026-01-06 03:50:00,4465.48,4465.93,4464.65,4465.47,162
2026-01-06 03:51:00,4465.59,4466.6,4465.35,4466.04,159
2026-01-06 03:52:00,4466.15,4466.81,4465.71,4466.51,136
2026-01-06 03:53:00,4466.55,4467.23,4466.52,4467.08,146
2026-01-06 03:54:00,4467.09,4467.25,4466.62,4466.76,137
2026-01-06 03:55:00,4466.57,4468.08,4466.4,4467.73,164
2026-01-06 03:56:00,4467.81,4468.08,4467.04,4467.36,140
2026-01-06 03:57:00,4467.37,4467.5,4466.76,4467.05,159
2026-01-06 03:58:00,4467.07,4467.3,4466.57,4467.3,135
2026-01-06 03:59:00,4467.29,4467.71,4466.98,4467.71,125
2026-01-06 04:00:00,4467.69,4467.69,4465.49,4465.88,169
2026-01-06 04:01:00,4465.94,4466.94,4465.94,4466.31,134
2026-01-06 04:02:00,4466.32,4466.36,4465.3,4465.52,154
2026-01-06 04:03:00,4465.52,4466.61,4465.31,4466.59,154
2026-01-06 04:04:00,4466.62,4466.91,4465.98,4466.44,135
2026-01-06 04:05:00,4466.44,4466.5,4465.86,4466.17,97
2026-01-06 04:06:00,4466.16,4466.21,4465.12,4465.13,106
2026-01-06 04:07:00,4465.18,4465.88,4464.71,4465.7,122
2026-01-06 04:08:00,4465.62,4466.1,4465.24,4466.02,107
2026-01-06 04:09:00,4465.98,4466.04,4465.07,4465.39,84
2026-01-06 04:10:00,4465.71,4466.59,4465.24,4466.47,118
2026-01-06 04:11:00,4466.46,4466.57,4465.93,4466.37,147
2026-01-06 04:12:00,4466.33,4468.5,4466.33,4467.78,196
2026-01-06 04:13:00,4467.76,4467.76,4466.03,4466.36,223
2026-01-06 04:14:00,4466.09,4466.99,4465.74,4465.77,158
2026-01-06 04:15:00,4465.64,4465.9,4463.28,4463.62,175
2026-01-06 04:16:00,4463.71,4466.96,4463.71,4466.64,224
2026-01-06 04:17:00,4466.65,4467.4,4466.56,4466.6,192
2026-01-06 04:18:00,4466.57,4466.58,4464.82,4465.14,205
2026-01-06 04:19:00,4465.13,4465.96,4465.1,4465.64,158
2026-01-06 04:20:00,4465.63,4466.09,4465.58,4465.89,123
2026-01-06 04:21:00,4465.91,4466.3,4465.83,4466.3,88
2026-01-06 04:22:00,4466.35,4466.72,4465.77,4466.02,103
2026-01-06 04:23:00,4466.04,4466.25,4465.42,4465.66,163
2026-01-06 04:24:00,4465.65,4465.73,4465.01,4465.01,110
2026-01-06 04:25:00,4464.99,4465.33,4463.8,4463.87,178
2026-01-06 04:26:00,4463.89,4464.3,4463.64,4464.24,165
2026-01-06 04:27:00,4464.23,4464.46,4463.99,4464.15,90
2026-01-06 04:28:00,4464.2,4464.5,4463.46,4464.3,151
2026-01-06 04:29:00,4464.33,4464.85,4464.17,4464.85,114
2026-01-06 04:30:00,4464.8,4466.14,4464.8,4466.13,104
2026-01-06 04:31:00,4465.84,4465.88,4465.49,4465.74,91
2026-01-06 04:32:00,4465.83,4465.87,4464.92,4464.92,54
2026-01-06 04:33:00,4465.35,4465.86,4465.24,4465.83,97
2026-01-06 04:34:00,4465.86,4466.38,4465.76,4465.93,67
2026-01-06 04:35:00,4465.83,4465.95,4465.48,4465.67,73
2026-01-06 04:36:00,4465.67,4465.67,4465.08,4465.08,76
2026-01-06 04:37:00,4465.15,4465.51,4465.15,4465.48,80
2026-01-06 04:38:00,4465.49,4465.51,4465.02,4465.13,82
2026-01-06 04:39:00,4465.07,4466.01,4465.03,4466.01,89
2026-01-06 04:40:00,4466.02,4466.24,4464.52,4465.04,137
2026-01-06 04:41:00,4464.81,4465.13,4463.12,4463.47,208
2026-01-06 04:42:00,4463.58,4465.07,4463.28,4464.05,209
2026-01-06 04:43:00,4464.12,4464.12,4461.87,4462.61,194
2026-01-06 04:44:00,4462.54,4462.99,4462.36,4462.64,67
2026-01-06 04:45:00,4462.69,4463.75,4462.61,4463.37,97
2026-01-06 04:46:00,4463.47,4463.7,4462.72,4463.62,102
2026-01-06 04:47:00,4463.6,4464.12,4463.48,4463.72,93
2026-01-06 04:48:00,4463.77,4466.13,4463.23,4465.71,105
2026-01-06 04:49:00,4465.71,4466.02,4465.49,4465.96,123
2026-01-06 04:50:00,4466.05,4466.36,4465.87,4465.91,126
2026-01-06 04:51:00,4465.9,4466.77,4465.82,4466.03,133
2026-01-06 04:52:00,4466.27,4466.82,4466.12,4466.44,107
2026-01-06 04:53:00,4466.49,4467.42,4466.42,4466.92,97
2026-01-06 04:54:00,4466.95,4467.49,4466.95,4467.29,133
2026-01-06 04:55:00,4467.28,4468.48,4467.28,4467.8,157
2026-01-06 04:56:00,4467.78,4467.78,4467.12,4467.2,166
2026-01-06 04:57:00,4467.21,4467.36,4466.64,4467.35,111
2026-01-06 04:58:00,4467.4,4467.61,4466.96,4467.53,82
2026-01-06 04:59:00,4467.47,4467.68,4467.44,4467.44,98
2026-01-06 05:00:00,4467.19,4467.68,4467.09,4467.61,132
2026-01-06 05:01:00,4467.57,4468.16,4467.36,4467.55,173
2026-01-06 05:02:00,4467.56,4467.81,4467.33,4467.75,186
2026-01-06 05:03:00,4467.69,4467.71,4467.19,4467.39,160
2026-01-06 05:04:00,4467.34,4469.16,4467.34,4468.93,140
2026-01-06 05:05:00,4468.96,4469.48,4468.68,4469.48,170
2026-01-06 05:06:00,4469.43,4469.44,4468.99,4469.06,127
2026-01-06 05:07:00,4469.05,4469.43,4468.25,4469.23,159
2026-01-06 05:08:00,4469.24,4469.24,4467.59,4467.77,154
2026-01-06 05:09:00,4467.77,4467.83,4467.49,4467.69,142
2026-01-06 05:10:00,4467.67,4468.76,4467.38,4468.56,145
2026-01-06 05:11:00,4468.61,4469.24,4467.85,4467.85,149
2026-01-06 05:12:00,4467.86,4468.48,4467.72,4468.03,102
2026-01-06 05:13:00,4468.04,4468.12,4467.63,4467.64,116
2026-01-06 05:14:00,4467.64,4468.07,4467.18,4467.18,110
2026-01-06 05:15:00,4467.19,4467.9,4466.81,4467.81,196
2026-01-06 05:16:00,4467.78,4468.9,4467.78,4468.62,164
2026-01-06 05:17:00,4468.6,4469.83,4468.02,4469.49,134
2026-01-06 05:18:00,4469.5,4469.57,4468.83,4469.13,177
2026-01-06 05:19:00,4469.01,4469.04,4468.54,4468.79,142
2026-01-06 05:20:00,4468.73,4469.57,4468.73,4469.56,91
2026-01-06 05:21:00,4469.52,4469.52,4468.89,4469.04,101
2026-01-06 05:22:00,4468.94,4469.41,4468.86,4469.13,144
2026-01-06 05:23:00,4469.0,4469.04,4468.25,4468.38,147
2026-01-06 05:24:00,4468.42,4468.45,4467.99,4468.18,146
2026-01-06 05:25:00,4467.99,4468.33,4467.69,4467.83,119
2026-01-06 05:26:00,4467.77,4468.65,4467.67,4468.56,104
2026-01-06 05:27:00,4468.62,4469.3,4468.57,4469.09,126
2026-01-06 05:28:00,4469.08,4470.12,4469.03,4469.52,192
2026-01-06 05:29:00,4469.67,4470.64,4469.54,4469.7,160
2026-01-06 05:30:00,4469.63,4472.84,4469.63,4472.68,306
2026-01-06 05:31:00,4472.39,4474.08,4472.01,4473.69,287
2026-01-06 05:32:00,4473.65,4473.78,4471.95,4472.49,311
2026-01-06 05:33:00,4472.19,4473.04,4471.53,4472.18,268
2026-01-06 05:34:00,4472.24,4472.24,4470.11,4471.27,250
2026-01-06 05:35:00,4471.26,4471.9,4470.47,4471.65,222
2026-01-06 05:36:00,4471.6,4471.93,4470.96,4471.26,225
2026-01-06 05:37:00,4470.89,4471.34,4469.85,4470.33,236
2026-01-06 05:38:00,4470.19,4470.24,4468.49,4468.91,295
2026-01-06 05:39:00,4469.13,4469.13,4463.53,4463.65,301
2026-01-06 05:40:00,4463.64,4463.77,4461.79,4463.31,330
2026-01-06 05:41:00,4463.32,4464.83,4462.09,4463.52,292
2026-01-06 05:42:00,4463.48,4466.05,4462.9,4465.48,303
2026-01-06 05:43:00,4465.45,4465.65,4462.71,4462.83,282
2026-01-06 05:44:00,4462.95,4463.49,4461.97,4463.06,246
2026-01-06 05:45:00,4463.3,4464.64,4463.27,4464.47,270
2026-01-06 05:46:00,4464.5,4464.7,4461.28,4461.92,238
2026-01-06 05:47:00,4461.53,4461.53,4457.82,4458.67,314
2026-01-06 05:48:00,4458.56,4460.72,4458.28,4459.23,308
2026-01-06 05:49:00,4459.42,4459.99,4457.82,4459.64,273
2026-01-06 05:50:00,4459.73,4460.09,4456.65,4456.8,276
2026-01-06 05:51:00,4456.87,4457.35,4455.05,4456.88,298
2026-01-06 05:52:00,4457.16,4457.59,4456.25,4457.59,316
2026-01-06 05:53:00,4458.19,4458.19,4455.39,4456.46,310
2026-01-06 05:54:00,4456.51,4456.84,4455.56,4456.07,302
2026-01-06 05:55:00,4455.81,4456.26,4455.02,4455.05,275
2026-01-06 05:56:00,4455.01,4455.2,4450.77,4451.53,328
2026-01-06 05:57:00,4451.55,4452.77,4449.51,4450.54,337
2026-01-06 05:58:00,4450.52,4453.08,4449.75,4453.04,313
2026-01-06 05:59:00,4452.69,4452.91,4451.35,4452.02,287
2026-01-06 06:00:00,4452.62,4453.04,4451.54,4452.62,285
2026-01-06 06:01:00,4452.21,4453.76,4451.62,4453.23,267
2026-01-06 06:02:00,4453.28,4454.53,4453.25,4453.91,280
2026-01-06 06:03:00,4453.9,4455.1,4452.91,4454.5,252
2026-01-06 06:04:00,4454.67,4456.65,4454.63,4455.18,251
2026-01-06 06:05:00,4455.25,4456.63,4455.25,4456.07,222
2026-01-06 06:06:00,4456.13,4456.46,4451.75,4454.91,285
2026-01-06 06:07:00,4455.23,4455.35,4453.75,4453.82,248
2026-01-06 06:08:00,4453.57,4454.8,4452.15,4454.8,260
2026-01-06 06:09:00,4454.82,4455.98,4454.35,4455.71,233
2026-01-06 06:10:00,4455.78,4457.94,4455.69,4457.74,276
2026-01-06 06:11:00,4457.82,4458.37,4456.84,4457.16,242
2026-01-06 06:12:00,4457.16,4457.72,4455.84,4456.21,203
2026-01-06 06:13:00,4456.37,4457.75,4456.28,4457.73,172
2026-01-06 06:14:00,4457.75,4457.84,4456.66,4456.84,198
2026-01-06 06:15:00,4457.17,4457.46,4455.87,4456.06,237
2026-01-06 06:16:00,4456.07,4457.34,4455.33,4456.64,223
2026-01-06 06:17:00,4456.61,4457.51,4456.06,4456.72,239
2026-01-06 06:18:00,4456.74,4457.24,4456.17,4457.21,184
2026-01-06 06:19:00,4457.29,4458.86,4457.1,4457.88,247
2026-01-06 06:20:00,4457.9,4457.9,4456.22,4457.28,240
2026-01-06 06:21:00,4457.51,4458.24,4457.31,4458.24,247
2026-01-06 06:22:00,4458.25,4458.37,4457.25,4458.37,217
2026-01-06 06:23:00,4458.33,4458.58,4456.88,4457.85,222
2026-01-06 06:24:00,4457.92,4457.99,4457.11,4457.98,253
2026-01-06 06:25:00,4458.0,4460.25,4458.0,4459.81,265
2026-01-06 06:26:00,4459.84,4459.92,4458.71,4459.25,252
2026-01-06 06:27:00,4459.3,4459.32,4458.19,4458.78,235
2026-01-06 06:28:00,4458.83,4459.38,4457.89,4459.38,224
2026-01-06 06:29:00,4459.39,4461.21,4458.87,4461.06,247
2026-01-06 06:30:00,4461.06,4462.03,4460.57,4461.13,219
2026-01-06 06:31:00,4461.12,4461.2,4459.03,4459.35,207
2026-01-06 06:32:00,4459.45,4460.93,4459.06,4460.93,239
2026-01-06 06:33:00,4460.86,4463.75,4460.31,4463.75,175
2026-01-06 06:34:00,4463.46,4464.9,4463.46,4464.54,273
2026-01-06 06:35:00,4464.49,4464.49,4462.77,4463.64,278
2026-01-06 06:36:00,4463.59,4464.14,4463.07,4463.62,217
2026-01-06 06:37:00,4463.8,4465.71,4463.59,4465.48,211
2026-01-06 06:38:00,4465.48,4465.69,4464.28,4465.45,201
2026-01-06 06:39:00,4465.35,4465.46,4464.13,4464.22,275
2026-01-06 06:40:00,4464.1,4464.63,4462.2,4463.13,319
2026-01-06 06:41:00,4463.08,4463.08,4461.28,4461.87,265
2026-01-06 06:42:00,4461.86,4464.21,4461.81,4463.39,300
2026-01-06 06:43:00,4463.38,4464.78,4463.03,4464.03,281
2026-01-06 06:44:00,4463.99,4464.77,4463.47,4463.68,240
2026-01-06 06:45:00,4463.6,4463.62,4461.39,4461.43,283
2026-01-06 06:46:00,4461.47,4463.32,4461.12,4462.95,232
2026-01-06 06:47:00,4462.87,4463.37,4462.17,4463.28,213
2026-01-06 06:48:00,4463.3,4463.3,4462.17,4462.35,182
2026-01-06 06:49:00,4462.37,4463.23,4461.93,4463.23,214
2026-01-06 06:50:00,4463.2,4463.74,4462.58,4462.79,212
2026-01-06 06:51:00,4462.83,4463.16,4461.63,4462.76,285
2026-01-06 06:52:00,4462.7,4464.32,4462.39,4464.28,267
2026-01-06 06:53:00,4464.27,4464.54,4463.44,4463.72,244
2026-01-06 06:54:00,4463.75,4465.01,4463.42,4464.76,224
2026-01-06 06:55:00,4464.81,4466.03,4464.3,4466.03,199
2026-01-06 06:56:00,4466.07,4466.54,4465.44,4466.33,231
2026-01-06 06:57:00,4466.37,4466.93,4466.08,4466.26,189
2026-01-06 06:58:00,4466.22,4466.22,4464.75,4465.16,272
2026-01-06 06:59:00,4465.76,4465.92,4464.36,4465.67,263
2026-01-06 07:00:00,4465.28,4467.37,4465.27,4466.78,275
2026-01-06 07:01:00,4466.8,4468.31,4466.43,4467.04,229
2026-01-06 07:02:00,4467.02,4467.32,4465.67,4466.07,235
2026-01-06 07:03:00,4466.04,4466.06,4464.49,4465.55,224
2026-01-06 07:04:00,4465.68,4465.79,4465.13,4465.34,176
2026-01-06 07:05:00,4465.29,4465.56,4464.29,4464.73,227
2026-01-06 07:06:00,4464.65,4467.96,4464.53,4467.48,225
2026-01-06 07:07:00,4467.49,4467.66,4467.03,4467.53,158
2026-01-06 07:08:00,4467.52,4470.36,4467.35,4469.14,226
2026-01-06 07:09:00,4469.14,4470.37,4469.05,4469.16,203
2026-01-06 07:10:00,4469.19,4469.94,4469.15,4469.3,151
2026-01-06 07:11:00,4469.35,4470.23,4469.34,4469.67,165
2026-01-06 07:12:00,4469.7,4470.26,4469.4,4470.18,166
2026-01-06 07:13:00,4469.87,4469.87,4468.81,4469.05,201
2026-01-06 07:14:00,4468.99,4469.56,4467.6,4468.48,213
2026-01-06 07:15:00,4468.46,4469.29,4468.16,4468.72,141
2026-01-06 07:16:00,4468.69,4468.95,4468.21,4468.6,126
2026-01-06 07:17:00,4468.35,4469.6,4468.25,4469.55,127
2026-01-06 07:18:00,4469.56,4469.77,4468.36,4468.68,148
2026-01-06 07:19:00,4468.56,4468.58,4467.08,4467.45,170
2026-01-06 07:20:00,4467.46,4467.82,4466.1,4466.73,166
2026-01-06 07:21:00,4466.63,4466.63,4464.87,4465.02,231
2026-01-06 07:22:00,4464.99,4464.99,4462.71,4463.49,209
2026-01-06 07:23:00,4463.46,4463.78,4462.09,4462.78,138
2026-01-06 07:24:00,4462.77,4463.52,4462.2,4463.44,169
2026-01-06 07:25:00,4463.43,4463.9,4462.82,4462.82,145
2026-01-06 07:26:00,4462.71,4462.8,4461.68,4462.68,187
2026-01-06 07:27:00,4462.64,4464.58,4462.4,4464.58,152
2026-01-06 07:28:00,4464.47,4465.29,4464.4,4464.67,157
2026-01-06 07:29:00,4464.4,4464.64,4463.98,4464.62,103
2026-01-06 07:30:00,4464.57,4465.07,4464.57,4464.99,102
2026-01-06 07:31:00,4464.99,4466.11,4464.99,4466.0,130
2026-01-06 07:32:00,4466.01,4467.17,4465.7,4467.17,155
2026-01-06 07:33:00,4467.16,4467.2,4466.65,4466.82,118
2026-01-06 07:34:00,4466.82,4466.88,4465.56,4465.56,113
2026-01-06 07:35:00,4465.41,4465.58,4463.65,4463.71,189
2026-01-06 07:36:00,4463.72,4464.35,4463.54,4464.11,137
2026-01-06 07:37:00,4464.1,4465.34,4464.1,4465.11,156
2026-01-06 07:38:00,4465.1,4465.27,4464.32,4464.66,127
2026-01-06 07:39:00,4464.73,4466.08,4464.73,4465.41,134
2026-01-06 07:40:00,4465.36,4465.58,4465.07,4465.09,106
2026-01-06 07:41:00,4465.11,4465.51,4465.02,4465.42,90
2026-01-06 07:42:00,4465.48,4465.95,4465.25,4465.95,115
2026-01-06 07:43:00,4465.91,4465.95,4464.56,4465.53,154
2026-01-06 07:44:00,4465.51,4466.03,4464.12,4464.51,152
2026-01-06 07:45:00,4464.28,4465.78,4464.23,4464.73,169
2026-01-06 07:46:00,4464.76,4465.68,4463.66,4463.69,213
2026-01-06 07:47:00,4463.81,4465.07,4463.76,4465.06,149
2026-01-06 07:48:00,4464.64,4465.81,4464.64,4465.05,178
2026-01-06 07:49:00,4465.01,4465.59,4464.87,4465.51,99
2026-01-06 07:50:00,4465.52,4466.38,4463.89,4463.89,174
2026-01-06 07:51:00,4463.85,4464.29,4463.03,4463.3,197
2026-01-06 07:52:00,4463.34,4463.34,4460.35,4462.12,261
2026-01-06 07:53:00,4462.08,4462.08,4460.03,4460.4,249
2026-01-06 07:54:00,4460.64,4461.95,4460.55,4461.14,202
2026-01-06 07:55:00,4461.16,4461.16,4458.8,4458.87,270
2026-01-06 07:56:00,4458.72,4458.87,4457.19,4458.45,328
2026-01-06 07:57:00,4458.4,4459.45,4457.71,4457.96,296
2026-01-06 07:58:00,4457.88,4460.6,4457.84,4459.74,275
2026-01-06 07:59:00,4459.67,4460.5,4459.1,4459.44,198
2026-01-06 08:00:00,4458.89,4459.07,4457.51,4458.43,278
2026-01-06 08:01:00,4458.41,4459.67,4458.04,4459.14,234
2026-01-06 08:02:00,4459.08,4460.14,4457.57,4458.5,259
2026-01-06 08:03:00,4458.6,4459.89,4457.51,4459.74,250
2026-01-06 08:04:00,4459.98,4461.12,4458.93,4461.07,292
2026-01-06 08:05:00,4461.04,4462.33,4460.8,4462.14,269
2026-01-06 08:06:00,4462.16,4463.33,4461.8,4462.02,237
2026-01-06 08:07:00,4461.99,4462.96,4461.51,4462.18,258
2026-01-06 08:08:00,4462.33,4463.43,4461.78,4463.14,197
2026-01-06 08:09:00,4463.09,4463.14,4462.49,4462.97,184
2026-01-06 08:10:00,4462.95,4463.12,4462.59,4462.85,180
2026-01-06 08:11:00,4462.82,4462.86,4460.7,4460.7,163
2026-01-06 08:12:00,4460.57,4461.84,4460.09,4460.96,207
2026-01-06 08:13:00,4460.99,4461.91,4460.91,4461.91,111
2026-01-06 08:14:00,4461.95,4462.1,4461.37,4462.0,170
2026-01-06 08:15:00,4462.02,4462.67,4461.69,4461.99,129
2026-01-06 08:16:00,4461.84,4463.87,4461.84,4463.32,174
2026-01-06 08:17:00,4463.22,4463.67,4463.04,4463.49,149
2026-01-06 08:18:00,4463.53,4465.04,4463.47,4464.71,162
2026-01-06 08:19:00,4464.82,4465.98,4464.82,4465.98,158
2026-01-06 08:20:00,4465.67,4466.66,4465.67,4466.07,162
2026-01-06 08:21:00,4466.05,4466.24,4465.75,4466.07,134
2026-01-06 08:22:00,4466.46,4466.98,4465.84,4466.69,149
2026-01-06 08:23:00,4466.95,4468.31,4466.95,4468.19,189
2026-01-06 08:24:00,4468.32,4470.17,4468.3,4469.16,197
2026-01-06 08:25:00,4469.23,4471.94,4469.23,4471.09,252
2026-01-06 08:26:00,4471.12,4472.72,4470.57,4472.72,229
2026-01-06 08:27:00,4472.74,4475.64,4472.74,4473.54,270
2026-01-06 08:28:00,4473.56,4474.82,4471.63,4472.66,300
2026-01-06 08:29:00,4472.78,4473.45,4471.12,4471.12,267
2026-01-06 08:30:00,4471.02,4472.58,4469.02,4469.34,294
2026-01-06 08:31:00,4469.29,4469.41,4467.75,4468.18,258
2026-01-06 08:32:00,4468.16,4468.48,4465.84,4466.33,263
2026-01-06 08:33:00,4466.25,4467.07,4465.96,4466.78,228
2026-01-06 08:34:00,4466.85,4467.6,4465.93,4467.15,244
2026-01-06 08:35:00,4467.15,4468.83,4467.08,4467.45,225
2026-01-06 08:36:00,4467.38,4468.1,4467.23,4467.3,225
2026-01-06 08:37:00,4467.31,4468.2,4466.89,4467.4,199
2026-01-06 08:38:00,4467.43,4468.38,4466.83,4468.37,151
2026-01-06 08:39:00,4468.25,4468.37,4467.04,4467.04,165
2026-01-06 08:40:00,4466.95,4467.77,4466.31,4466.46,192
2026-01-06 08:41:00,4466.43,4466.6,4464.5,4466.02,258
2026-01-06 08:42:00,4465.67,4466.98,4465.6,4466.73,241
2026-01-06 08:43:00,4466.86,4467.35,4465.67,4465.67,165
2026-01-06 08:44:00,4465.71,4466.4,4465.12,4465.78,169
2026-01-06 08:45:00,4465.8,4466.02,4465.07,4465.96,223
2026-01-06 08:46:00,4465.97,4466.79,4465.3,4466.33,210
2026-01-06 08:47:00,4466.34,4468.37,4466.34,4467.04,214
2026-01-06 08:48:00,4467.05,4467.18,4465.8,4466.05,194
2026-01-06 08:49:00,4466.04,4466.45,4465.3,4466.41,175
2026-01-06 08:50:00,4466.36,4467.99,4466.07,4467.45,177
2026-01-06 08:51:00,4467.42,4467.49,4466.34,4467.1,174
2026-01-06 08:52:00,4467.45,4467.47,4466.73,4466.84,104
2026-01-06 08:53:00,4466.83,4467.06,4465.14,4466.54,158
2026-01-06 08:54:00,4466.53,4466.9,4466.01,4466.84,130
2026-01-06 08:55:00,4467.05,4467.78,4466.9,4467.37,137
2026-01-06 08:56:00,4467.29,4467.5,4466.61,4467.05,138
2026-01-06 08:57:00,4467.02,4468.14,4467.02,4468.02,164
2026-01-06 08:58:00,4467.89,4469.44,4467.89,4469.01,132
2026-01-06 08:59:00,4468.85,4469.1,4468.37,4468.48,138
2026-01-06 09:00:00,4468.33,4468.47,4466.9,4466.9,220
2026-01-06 09:01:00,4466.89,4467.5,4465.14,4465.37,237
2026-01-06 09:02:00,4465.35,4465.48,4464.21,4464.47,230
2026-01-06 09:03:00,4464.45,4465.58,4463.22,4463.86,224
2026-01-06 09:04:00,4463.89,4464.97,4463.66,4463.94,231
2026-01-06 09:05:00,4463.93,4464.31,4462.12,4462.28,193
2026-01-06 09:06:00,4462.32,4463.02,4462.02,4462.4,188
2026-01-06 09:07:00,4462.09,4463.65,4461.94,4463.32,200
2026-01-06 09:08:00,4463.28,4463.39,4461.79,4462.74,243
2026-01-06 09:09:00,4462.71,4462.9,4460.82,4461.63,247
2026-01-06 09:10:00,4461.48,4462.11,4459.17,4459.47,269
2026-01-06 09:11:00,4459.48,4459.48,4453.5,4455.8,290
2026-01-06 09:12:00,4455.85,4456.85,4455.39,4456.32,198
2026-01-06 09:13:00,4456.39,4457.43,4454.79,4455.4,204
2026-01-06 09:14:00,4455.6,4458.69,4455.49,4458.04,184
2026-01-06 09:15:00,4458.06,4458.11,4452.34,4452.39,295
2026-01-06 09:16:00,4452.36,4455.56,4452.04,4455.42,273
2026-01-06 09:17:00,4455.45,4456.83,4455.32,4456.83,220
2026-01-06 09:18:00,4456.74,4457.24,4456.17,4457.21,184
2026-01-06 09:19:00,4457.29,4458.86,4457.1,4457.88,247
2026-01-06 09:20:00,4457.9,4457.9,4456.22,4457.28,240
2026-01-06 09:21:00,4457.51,4458.24,4457.31,4458.24,247
2026-01-06 09:22:00,4458.25,4458.37,4457.25,4458.37,217
2026-01-06 09:23:00,4458.33,4458.58,4456.88,4457.85,222
2026-01-06 09:24:00,4457.92,4457.99,4457.11,4457.98,253
2026-01-06 09:25:00,4458.0,4460.25,4458.0,4459.81,265
2026-01-06 09:26:00,4459.84,4459.92,4458.71,4459.25,252
2026-01-06 09:27:00,4459.3,4459.32,4458.19,4458.78,235
2026-01-06 09:28:00,4458.83,4459.38,4457.89,4459.38,224
2026-01-06 09:29:00,4459.39,4461.21,4458.87,4461.06,247
2026-01-06 09:30:00,4461.06,4462.03,4460.57,4461.13,219
2026-01-06 09:31:00,4461.12,4461.2,4459.03,4459.35,207
2026-01-06 09:32:00,4459.45,4460.93,4459.06,4460.93,239
2026-01-06 09:33:00,4460.86,4463.75,4460.31,4463.75,175
2026-01-06 09:34:00,4463.46,4464.9,4463.46,4464.54,273
2026-01-06 09:35:00,4464.49,4464.49,4462.77,4463.64,278
2026-01-06 09:36:00,4463.59,4464.14,4463.07,4463.62,217
2026-01-06 09:37:00,4463.8,4465.71,4463.59,4465.48,211
2026-01-06 09:38:00,4465.48,4465.69,4464.28,4465.45,201
2026-01-06 09:39:00,4465.35,4465.46,4464.13,4464.22,275
2026-01-06 09:40:00,4464.1,4464.63,4462.2,4463.13,319
2026-01-06 09:41:00,4463.08,4463.08,4461.28,4461.87,265
2026-01-06 09:42:00,4461.86,4464.21,4461.81,4463.39,300
2026-01-06 09:43:00,4463.38,4464.78,4463.03,4464.03,281
2026-01-06 09:44:00,4463.99,4464.77,4463.47,4463.68,240
2026-01-06 09:45:00,4463.6,4463.62,4461.39,4461.43,283
2026-01-06 09:46:00,4461.47,4463.32,4461.12,4462.95,232
2026-01-06 09:47:00,4462.87,4463.37,4462.17,4463.28,213
2026-01-06 09:48:00,4463.3,4463.3,4462.17,4462.35,182
2026-01-06 09:49:00,4462.37,4463.23,4461.93,4463.23,214
2026-01-06 09:50:00,4463.2,4463.74,4462.58,4462.79,212
2026-01-06 09:51:00,4462.83,4463.16,4461.63,4462.76,285
2026-01-06 09:52:00,4462.7,4464.32,4462.39,4464.28,267
2026-01-06 09:53:00,4464.27,4464.54,4463.44,4463.72,244
2026-01-06 09:54:00,4463.75,4465.01,4463.42,4464.76,224
2026-01-06 09:55:00,4464.81,4466.03,4464.3,4466.03,199
2026-01-06 09:56:00,4466.07,4466.54,4465.44,4466.33,231
2026-01-06 09:57:00,4466.37,4466.93,4466.08,4466.26,189
2026-01-06 09:58:00,4466.22,4466.22,4464.75,4465.16,272
2026-01-06 09:59:00,4465.76,4465.92,4464.36,4465.67,263
2026-01-06 10:00:00,4465.28,4467.37,4465.27,4466.78,275
2026-01-06 10:01:00,4466.8,4468.31,4466.43,4467.04,229
2026-01-06 10:02:00,4467.02,4467.32,4465.67,4466.07,235
2026-01-06 10:03:00,4466.04,4466.06,4464.49,4465.55,224
2026-01-06 10:04:00,4465.68,4465.79,4465.13,4465.34,176
2026-01-06 10:05:00,4465.29,4465.56,4464.29,4464.73,227
2026-01-06 10:06:00,4464.65,4467.96,4464.53,4467.48,225
2026-01-06 10:07:00,4467.49,4467.66,4467.03,4467.53,158
2026-01-06 10:08:00,4467.52,4470.36,4467.35,4469.14,226
2026-01-06 10:09:00,4469.14,4470.37,4469.05,4469.16,203
2026-01-06 10:10:00,4469.19,4469.94,4469.15,4469.3,151
2026-01-06 10:11:00,4469.35,4470.23,4469.34,4469.67,165
2026-01-06 10:12:00,4469.7,4470.26,4469.4,4470.18,166
2026-01-06 10:13:00,4469.87,4469.87,4468.81,4469.05,201
2026-01-06 10:14:00,4468.99,4469.56,4467.6,4468.48,213
2026-01-06 10:15:00,4468.46,4469.29,4468.16,4468.72,141
2026-01-06 10:16:00,4468.69,4468.95,4468.21,4468.6,126
2026-01-06 10:17:00,4468.35,4469.6,4468.25,4469.55,127
2026-01-06 10:18:00,4469.56,4469.77,4468.36,4468.68,148
2026-01-06 10:19:00,4468.56,4468.58,4467.08,4467.45,170
2026-01-06 10:20:00,4467.46,4467.82,4466.1,4466.73,166
2026-01-06 10:21:00,4466.63,4466.63,4464.87,4465.02,231
2026-01-06 10:22:00,4464.99,4464.99,4462.71,4463.49,209
2026-01-06 10:23:00,4463.46,4463.78,4462.09,4462.78,138
2026-01-06 10:24:00,4462.77,4463.52,4462.2,4463.44,169
2026-01-06 10:25:00,4463.43,4463.9,4462.82,4462.82,145
2026-01-06 10:26:00,4462.71,4462.8,4461.68,4462.68,187
2026-01-06 10:27:00,4462.64,4464.58,4462.4,4464.58,152
2026-01-06 10:28:00,4464.47,4465.29,4464.4,4464.67,157
2026-01-06 10:29:00,4464.4,4464.64,4463.98,4464.62,103
2026-01-06 10:30:00,4464.57,4465.07,4464.57,4464.99,102
2026-01-06 10:31:00,4464.99,4466.11,4464.99,4466.0,130
2026-01-06 10:32:00,4466.01,4467.17,4465.7,4467.17,155
2026-01-06 10:33:00,4467.16,4467.2,4466.65,4466.82,118
2026-01-06 10:34:00,4466.82,4466.88,4465.56,4465.56,113
2026-01-06 10:35:00,4465.41,4465.58,4463.65,4463.71,189
2026-01-06 10:36:00,4463.72,4464.35,4463.54,4464.11,137
2026-01-06 10:37:00,4464.1,4465.34,4464.1,4465.11,156
2026-01-06 10:38:00,4465.1,4465.27,4464.32,4464.66,127
2026-01-06 10:39:00,4464.73,4466.08,4464.73,4465.41,134
2026-01-06 10:40:00,4465.36,4465.58,4465.07,4465.09,106
2026-01-06 10:41:00,4465.11,4465.51,4465.02,4465.42,90
2026-01-06 10:42:00,4465.48,4465.95,4465.25,4465.95,115
2026-01-06 10:43:00,4465.91,4465.95,4464.56,4465.53,154
2026-01-06 10:44:00,4465.51,4466.03,4464.12,4464.51,152
2026-01-06 10:45:00,4464.28,4465.78,4464.23,4464.73,169
2026-01-06 10:46:00,4464.76,4465.68,4463.66,4463.69,213
2026-01-06 10:47:00,4463.81,4465.07,4463.76,4465.06,149
2026-01-06 10:48:00,4464.64,4465.81,4464.64,4465.05,178
2026-01-06 10:49:00,4465.01,4465.59,4464.87,4465.51,99
2026-01-06 10:50:00,4465.52,4466.38,4463.89,4463.89,174
2026-01-06 10:51:00,4463.85,4464.29,4463.03,4463.3,197
2026-01-06 10:52:00,4463.34,4463.34,4460.35,4462.12,261
2026-01-06 10:53:00,4462.08,4462.08,4460.03,4460.4,249
2026-01-06 10:54:00,4460.64,4461.95,4460.55,4461.14,202
2026-01-06 10:55:00,4461.16,4461.16,4458.8,4458.87,270
2026-01-06 10:56:00,4458.72,4458.87,4457.19,4458.45,328
2026-01-06 10:57:00,4458.4,4459.45,4457.71,4457.96,296
2026-01-06 10:58:00,4457.88,4460.6,4457.84,4459.74,275
2026-01-06 10:59:00,4459.67,4460.5,4459.1,4459.44,198
2026-01-06 11:00:00,4458.89,4459.07,4457.51,4458.43,278
2026-01-06 11:01:00,4458.41,4459.67,4458.04,4459.14,234
2026-01-06 11:02:00,4459.08,4460.14,4457.57,4458.5,259
2026-01-06 11:03:00,4458.6,4459.89,4457.51,4459.74,250
2026-01-06 11:04:00,4459.98,4461.12,4458.93,4461.07,292
2026-01-06 11:05:00,4461.04,4462.33,4460.8,4462.14,269
2026-01-06 11:06:00,4462.16,4463.33,4461.8,4462.02,237
2026-01-06 11:07:00,4461.99,4462.96,4461.51,4462.18,258
2026-01-06 11:08:00,4462.33,4463.43,4461.78,4463.14,197
2026-01-06 11:09:00,4463.09,4463.14,4462.49,4462.97,184
2026-01-06 11:10:00,4462.95,4463.12,4462.59,4462.85,180
2026-01-06 11:11:00,4462.82,4462.86,4460.7,4460.7,163
2026-01-06 11:12:00,4460.57,4461.84,4460.09,4460.96,207
2026-01-06 11:13:00,4460.99,4461.91,4460.91,4461.91,111
2026-01-06 11:14:00,4461.95,4462.1,4461.37,4462.0,170
2026-01-06 11:15:00,4462.02,4462.67,4461.69,4461.99,129
2026-01-06 11:16:00,4461.84,4463.87,4461.84,4463.32,174
2026-01-06 11:17:00,4463.22,4463.67,4463.04,4463.49,149
2026-01-06 11:18:00,4463.53,4465.04,4463.47,4464.71,162
2026-01-06 11:19:00,4464.82,4465.98,4464.82,4465.98,158
2026-01-06 11:20:00,4465.67,4466.66,4465.67,4466.07,162
2026-01-06 11:21:00,4466.05,4466.24,4465.75,4466.07,134
2026-01-06 11:22:00,4466.46,4466.98,4465.84,4466.69,149
2026-01-06 11:23:00,4466.95,4468.31,4466.95,4468.19,189
2026-01-06 11:24:00,4468.32,4470.17,4468.3,4469.16,197
2026-01-06 11:25:00,4469.23,4471.94,4469.23,4471.09,252
2026-01-06 11:26:00,4471.12,4472.72,4470.57,4472.72,229
2026-01-06 11:27:00,4472.74,4475.64,4472.74,4473.54,270
2026-01-06 11:28:00,4473.56,4474.82,4471.63,4472.66,300
2026-01-06 11:29:00,4472.78,4473.45,4471.12,4471.12,267
2026-01-06 11:30:00,4471.02,4472.58,4469.02,4469.34,294
2026-01-06 11:31:00,4469.29,4469.41,4467.75,4468.18,258
2026-01-06 11:32:00,4468.16,4468.48,4465.84,4466.33,263
2026-01-06 11:33:00,4466.25,4467.07,4465.96,4466.78,228
2026-01-06 11:34:00,4466.85,4467.6,4465.93,4467.15,244
2026-01-06 11:35:00,4467.15,4468.83,4467.08,4467.45,225
2026-01-06 11:36:00,4467.38,4468.1,4467.23,4467.3,225
2026-01-06 11:37:00,4467.31,4468.2,4466.89,4467.4,199
2026-01-06 11:38:00,4467.43,4468.38,4466.83,4468.37,151
2026-01-06 11:39:00,4468.25,4468.37,4467.04,4467.04,165
2026-01-06 11:40:00,4466.95,4467.77,4466.31,4466.46,192
2026-01-06 11:41:00,4466.43,4466.6,4464.5,4466.02,258
2026-01-06 11:42:00,4465.67,4466.98,4465.6,4466.73,241
2026-01-06 11:43:00,4466.86,4467.35,4465.67,4465.67,165
2026-01-06 11:44:00,4465.71,4466.4,4465.12,4465.78,169
2026-01-06 11:45:00,4465.8,4466.02,4465.07,4465.96,223
2026-01-06 11:46:00,4465.97,4466.79,4465.3,4466.33,210
2026-01-06 11:47:00,4466.34,4468.37,4466.34,4467.04,214
2026-01-06 11:48:00,4467.05,4467.18,4465.8,4466.05,194
2026-01-06 11:49:00,4466.04,4466.45,4465.3,4466.41,175
2026-01-06 11:50:00,4466.36,4467.99,4466.07,4467.45,177
2026-01-06 11:51:00,4467.42,4467.49,4466.34,4467.1,174
2026-01-06 11:52:00,4467.45,4467.47,4466.73,4466.84,104
2026-01-06 11:53:00,4466.83,4467.06,4465.14,4466.54,158
2026-01-06 11:54:00,4466.53,4466.9,4466.01,4466.84,130
2026-01-06 11:55:00,4467.05,4467.78,4466.9,4467.37,137
2026-01-06 11:56:00,4467.29,4467.5,4466.61,4467.05,138
2026-01-06 11:57:00,4467.02,4468.14,4467.02,4468.02,164
2026-01-06 11:58:00,4467.89,4469.44,4467.89,4469.01,132
2026-01-06 11:59:00,4468.85,4469.1,4468.37,4468.48,138
2026-01-06 12:00:00,4468.33,4468.47,4466.9,4466.9,220
2026-01-06 12:01:00,4466.89,4467.5,4465.14,4465.37,237
2026-01-06 12:02:00,4465.35,4465.48,4464.21,4464.47,230
2026-01-06 12:03:00,4464.45,4465.58,4463.22,4463.86,224
2026-01-06 12:04:00,4463.89,4464.97,4463.66,4463.94,231
2026-01-06 12:05:00,4463.93,4464.31,4462.12,4462.28,193
2026-01-06 12:06:00,4462.32,4463.02,4462.02,4462.4,188
2026-01-06 12:07:00,4462.09,4463.65,4461.94,4463.32,200
2026-01-06 12:08:00,4463.28,4463.39,4461.79,4462.74,243
2026-01-06 12:09:00,4462.71,4462.9,4460.82,4461.63,247
2026-01-06 12:10:00,4461.48,4462.11,4459.17,4459.47,269
2026-01-06 12:11:00,4459.48,4459.48,4453.5,4455.8,290
2026-01-06 12:12:00,4455.85,4456.85,4455.39,4456.32,198
2026-01-06 12:13:00,4456.39,4457.43,4454.79,4455.4,204
2026-01-06 12:14:00,4455.6,4458.69,4455.49,4458.04,184
2026-01-06 12:15:00,4458.06,4458.11,4452.34,4452.39,295
2026-01-06 12:16:00,4452.36,4455.56,4452.04,4455.42,273
2026-01-06 12:17:00,4455.45,4456.83,4455.32,4456.83,220
2026-01-06 12:18:00,4456.97,4457.71,4455.13,4455.54,228
2026-01-06 12:19:00,4455.51,4456.1,4453.97,4454.22,217
2026-01-06 12:20:00,4454.21,4454.34,4452.76,4453.1,245
2026-01-06 12:21:00,4453.49,4455.89,4453.19,4455.56,220
2026-01-06 12:22:00,4455.76,4456.02,4454.7,4455.36,181
2026-01-06 12:23:00,4455.54,4455.96,4454.69,4455.94,196
2026-01-06 12:24:00,4456.0,4457.26,4455.91,4457.26,229
2026-01-06 12:25:00,4457.23,4457.26,4456.42,4457.09,182
2026-01-06 12:26:00,4456.98,4457.01,4455.58,4455.68,162
2026-01-06 12:27:00,4455.52,4455.75,4454.28,4455.57,176
2026-01-06 12:28:00,4455.42,4456.21,4455.21,4456.21,164
2026-01-06 12:29:00,4456.15,4456.82,4455.98,4456.82,142
2026-01-06 12:30:00,4456.64,4456.8,4455.67,4456.45,196
2026-01-06 12:31:00,4456.35,4456.35,4455.66,4455.73,150
2026-01-06 12:32:00,4455.7,4456.34,4455.44,4456.28,168
2026-01-06 12:33:00,4456.37,4456.68,4455.81,4456.63,155
2026-01-06 12:34:00,4456.45,4456.94,4456.0,4456.87,187
2026-01-06 12:35:00,4456.9,4457.09,4456.04,4456.95,160
2026-01-06 12:36:00,4456.96,4456.96,4455.99,4456.2,124
2026-01-06 12:37:00,4456.25,4456.35,4455.58,4456.0,164
2026-01-06 12:38:00,4456.15,4456.21,4455.19,4455.94,175
2026-01-06 12:39:00,4456.28,4456.32,4455.72,4456.09,162
2026-01-06 12:40:00,4456.08,4456.2,4455.61,4456.13,110
2026-01-06 12:41:00,4456.12,4456.15,4454.81,4454.93,177
2026-01-06 12:42:00,4454.9,4455.47,4454.62,4454.63,146
2026-01-06 12:43:00,4454.75,4455.1,4454.24,4454.65,149
2026-01-06 12:44:00,4454.6,4456.13,4453.97,4455.96,147
2026-01-06 12:45:00,4455.88,4456.22,4453.75,4453.95,221
2026-01-06 12:46:00,4453.94,4453.95,4451.65,4451.9,250
2026-01-06 12:47:00,4451.84,4451.84,4447.28,4447.95,300
2026-01-06 12:48:00,4447.94,4448.13,4445.48,4446.91,325
2026-01-06 12:49:00,4446.89,4448.4,4446.63,4447.7,267
2026-01-06 12:50:00,4447.72,4447.72,4446.28,4447.09,282
2026-01-06 12:51:00,4446.99,4447.32,4444.86,4446.65,237
2026-01-06 12:52:00,4446.42,4448.33,4445.96,4447.75,213
2026-01-06 12:53:00,4447.73,4448.27,4446.69,4447.6,233
2026-01-06 12:54:00,4447.62,4450.25,4447.52,4449.34,269
2026-01-06 12:55:00,4449.38,4450.97,4449.26,4450.86,255
2026-01-06 12:56:00,4450.88,4451.91,4446.82,4448.43,277
2026-01-06 12:57:00,4448.46,4450.07,4447.35,4449.69,261
2026-01-06 12:58:00,4449.75,4450.09,4447.63,4448.09,242
2026-01-06 12:59:00,4448.08,4448.27,4446.21,4446.33,228
2026-01-06 13:00:00,4446.41,4448.72,4444.51,4448.66,281
2026-01-06 13:01:00,4448.64,4448.72,4446.65,4446.75,212
2026-01-06 13:02:00,4446.65,4446.65,4444.7,4444.72,223
2026-01-06 13:03:00,4444.33,4444.62,4442.62,4443.52,258
2026-01-06 13:04:00,4443.51,4445.36,4443.16,4445.24,222
2026-01-06 13:05:00,4445.31,4446.15,4445.19,4445.76,201
2026-01-06 13:06:00,4445.77,4447.64,4445.68,4446.8,223
2026-01-06 13:07:00,4446.93,4448.42,4446.74,4448.14,204
2026-01-06 13:08:00,4448.12,4448.97,4448.1,4448.19,196
2026-01-06 13:09:00,4448.22,4449.9,4448.01,4449.9,235
2026-01-06 13:10:00,4449.81,4451.57,4449.21,4451.57,215
2026-01-06 13:11:00,4451.67,4452.34,4451.26,4451.76,234
2026-01-06 13:12:00,4451.72,4451.97,4449.74,4449.74,241
2026-01-06 13:13:00,4449.99,4450.58,4449.53,4449.7,166
2026-01-06 13:14:00,4449.75,4450.92,4448.89,4450.26,163
2026-01-06 13:15:00,4449.93,4450.97,4449.93,4450.68,172
2026-01-06 13:16:00,4450.61,4451.78,4450.08,4451.77,178
2026-01-06 13:17:00,4451.82,4452.58,4451.4,4452.07,150
2026-01-06 13:18:00,4452.09,4452.61,4451.62,4452.13,163
2026-01-06 13:19:00,4452.26,4452.66,4451.71,4452.19,171
2026-01-06 13:20:00,4452.2,4452.31,4450.4,4450.4,160
2026-01-06 13:21:00,4450.25,4451.3,4449.76,4449.77,154
2026-01-06 13:22:00,4449.82,4450.01,4448.71,4449.27,185
2026-01-06 13:23:00,4449.44,4450.1,4448.95,4449.96,193
2026-01-06 13:24:00,4450.15,4450.46,4449.31,4449.85,196
2026-01-06 13:25:00,4449.86,4450.4,4449.31,4449.68,181
2026-01-06 13:26:00,4449.75,4450.51,4449.49,4449.53,175
2026-01-06 13:27:00,4449.5,4450.42,4449.17,4449.81,165
2026-01-06 13:28:00,4449.82,4450.06,4448.73,4448.85,130
2026-01-06 13:29:00,4448.91,4450.16,4448.69,4450.12,168
2026-01-06 13:30:00,4450.06,4451.84,4448.48,4451.61,211
2026-01-06 13:31:00,4451.58,4453.41,4451.3,4453.41,216
2026-01-06 13:32:00,4453.36,4453.38,4452.11,4452.32,224
2026-01-06 13:33:00,4452.3,4452.93,4451.06,4451.59,146
2026-01-06 13:34:00,4451.62,4452.07,4451.06,4451.37,106
2026-01-06 13:35:00,4451.39,4454.1,4451.28,4453.93,184
2026-01-06 13:36:00,4453.88,4454.81,4453.55,4453.91,183
2026-01-06 13:37:00,4453.92,4454.91,4453.38,4454.83,147
2026-01-06 13:38:00,4454.89,4456.0,4454.82,4455.09,190
2026-01-06 13:39:00,4455.1,4455.11,4453.61,4454.03,165
2026-01-06 13:40:00,4454.04,4454.3,4453.37,4453.71,168
2026-01-06 13:41:00,4453.65,4454.46,4452.56,4453.12,212
2026-01-06 13:42:00,4453.21,4453.35,4450.81,4451.19,190
2026-01-06 13:43:00,4451.15,4451.55,4449.4,4449.82,205
2026-01-06 13:44:00,4449.77,4451.22,4449.43,4451.12,211
2026-01-06 13:45:00,4451.1,4451.46,4450.85,4450.85,164
2026-01-06 13:46:00,4450.4,4450.61,4449.48,4449.49,152
2026-01-06 13:47:00,4449.54,4450.64,4449.39,4450.17,169
2026-01-06 13:48:00,4449.98,4451.94,4449.43,4451.89,199
2026-01-06 13:49:00,4451.46,4451.54,4450.76,4451.18,185
2026-01-06 13:50:00,4451.19,4451.23,4450.06,4450.31,158
2026-01-06 13:51:00,4450.23,4451.62,4450.05,4451.27,140
2026-01-06 13:52:00,4451.42,4451.69,4450.65,4450.66,122
2026-01-06 13:53:00,4450.68,4451.64,4450.68,4451.64,118
2026-01-06 13:54:00,4451.62,4451.65,4450.92,4451.5,108
2026-01-06 13:55:00,4451.49,4452.5,4451.31,4452.23,146
2026-01-06 13:56:00,4452.24,4452.85,4452.24,4452.75,117
2026-01-06 13:57:00,4452.78,4453.23,4452.68,4452.92,142
2026-01-06 13:58:00,4452.84,4452.84,4451.79,4451.86,96
2026-01-06 13:59:00,4451.87,4452.05,4451.47,4451.76,152
2026-01-06 14:00:00,4452.03,4452.05,4451.26,4451.8,158
2026-01-06 14:01:00,4451.81,4451.87,4451.4,4451.41,138
2026-01-06 14:02:00,4451.4,4452.04,4451.27,4451.7,136
2026-01-06 14:03:00,4451.59,4452.71,4451.4,4452.61,136
2026-01-06 14:04:00,4452.73,4453.02,4452.19,4452.24,142
2026-01-06 14:05:00,4452.23,4452.23,4450.45,4450.66,145
2026-01-06 14:06:00,4450.49,4451.49,4449.9,4451.17,151
2026-01-06 14:07:00,4451.1,4451.29,4450.15,4451.21,138
2026-01-06 14:08:00,4451.19,4452.35,4450.83,4451.96,156
2026-01-06 14:09:00,4451.98,4451.98,4450.92,4451.48,151
2026-01-06 14:10:00,4451.49,4451.84,4450.85,4451.69,168
2026-01-06 14:11:00,4451.67,4452.01,4451.41,4451.87,133
2026-01-06 14:12:00,4451.85,4452.4,4451.32,4451.71,152
2026-01-06 14:13:00,4451.7,4451.75,4451.07,4451.16,95
2026-01-06 14:14:00,4451.05,4451.3,4450.68,4450.7,114
2026-01-06 14:15:00,4450.72,4451.19,4450.61,4450.61,107
2026-01-06 14:16:00,4450.66,4450.68,4448.95,4449.24,153
2026-01-06 14:17:00,4449.25,4449.45,4449.02,4449.45,95
2026-01-06 14:18:00,4449.59,4449.95,4448.73,4449.24,161
2026-01-06 14:19:00,4449.15,4450.94,4448.72,4450.47,164
2026-01-06 14:20:00,4450.49,4451.48,4450.38,4450.45,202
2026-01-06 14:21:00,4450.46,4451.18,4450.25,4450.7,160
2026-01-06 14:22:00,4450.64,4451.48,4450.53,4451.13,150
2026-01-06 14:23:00,4451.15,4452.61,4451.1,4452.61,182
2026-01-06 14:24:00,4452.58,4453.76,4452.53,4453.62,147
2026-01-06 14:25:00,4453.63,4453.79,4452.55,4452.74,152
2026-01-06 14:26:00,4452.79,4453.03,4452.3,4452.7,158
2026-01-06 14:27:00,4452.65,4453.45,4452.65,4452.98,162
2026-01-06 14:28:00,4452.91,4453.65,4452.8,4453.45,101
2026-01-06 14:29:00,4453.46,4455.69,4453.45,4455.54,179
2026-01-06 14:30:00,4455.55,4456.01,4455.38,4455.39,176
2026-01-06 14:31:00,4455.42,4455.91,4454.88,4455.16,145
2026-01-06 14:32:00,4455.13,4457.77,4455.11,4457.34,161
2026-01-06 14:33:00,4457.33,4459.78,4457.33,4459.74,228
2026-01-06 14:34:00,4459.88,4460.78,4459.44,4460.5,222
2026-01-06 14:35:00,4460.51,4462.15,4459.51,4461.28,257
2026-01-06 14:36:00,4461.33,4462.39,4460.21,4461.77,229
2026-01-06 14:37:00,4461.76,4462.34,4459.38,4459.44,226
2026-01-06 14:38:00,4459.31,4460.64,4459.2,4460.08,170
2026-01-06 14:39:00,4460.03,4460.33,4459.3,4459.48,179
2026-01-06 14:40:00,4459.47,4460.13,4457.9,4460.13,219
2026-01-06 14:41:00,4460.24,4460.66,4459.44,4460.41,166
2026-01-06 14:42:00,4460.36,4461.05,4459.98,4460.86,182
2026-01-06 14:43:00,4460.69,4460.89,4459.98,4459.98,106
2026-01-06 14:44:00,4459.94,4462.18,4459.86,4462.18,179
2026-01-06 14:45:00,4462.21,4462.36,4460.33,4460.47,224
2026-01-06 14:46:00,4460.48,4461.59,4460.48,4461.02,197
2026-01-06 14:47:00,4461.05,4461.6,4460.49,4460.7,161
2026-01-06 14:48:00,4460.78,4461.11,4460.39,4460.76,147
2026-01-06 14:49:00,4460.77,4460.77,4459.88,4460.41,176
2026-01-06 14:50:00,4460.52,4461.3,4460.39,4460.43,140
2026-01-06 14:51:00,4460.61,4461.52,4459.84,4460.81,176
2026-01-06 14:52:00,4460.82,4462.17,4460.82,4462.17,103
2026-01-06 14:53:00,4462.3,4462.99,4461.84,4461.9,174
2026-01-06 14:54:00,4461.89,4462.78,4461.87,4462.66,131
2026-01-06 14:55:00,4462.69,4463.01,4462.41,4462.97,167
2026-01-06 14:56:00,4462.99,4463.12,4462.47,4462.91,154
2026-01-06 14:57:00,4462.9,4464.49,4462.81,4464.15,176
2026-01-06 14:58:00,4464.14,4464.25,4462.64,4462.78,146
2026-01-06 14:59:00,4462.76,4463.4,4462.65,4463.35,156
2026-01-06 15:00:00,4463.52,4464.54,4463.47,4463.97,229
2026-01-06 15:01:00,4464.06,4464.62,4463.69,4463.88,220
2026-01-06 15:02:00,4463.87,4464.29,4462.9,4463.05,244
2026-01-06 15:03:00,4463.04,4463.4,4462.13,4462.34,225
2026-01-06 15:04:00,4462.39,4462.56,4461.64,4461.85,208
2026-01-06 15:05:00,4461.84,4463.85,4461.84,4463.2,213
2026-01-06 15:06:00,4463.19,4464.25,4462.98,4464.25,164
2026-01-06 15:07:00,4464.18,4464.27,4463.1,4463.24,147
2026-01-06 15:08:00,4463.22,4463.22,4462.55,4462.82,185
2026-01-06 15:09:00,4462.96,4463.94,4462.96,4463.36,187
2026-01-06 15:10:00,4463.17,4463.54,4462.87,4463.34,169
2026-01-06 15:11:00,4463.26,4463.42,4462.92,4463.12,113
2026-01-06 15:12:00,4463.03,4463.03,4462.02,4462.76,127
2026-01-06 15:13:00,4462.94,4462.94,4462.68,4462.85,108
2026-01-06 15:14:00,4462.71,4462.9,4462.18,4462.19,106
2026-01-06 15:15:00,4462.25,4462.57,4461.97,4462.52,164
2026-01-06 15:16:00,4462.46,4462.87,4462.24,4462.82,164
2026-01-06 15:17:00,4462.81,4464.63,4462.81,4464.39,171
2026-01-06 15:18:00,4464.35,4464.79,4463.5,4463.74,107
2026-01-06 15:19:00,4463.52,4463.52,4461.64,4461.68,150
2026-01-06 15:20:00,4461.64,4463.19,4461.54,4462.69,172
2026-01-06 15:21:00,4462.7,4464.24,4462.28,4463.61,228
2026-01-06 15:22:00,4463.84,4465.17,4463.83,4465.17,198
2026-01-06 15:23:00,4465.12,4465.63,4464.89,4465.63,176
2026-01-06 15:24:00,4465.68,4465.68,4464.51,4465.13,169
2026-01-06 15:25:00,4465.14,4465.52,4464.98,4465.25,168
2026-01-06 15:26:00,4465.28,4465.66,4465.01,4465.35,170
2026-01-06 15:27:00,4465.15,4465.55,4465.01,4465.02,120
2026-01-06 15:28:00,4465.0,4465.0,4463.35,4463.93,199
2026-01-06 15:29:00,4463.89,4464.84,4463.84,4464.53,154
2026-01-06 15:30:00,4464.55,4466.16,4463.9,4463.98,214
2026-01-06 15:31:00,4463.8,4463.91,4461.84,4462.35,208
2026-01-06 15:32:00,4461.9,4462.29,4461.9,4462.11,166
2026-01-06 15:33:00,4461.71,4462.32,4461.43,4461.86,220
2026-01-06 15:34:00,4461.91,4462.12,4460.8,4461.02,199
2026-01-06 15:35:00,4460.95,4462.19,4459.79,4462.07,221
2026-01-06 15:36:00,4462.05,4462.05,4460.9,4461.63,224
2026-01-06 15:37:00,4461.68,4462.39,4461.4,4462.25,208
2026-01-06 15:38:00,4462.21,4462.51,4461.36,4461.37,215
2026-01-06 15:39:00,4461.36,4461.91,4460.34,4460.37,171
2026-01-06 15:40:00,4460.38,4460.78,4459.65,4460.21,209
2026-01-06 15:41:00,4460.2,4460.2,4458.84,4458.84,234
2026-01-06 15:42:00,4458.85,4460.81,4458.84,4460.32,222
2026-01-06 15:43:00,4460.3,4460.71,4459.98,4459.98,174
2026-01-06 15:44:00,4460.07,4462.04,4460.07,4462.02,132
2026-01-06 15:45:00,4462.08,4462.26,4461.13,4461.26,207
2026-01-06 15:46:00,4461.25,4461.36,4460.9,4461.36,171
2026-01-06 15:47:00,4461.4,4461.63,4460.78,4460.98,125
2026-01-06 15:48:00,4461.12,4462.91,4461.0,4462.87,196
2026-01-06 15:49:00,4462.87,4462.96,4460.34,4460.42,185
2026-01-06 15:50:00,4460.48,4460.92,4459.66,4460.91,194
2026-01-06 15:51:00,4460.93,4461.88,4460.93,4461.68,189
2026-01-06 15:52:00,4461.76,4462.23,4461.52,4461.92,160
2026-01-06 15:53:00,4461.87,4462.07,4461.32,4462.01,124
2026-01-06 15:54:00,4462.04,4462.75,4461.8,4462.66,166
2026-01-06 15:55:00,4462.61,4462.78,4462.16,4462.77,102
2026-01-06 15:56:00,4462.75,4463.97,4462.75,4463.71,149
2026-01-06 15:57:00,4463.72,4464.92,4463.72,4464.44,145
2026-01-06 15:58:00,4464.4,4464.6,4462.88,4462.88,143
2026-01-06 15:59:00,4462.91,4463.99,4462.58,4463.66,217
2026-01-06 16:00:00,4463.57,4465.09,4462.68,4464.26,360
2026-01-06 16:01:00,4464.38,4464.73,4463.09,4463.81,338
2026-01-06 16:02:00,4463.92,4464.68,4459.71,4460.48,302
2026-01-06 16:03:00,4460.58,4464.21,4460.58,4464.0,306
2026-01-06 16:04:00,4464.07,4465.74,4463.71,4464.35,306
2026-01-06 16:05:00,4464.47,4464.98,4462.23,4462.92,305
2026-01-06 16:06:00,4462.76,4463.92,4461.72,4463.33,315
2026-01-06 16:07:00,4463.36,4464.67,4463.03,4463.03,296
2026-01-06 16:08:00,4463.14,4463.17,4461.17,4462.86,263
2026-01-06 16:09:00,4462.93,4464.74,4462.51,4464.71,258
2026-01-06 16:10:00,4464.64,4466.54,4464.59,4465.79,280
2026-01-06 16:11:00,4465.83,4468.04,4465.6,4467.94,279
2026-01-06 16:12:00,4467.9,4467.96,4465.6,4466.27,298
2026-01-06 16:13:00,4466.18,4466.18,4464.59,4465.76,286
2026-01-06 16:14:00,4465.95,4466.33,4464.99,4465.51,292
2026-01-06 16:15:00,4465.56,4467.16,4465.22,4467.11,274
2026-01-06 16:16:00,4467.13,4470.23,4467.13,4470.12,295
2026-01-06 16:17:00,4470.09,4470.39,4469.28,4470.0,279
2026-01-06 16:18:00,4470.15,4470.16,4466.66,4467.21,298
2026-01-06 16:19:00,4467.19,4468.68,4467.04,4468.68,247
2026-01-06 16:20:00,4468.42,4468.42,4462.83,4465.49,334
2026-01-06 16:21:00,4464.87,4465.14,4462.48,4462.55,307
2026-01-06 16:22:00,4462.52,4464.1,4460.83,4460.83,319
2026-01-06 16:23:00,4460.87,4462.93,4459.36,4462.93,336
2026-01-06 16:24:00,4462.88,4462.88,4459.68,4459.73,311
2026-01-06 16:25:00,4459.76,4460.44,4459.14,4459.58,304
2026-01-06 16:26:00,4459.52,4459.96,4457.49,4459.83,329
2026-01-06 16:27:00,4459.92,4461.42,4459.82,4460.37,311
2026-01-06 16:28:00,4460.25,4461.05,4459.16,4460.4,296
2026-01-06 16:29:00,4460.35,4460.35,4458.32,4459.1,313
2026-01-06 16:30:00,4459.16,4460.03,4457.34,4458.54,309
2026-01-06 16:31:00,4458.59,4460.53,4455.52,4460.26,324
2026-01-06 16:32:00,4460.29,4461.37,4459.49,4461.08,320
2026-01-06 16:33:00,4461.09,4461.56,4459.04,4459.04,306
2026-01-06 16:34:00,4458.92,4459.21,4457.42,4458.42,318
2026-01-06 16:35:00,4458.28,4458.57,4455.86,4458.39,312
2026-01-06 16:36:00,4458.44,4460.05,4457.74,4459.92,294
2026-01-06 16:37:00,4459.94,4460.03,4458.31,4458.88,295
2026-01-06 16:38:00,4458.85,4460.4,4458.85,4458.87,262
2026-01-06 16:39:00,4458.89,4460.16,4458.45,4458.86,293
2026-01-06 16:40:00,4458.8,4461.5,4458.8,4461.49,287
2026-01-06 16:41:00,4461.42,4461.81,4460.52,4461.48,249
2026-01-06 16:42:00,4461.55,4462.29,4460.67,4462.12,279
2026-01-06 16:43:00,4462.16,4462.22,4461.35,4461.53,237
2026-01-06 16:44:00,4461.52,4461.73,4459.88,4461.22,242
2026-01-06 16:45:00,4461.16,4463.3,4461.15,4463.26,270
2026-01-06 16:46:00,4463.2,4463.79,4462.77,4463.04,280
2026-01-06 16:47:00,4463.02,4463.22,4460.15,4460.15,271
2026-01-06 16:48:00,4460.12,4460.12,4458.41,4458.57,276
2026-01-06 16:49:00,4458.56,4459.24,4456.81,4458.1,266
2026-01-06 16:50:00,4458.11,4458.41,4454.28,4458.27,309
2026-01-06 16:51:00,4457.87,4459.42,4457.62,4459.42,287
2026-01-06 16:52:00,4459.09,4459.87,4458.35,4459.87,254
2026-01-06 16:53:00,4460.12,4463.58,4459.98,4463.25,261
2026-01-06 16:54:00,4463.3,4465.1,4463.3,4465.06,277
2026-01-06 16:55:00,4465.01,4466.77,4465.01,4466.63,305
2026-01-06 16:56:00,4466.67,4468.36,4466.51,4467.25,298
2026-01-06 16:57:00,4467.38,4467.51,4466.06,4466.2,264
2026-01-06 16:58:00,4466.24,4467.21,4466.02,4466.95,252
2026-01-06 16:59:00,4467.01,4468.12,4466.72,4468.01,224
2026-01-06 17:00:00,4468.24,4470.01,4468.24,4469.67,318
2026-01-06 17:01:00,4469.58,4470.08,4468.34,4469.46,302
2026-01-06 17:02:00,4469.44,4471.37,4469.36,4469.99,321
2026-01-06 17:03:00,4469.98,4470.89,4468.71,4469.34,281
2026-01-06 17:04:00,4469.28,4469.42,4467.41,4467.46,295
2026-01-06 17:05:00,4467.49,4468.28,4466.36,4467.64,279
2026-01-06 17:06:00,4467.75,4470.5,4467.05,4470.25,278
2026-01-06 17:07:00,4470.15,4471.18,4469.79,4471.0,301
2026-01-06 17:08:00,4470.99,4471.63,4470.05,4471.3,286
2026-01-06 17:09:00,4471.45,4472.55,4470.93,4471.39,275
2026-01-06 17:10:00,4471.54,4472.08,4470.74,4471.38,301
2026-01-06 17:11:00,4471.49,4472.44,4471.35,4471.48,299
2026-01-06 17:12:00,4471.5,4472.33,4470.56,4470.7,276
2026-01-06 17:13:00,4470.68,4470.93,4469.79,4470.38,304
2026-01-06 17:14:00,4470.46,4471.91,4470.17,4471.82,262
2026-01-06 17:15:00,4471.83,4473.27,4471.83,4472.89,300
2026-01-06 17:16:00,4472.93,4473.38,4468.06,4468.7,277
2026-01-06 17:17:00,4468.76,4470.52,4468.76,4468.77,316
2026-01-06 17:18:00,4468.88,4469.38,4468.0,4469.06,276
2026-01-06 17:19:00,4468.96,4469.0,4466.8,4467.24,298
2026-01-06 17:20:00,4467.19,4467.2,4464.56,4466.76,313
2026-01-06 17:21:00,4466.72,4467.24,4464.73,4466.79,292
2026-01-06 17:22:00,4466.95,4468.73,4466.84,4468.26,290
2026-01-06 17:23:00,4468.25,4468.43,4466.7,4466.95,249
2026-01-06 17:24:00,4466.87,4467.67,4466.27,4466.28,270
2026-01-06 17:25:00,4466.34,4467.11,4464.97,4465.75,286
2026-01-06 17:26:00,4465.79,4467.95,4465.36,4467.57,252
2026-01-06 17:27:00,4467.57,4468.44,4465.34,4466.63,291
2026-01-06 17:28:00,4466.77,4467.61,4466.07,4466.4,255
2026-01-06 17:29:00,4466.43,4467.3,4465.39,4466.63,254
2026-01-06 17:30:00,4466.74,4470.8,4465.33,4470.64,350
2026-01-06 17:31:00,4470.66,4474.24,4470.35,4474.12,359
2026-01-06 17:32:00,4474.23,4474.69,4472.69,4473.63,354
2026-01-06 17:33:00,4473.59,4477.86,4473.44,4475.35,351
2026-01-06 17:34:00,4475.99,4479.06,4475.01,4478.98,337
2026-01-06 17:35:00,4479.03,4480.89,4478.19,4479.72,328
2026-01-06 17:36:00,4479.98,4482.22,4479.49,4482.1,346
2026-01-06 17:37:00,4482.2,4482.89,4481.03,4481.62,340
2026-01-06 17:38:00,4481.58,4482.06,4477.96,4478.84,335
2026-01-06 17:39:00,4478.9,4479.84,4476.78,4479.16,320
2026-01-06 17:40:00,4479.12,4481.42,4478.5,4481.4,353
2026-01-06 17:41:00,4481.41,4483.13,4480.24,4480.75,318
2026-01-06 17:42:00,4480.59,4480.63,4477.59,4478.64,330
2026-01-06 17:43:00,4478.25,4478.6,4476.28,4477.92,289
2026-01-06 17:44:00,4477.94,4480.62,4477.92,4479.53,292
2026-01-06 17:45:00,4479.55,4485.79,4479.44,4485.79,311
2026-01-06 17:46:00,4485.72,4485.72,4484.0,4485.07,340
2026-01-06 17:47:00,4485.3,4485.42,4484.33,4484.72,304
2026-01-06 17:48:00,4484.74,4485.21,4481.77,4484.02,340
2026-01-06 17:49:00,4483.9,4485.18,4481.11,4482.15,324
2026-01-06 17:50:00,4482.05,4483.35,4480.13,4482.47,346
2026-01-06 17:51:00,4482.46,4483.61,4482.14,4483.1,339
2026-01-06 17:52:00,4483.23,4487.83,4482.98,4487.66,331
2026-01-06 17:53:00,4487.61,4488.1,4486.84,4487.15,335
2026-01-06 17:54:00,4487.18,4487.99,4486.72,4487.98,304
2026-01-06 17:55:00,4487.98,4489.41,4487.43,4488.26,340
2026-01-06 17:56:00,4488.27,4488.65,4486.9,4487.13,283
2026-01-06 17:57:00,4487.17,4488.12,4486.38,4486.62,295
2026-01-06 17:58:00,4486.64,4488.65,4486.18,4488.45,286
2026-01-06 17:59:00,4488.5,4489.71,4486.62,4486.73,315
2026-01-06 18:00:00,4487.34,4490.95,4486.64,4489.68,352
2026-01-06 18:01:00,4489.54,4490.76,4486.42,4486.77,356
2026-01-06 18:02:00,4486.61,4487.51,4483.3,4484.19,358
2026-01-06 18:03:00,4484.12,4486.72,4483.2,4486.72,321
2026-01-06 18:04:00,4486.62,4487.35,4484.48,4484.9,328
2026-01-06 18:05:00,4484.99,4484.99,4482.17,4482.79,344
2026-01-06 18:06:00,4483.03,4486.84,4482.31,4486.63,324
2026-01-06 18:07:00,4486.32,4487.38,4485.69,4487.07,318
2026-01-06 18:08:00,4486.86,4488.66,4485.71,4486.36,342
2026-01-06 18:09:00,4486.31,4488.37,4486.25,4487.73,316
2026-01-06 18:10:00,4487.08,4487.63,4483.09,4483.09,332
2026-01-06 18:11:00,4483.29,4484.32,4479.96,4481.07,349
2026-01-06 18:12:00,4481.16,4482.55,4479.15,4479.92,323
2026-01-06 18:13:00,4479.79,4483.16,4479.38,4483.06,308
2026-01-06 18:14:00,4483.11,4484.45,4480.21,4480.23,329
2026-01-06 18:15:00,4480.12,4482.6,4480.12,4482.59,322
2026-01-06 18:16:00,4482.37,4483.36,4479.94,4479.94,330
2026-01-06 18:17:00,4480.08,4481.97,4477.34,4477.94,314
2026-01-06 18:18:00,4477.88,4479.69,4477.38,4478.87,317
2026-01-06 18:19:00,4478.84,4478.95,4474.65,4474.65,353
2026-01-06 18:20:00,4474.48,4476.06,4473.91,4476.04,352
2026-01-06 18:21:00,4476.06,4477.86,4475.4,4477.82,332
2026-01-06 18:22:00,4477.81,4478.81,4476.01,4477.62,310
2026-01-06 18:23:00,4477.55,4479.05,4477.16,4478.37,315
2026-01-06 18:24:00,4478.68,4478.9,4475.6,4476.66,336
2026-01-06 18:25:00,4476.68,4478.28,4476.26,4477.94,326
2026-01-06 18:26:00,4477.47,4481.44,4477.47,4481.31,327
2026-01-06 18:27:00,4481.32,4481.36,4478.18,4479.06,328
2026-01-06 18:28:00,4479.12,4479.94,4478.17,4479.94,315
2026-01-06 18:29:00,4479.47,4481.79,4479.36,4481.02,297
2026-01-06 18:30:00,4481.02,4481.95,4475.22,4475.22,344
2026-01-06 18:31:00,4475.27,4477.64,4474.04,4477.07,350
2026-01-06 18:32:00,4477.05,4478.12,4475.56,4477.43,323
2026-01-06 18:33:00,4477.92,4477.92,4468.48,4468.61,349
2026-01-06 18:34:00,4468.59,4470.63,4466.57,4469.82,348
2026-01-06 18:35:00,4469.88,4470.96,4467.93,4468.95,328
2026-01-06 18:36:00,4469.05,4471.2,4466.77,4469.03,351
2026-01-06 18:37:00,4468.9,4469.03,4463.17,4465.79,354
2026-01-06 18:38:00,4465.32,4470.83,4464.71,4469.8,348
2026-01-06 18:39:00,4469.87,4472.56,4469.63,4470.79,340
2026-01-06 18:40:00,4470.85,4473.5,4470.47,4473.39,339
2026-01-06 18:41:00,4473.32,4474.92,4472.84,4474.92,326
2026-01-06 18:42:00,4474.76,4476.13,4474.05,4474.49,347
2026-01-06 18:43:00,4474.43,4475.87,4474.03,4475.83,323
2026-01-06 18:44:00,4475.84,4475.97,4474.22,4475.54,306
2026-01-06 18:45:00,4475.57,4475.57,4472.56,4474.06,324
2026-01-06 18:46:00,4473.95,4476.21,4471.63,4476.05,297
2026-01-06 18:47:00,4476.08,4478.03,4476.08,4477.86,295
2026-01-06 18:48:00,4477.97,4479.23,4477.69,4478.1,304
2026-01-06 18:49:00,4478.23,4479.34,4478.14,4478.31,260
2026-01-06 18:50:00,4478.23,4479.13,4476.76,4476.99,307
2026-01-06 18:51:00,4476.72,4477.64,4476.19,4476.51,302
2026-01-06 18:52:00,4476.44,4477.23,4475.27,4475.9,296
2026-01-06 18:53:00,4476.53,4477.93,4475.83,4476.18,287
2026-01-06 18:54:00,4475.87,4477.81,4474.76,4477.81,288
2026-01-06 18:55:00,4477.17,4477.43,4473.11,4473.75,341
2026-01-06 18:56:00,4473.7,4475.14,4473.42,4474.91,296
2026-01-06 18:57:00,4474.99,4479.44,4474.99,4479.11,302
2026-01-06 18:58:00,4479.05,4479.79,4478.51,4478.58,308
2026-01-06 18:59:00,4478.56,4478.97,4477.76,4478.49,280
2026-01-06 19:00:00,4478.42,4481.18,4478.0,4480.65,254
2026-01-06 19:01:00,4480.66,4482.98,4480.42,4481.66,322
2026-01-06 19:02:00,4481.81,4482.54,4480.34,4480.65,305
2026-01-06 19:03:00,4480.73,4481.04,4479.19,4479.71,329
2026-01-06 19:04:00,4479.42,4479.44,4477.03,4477.03,302
2026-01-06 19:05:00,4477.09,4477.4,4472.26,4473.31,339
2026-01-06 19:06:00,4473.28,4476.57,4471.56,4475.14,302
2026-01-06 19:07:00,4475.12,4475.41,4472.92,4475.1,327
2026-01-06 19:08:00,4474.98,4475.23,4473.24,4473.56,286
2026-01-06 19:09:00,4473.53,4475.86,4473.08,4474.4,300
2026-01-06 19:10:00,4474.37,4474.99,4473.18,4474.88,308
2026-01-06 19:11:00,4474.89,4476.24,4474.59,4476.01,277
2026-01-06 19:12:00,4476.04,4478.49,4475.31,4477.04,302
2026-01-06 19:13:00,4477.07,4477.6,4476.01,4476.62,295
2026-01-06 19:14:00,4476.65,4478.91,4476.12,4478.81,269
2026-01-06 19:15:00,4478.88,4480.32,4478.2,4480.32,310
2026-01-06 19:16:00,4480.31,4481.34,4480.08,4480.13,280
2026-01-06 19:17:00,4480.07,4480.4,4477.85,4478.48,297
2026-01-06 19:18:00,4478.46,4479.87,4477.71,4479.28,288
2026-01-06 19:19:00,4479.33,4480.54,4479.01,4480.01,270
2026-01-06 19:20:00,4480.0,4481.24,4479.85,4481.06,283
2026-01-06 19:21:00,4481.07,4481.62,4479.99,4480.86,290
2026-01-06 19:22:00,4480.97,4481.33,4480.44,4480.89,236
2026-01-06 19:23:00,4480.99,4482.38,4480.59,4482.38,234
2026-01-06 19:24:00,4482.43,4483.35,4481.92,4482.08,260
2026-01-06 19:25:00,4482.09,4483.42,4482.05,4483.05,238
2026-01-06 19:26:00,4483.07,4483.9,4482.68,4483.44,285
2026-01-06 19:27:00,4483.47,4484.69,4482.75,4484.65,302
2026-01-06 19:28:00,4484.67,4485.35,4482.48,4482.56,308
2026-01-06 19:29:00,4482.61,4483.64,4482.49,4483.51,300
2026-01-06 19:30:00,4483.55,4485.39,4483.55,4484.99,294
2026-01-06 19:31:00,4484.94,4485.02,4484.01,4484.49,295
2026-01-06 19:32:00,4484.48,4484.96,4482.58,4482.58,277
2026-01-06 19:33:00,4482.63,4484.49,4482.59,4483.21,282
2026-01-06 19:34:00,4483.2,4485.98,4483.07,4485.59,268
2026-01-06 19:35:00,4485.04,4485.75,4484.79,4485.74,284
2026-01-06 19:36:00,4485.81,4486.44,4485.37,4485.39,252
2026-01-06 19:37:00,4485.48,4485.48,4483.67,4485.29,279
2026-01-06 19:38:00,4485.37,4486.79,4484.85,4486.56,271
2026-01-06 19:39:00,4486.6,4487.93,4486.5,4486.87,259
2026-01-06 19:40:00,4486.88,4488.63,4486.88,4488.53,238
2026-01-06 19:41:00,4488.4,4488.9,4485.56,4485.72,313
2026-01-06 19:42:00,4485.92,4486.52,4485.33,4486.32,294
2026-01-06 19:43:00,4486.36,4486.92,4484.67,4485.73,273
2026-01-06 19:44:00,4485.84,4488.7,4485.56,4488.06,254
2026-01-06 19:45:00,4488.11,4488.11,4484.78,4484.85,301
2026-01-06 19:46:00,4484.89,4486.38,4484.4,4485.9,270
2026-01-06 19:47:00,4485.98,4487.22,4485.98,4486.6,229
2026-01-06 19:48:00,4486.57,4486.97,4485.09,4485.09,229
2026-01-06 19:49:00,4485.13,4486.19,4484.96,4485.56,261
2026-01-06 19:50:00,4485.51,4486.4,4484.38,4485.94,288
2026-01-06 19:51:00,4485.97,4486.02,4485.41,4485.89,226
2026-01-06 19:52:00,4485.93,4487.41,4485.87,4487.38,265
2026-01-06 19:53:00,4487.4,4487.74,4486.07,4486.63,276
2026-01-06 19:54:00,4486.67,4487.33,4485.87,4486.46,273
2026-01-06 19:55:00,4486.49,4486.52,4484.71,4485.2,301
2026-01-06 19:56:00,4485.22,4486.29,4485.19,4485.99,284
2026-01-06 19:57:00,4486.03,4487.29,4486.03,4487.25,273
2026-01-06 19:58:00,4487.53,4488.78,4487.53,4488.3,300
2026-01-06 19:59:00,4488.37,4488.76,4487.5,4488.32,250
2026-01-06 20:00:00,4488.31,4488.98,4486.01,4486.35,290
2026-01-06 20:01:00,4486.41,4486.95,4484.42,4485.04,271
2026-01-06 20:02:00,4485.21,4487.55,4485.19,4487.55,219
2026-01-06 20:03:00,4487.72,4487.99,4487.16,4487.87,235
2026-01-06 20:04:00,4487.91,4489.37,4487.91,4488.86,189
2026-01-06 20:05:00,4488.8,4490.19,4488.29,4488.29,286
2026-01-06 20:06:00,4488.24,4488.63,4486.06,4486.45,280
2026-01-06 20:07:00,4486.41,4488.39,4486.41,4488.13,264
2026-01-06 20:08:00,4488.16,4488.73,4487.67,4487.96,218
2026-01-06 20:09:00,4488.07,4488.62,4487.83,4488.2,217
2026-01-06 20:10:00,4488.25,4488.41,4487.65,4488.36,292
2026-01-06 20:11:00,4488.23,4488.42,4486.89,4486.93,284
2026-01-06 20:12:00,4486.91,4487.39,4486.44,4486.88,241
2026-01-06 20:13:00,4486.8,4489.05,4486.8,4489.02,224
2026-01-06 20:14:00,4489.0,4489.09,4487.93,4488.45,238
2026-01-06 20:15:00,4488.43,4490.0,4488.23,4489.47,228
2026-01-06 20:16:00,4489.5,4490.0,4489.09,4489.72,235
2026-01-06 20:17:00,4489.73,4490.18,4488.68,4489.19,243
2026-01-06 20:18:00,4489.33,4489.36,4487.63,4488.8,291
2026-01-06 20:19:00,4488.79,4488.94,4487.82,4488.72,236
2026-01-06 20:20:00,4488.7,4489.23,4488.27,4488.69,266
2026-01-06 20:21:00,4488.7,4488.77,4487.2,4487.92,288
2026-01-06 20:22:00,4487.89,4488.64,4487.66,4488.33,240
2026-01-06 20:23:00,4488.34,4489.36,4488.18,4489.26,211
2026-01-06 20:24:00,4489.25,4489.56,4488.45,4488.99,228
2026-01-06 20:25:00,4489.01,4489.02,4487.97,4488.31,211
2026-01-06 20:26:00,4488.32,4488.54,4487.34,4487.37,208
2026-01-06 20:27:00,4487.32,4487.43,4486.14,4486.43,242
2026-01-06 20:28:00,4486.43,4487.09,4485.92,4486.71,234
2026-01-06 20:29:00,4486.81,4487.24,4486.69,4487.13,166
2026-01-06 20:30:00,4487.03,4488.88,4486.5,4488.15,269
2026-01-06 20:31:00,4488.2,4488.21,4487.38,4487.53,246
2026-01-06 20:32:00,4487.55,4488.65,4487.39,4487.85,260
2026-01-06 20:33:00,4487.87,4488.13,4486.66,4487.65,232
2026-01-06 20:34:00,4487.7,4489.46,4487.33,4488.93,238
2026-01-06 20:35:00,4488.99,4489.72,4488.93,4489.17,201
2026-01-06 20:36:00,4489.06,4489.13,4487.84,4488.3,231
2026-01-06 20:37:00,4488.28,4489.8,4488.14,4489.11,235
2026-01-06 20:38:00,4489.13,4489.45,4488.12,4488.27,227
2026-01-06 20:39:00,4488.39,4488.47,4485.63,4486.56,268
2026-01-06 20:40:00,4486.55,4486.57,4485.22,4485.66,197
2026-01-06 20:41:00,4485.7,4487.13,4485.3,4486.47,249
2026-01-06 20:42:00,4486.51,4486.85,4484.21,4484.58,294
2026-01-06 20:43:00,4484.3,4484.82,4482.3,4482.44,307
2026-01-06 20:44:00,4482.14,4484.45,4481.63,4483.89,307
2026-01-06 20:45:00,4483.98,4484.84,4483.4,4484.69,234
2026-01-06 20:46:00,4484.67,4486.16,4484.31,4485.17,243
2026-01-06 20:47:00,4484.56,4484.76,4483.52,4483.78,257
2026-01-06 20:48:00,4483.87,4485.18,4483.87,4484.62,229
2026-01-06 20:49:00,4484.63,4485.7,4483.77,4485.7,233
2026-01-06 20:50:00,4485.78,4486.42,4484.51,4486.15,223
2026-01-06 20:51:00,4486.19,4487.17,4486.08,4486.78,227
2026-01-06 20:52:00,4486.7,4487.59,4486.03,4487.59,233
2026-01-06 20:53:00,4487.67,4489.28,4487.21,4489.13,274
2026-01-06 20:54:00,4489.19,4490.32,4488.68,4490.18,279
2026-01-06 20:55:00,4490.2,4491.47,4489.68,4490.2,267
2026-01-06 20:56:00,4490.23,4491.1,4489.99,4490.6,262
2026-01-06 20:57:00,4490.44,4490.67,4489.68,4490.2,257
2026-01-06 20:58:00,4490.25,4490.25,4488.51,4489.2,286
2026-01-06 20:59:00,4489.24,4489.82,4488.86,4489.54,243
2026-01-06 21:00:00,4489.28,4489.9,4487.0,4487.06,269
2026-01-06 21:01:00,4487.24,4487.85,4486.77,4487.79,267
2026-01-06 21:02:00,4487.82,4488.72,4486.85,4487.04,276
2026-01-06 21:03:00,4486.27,4488.32,4486.27,4488.18,294
2026-01-06 21:04:00,4488.12,4489.73,4487.79,4488.52,242
2026-01-06 21:05:00,4488.59,4488.75,4487.49,4488.6,226
2026-01-06 21:06:00,4488.69,4489.32,4488.48,4488.59,214
2026-01-06 21:07:00,4488.58,4488.58,4487.69,4488.24,251
2026-01-06 21:08:00,4488.25,4489.06,4488.25,4489.06,216
2026-01-06 21:09:00,4489.11,4489.43,4488.42,4489.43,200
2026-01-06 21:10:00,4489.44,4490.52,4489.36,4490.02,262
2026-01-06 21:11:00,4489.9,4491.29,4489.79,4489.91,236
2026-01-06 21:12:00,4489.95,4491.12,4489.95,4490.76,238
2026-01-06 21:13:00,4490.7,4491.18,4490.6,4490.97,243
2026-01-06 21:14:00,4490.96,4491.62,4490.68,4491.12,251
2026-01-06 21:15:00,4491.06,4491.35,4490.97,4491.04,242
2026-01-06 21:16:00,4491.03,4492.63,4491.03,4492.6,257
2026-01-06 21:17:00,4492.61,4492.96,4491.96,4492.42,231
2026-01-06 21:18:00,4492.49,4493.56,4492.1,4493.28,241
2026-01-06 21:19:00,4493.21,4494.0,4490.4,4490.92,308
2026-01-06 21:20:00,4490.91,4491.93,4490.44,4491.56,276
2026-01-06 21:21:00,4491.51,4492.76,4491.09,4491.89,218
2026-01-06 21:22:00,4491.91,4492.02,4490.29,4490.73,248
2026-01-06 21:23:00,4490.63,4490.93,4489.86,4490.49,270
2026-01-06 21:24:00,4490.51,4490.51,4487.71,4488.48,326
2026-01-06 21:25:00,4488.5,4489.93,4487.85,4489.52,274
2026-01-06 21:26:00,4489.5,4489.6,4487.83,4487.87,279
2026-01-06 21:27:00,4487.88,4488.21,4486.87,4488.05,276
2026-01-06 21:28:00,4487.43,4487.74,4484.5,4484.59,308
2026-01-06 21:29:00,4484.72,4486.74,4484.36,4485.99,340
2026-01-06 21:30:00,4486.57,4486.93,4484.63,4486.93,310
2026-01-06 21:31:00,4487.23,4487.81,4483.83,4484.25,240
2026-01-06 21:32:00,4484.29,4484.66,4483.71,4483.81,275
2026-01-06 21:33:00,4483.8,4484.08,4482.35,4483.58,268
2026-01-06 21:34:00,4483.64,4484.43,4482.25,4484.18,303
2026-01-06 21:35:00,4484.12,4485.14,4483.69,4485.14,269
2026-01-06 21:36:00,4485.13,4486.03,4484.88,4485.18,256
2026-01-06 21:37:00,4485.15,4485.15,4484.25,4484.25,226
2026-01-06 21:38:00,4484.13,4485.13,4484.13,4485.12,228
2026-01-06 21:39:00,4485.06,4486.22,4485.06,4485.56,206
2026-01-06 21:40:00,4485.57,4487.02,4485.57,4486.57,154
2026-01-06 21:41:00,4486.65,4486.88,4485.01,4485.95,217
2026-01-06 21:42:00,4485.99,4486.19,4485.7,4485.75,133
2026-01-06 21:43:00,4485.8,4487.17,4485.8,4486.67,182
2026-01-06 21:44:00,4486.64,4486.8,4486.05,4486.25,202
2026-01-06 21:45:00,4486.26,4487.64,4486.21,4487.02,212
2026-01-06 21:46:00,4486.98,4487.97,4486.86,4487.93,181
2026-01-06 21:47:00,4487.92,4487.92,4487.16,4487.38,166
2026-01-06 21:48:00,4487.33,4487.74,4486.69,4486.95,184
2026-01-06 21:49:00,4486.94,4488.72,4486.94,4488.72,173
2026-01-06 21:50:00,4488.43,4489.47,4488.26,4489.47,231
2026-01-06 21:51:00,4489.52,4490.38,4489.28,4489.61,229
2026-01-06 21:52:00,4489.59,4489.95,4488.06,4488.33,200
2026-01-06 21:53:00,4488.47,4488.7,4487.65,4487.65,194
2026-01-06 21:54:00,4487.63,4487.92,4487.36,4487.9,174
2026-01-06 21:55:00,4487.83,4488.08,4487.53,4487.81,150
2026-01-06 21:56:00,4487.8,4488.77,4487.8,4488.49,183
2026-01-06 21:57:00,4488.42,4488.61,4487.86,4488.49,176
2026-01-06 21:58:00,4488.5,4489.45,4488.34,4488.83,140
2026-01-06 21:59:00,4488.88,4489.39,4488.5,4488.55,189
2026-01-06 22:00:00,4488.58,4489.47,4486.98,4487.68,265
2026-01-06 22:01:00,4487.59,4487.67,4485.96,4486.63,253
2026-01-06 22:02:00,4486.62,4487.56,4486.25,4486.33,260
2026-01-06 22:03:00,4486.31,4487.11,4486.02,4486.49,270
2026-01-06 22:04:00,4486.55,4486.93,4485.07,4485.82,256
2026-01-06 22:05:00,4485.75,4486.42,4485.2,4485.7,254
2026-01-06 22:06:00,4485.6,4486.4,4483.78,4484.04,232
2026-01-06 22:07:00,4484.08,4485.0,4483.39,4484.07,232
2026-01-06 22:08:00,4484.04,4485.19,4483.58,4484.82,224
2026-01-06 22:09:00,4484.85,4485.05,4483.05,4483.68,246
2026-01-06 22:10:00,4483.61,4484.36,4483.6,4484.28,196
2026-01-06 22:11:00,4484.23,4484.44,4483.5,4484.19,225
2026-01-06 22:12:00,4484.13,4484.34,4482.72,4482.72,200
2026-01-06 22:13:00,4482.69,4483.69,4482.39,4483.69,217
2026-01-06 22:14:00,4483.68,4483.68,4481.99,4482.12,222
2026-01-06 22:15:00,4482.08,4482.52,4480.31,4481.25,263
2026-01-06 22:16:00,4481.26,4482.14,4479.86,4480.5,286
2026-01-06 22:17:00,4480.6,4480.7,4477.37,4478.91,314
2026-01-06 22:18:00,4478.81,4480.23,4478.63,4479.25,243
2026-01-06 22:19:00,4479.26,4482.07,4478.34,4482.0,264
2026-01-06 22:20:00,4481.96,4483.71,4481.36,4483.56,254
2026-01-06 22:21:00,4483.69,4484.47,4483.3,4484.42,254
2026-01-06 22:22:00,4484.57,4484.58,4482.56,4483.55,210
2026-01-06 22:23:00,4483.39,4484.06,4483.23,4483.33,204
2026-01-06 22:24:00,4483.32,4483.38,4481.79,4482.32,218
2026-01-06 22:25:00,4482.3,4483.61,4482.3,4483.48,182
2026-01-06 22:26:00,4483.49,4483.59,4482.35,4482.47,183
2026-01-06 22:27:00,4482.49,4482.89,4481.6,4481.82,192
2026-01-06 22:28:00,4481.75,4482.51,4481.28,4482.45,224
2026-01-06 22:29:00,4482.46,4482.56,4480.77,4480.93,215
2026-01-06 22:30:00,4480.78,4481.32,4478.45,4478.45,254
2026-01-06 22:31:00,4478.43,4480.58,4477.96,4480.04,224
2026-01-06 22:32:00,4480.09,4480.55,4477.82,4479.47,263
2026-01-06 22:33:00,4479.46,4480.89,4479.23,4480.71,214
2026-01-06 22:34:00,4480.67,4480.67,4477.88,4478.67,220
2026-01-06 22:35:00,4478.8,4479.2,4477.94,4478.98,205
2026-01-06 22:36:00,4478.92,4480.94,4478.87,4480.69,187
2026-01-06 22:37:00,4480.94,4482.02,4480.62,4482.02,202
2026-01-06 22:38:00,4482.05,4482.05,4480.08,4480.63,217
2026-01-06 22:39:00,4480.74,4482.16,4480.7,4481.97,162
2026-01-06 22:40:00,4482.01,4483.19,4481.9,4482.37,234
2026-01-06 22:41:00,4482.29,4482.68,4481.83,4482.51,189
2026-01-06 22:42:00,4482.57,4482.65,4481.72,4482.54,168
2026-01-06 22:43:00,4482.61,4483.63,4482.61,4483.1,189
2026-01-06 22:44:00,4483.06,4483.06,4481.4,4481.58,190
2026-01-06 22:45:00,4481.6,4483.49,4481.6,4483.49,236
2026-01-06 22:46:00,4483.52,4483.74,4482.92,4483.22,162
2026-01-06 22:47:00,4483.16,4483.61,4482.35,4482.78,196
2026-01-06 22:48:00,4482.83,4483.34,4481.61,4481.61,214
2026-01-06 22:49:00,4481.46,4482.83,4481.46,4482.46,167
2026-01-06 22:50:00,4482.48,4482.77,4481.55,4481.86,210
2026-01-06 22:51:00,4481.85,4482.41,4481.14,4481.4,215
2026-01-06 22:52:00,4481.42,4481.82,4480.33,4480.53,226
2026-01-06 22:53:00,4480.51,4481.18,4479.6,4480.16,258
2026-01-06 22:54:00,4480.21,4481.47,4479.17,4481.27,300
2026-01-06 22:55:00,4481.24,4482.2,4481.24,4482.02,236
2026-01-06 22:56:00,4481.91,4482.15,4480.95,4481.72,216
2026-01-06 22:57:00,4481.75,4482.55,4481.11,4481.11,220
2026-01-06 22:58:00,4481.12,4481.59,4480.29,4481.11,220
2026-01-06 22:59:00,4481.14,4482.47,4480.98,4481.29,219
2026-01-06 23:00:00,4481.3,4481.67,4480.51,4480.95,210
2026-01-06 23:01:00,4480.94,4481.62,4480.37,4481.22,230
2026-01-06 23:02:00,4481.13,4482.73,4481.08,4482.41,212
2026-01-06 23:03:00,4482.52,4483.45,4481.92,4483.03,184
2026-01-06 23:04:00,4483.02,4483.9,4482.88,4483.9,162
2026-01-06 23:05:00,4483.84,4484.41,4483.34,4483.39,189
2026-01-06 23:06:00,4483.41,4483.46,4482.52,4482.56,182
2026-01-06 23:07:00,4482.74,4482.81,4481.88,4482.81,158
2026-01-06 23:08:00,4483.03,4483.72,4482.93,4483.09,152
2026-01-06 23:09:00,4483.04,4483.95,4482.58,4483.88,177
2026-01-06 23:10:00,4483.9,4484.42,4483.03,4483.94,180
2026-01-06 23:11:00,4484.02,4484.35,4483.35,4483.93,150
2026-01-06 23:12:00,4483.84,4484.52,4483.46,4484.3,190
2026-01-06 23:13:00,4484.34,4486.24,4484.34,4486.17,209
2026-01-06 23:14:00,4486.13,4486.86,4485.24,4485.45,230
2026-01-06 23:15:00,4485.46,4486.2,4485.27,4486.03,159
2026-01-06 23:16:00,4485.92,4486.94,4485.72,4486.94,163
2026-01-06 23:17:00,4486.94,4487.15,4486.64,4487.14,99
2026-01-06 23:18:00,4487.24,4487.39,4486.74,4487.07,130
2026-01-06 23:19:00,4487.01,4487.19,4486.92,4487.07,120
2026-01-06 23:20:00,4487.11,4487.15,4486.24,4486.66,175
2026-01-06 23:21:00,4486.72,4487.66,4486.54,4487.29,196
2026-01-06 23:22:00,4487.08,4487.36,4486.87,4486.89,146
2026-01-06 23:23:00,4486.88,4487.43,4486.8,4487.07,150
2026-01-06 23:24:00,4487.03,4487.32,4486.35,4486.39,188
2026-01-06 23:25:00,4486.51,4487.06,4486.24,4487.05,142
2026-01-06 23:26:00,4487.04,4487.56,4486.25,4486.25,175
2026-01-06 23:27:00,4486.17,4486.33,4484.66,4485.89,224
2026-01-06 23:28:00,4485.95,4486.41,4485.71,4486.41,129
2026-01-06 23:29:00,4486.36,4486.47,4485.15,4485.58,174
2026-01-06 23:30:00,4485.63,4485.64,4483.82,4484.6,205
2026-01-06 23:31:00,4484.64,4484.82,4483.81,4484.53,264
2026-01-06 23:32:00,4484.54,4485.66,4484.48,4485.33,266
2026-01-06 23:33:00,4485.32,4485.45,4484.62,4484.62,290
2026-01-06 23:34:00,4484.63,4485.33,4484.47,4485.33,254
2026-01-06 23:35:00,4485.35,4485.35,4484.49,4484.49,195
2026-01-06 23:36:00,4484.5,4485.98,4484.06,4485.8,186
2026-01-06 23:37:00,4485.79,4486.93,4485.76,4486.79,202
2026-01-06 23:38:00,4486.89,4487.4,4486.49,4486.98,195
2026-01-06 23:39:00,4487.02,4487.04,4486.19,4486.63,143
2026-01-06 23:40:00,4486.68,4488.22,4486.68,4488.15,187
2026-01-06 23:41:00,4488.1,4488.34,4487.6,4488.13,159
2026-01-06 23:42:00,4488.11,4490.08,4488.09,4490.03,260
2026-01-06 23:43:00,4489.98,4490.09,4489.14,4489.55,266
2026-01-06 23:44:00,4489.38,4490.01,4489.28,4489.84,196
2026-01-06 23:45:00,4490.14,4491.08,4490.08,4490.51,211
2026-01-06 23:46:00,4490.54,4491.17,4490.54,4490.87,202
2026-01-06 23:47:00,4490.97,4491.35,4490.38,4490.89,206
2026-01-06 23:48:00,4490.88,4491.19,4490.44,4490.44,176
2026-01-06 23:49:00,4490.38,4490.38,4489.49,4489.9,172
2026-01-06 23:50:00,4489.51,4489.61,4488.71,4489.4,240
2026-01-06 23:51:00,4489.5,4490.03,4488.94,4489.7,226
2026-01-06 23:52:00,4489.67,4490.32,4489.29,4489.81,238
2026-01-06 23:53:00,4489.78,4490.24,4489.14,4490.01,198
2026-01-06 23:54:00,4489.99,4490.36,4489.37,4490.36,198
2026-01-06 23:55:00,4490.29,4490.89,4489.83,4490.43,234
2026-01-06 23:56:00,4490.39,4491.73,4490.32,4491.67,227
2026-01-06 23:57:00,4491.64,4494.93,4491.62,4494.38,302
2026-01-06 23:58:00,4494.57,4496.94,4494.57,4496.22,303
2026-01-06 23:59:00,4496.45,4496.64,4493.66,4493.8,306
2026-01-07 00:00:00,4493.81,4494.21,4492.69,4493.21,231
2026-01-07 00:01:00,4493.11,4493.54,4492.15,4493.28,200
2026-01-07 00:02:00,4493.23,4494.38,4492.97,4493.18,202
2026-01-07 00:03:00,4493.22,4493.69,4492.65,4492.88,156
2026-01-07 00:04:00,4492.82,4493.34,4492.76,4493.21,110
2026-01-07 00:05:00,4493.12,4493.39,4492.49,4493.08,116
2026-01-07 00:06:00,4493.07,4494.31,4492.82,4494.31,155
2026-01-07 00:07:00,4494.47,4494.47,4493.32,4493.32,146
2026-01-07 00:08:00,4493.28,4493.99,4493.16,4493.86,86
2026-01-07 00:09:00,4493.86,4493.99,4493.18,4493.69,110
2026-01-07 00:10:00,4493.69,4493.93,4493.3,4493.61,83
2026-01-07 00:11:00,4493.57,4493.84,4493.01,4493.05,120
2026-01-07 00:12:00,4493.04,4493.52,4492.49,4492.49,110
2026-01-07 00:13:00,4492.6,4493.13,4491.97,4492.32,116
2026-01-07 00:14:00,4492.27,4492.5,4492.04,4492.09,78
2026-01-07 00:15:00,4492.04,4493.1,4492.04,4492.59,105
2026-01-07 00:16:00,4492.63,4493.54,4492.63,4492.84,63
2026-01-07 00:17:00,4492.91,4493.17,4492.74,4493.14,92
2026-01-07 00:18:00,4493.09,4493.15,4492.8,4492.9,108
2026-01-07 00:19:00,4492.85,4492.91,4492.55,4492.62,44
2026-01-07 00:20:00,4492.54,4492.63,4492.26,4492.55,54
2026-01-07 00:21:00,4492.45,4492.64,4492.43,4492.62,66
2026-01-07 00:22:00,4492.64,4493.81,4492.51,4493.59,70
2026-01-07 00:23:00,4493.57,4493.57,4492.76,4493.46,87
2026-01-07 00:24:00,4493.5,4493.66,4493.14,4493.14,66
2026-01-07 00:25:00,4493.17,4493.24,4492.71,4492.94,73
2026-01-07 00:26:00,4492.86,4493.48,4492.86,4493.43,63
2026-01-07 00:27:00,4493.43,4493.88,4493.07,4493.78,94
2026-01-07 00:28:00,4493.69,4493.79,4493.58,4493.79,35
2026-01-07 00:29:00,4493.74,4494.59,4493.65,4494.06,124
2026-01-07 00:30:00,4494.05,4495.39,4493.97,4495.39,115
2026-01-07 00:31:00,4495.31,4495.44,4495.12,4495.31,65
2026-01-07 00:32:00,4495.39,4495.58,4495.02,4495.5,84
2026-01-07 00:33:00,4495.54,4495.54,4494.94,4495.36,66
2026-01-07 00:34:00,4495.41,4495.54,4495.01,4495.51,64
2026-01-07 00:35:00,4495.57,4496.15,4495.17,4495.97,109
2026-01-07 00:36:00,4495.88,4496.28,4495.79,4496.13,109
2026-01-07 00:37:00,4496.14,4496.14,4495.46,4495.77,79
2026-01-07 00:38:00,4495.84,4496.68,4495.48,4496.45,102
2026-01-07 00:39:00,4496.43,4496.75,4496.28,4496.75,79
2026-01-07 00:40:00,4496.68,4496.71,4496.13,4496.19,88
2026-01-07 00:41:00,4496.11,4496.95,4496.1,4496.79,103
2026-01-07 00:42:00,4496.84,4497.02,4496.77,4496.79,66
2026-01-07 00:43:00,4496.8,4496.8,4496.14,4496.21,63
2026-01-07 00:44:00,4496.2,4496.43,4496.15,4496.28,32
2026-01-07 00:45:00,4496.27,4496.43,4495.96,4496.35,108
2026-01-07 00:46:00,4496.3,4496.62,4496.3,4496.43,68
2026-01-07 00:47:00,4496.47,4497.0,4496.37,4496.99,72
2026-01-07 00:48:00,4496.93,4496.93,4496.15,4496.17,120
2026-01-07 00:49:00,4496.31,4497.41,4496.31,4497.3,166
2026-01-07 00:50:00,4497.16,4497.39,4496.31,4497.01,124
2026-01-07 00:51:00,4496.64,4497.22,4496.42,4496.64,119
2026-01-07 00:52:00,4496.67,4496.81,4495.68,4496.49,120
2026-01-07 00:53:00,4496.41,4496.47,4493.87,4494.34,99
2026-01-07 00:54:00,4494.31,4495.46,4494.19,4495.18,102
2026-01-07 00:55:00,4495.33,4495.47,4494.57,4495.04,101
2026-01-07 00:56:00,4495.01,4495.01,4494.07,4494.35,71
2026-01-07 00:57:00,4494.38,4494.74,4493.84,4494.62,79
2026-01-07 00:58:00,4494.52,4494.88,4494.1,4494.71,82
2026-01-07 02:01:00,4496.4,4498.15,4496.4,4497.49,135
2026-01-07 02:02:00,4497.42,4497.88,4496.85,4497.01,88
2026-01-07 02:03:00,4497.04,4498.21,4496.7,4498.12,70
2026-01-07 02:04:00,4498.13,4498.81,4498.01,4498.51,63
2026-01-07 02:05:00,4498.46,4499.22,4498.11,4499.2,103
2026-01-07 02:06:00,4499.05,4499.15,4498.56,4499.0,82
2026-01-07 02:07:00,4498.96,4498.99,4498.46,4498.93,64
2026-01-07 02:08:00,4498.95,4499.14,4498.54,4499.14,53
2026-01-07 02:09:00,4499.08,4499.08,4498.36,4498.39,61
2026-01-07 02:10:00,4498.38,4498.55,4497.28,4497.29,74
2026-01-07 02:11:00,4497.28,4497.28,4495.6,4496.08,165
2026-01-07 02:12:00,4496.13,4496.94,4494.75,4495.61,151
2026-01-07 02:13:00,4495.75,4496.39,4495.18,4495.47,145
2026-01-07 02:14:00,4495.31,4497.42,4494.73,4497.42,150
2026-01-07 02:15:00,4497.41,4498.87,4497.28,4498.3,179
2026-01-07 02:16:00,4498.32,4498.99,4497.71,4498.61,111
2026-01-07 02:17:00,4498.59,4498.59,4497.14,4497.41,125
2026-01-07 02:18:00,4497.38,4497.98,4497.01,4497.52,114
2026-01-07 02:19:00,4497.53,4498.61,4497.38,4498.61,115
2026-01-07 02:20:00,4498.64,4499.35,4498.31,4499.1,179
2026-01-07 02:21:00,4499.08,4499.84,4498.83,4498.91,178
2026-01-07 02:22:00,4499.04,4499.24,4498.26,4499.24,165
2026-01-07 02:23:00,4499.25,4499.9,4498.81,4499.29,163
2026-01-07 02:24:00,4499.32,4499.76,4499.21,4499.72,151
2026-01-07 02:25:00,4499.76,4500.04,4499.27,4499.77,141
2026-01-07 02:26:00,4499.72,4500.37,4499.66,4500.16,177
2026-01-07 02:27:00,4500.25,4500.35,4499.76,4500.15,140
2026-01-07 02:28:00,4500.15,4500.2,4498.55,4498.85,135
2026-01-07 02:29:00,4498.77,4498.86,4498.36,4498.5,103
2026-01-07 02:30:00,4498.41,4499.49,4498.11,4498.11,145
2026-01-07 02:31:00,4498.02,4498.85,4497.93,4498.42,132
2026-01-07 02:32:00,4498.38,4498.84,4498.37,4498.72,74
2026-01-07 02:33:00,4498.73,4498.84,4497.98,4498.23,62
2026-01-07 02:34:00,4498.27,4498.8,4497.77,4498.68,109
2026-01-07 02:35:00,4498.77,4498.84,4498.42,4498.82,67
2026-01-07 02:36:00,4498.82,4499.19,4498.63,4498.87,88
2026-01-07 02:37:00,4498.87,4498.88,4498.22,4498.22,68
2026-01-07 02:38:00,4498.13,4498.13,4497.21,4497.36,120
2026-01-07 02:39:00,4497.41,4497.41,4495.98,4496.19,149
2026-01-07 02:40:00,4496.18,4496.18,4494.93,4495.21,159
2026-01-07 02:41:00,4495.21,4496.1,4495.21,4495.89,129
2026-01-07 02:42:00,4495.89,4495.95,4495.01,4495.05,122
2026-01-07 02:43:00,4495.07,4495.82,4494.89,4495.8,149
2026-01-07 02:44:00,4495.81,4495.81,4495.13,4495.31,111
2026-01-07 02:45:00,4495.32,4495.74,4494.19,4495.52,176
2026-01-07 02:46:00,4495.53,4495.79,4494.7,4494.99,141
2026-01-07 02:47:00,4494.83,4495.35,4494.61,4494.65,128
2026-01-07 02:48:00,4494.62,4495.14,4494.21,4494.26,105
2026-01-07 02:49:00,4494.3,4494.37,4493.12,4493.46,94
2026-01-07 02:50:00,4493.45,4494.2,4492.65,4493.2,174
2026-01-07 02:51:00,4493.27,4493.53,4492.19,4492.41,164
2026-01-07 02:52:00,4492.51,4494.05,4492.46,4493.98,133
2026-01-07 02:53:00,4494.05,4495.56,4494.05,4494.9,147
2026-01-07 02:54:00,4494.89,4496.27,4494.56,4496.22,192
2026-01-07 02:55:00,4496.08,4496.29,4494.64,4494.68,167
2026-01-07 02:56:00,4494.75,4495.65,4494.15,4495.37,172
2026-01-07 02:57:00,4495.33,4495.33,4493.56,4494.93,183
2026-01-07 02:58:00,4494.95,4495.05,4493.28,4493.28,184
2026-01-07 02:59:00,4493.23,4493.79,4492.48,4493.38,195
2026-01-07 03:00:00,4493.64,4494.12,4491.67,4492.33,243
2026-01-07 03:01:00,4492.48,4493.39,4490.29,4490.48,242
2026-01-07 03:02:00,4490.61,4491.92,4490.41,4491.29,176
2026-01-07 03:03:00,4491.29,4492.83,4490.94,4492.49,201
2026-01-07 03:04:00,4492.82,4493.53,4492.56,4493.03,155
2026-01-07 03:05:00,4492.93,4493.06,4491.61,4491.66,121
2026-01-07 03:06:00,4491.67,4491.99,4491.02,4491.27,122
2026-01-07 03:07:00,4491.27,4492.39,4491.24,4491.48,145
2026-01-07 03:08:00,4491.48,4491.87,4491.03,4491.74,137
2026-01-07 03:09:00,4491.79,4492.5,4491.08,4492.06,168
2026-01-07 03:10:00,4492.09,4493.75,4492.03,4493.65,174
2026-01-07 03:11:00,4493.74,4493.94,4492.43,4493.8,188
2026-01-07 03:12:00,4493.87,4494.18,4493.08,4493.39,153
2026-01-07 03:13:00,4493.4,4493.52,4492.45,4493.27,138
2026-01-07 03:14:00,4493.27,4493.69,4492.85,4493.14,118
2026-01-07 03:15:00,4493.32,4493.53,4492.8,4493.22,164
2026-01-07 03:16:00,4493.22,4493.27,4491.88,4492.21,157
2026-01-07 03:17:00,4492.23,4492.7,4491.29,4491.52,163
2026-01-07 03:18:00,4491.43,4491.67,4489.78,4491.3,191
2026-01-07 03:19:00,4491.21,4491.38,4490.19,4490.59,121
2026-01-07 03:20:00,4490.75,4492.07,4490.36,4491.65,117
2026-01-07 03:21:00,4491.75,4492.63,4491.49,4492.57,131
2026-01-07 03:22:00,4492.58,4493.06,4491.25,4491.56,126
2026-01-07 03:23:00,4491.57,4491.93,4491.29,4491.57,133
2026-01-07 03:24:00,4491.58,4491.78,4491.21,4491.39,129
2026-01-07 03:25:00,4491.51,4491.93,4490.68,4491.22,109
2026-01-07 03:26:00,4491.27,4491.68,4491.23,4491.31,89
2026-01-07 03:27:00,4491.26,4491.7,4490.52,4491.18,173
2026-01-07 03:28:00,4491.17,4491.58,4490.35,4490.71,99
2026-01-07 03:29:00,4490.73,4491.26,4490.36,4491.25,109
2026-01-07 03:30:00,4491.6,4492.79,4491.16,4491.72,233
2026-01-07 03:31:00,4491.62,4492.03,4490.52,4492.03,155
2026-01-07 03:32:00,4491.98,4492.03,4490.37,4490.37,148
2026-01-07 03:33:00,4490.36,4492.78,4490.18,4492.49,177
2026-01-07 03:34:00,4492.27,4493.78,4491.93,4493.78,187
2026-01-07 03:35:00,4493.74,4493.74,4492.01,4493.34,256
2026-01-07 03:36:00,4493.43,4494.84,4492.95,4492.95,235
2026-01-07 03:37:00,4492.86,4493.26,4491.34,4491.55,177
2026-01-07 03:38:00,4491.54,4491.98,4489.77,4489.77,158
2026-01-07 03:39:00,4489.87,4490.04,4488.39,4489.83,200
2026-01-07 03:40:00,4489.78,4490.23,4488.92,4489.82,179
2026-01-07 03:41:00,4489.85,4490.99,4489.29,4490.81,158
2026-01-07 03:42:00,4490.8,4492.31,4490.8,4491.57,199
2026-01-07 03:43:00,4491.61,4491.63,4490.45,4490.65,198
2026-01-07 03:44:00,4490.64,4490.66,4489.85,4489.98,170
2026-01-07 03:45:00,4489.9,4489.9,4488.7,4488.79,169
2026-01-07 03:46:00,4488.84,4489.88,4487.9,4489.74,187
2026-01-07 03:47:00,4489.83,4491.45,4489.83,4489.9,208
2026-01-07 03:48:00,4489.87,4491.09,4489.83,4490.82,232
2026-01-07 03:49:00,4490.81,4490.99,4489.93,4490.06,220
2026-01-07 03:50:00,4490.21,4490.22,4488.34,4488.75,165
2026-01-07 03:51:00,4488.7,4489.06,4488.35,4488.46,140
2026-01-07 03:52:00,4488.69,4488.96,4484.75,4484.89,250
2026-01-07 03:53:00,4485.0,4485.18,4482.56,4483.78,253
2026-01-07 03:54:00,4483.72,4485.57,4483.72,4485.54,197
2026-01-07 03:55:00,4485.37,4486.35,4485.32,4486.01,154
2026-01-07 03:56:00,4486.02,4486.64,4485.64,4485.77,143
2026-01-07 03:57:00,4485.83,4487.05,4485.75,4486.82,200
2026-01-07 03:58:00,4487.24,4488.05,4486.64,4488.03,211
2026-01-07 03:59:00,4488.18,4492.0,4487.98,4492.0,240
2026-01-07 04:00:00,4491.73,4495.61,4488.02,4490.21,362
2026-01-07 04:01:00,4490.5,4491.4,4483.61,4485.55,332
2026-01-07 04:02:00,4484.96,4485.95,4482.52,4482.8,342
2026-01-07 04:03:00,4482.95,4482.95,4480.53,4482.16,352
2026-01-07 04:04:00,4481.94,4484.13,4480.48,4483.41,297
2026-01-07 04:05:00,4483.26,4483.54,4477.99,4479.18,326
2026-01-07 04:06:00,4479.4,4480.42,4475.72,4475.79,333
2026-01-07 04:07:00,4475.52,4475.73,4472.09,4474.85,355
2026-01-07 04:08:00,4474.32,4477.0,4472.59,4475.75,358
2026-01-07 04:09:00,4475.72,4476.66,4474.39,4475.57,332
2026-01-07 04:10:00,4475.96,4475.96,4470.28,4472.4,364
2026-01-07 04:11:00,4472.27,4475.93,4471.16,4475.81,341
2026-01-07 04:12:00,4475.83,4478.65,4475.25,4478.25,308
2026-01-07 04:13:00,4478.24,4478.57,4474.0,4474.31,291
2026-01-07 04:14:00,4474.2,4474.2,4469.35,4470.89,317
2026-01-07 04:15:00,4471.04,4475.54,4471.04,4474.81,290
2026-01-07 04:16:00,4474.76,4474.98,4470.97,4474.03,275
2026-01-07 04:17:00,4474.03,4474.38,4472.47,4473.19,267
2026-01-07 04:18:00,4473.21,4476.75,4473.06,4475.87,260
2026-01-07 04:19:00,4475.72,4476.31,4472.61,4472.65,293
2026-01-07 04:20:00,4472.7,4474.29,4471.31,4474.12,311
2026-01-07 04:21:00,4474.17,4476.44,4473.63,4476.41,297
2026-01-07 04:22:00,4476.18,4477.49,4475.31,4475.92,299
2026-01-07 04:23:00,4475.88,4477.81,4474.82,4476.4,295
2026-01-07 04:24:00,4476.21,4477.05,4473.96,4476.18,327
2026-01-07 04:25:00,4476.15,4478.26,4475.15,4477.06,305
2026-01-07 04:26:00,4477.05,4479.02,4476.56,4477.74,285
2026-01-07 04:27:00,4477.53,4478.14,4474.58,4474.58,275
2026-01-07 04:28:00,4474.54,4475.93,4473.68,4475.23,292
2026-01-07 04:29:00,4475.14,4477.69,4474.5,4477.15,258
2026-01-07 04:30:00,4477.2,4477.87,4474.08,4474.73,307
2026-01-07 04:31:00,4474.71,4475.51,4474.02,4475.12,301
2026-01-07 04:32:00,4475.16,4476.09,4472.03,4472.56,287
2026-01-07 04:33:00,4472.54,4473.42,4469.62,4469.74,324
2026-01-07 04:34:00,4469.72,4471.41,4466.48,4466.87,339
2026-01-07 04:35:00,4466.35,4467.6,4465.0,4465.74,354
2026-01-07 04:36:00,4465.76,4467.7,4465.26,4466.67,350
2026-01-07 04:37:00,4466.53,4468.68,4465.5,4468.11,321
2026-01-07 04:38:00,4468.15,4470.05,4466.71,4468.76,307
2026-01-07 04:39:00,4468.56,4470.94,4467.95,4470.77,325
2026-01-07 04:40:00,4471.26,4471.27,4467.54,4469.96,317
2026-01-07 04:41:00,4470.02,4472.58,4470.02,4471.65,306
2026-01-07 04:42:00,4471.62,4472.06,4468.79,4468.85,309
2026-01-07 04:43:00,4468.86,4470.25,4467.76,4468.88,300
2026-01-07 04:44:00,4468.75,4471.18,4468.15,4468.54,272
2026-01-07 04:45:00,4468.55,4470.5,4467.95,4469.92,293
2026-01-07 04:46:00,4470.03,4470.41,4468.07,4470.17,279
2026-01-07 04:47:00,4470.18,4470.26,4468.17,4468.19,264
2026-01-07 04:48:00,4468.2,4468.73,4465.41,4466.61,288
2026-01-07 04:49:00,4466.66,4466.91,4465.2,4465.2,252
2026-01-07 04:50:00,4465.7,4468.33,4465.39,4468.33,287
2026-01-07 04:51:00,4468.67,4468.77,4466.34,4467.63,260
2026-01-07 04:52:00,4467.64,4468.15,4465.82,4466.22,254
2026-01-07 04:53:00,4466.23,4468.93,4465.09,4468.93,234
2026-01-07 04:54:00,4469.04,4470.43,4468.72,4470.1,223
2026-01-07 04:55:00,4469.42,4469.85,4466.53,4466.53,268
2026-01-07 04:56:00,4466.71,4466.84,4463.33,4464.25,296
2026-01-07 04:57:00,4464.23,4465.2,4461.16,4463.96,297
2026-01-07 04:58:00,4464.0,4466.75,4463.88,4465.14,269
2026-01-07 04:59:00,4465.11,4465.81,4464.31,4465.56,293
2026-01-07 05:00:00,4465.56,4466.15,4461.29,4461.31,325
2026-01-07 05:01:00,4461.27,4463.99,4459.61,4460.82,317
2026-01-07 05:02:00,4460.68,4463.43,4460.12,4463.41,325
2026-01-07 05:03:00,4463.38,4465.36,4462.98,4464.67,304
2026-01-07 05:04:00,4464.67,4467.35,4464.67,4467.32,270
2026-01-07 05:05:00,4466.94,4467.27,4466.25,4467.0,285
2026-01-07 05:06:00,4467.08,4468.81,4466.55,4468.81,263
2026-01-07 05:07:00,4468.83,4469.77,4468.51,4469.57,306
2026-01-07 05:08:00,4469.61,4470.18,4468.93,4469.43,303
2026-01-07 05:09:00,4469.44,4470.84,4468.87,4470.66,290
2026-01-07 05:10:00,4470.64,4473.17,4470.35,4473.13,278
2026-01-07 05:11:00,4473.14,4474.64,4472.47,4473.69,288
2026-01-07 05:12:00,4473.51,4475.64,4473.51,4475.16,249
2026-01-07 05:13:00,4475.04,4475.04,4473.66,4474.08,274
2026-01-07 05:14:00,4474.02,4474.49,4472.17,4472.27,313
2026-01-07 05:15:00,4472.36,4474.89,4471.43,4473.79,230
2026-01-07 05:16:00,4473.69,4473.69,4471.68,4471.89,209
2026-01-07 05:17:00,4471.89,4472.98,4471.84,4472.47,185
2026-01-07 05:18:00,4472.43,4472.59,4471.26,4471.39,215
2026-01-07 05:19:00,4471.41,4472.04,4471.19,4471.91,190
2026-01-07 05:20:00,4471.84,4471.84,4470.3,4470.44,143
2026-01-07 05:21:00,4470.3,4470.66,4469.56,4470.21,150
2026-01-07 05:22:00,4470.26,4471.7,4469.49,4471.22,180
2026-01-07 05:23:00,4471.13,4471.13,4469.87,4469.88,118
2026-01-07 05:24:00,4469.67,4470.24,4469.38,4470.06,139
2026-01-07 05:25:00,4470.05,4470.54,4468.42,4470.54,182
2026-01-07 05:26:00,4470.59,4471.88,4470.11,4471.43,207
2026-01-07 05:27:00,4471.2,4473.08,4471.08,4472.55,209
2026-01-07 05:28:00,4472.56,4474.88,4472.34,4474.85,258
2026-01-07 05:29:00,4474.73,4475.02,4473.43,4473.8,215
2026-01-07 05:30:00,4473.68,4475.23,4473.5,4474.09,324
2026-01-07 05:31:00,4473.98,4476.04,4473.59,4475.97,303
2026-01-07 05:32:00,4476.01,4477.88,4476.01,4477.52,259
2026-01-07 05:33:00,4477.42,4477.42,4475.79,4476.02,243
2026-01-07 05:34:00,4476.4,4476.72,4474.83,4475.16,274
2026-01-07 05:35:00,4475.0,4477.96,4474.29,4477.92,257
2026-01-07 05:36:00,4477.85,4477.99,4477.22,4477.65,249
2026-01-07 05:37:00,4477.31,4477.59,4475.85,4475.99,238
2026-01-07 05:38:00,4475.86,4476.72,4475.47,4476.68,173
2026-01-07 05:39:00,4476.63,4477.04,4475.59,4476.89,209
2026-01-07 05:40:00,4476.82,4477.02,4475.58,4476.67,219
2026-01-07 05:41:00,4476.96,4477.79,4476.46,4477.27,226
2026-01-07 05:42:00,4477.27,4478.52,4475.5,4476.48,248
2026-01-07 05:43:00,4476.31,4477.78,4476.0,4477.51,263
2026-01-07 05:44:00,4477.72,4477.77,4475.73,4475.8,218
2026-01-07 05:45:00,4475.86,4475.86,4473.85,4474.4,265
2026-01-07 05:46:00,4474.35,4476.1,4474.33,4476.08,210
2026-01-07 05:47:00,4476.06,4477.42,4475.41,4475.88,248
2026-01-07 05:48:00,4475.95,4477.22,4475.41,4475.44,215
2026-01-07 05:49:00,4475.41,4477.38,4475.41,4477.12,221
2026-01-07 05:50:00,4477.09,4477.68,4475.55,4477.29,193
2026-01-07 05:51:00,4476.91,4477.39,4475.05,4476.18,264
2026-01-07 05:52:00,4476.14,4477.03,4475.24,4476.44,253
2026-01-07 05:53:00,4476.44,4477.31,4476.3,4476.59,206
2026-01-07 05:54:00,4476.49,4478.45,4476.36,4478.21,223
2026-01-07 05:55:00,4478.19,4478.77,4477.18,4477.83,236
2026-01-07 05:56:00,4477.83,4478.24,4476.43,4477.57,235
2026-01-07 05:57:00,4477.63,4477.8,4476.48,4476.51,229
2026-01-07 05:58:00,4476.52,4476.77,4475.82,4476.05,190
2026-01-07 05:59:00,4476.06,4476.11,4474.42,4474.72,191
2026-01-07 06:00:00,4474.73,4476.88,4474.16,4475.97,215
2026-01-07 06:01:00,4475.85,4475.99,4474.73,4474.9,199
2026-01-07 06:02:00,4474.89,4476.24,4473.93,4473.95,235
2026-01-07 06:03:00,4473.97,4475.23,4473.26,4475.12,269
2026-01-07 06:04:00,4475.22,4476.28,4475.08,4475.42,259
2026-01-07 06:05:00,4475.5,4475.82,4474.5,4475.61,232
2026-01-07 06:06:00,4475.49,4475.86,4474.72,4475.5,259
2026-01-07 06:07:00,4475.51,4476.21,4474.47,4475.0,260
2026-01-07 06:08:00,4475.0,4475.02,4473.33,4474.0,304
2026-01-07 06:09:00,4473.98,4476.06,4473.67,4475.98,269
2026-01-07 06:10:00,4477.0,4477.0,4475.15,4475.38,273
2026-01-07 06:11:00,4475.74,4476.19,4474.51,4474.78,214
2026-01-07 06:12:00,4474.8,4475.8,4474.55,4474.91,185
2026-01-07 06:13:00,4474.88,4474.88,4472.31,4472.31,241
2026-01-07 06:14:00,4472.06,4474.78,4471.96,4474.72,221
2026-01-07 06:15:00,4474.71,4474.72,4472.84,4473.65,215
2026-01-07 06:16:00,4473.66,4474.8,4473.33,4474.05,249
2026-01-07 06:17:00,4474.04,4477.55,4474.04,4477.09,304
2026-01-07 06:18:00,4477.07,4479.05,4477.07,4479.05,234
2026-01-07 06:19:00,4478.65,4480.17,4478.54,4479.92,299
2026-01-07 06:20:00,4480.07,4480.33,4478.54,4478.55,276
2026-01-07 06:21:00,4478.56,4478.58,4478.04,4478.29,250
2026-01-07 06:22:00,4478.15,4478.85,4478.0,4478.43,228
2026-01-07 06:23:00,4478.44,4478.87,4476.77,4477.55,261
2026-01-07 06:24:00,4477.44,4479.29,4477.44,4479.27,265
2026-01-07 06:25:00,4479.27,4479.49,4478.14,4478.24,282
2026-01-07 06:26:00,4478.16,4478.6,4477.63,4477.75,239
2026-01-07 06:27:00,4477.74,4477.85,4476.68,4476.9,267
2026-01-07 06:28:00,4476.89,4477.25,4476.45,4476.52,196
2026-01-07 06:29:00,4476.44,4476.87,4476.34,4476.48,144
2026-01-07 06:30:00,4476.52,4477.77,4476.33,4476.51,203
2026-01-07 06:31:00,4476.51,4477.79,4476.23,4476.33,174
2026-01-07 06:32:00,4476.23,4476.64,4475.92,4476.07,174
2026-01-07 06:33:00,4476.01,4476.55,4475.77,4476.52,151
2026-01-07 06:34:00,4476.53,4477.09,4476.42,4476.63,158
2026-01-07 06:35:00,4476.7,4477.66,4476.69,4477.13,214
2026-01-07 06:36:00,4476.66,4477.1,4476.32,4476.79,164
2026-01-07 06:37:00,4476.8,4478.04,4476.27,4478.02,153
2026-01-07 06:38:00,4478.04,4478.46,4477.15,4477.29,174
2026-01-07 06:39:00,4476.97,4478.81,4476.86,4477.76,180
2026-01-07 06:40:00,4477.71,4478.39,4477.03,4478.38,147
2026-01-07 06:41:00,4478.58,4478.79,4477.9,4478.27,144
2026-01-07 06:42:00,4478.47,4478.61,4477.14,4477.74,180
2026-01-07 06:43:00,4477.73,4478.2,4477.73,4477.8,164
2026-01-07 06:44:00,4477.63,4478.38,4477.24,4478.38,158
2026-01-07 06:45:00,4478.37,4478.42,4477.36,4477.48,136
2026-01-07 06:46:00,4477.47,4477.5,4477.11,4477.44,158
2026-01-07 06:47:00,4477.43,4477.96,4477.39,4477.83,110
2026-01-07 06:48:00,4477.77,4477.77,4476.55,4476.65,174
2026-01-07 06:49:00,4476.64,4477.3,4476.49,4476.93,144
2026-01-07 06:50:00,4476.98,4477.21,4475.67,4475.67,131
2026-01-07 06:51:00,4475.72,4476.3,4475.62,4476.03,163
2026-01-07 06:52:00,4476.03,4476.27,4473.93,4474.36,183
2026-01-07 06:53:00,4474.22,4476.25,4473.99,4476.21,192
2026-01-07 06:54:00,4476.14,4476.69,4475.81,4476.07,149
2026-01-07 06:55:00,4476.04,4476.51,4475.56,4476.41,217
2026-01-07 06:56:00,4476.32,4476.65,4475.98,4476.21,164
2026-01-07 06:57:00,4476.21,4476.63,4475.01,4475.81,251
2026-01-07 06:58:00,4475.94,4476.06,4474.78,4475.0,173
2026-01-07 06:59:00,4474.95,4474.97,4473.67,4474.76,192
2026-01-07 07:00:00,4474.64,4476.09,4473.72,4474.1,254
2026-01-07 07:01:00,4474.04,4474.04,4472.44,4473.05,197
2026-01-07 07:02:00,4473.06,4474.2,4473.06,4473.96,177
2026-01-07 07:03:00,4473.97,4474.65,4473.4,4473.88,218
2026-01-07 07:04:00,4473.97,4474.77,4473.26,4473.37,181
2026-01-07 07:05:00,4473.17,4473.73,4471.3,4471.79,233
2026-01-07 07:06:00,4471.78,4471.95,4470.36,4471.05,235
2026-01-07 07:07:00,4471.07,4472.15,4470.62,4471.94,218
2026-01-07 07:08:00,4472.0,4472.56,4471.53,4472.32,211
2026-01-07 07:09:00,4472.33,4472.46,4471.51,4471.57,253
2026-01-07 07:10:00,4471.58,4471.58,4470.15,4471.32,261
2026-01-07 07:11:00,4471.35,4472.59,4471.35,4472.19,259
2026-01-07 07:12:00,4472.19,4472.7,4469.79,4469.86,231
2026-01-07 07:13:00,4469.9,4470.68,4469.46,4470.65,231
2026-01-07 07:14:00,4470.62,4470.66,4469.5,4470.6,186
2026-01-07 07:15:00,4470.57,4471.31,4470.57,4470.64,171
2026-01-07 07:16:00,4470.61,4472.05,4469.62,4470.52,241
2026-01-07 07:17:00,4470.46,4470.46,4468.31,4469.32,203
2026-01-07 07:18:00,4469.14,4469.76,4467.07,4467.7,244
2026-01-07 07:19:00,4467.92,4469.06,4467.78,4468.61,202
2026-01-07 07:20:00,4468.56,4469.17,4467.6,4469.15,184
2026-01-07 07:21:00,4469.16,4469.16,4466.66,4467.53,199
2026-01-07 07:22:00,4467.58,4468.72,4467.3,4468.54,167
2026-01-07 07:23:00,4468.47,4469.48,4468.27,4469.35,144
2026-01-07 07:24:00,4469.1,4470.82,4469.04,4469.36,185
2026-01-07 07:25:00,4469.24,4471.16,4469.22,4470.25,191
2026-01-07 07:26:00,4470.26,4470.69,4468.56,4468.67,130
2026-01-07 07:27:00,4468.51,4468.77,4466.63,4466.78,191
2026-01-07 07:28:00,4466.57,4467.29,4466.32,4466.7,204
2026-01-07 07:29:00,4466.73,4467.37,4466.04,4466.06,171
2026-01-07 07:30:00,4466.11,4466.84,4464.45,4466.19,211
2026-01-07 07:31:00,4466.18,4466.99,4464.75,4465.13,201
2026-01-07 07:32:00,4464.95,4465.77,4463.85,4465.72,232
2026-01-07 07:33:00,4465.63,4466.89,4464.87,4466.51,187
2026-01-07 07:34:00,4466.52,4467.58,4466.02,4467.49,160
2026-01-07 07:35:00,4467.48,4468.61,4467.4,4468.58,194
2026-01-07 07:36:00,4468.35,4468.35,4465.64,4466.14,226
2026-01-07 07:37:00,4466.11,4467.54,4466.11,4466.89,178
2026-01-07 07:38:00,4466.48,4466.48,4464.67,4465.17,180
2026-01-07 07:39:00,4464.7,4464.97,4463.61,4463.61,176
2026-01-07 07:40:00,4463.62,4466.93,4463.62,4466.89,265
2026-01-07 07:41:00,4466.87,4468.28,4466.39,4468.25,234
2026-01-07 07:42:00,4468.28,4468.41,4466.58,4466.88,218
2026-01-07 07:43:00,4466.68,4467.11,4464.62,4465.12,206
2026-01-07 07:44:00,4465.22,4465.82,4465.02,4465.34,166
2026-01-07 07:45:00,4465.21,4465.85,4464.71,4465.75,139
2026-01-07 07:46:00,4465.49,4465.49,4464.36,4464.91,158
2026-01-07 07:47:00,4464.93,4465.74,4464.09,4464.09,178
2026-01-07 07:48:00,4464.13,4466.32,4464.08,4466.32,170
2026-01-07 07:49:00,4466.27,4466.88,4466.13,4466.37,175
2026-01-07 07:50:00,4466.36,4466.67,4466.21,4466.44,145
2026-01-07 07:51:00,4466.47,4467.15,4466.24,4466.68,129
2026-01-07 07:52:00,4466.71,4466.83,4465.11,4465.92,136
2026-01-07 07:53:00,4465.96,4466.34,4465.32,4465.6,181
2026-01-07 07:54:00,4465.68,4465.8,4464.14,4464.76,197
2026-01-07 07:55:00,4464.75,4465.51,4464.64,4464.68,153
2026-01-07 07:56:00,4464.7,4465.14,4464.1,4464.41,167
2026-01-07 07:57:00,4464.36,4465.45,4464.32,4464.8,160
2026-01-07 07:58:00,4464.76,4465.47,4464.31,4464.36,165
2026-01-07 07:59:00,4464.4,4464.85,4463.94,4464.8,196
2026-01-07 08:00:00,4464.78,4464.78,4463.48,4463.99,181
2026-01-07 08:01:00,4463.99,4464.39,4463.4,4464.22,201
2026-01-07 08:02:00,4464.3,4465.25,4463.62,4465.25,208
2026-01-07 08:03:00,4465.23,4465.23,4463.95,4464.47,158
2026-01-07 08:04:00,4464.52,4464.52,4463.53,4463.94,133
2026-01-07 08:05:00,4463.92,4464.47,4462.04,4463.99,222
2026-01-07 08:06:00,4463.95,4464.3,4463.41,4464.2,183
2026-01-07 08:07:00,4464.33,4466.53,4464.26,4466.42,185
2026-01-07 08:08:00,4466.41,4466.66,4465.95,4466.3,154
2026-01-07 08:09:00,4466.25,4467.08,4465.87,4466.53,153
2026-01-07 08:10:00,4466.43,4466.99,4465.45,4465.57,244
2026-01-07 08:11:00,4465.51,4466.3,4465.22,4466.29,140
2026-01-07 08:12:00,4466.33,4466.62,4465.74,4466.28,166
2026-01-07 08:13:00,4466.29,4466.3,4465.17,4465.78,167
2026-01-07 08:14:00,4465.78,4466.03,4465.24,4465.69,139
2026-01-07 08:15:00,4465.74,4467.39,4465.2,4467.28,234
2026-01-07 08:16:00,4467.34,4468.89,4467.15,4468.89,179
2026-01-07 08:17:00,4468.98,4469.34,4468.44,4468.81,174
2026-01-07 08:18:00,4468.8,4469.18,4468.35,4468.9,160
2026-01-07 08:19:00,4468.89,4468.89,4467.93,4467.93,175
2026-01-07 08:20:00,4467.86,4468.9,4467.19,4468.9,171
2026-01-07 08:21:00,4468.88,4469.09,4468.22,4468.89,176
2026-01-07 08:22:00,4468.9,4469.47,4468.65,4469.15,120
2026-01-07 08:23:00,4469.15,4469.15,4467.8,4468.5,170
2026-01-07 08:24:00,4468.49,4469.78,4468.49,4469.74,113
2026-01-07 08:25:00,4469.67,4470.03,4468.95,4470.03,122
2026-01-07 08:26:00,4469.97,4469.99,4467.76,4468.13,162
2026-01-07 08:27:00,4468.03,4469.18,4467.37,4469.13,188
2026-01-07 08:28:00,4469.08,4470.21,4469.02,4469.25,172
2026-01-07 08:29:00,4469.29,4469.73,4468.66,4468.66,158
2026-01-07 08:30:00,4468.69,4469.16,4465.79,4465.8,355
2026-01-07 08:31:00,4465.79,4466.08,4462.34,4462.68,349
2026-01-07 08:32:00,4462.67,4463.28,4460.51,4460.51,332
2026-01-07 08:33:00,4460.21,4461.68,4458.47,4458.73,336
2026-01-07 08:34:00,4458.63,4458.66,4453.03,4453.82,316
2026-01-07 08:35:00,4454.01,4454.84,4451.68,4454.81,317
2026-01-07 08:36:00,4454.98,4456.87,4454.81,4455.51,314
2026-01-07 08:37:00,4455.58,4456.78,4454.39,4454.79,278
2026-01-07 08:38:00,4454.76,4455.41,4451.87,4452.53,292
2026-01-07 08:39:00,4452.48,4454.03,4451.67,4453.17,309
2026-01-07 08:40:00,4452.87,4453.86,4452.01,4453.2,321
2026-01-07 08:41:00,4453.24,4453.56,4451.19,4452.17,334
2026-01-07 08:42:00,4452.16,4453.83,4451.32,4452.95,337
2026-01-07 08:43:00,4452.94,4454.04,4448.79,4450.59,331
2026-01-07 08:44:00,4450.55,4452.89,4448.94,4452.43,346
2026-01-07 08:45:00,4452.45,4452.45,4445.53,4446.04,330
2026-01-07 08:46:00,4446.11,4450.07,4445.77,4446.65,331
2026-01-07 08:47:00,4446.78,4447.75,4444.73,4444.76,327
2026-01-07 08:48:00,4444.66,4447.02,4443.47,4444.57,335
2026-01-07 08:49:00,4444.75,4448.59,4444.75,4448.01,305
2026-01-07 08:50:00,4448.04,4449.86,4447.74,4447.77,307
2026-01-07 08:51:00,4447.59,4449.4,4447.47,4449.0,275
2026-01-07 08:52:00,4448.94,4449.0,4446.32,4447.49,312
2026-01-07 08:53:00,4447.58,4449.12,4446.49,4448.7,327
2026-01-07 08:54:00,4448.77,4448.87,4446.63,4447.73,276
2026-01-07 08:55:00,4447.35,4448.59,4446.35,4447.31,312
2026-01-07 08:56:00,4447.28,4451.62,4447.26,4451.62,313
2026-01-07 08:57:00,4451.81,4453.19,4451.48,4452.93,235
2026-01-07 08:58:00,4453.14,4454.09,4452.2,4452.64,280
2026-01-07 08:59:00,4452.68,4454.51,4452.36,4454.3,233
2026-01-07 09:00:00,4454.28,4456.59,4453.79,4454.86,306
2026-01-07 09:01:00,4454.81,4456.46,4453.02,4453.02,297
2026-01-07 09:02:00,4453.05,4454.21,4453.05,4453.73,217
2026-01-07 09:03:00,4453.71,4455.78,4453.54,4455.69,256
2026-01-07 09:04:00,4455.74,4456.92,4455.15,4456.69,235
2026-01-07 09:05:00,4456.54,4457.41,4456.41,4457.3,229
2026-01-07 09:06:00,4457.29,4457.89,4456.78,4457.65,230
2026-01-07 09:07:00,4457.59,4457.6,4456.3,4456.94,228
2026-01-07 09:08:00,4456.93,4457.4,4456.47,4457.14,238
2026-01-07 09:09:00,4457.32,4458.97,4457.32,4457.62,278
2026-01-07 09:10:00,4457.83,4458.26,4456.74,4456.84,270
2026-01-07 09:11:00,4456.79,4456.79,4455.1,4455.86,272
2026-01-07 09:12:00,4455.31,4457.49,4455.31,4457.49,228
2026-01-07 09:13:00,4457.49,4458.82,4457.49,4457.94,263
2026-01-07 09:14:00,4458.03,4458.87,4456.06,4456.11,254
2026-01-07 09:15:00,4456.09,4458.22,4456.06,4456.94,269
2026-01-07 09:16:00,4456.88,4458.73,4456.6,4458.5,249
2026-01-07 09:17:00,4458.48,4459.78,4458.48,4459.62,305
2026-01-07 09:18:00,4459.75,4459.93,4458.97,4458.97,270
2026-01-07 09:19:00,4459.1,4459.71,4458.31,4458.9,264
2026-01-07 09:20:00,4459.38,4460.11,4458.57,4458.62,245
2026-01-07 09:21:00,4458.71,4460.13,4458.58,4459.12,196
2026-01-07 09:22:00,4458.86,4459.18,4458.16,4458.23,244
2026-01-07 09:23:00,4458.24,4458.87,4457.58,4457.67,242
2026-01-07 09:24:00,4457.55,4457.55,4454.56,4455.07,262
2026-01-07 09:25:00,4455.44,4456.15,4453.35,4453.35,274
2026-01-07 09:26:00,4453.38,4454.49,4452.65,4452.65,231
2026-01-07 09:27:00,4452.64,4454.56,4452.19,4453.63,264
2026-01-07 09:28:00,4453.69,4454.92,4453.21,4454.0,190
2026-01-07 09:29:00,4453.98,4456.3,4453.98,4454.87,205
2026-01-07 09:30:00,4454.86,4455.35,4453.76,4454.46,230
2026-01-07 09:31:00,4454.41,4455.33,4453.67,4453.96,258
2026-01-07 09:32:00,4454.01,4454.24,4451.42,4451.5,269
2026-01-07 09:33:00,4451.48,4451.5,4449.34,4449.84,290
2026-01-07 09:34:00,4449.74,4451.14,4449.16,4451.14,248
2026-01-07 09:35:00,4451.06,4451.07,4448.16,4448.65,289
2026-01-07 09:36:00,4448.76,4448.78,4445.95,4446.01,301
2026-01-07 09:37:00,4446.09,4446.48,4443.69,4444.07,310
2026-01-07 09:38:00,4444.32,4446.8,4443.98,4446.35,276
2026-01-07 09:39:00,4446.27,4450.64,4446.26,4450.45,251
2026-01-07 09:40:00,4450.33,4451.37,4448.5,4450.55,269
2026-01-07 09:41:00,4450.81,4452.18,4450.37,4452.1,260
2026-01-07 09:42:00,4451.98,4451.98,4447.24,4447.35,287
2026-01-07 09:43:00,4447.45,4447.99,4446.37,4447.46,266
2026-01-07 09:44:00,4447.43,4447.44,4446.15,4446.64,297
2026-01-07 09:45:00,4446.57,4447.09,4444.25,4444.25,309
2026-01-07 09:46:00,4443.76,4446.77,4441.54,4446.77,321
2026-01-07 09:47:00,4446.79,4448.05,4446.11,4447.89,252
2026-01-07 09:48:00,4448.04,4448.32,4446.65,4447.6,226
2026-01-07 09:49:00,4447.6,4448.64,4446.04,4446.17,257
2026-01-07 09:50:00,4446.09,4448.4,4445.54,4448.4,278
2026-01-07 09:51:00,4448.34,4450.09,4447.06,4449.96,276
2026-01-07 09:52:00,4450.06,4450.83,4449.2,4449.76,266
2026-01-07 09:53:00,4449.64,4449.64,4447.73,4448.71,245
2026-01-07 09:54:00,4448.7,4449.19,4445.42,4446.22,258
2026-01-07 09:55:00,4446.24,4446.49,4444.28,4444.97,281
2026-01-07 09:56:00,4444.58,4444.82,4442.68,4443.72,252
2026-01-07 09:57:00,4443.65,4445.15,4442.91,4444.52,243
2026-01-07 09:58:00,4444.64,4445.22,4443.93,4444.22,242
2026-01-07 09:59:00,4444.26,4444.59,4443.19,4444.23,169
2026-01-07 10:00:00,4444.25,4444.69,4441.74,4444.69,226
2026-01-07 10:01:00,4444.74,4446.13,4443.52,4443.56,259
2026-01-07 10:02:00,4443.53,4445.57,4443.37,4445.14,220
2026-01-07 10:03:00,4445.24,4447.21,4444.77,4446.9,265
2026-01-07 10:04:00,4446.92,4447.91,4446.24,4447.67,223
2026-01-07 10:05:00,4447.65,4448.71,4447.22,4448.27,263
2026-01-07 10:06:00,4448.23,4449.1,4447.41,4447.9,238
2026-01-07 10:07:00,4448.05,4448.74,4447.5,4448.72,142
2026-01-07 10:08:00,4448.77,4449.37,4448.38,4449.2,171
2026-01-07 10:09:00,4449.14,4449.51,4448.81,4448.98,169
2026-01-07 10:10:00,4449.07,4450.19,4449.07,4449.54,177
2026-01-07 10:11:00,4449.43,4449.47,4448.12,4448.68,154
2026-01-07 10:12:00,4448.7,4449.67,4447.97,4449.67,184
2026-01-07 10:13:00,4449.75,4450.52,4449.47,4449.47,207
2026-01-07 10:14:00,4449.48,4450.97,4449.33,4450.28,195
2026-01-07 10:15:00,4450.29,4450.38,4449.13,4450.38,238
2026-01-07 10:16:00,4450.28,4450.69,4448.99,4449.28,153
2026-01-07 10:17:00,4449.35,4450.09,4448.37,4450.09,180
2026-01-07 10:18:00,4450.1,4450.53,4449.48,4450.34,183
2026-01-07 10:19:00,4450.42,4451.4,4449.84,4451.05,172
2026-01-07 10:20:00,4451.03,4452.37,4450.85,4451.91,221
2026-01-07 10:21:00,4451.95,4452.98,4451.92,4452.81,204
2026-01-07 10:22:00,4452.75,4452.92,4450.38,4450.93,233
2026-01-07 10:23:00,4450.92,4452.04,4450.92,4451.67,182
2026-01-07 10:24:00,4451.56,4451.77,4450.81,4451.7,172
2026-01-07 10:25:00,4451.92,4452.91,4451.91,4452.84,145
2026-01-07 10:26:00,4452.83,4454.88,4452.79,4454.87,208
2026-01-07 10:27:00,4454.88,4454.97,4454.07,4454.75,143
2026-01-07 10:28:00,4454.8,4454.84,4452.97,4453.28,141
2026-01-07 10:29:00,4453.06,4454.9,4453.06,4454.9,162
2026-01-07 10:30:00,4454.95,4456.0,4454.2,4454.22,207
2026-01-07 10:31:00,4454.17,4454.61,4453.64,4454.58,155
2026-01-07 10:32:00,4454.62,4455.4,4454.26,4455.02,133
2026-01-07 10:33:00,4455.15,4456.0,4454.91,4454.91,142
2026-01-07 10:34:00,4455.01,4455.65,4454.81,4455.47,131
2026-01-07 10:35:00,4455.45,4456.36,4454.99,4456.24,141
2026-01-07 10:36:00,4456.29,4458.82,4455.97,4458.51,183
2026-01-07 10:37:00,4458.71,4459.03,4458.19,4458.7,212
2026-01-07 10:38:00,4458.69,4459.92,4458.3,4459.62,192
2026-01-07 10:39:00,4459.49,4459.64,4457.91,4458.94,188
2026-01-07 10:40:00,4458.92,4459.88,4458.6,4458.77,210
2026-01-07 10:41:00,4459.14,4460.0,4458.86,4458.86,215
2026-01-07 10:42:00,4458.79,4459.57,4457.18,4457.23,264
2026-01-07 10:43:00,4456.9,4457.85,4456.67,4457.23,247
2026-01-07 10:44:00,4457.26,4458.97,4456.75,4458.92,200
2026-01-07 10:45:00,4458.81,4459.48,4458.59,4459.45,165
2026-01-07 10:46:00,4459.76,4463.08,4459.71,4462.74,269
2026-01-07 10:47:00,4462.8,4464.41,4462.33,4463.42,252
2026-01-07 10:48:00,4463.45,4464.33,4462.75,4463.35,218
2026-01-07 10:49:00,4463.19,4463.19,4461.96,4462.12,165
2026-01-07 10:50:00,4462.11,4465.17,4460.94,4461.33,210
2026-01-07 10:51:00,4461.38,4461.89,4460.4,4461.34,179
2026-01-07 10:52:00,4461.36,4461.64,4460.54,4460.65,183
2026-01-07 10:53:00,4460.64,4462.42,4460.55,4462.39,181
2026-01-07 10:54:00,4462.38,4463.87,4462.29,4463.44,143
2026-01-07 10:55:00,4463.36,4463.39,4462.67,4462.92,135
2026-01-07 10:56:00,4462.87,4463.22,4462.44,4462.46,125
2026-01-07 10:57:00,4462.17,4462.23,4461.29,4461.52,127
2026-01-07 10:58:00,4461.56,4462.33,4461.04,4461.72,114
2026-01-07 10:59:00,4461.67,4461.76,4461.07,4461.16,145
2026-01-07 11:00:00,4460.85,4461.95,4460.65,4461.7,178
2026-01-07 11:01:00,4461.59,4463.25,4461.58,4461.64,170
2026-01-07 11:02:00,4461.8,4462.77,4460.66,4461.19,161
2026-01-07 11:03:00,4461.09,4462.98,4460.88,4461.74,134
2026-01-07 11:04:00,4461.89,4463.61,4461.75,4463.4,153
2026-01-07 11:05:00,4463.41,4463.84,4461.92,4462.38,132
2026-01-07 11:06:00,4462.32,4462.38,4460.97,4460.97,173
2026-01-07 11:07:00,4461.01,4461.04,4459.38,4460.3,211
2026-01-07 11:08:00,4460.4,4464.25,4460.21,4464.05,169
2026-01-07 11:09:00,4464.0,4465.78,4463.57,4465.63,198
2026-01-07 11:10:00,4466.0,4466.35,4464.64,4465.82,167
2026-01-07 11:11:00,4465.7,4466.0,4465.01,4465.01,144
2026-01-07 11:12:00,4464.66,4465.34,4462.83,4463.64,206
2026-01-07 11:13:00,4463.7,4464.21,4463.51,4463.84,101
2026-01-07 11:14:00,4463.86,4466.09,4463.86,4465.82,193
2026-01-07 11:15:00,4466.01,4466.17,4464.96,4464.96,145
2026-01-07 11:16:00,4465.12,4465.5,4464.79,4465.24,135
2026-01-07 11:17:00,4465.19,4467.96,4465.19,4467.23,189
2026-01-07 11:18:00,4467.12,4467.48,4465.93,4466.47,188
2026-01-07 11:19:00,4466.7,4467.07,4466.06,4466.16,155
2026-01-07 11:20:00,4466.19,4466.28,4465.51,4465.99,132
2026-01-07 11:21:00,4466.19,4468.59,4466.16,4466.99,225
2026-01-07 11:22:00,4466.98,4467.36,4466.59,4466.73,143
2026-01-07 11:23:00,4466.61,4466.8,4465.63,4465.63,160
2026-01-07 11:24:00,4465.43,4467.17,4465.43,4466.5,184
2026-01-07 11:25:00,4466.41,4466.41,4463.76,4464.55,163
2026-01-07 11:26:00,4464.47,4465.32,4464.2,4464.3,164
2026-01-07 11:27:00,4464.31,4465.74,4464.06,4465.54,168
2026-01-07 11:28:00,4465.48,4466.14,4464.44,4465.42,149
2026-01-07 11:29:00,4465.38,4465.64,4464.52,4465.14,188
2026-01-07 11:30:00,4465.15,4465.79,4464.15,4465.01,227
2026-01-07 11:31:00,4465.0,4466.6,4465.0,4466.6,162
2026-01-07 11:32:00,4466.54,4467.01,4465.44,4466.77,198
2026-01-07 11:33:00,4466.71,4466.78,4465.8,4466.62,151
2026-01-07 11:34:00,4466.54,4467.79,4466.54,4467.19,154
2026-01-07 11:35:00,4467.02,4468.61,4466.37,4467.86,195
2026-01-07 11:36:00,4467.88,4469.9,4467.8,4469.41,182
2026-01-07 11:37:00,4469.4,4470.94,4468.63,4470.93,237
2026-01-07 11:38:00,4470.91,4470.91,4470.0,4470.42,186
2026-01-07 11:39:00,4470.66,4472.29,4470.66,4471.42,254
2026-01-07 11:40:00,4471.47,4471.79,4469.71,4471.64,235
2026-01-07 11:41:00,4471.47,4473.72,4471.47,4473.37,226
2026-01-07 11:42:00,4473.3,4474.56,4472.7,4472.8,254
2026-01-07 11:43:00,4472.79,4473.14,4469.99,4470.12,266
2026-01-07 11:44:00,4470.13,4470.13,4466.8,4466.83,247
2026-01-07 11:45:00,4466.75,4467.32,4465.63,4467.31,281
2026-01-07 11:46:00,4467.42,4468.84,4466.75,4468.34,223
2026-01-07 11:47:00,4468.31,4469.87,4468.29,4469.21,207
2026-01-07 11:48:00,4469.09,4469.76,4468.85,4469.5,176
2026-01-07 11:49:00,4469.7,4470.32,4468.71,4468.93,228
2026-01-07 11:50:00,4468.89,4469.77,4468.8,4469.75,180
2026-01-07 11:51:00,4469.85,4470.03,4469.49,4469.7,116
2026-01-07 11:52:00,4469.8,4470.35,4469.6,4470.17,114
2026-01-07 11:53:00,4470.68,4470.68,4468.58,4468.58,149
2026-01-07 11:54:00,4468.98,4469.18,4467.74,4468.46,182
2026-01-07 11:55:00,4468.5,4469.09,4468.39,4468.73,184
2026-01-07 11:56:00,4468.74,4469.09,4468.45,4468.67,166
2026-01-07 11:57:00,4468.75,4468.75,4466.94,4467.31,163
2026-01-07 11:58:00,4467.29,4469.37,4467.26,4468.86,242
2026-01-07 11:59:00,4468.82,4468.88,4467.87,4468.3,230
2026-01-07 12:00:00,4467.83,4468.43,4467.18,4467.18,230
2026-01-07 12:01:00,4467.34,4468.03,4466.4,4466.42,204
2026-01-07 12:02:00,4466.58,4466.75,4463.8,4464.27,278
2026-01-07 12:03:00,4464.31,4465.29,4463.99,4465.24,242
2026-01-07 12:04:00,4465.33,4465.91,4464.75,4465.24,205
2026-01-07 12:05:00,4465.17,4465.46,4464.04,4464.09,206
2026-01-07 12:06:00,4464.25,4464.67,4463.37,4463.5,210
2026-01-07 12:07:00,4463.6,4463.65,4460.55,4460.56,280
2026-01-07 12:08:00,4460.54,4461.43,4459.41,4461.32,256
2026-01-07 12:09:00,4461.29,4461.71,4460.21,4461.29,215
2026-01-07 12:10:00,4461.32,4464.63,4461.24,4464.63,279
2026-01-07 12:11:00,4464.58,4466.6,4463.95,4466.34,232
2026-01-07 12:12:00,4466.36,4466.46,4465.61,4465.79,176
2026-01-07 12:13:00,4465.74,4465.74,4464.47,4465.11,174
2026-01-07 12:14:00,4465.74,4466.48,4465.43,4465.81,137
2026-01-07 12:15:00,4465.87,4466.34,4464.15,4465.35,174
2026-01-07 12:16:00,4465.4,4466.62,4464.3,4466.17,158
2026-01-07 12:17:00,4466.38,4466.49,4464.98,4464.98,167
2026-01-07 12:18:00,4465.07,4465.32,4464.38,4464.93,147
2026-01-07 12:19:00,4465.1,4467.24,4464.58,4466.65,161
2026-01-07 12:20:00,4466.63,4466.63,4464.34,4464.58,204
2026-01-07 12:21:00,4464.6,4464.87,4462.73,4463.21,191
2026-01-07 12:22:00,4463.45,4463.87,4462.61,4462.92,160
2026-01-07 12:23:00,4462.93,4464.32,4462.43,4464.25,232
2026-01-07 12:24:00,4464.3,4464.65,4464.11,4464.13,168
2026-01-07 12:25:00,4464.04,4464.27,4463.01,4464.0,175
2026-01-07 12:26:00,4464.11,4464.9,4463.39,4464.9,161
2026-01-07 12:27:00,4465.12,4465.57,4463.9,4464.63,157
2026-01-07 12:28:00,4464.64,4464.85,4462.13,4462.15,167
2026-01-07 12:29:00,4462.33,4462.76,4461.9,4462.28,152
2026-01-07 12:30:00,4461.98,4463.39,4461.51,4463.18,211
2026-01-07 12:31:00,4463.19,4463.57,4461.66,4462.25,159
2026-01-07 12:32:00,4462.33,4462.82,4461.95,4462.73,127
2026-01-07 12:33:00,4462.79,4463.93,4462.79,4462.93,116
2026-01-07 12:34:00,4463.04,4463.39,4462.94,4462.99,80
2026-01-07 12:35:00,4462.94,4463.83,4462.93,4463.5,170
2026-01-07 12:36:00,4463.55,4464.48,4463.12,4464.36,128
2026-01-07 12:37:00,4464.41,4464.42,4463.69,4464.15,112
2026-01-07 12:38:00,4464.05,4464.27,4462.83,4463.2,110
2026-01-07 12:39:00,4463.1,4463.1,4462.48,4462.83,104
2026-01-07 12:40:00,4462.65,4463.9,4462.21,4462.21,126
2026-01-07 12:41:00,4462.2,4462.2,4461.62,4462.07,94
2026-01-07 12:42:00,4461.95,4462.19,4461.34,4461.49,105
2026-01-07 12:43:00,4461.66,4462.0,4461.01,4461.68,129
2026-01-07 12:44:00,4461.73,4462.52,4461.53,4461.54,119
2026-01-07 12:45:00,4461.5,4461.56,4460.91,4461.07,104
2026-01-07 12:46:00,4461.03,4462.01,4460.09,4461.88,162
2026-01-07 12:47:00,4461.93,4463.06,4461.93,4463.06,151
2026-01-07 12:48:00,4463.38,4464.02,4462.68,4463.56,145
2026-01-07 12:49:00,4463.84,4465.22,4463.84,4464.19,170
2026-01-07 12:50:00,4464.1,4464.1,4462.09,4462.6,163
2026-01-07 12:51:00,4462.76,4463.11,4462.3,4463.07,146
2026-01-07 12:52:00,4463.08,4463.17,4462.34,4462.53,124
2026-01-07 12:53:00,4462.58,4463.93,4462.5,4463.93,116
2026-01-07 12:54:00,4463.92,4465.46,4463.92,4465.35,196
2026-01-07 12:55:00,4465.33,4465.6,4464.49,4464.91,162
2026-01-07 12:56:00,4464.89,4465.01,4464.55,4464.81,119
2026-01-07 12:57:00,4464.97,4465.35,4464.49,4464.74,173
2026-01-07 12:58:00,4464.73,4465.21,4463.75,4463.75,110
2026-01-07 12:59:00,4463.76,4463.97,4462.83,4463.43,144
2026-01-07 13:00:00,4463.04,4463.04,4461.65,4461.73,125
2026-01-07 13:01:00,4461.76,4462.62,4461.45,4462.62,88
2026-01-07 13:02:00,4462.48,4462.99,4461.69,4461.81,123
2026-01-07 13:03:00,4461.81,4463.53,4461.66,4462.98,187
2026-01-07 13:04:00,4463.46,4464.02,4463.3,4463.63,154
2026-01-07 13:05:00,4463.77,4464.1,4463.07,4463.44,159
2026-01-07 13:06:00,4463.66,4464.77,4463.52,4464.62,159
2026-01-07 13:07:00,4464.63,4464.96,4463.34,4464.82,193
2026-01-07 13:08:00,4465.39,4465.56,4464.35,4464.37,171
2026-01-07 13:09:00,4464.33,4464.44,4462.73,4463.36,144
2026-01-07 13:10:00,4463.33,4463.95,4463.31,4463.6,110
2026-01-07 13:11:00,4463.25,4463.32,4462.32,4462.66,144
2026-01-07 13:12:00,4462.43,4463.58,4462.43,4463.28,165
2026-01-07 13:13:00,4463.28,4464.42,4463.26,4464.18,151
2026-01-07 13:14:00,4464.62,4465.12,4464.55,4464.77,170
2026-01-07 13:15:00,4464.82,4466.63,4464.79,4465.96,219
2026-01-07 13:16:00,4465.96,4466.32,4465.18,4465.21,146
2026-01-07 13:17:00,4465.24,4465.94,4464.99,4465.48,145
2026-01-07 13:18:00,4465.52,4465.52,4464.8,4464.86,135
2026-01-07 13:19:00,4464.89,4465.58,4464.8,4465.05,133
2026-01-07 13:20:00,4465.06,4465.65,4464.66,4464.94,187
2026-01-07 13:21:00,4464.9,4465.16,4464.35,4464.55,154
2026-01-07 13:22:00,4464.58,4464.77,4464.18,4464.66,170
2026-01-07 13:23:00,4464.67,4465.23,4464.61,4465.06,116
2026-01-07 13:24:00,4464.68,4464.74,4463.45,4464.45,133
2026-01-07 13:25:00,4464.42,4464.81,4462.68,4462.96,170
2026-01-07 13:26:00,4462.98,4463.02,4460.95,4461.13,164
2026-01-07 13:27:00,4461.2,4461.26,4460.08,4460.52,199
2026-01-07 13:28:00,4460.5,4461.52,4459.68,4461.08,204
2026-01-07 13:29:00,4460.8,4460.8,4459.05,4459.87,243
2026-01-07 13:30:00,4459.86,4461.36,4459.01,4459.65,236
2026-01-07 13:31:00,4459.66,4460.67,4459.19,4460.56,228
2026-01-07 13:32:00,4460.36,4461.53,4460.19,4461.22,184
2026-01-07 13:33:00,4461.24,4463.42,4461.19,4463.28,176
2026-01-07 13:34:00,4463.31,4464.48,4463.31,4463.63,170
2026-01-07 13:35:00,4463.96,4464.81,4463.5,4464.29,164
2026-01-07 13:36:00,4463.93,4464.52,4463.86,4464.52,112
2026-01-07 13:37:00,4464.76,4464.97,4464.46,4464.96,152
2026-01-07 13:38:00,4464.78,4465.65,4464.23,4465.17,136
2026-01-07 13:39:00,4465.12,4465.34,4464.61,4464.67,128
2026-01-07 13:40:00,4464.69,4466.04,4464.69,4466.04,112
2026-01-07 13:41:00,4466.06,4467.28,4465.59,4465.6,231
2026-01-07 13:42:00,4465.52,4465.61,4464.82,4465.16,136
2026-01-07 13:43:00,4465.06,4466.15,4464.76,4465.18,142
2026-01-07 13:44:00,4465.31,4466.27,4465.25,4466.06,98
2026-01-07 13:45:00,4465.96,4466.77,4465.75,4466.77,96
2026-01-07 13:46:00,4466.82,4467.72,4466.82,4467.19,159
2026-01-07 13:47:00,4467.34,4467.64,4467.01,4467.44,112
2026-01-07 13:48:00,4467.55,4467.64,4466.63,4466.69,95
2026-01-07 13:49:00,4466.65,4466.82,4466.15,4466.39,118
2026-01-07 13:50:00,4466.31,4466.93,4466.11,4466.85,149
2026-01-07 13:51:00,4466.87,4467.16,4466.38,4466.47,110
2026-01-07 13:52:00,4466.5,4466.54,4465.68,4466.08,104
2026-01-07 13:53:00,4466.06,4466.12,4465.29,4465.72,106
2026-01-07 13:54:00,4465.67,4465.74,4464.93,4464.93,126
2026-01-07 13:55:00,4464.98,4465.04,4464.19,4464.57,145
2026-01-07 13:56:00,4464.52,4465.07,4464.29,4464.73,124
2026-01-07 13:57:00,4464.74,4465.06,4463.9,4463.94,137
2026-01-07 13:58:00,4464.0,4464.79,4463.82,4463.82,171
2026-01-07 13:59:00,4463.87,4464.46,4463.77,4464.46,125
2026-01-07 14:00:00,4464.45,4464.51,4463.65,4463.76,131
2026-01-07 14:01:00,4463.74,4463.78,4462.59,4462.7,152
2026-01-07 14:02:00,4462.58,4462.9,4461.87,4462.85,159
2026-01-07 14:03:00,4463.33,4464.55,4463.29,4464.5,205
2026-01-07 14:04:00,4464.53,4464.87,4463.82,4464.12,140
2026-01-07 14:05:00,4464.07,4464.33,4463.14,4463.76,135
2026-01-07 14:06:00,4463.8,4463.83,4462.96,4462.97,143
2026-01-07 14:07:00,4462.91,4462.92,4461.12,4462.86,175
2026-01-07 14:08:00,4463.06,4463.12,4461.82,4462.05,166
2026-01-07 14:09:00,4462.37,4462.69,4462.02,4462.32,105
2026-01-07 14:10:00,4462.35,4463.21,4461.73,4461.92,125
2026-01-07 14:11:00,4461.88,4462.55,4461.48,4461.88,152
2026-01-07 14:12:00,4461.87,4462.91,4461.51,4462.45,136
2026-01-07 14:13:00,4462.44,4462.59,4461.25,4462.47,152
2026-01-07 14:14:00,4462.37,4462.44,4461.69,4461.69,105
2026-01-07 14:15:00,4461.63,4461.63,4460.52,4460.95,142
2026-01-07 14:16:00,4461.0,4462.66,4460.44,4462.66,170
2026-01-07 14:17:00,4462.71,4462.79,4462.21,4462.76,93
2026-01-07 14:18:00,4462.77,4463.75,4462.77,4463.3,161
2026-01-07 14:19:00,4463.28,4464.25,4462.5,4462.64,116
2026-01-07 14:20:00,4462.78,4462.82,4461.58,4462.29,134
2026-01-07 14:21:00,4462.24,4462.54,4461.07,4461.19,138
2026-01-07 14:22:00,4461.1,4461.41,4460.78,4460.93,80
2026-01-07 14:23:00,4461.03,4461.06,4460.11,4460.27,124
2026-01-07 14:24:00,4460.22,4460.71,4459.51,4459.61,156
2026-01-07 14:25:00,4459.68,4459.8,4457.65,4457.65,139
2026-01-07 14:26:00,4457.54,4457.9,4455.38,4457.58,258
2026-01-07 14:27:00,4457.61,4459.0,4457.59,4458.98,173
2026-01-07 14:28:00,4458.73,4460.17,4458.73,4459.2,223
2026-01-07 14:29:00,4459.21,4459.53,4458.92,4459.06,149
2026-01-07 14:30:00,4459.17,4460.06,4458.49,4458.49,146
2026-01-07 14:31:00,4458.9,4458.95,4458.09,4458.23,100
2026-01-07 14:32:00,4458.88,4458.92,4457.4,4457.89,121
2026-01-07 14:33:00,4457.89,4458.0,4456.29,4456.4,120
2026-01-07 14:34:00,4456.4,4457.17,4454.97,4455.12,194
2026-01-07 14:35:00,4455.17,4455.73,4454.21,4454.48,223
2026-01-07 14:36:00,4454.23,4454.33,4452.14,4453.56,255
2026-01-07 14:37:00,4453.66,4454.73,4453.29,4454.71,156
2026-01-07 14:38:00,4454.84,4454.84,4452.77,4453.11,164
2026-01-07 14:39:00,4453.16,4453.21,4450.76,4451.62,202
2026-01-07 14:40:00,4451.67,4453.77,4451.6,4453.77,176
2026-01-07 14:41:00,4453.78,4454.17,4453.09,4453.39,106
2026-01-07 14:42:00,4453.3,4453.3,4451.84,4452.32,120
2026-01-07 14:43:00,4452.31,4452.73,4451.33,4451.81,105
2026-01-07 14:44:00,4451.71,4451.82,4450.53,4450.53,147
2026-01-07 14:45:00,4450.64,4452.04,4450.02,4451.58,201
2026-01-07 14:46:00,4451.59,4451.95,4449.89,4449.98,200
2026-01-07 14:47:00,4450.04,4451.9,4449.37,4451.61,213
2026-01-07 14:48:00,4451.3,4452.34,4450.96,4451.9,209
2026-01-07 14:49:00,4451.93,4452.0,4449.76,4450.61,228
2026-01-07 14:50:00,4450.52,4452.12,4450.29,4451.69,198
2026-01-07 14:51:00,4451.68,4452.44,4451.48,4451.56,228
2026-01-07 14:52:00,4451.51,4452.42,4451.35,4451.86,152
2026-01-07 14:53:00,4452.02,4452.04,4449.42,4450.54,236
2026-01-07 14:54:00,4450.58,4454.64,4450.57,4454.02,254
2026-01-07 14:55:00,4454.01,4454.02,4452.22,4452.28,174
2026-01-07 14:56:00,4452.27,4452.62,4450.32,4451.34,243
2026-01-07 14:57:00,4451.54,4452.21,4451.39,4451.53,144
2026-01-07 14:58:00,4451.91,4452.07,4447.66,4447.92,259
2026-01-07 14:59:00,4447.94,4447.96,4446.5,4447.41,304
2026-01-07 15:00:00,4447.9,4450.23,4447.7,4450.23,180
2026-01-07 15:01:00,4450.08,4450.1,4449.19,4449.57,216
2026-01-07 15:02:00,4449.58,4449.58,4448.3,4448.52,220
2026-01-07 15:03:00,4448.56,4448.57,4446.19,4446.68,272
2026-01-07 15:04:00,4446.72,4448.77,4445.99,4448.35,269
2026-01-07 15:05:00,4448.37,4449.14,4447.42,4448.83,266
2026-01-07 15:06:00,4448.82,4448.99,4447.48,4447.66,234
2026-01-07 15:07:00,4448.01,4449.08,4447.11,4448.05,232
2026-01-07 15:08:00,4447.98,4448.86,4445.7,4445.8,246
2026-01-07 15:09:00,4445.81,4446.87,4445.33,4446.26,251
2026-01-07 15:10:00,4446.25,4446.41,4445.07,4445.38,262
2026-01-07 15:11:00,4445.37,4445.37,4444.55,4445.04,180
2026-01-07 15:12:00,4445.15,4445.35,4444.11,4445.05,175
2026-01-07 15:13:00,4444.99,4445.0,4443.57,4444.08,219
2026-01-07 15:14:00,4444.17,4446.4,4443.61,4445.72,211
2026-01-07 15:15:00,4445.66,4448.13,4445.38,4447.85,231
2026-01-07 15:16:00,4447.86,4448.06,4446.29,4446.33,260
2026-01-07 15:17:00,4446.39,4447.56,4445.17,4446.55,214
2026-01-07 15:18:00,4446.54,4446.54,4441.03,4441.86,249
2026-01-07 15:19:00,4442.04,4442.95,4440.4,4442.14,247
2026-01-07 15:20:00,4442.46,4443.1,4439.5,4442.79,257
2026-01-07 15:21:00,4442.97,4446.67,4442.27,4446.67,257
2026-01-07 15:22:00,4446.69,4447.16,4445.27,4446.51,236
2026-01-07 15:23:00,4446.53,4447.25,4446.21,4446.88,207
2026-01-07 15:24:00,4446.75,4447.81,4446.75,4447.47,211
2026-01-07 15:25:00,4447.4,4447.96,4443.8,4444.21,303
2026-01-07 15:26:00,4444.35,4447.35,4444.22,4447.22,280
2026-01-07 15:27:00,4447.26,4448.24,4446.53,4447.88,286
2026-01-07 15:28:00,4448.05,4449.42,4447.79,4449.29,263
2026-01-07 15:29:00,4449.24,4450.5,4448.57,4450.13,276
2026-01-07 15:30:00,4449.97,4452.55,4449.4,4452.01,298
2026-01-07 15:31:00,4452.0,4453.34,4451.43,4452.14,284
2026-01-07 15:32:00,4452.1,4454.42,4451.88,4454.35,250
2026-01-07 15:33:00,4454.4,4454.63,4453.62,4454.11,248
2026-01-07 15:34:00,4454.23,4454.34,4452.64,4453.38,240
2026-01-07 15:35:00,4453.36,4454.81,4453.16,4454.77,231
2026-01-07 15:36:00,4454.7,4454.81,4453.55,4454.73,187
2026-01-07 15:37:00,4454.69,4455.06,4453.72,4453.72,191
2026-01-07 15:38:00,4453.71,4453.93,4453.4,4453.75,192
2026-01-07 15:39:00,4453.7,4454.39,4451.48,4451.6,249
2026-01-07 15:40:00,4451.62,4452.71,4450.3,4450.46,226
2026-01-07 15:41:00,4450.39,4453.21,4450.34,4453.15,225
2026-01-07 15:42:00,4453.55,4454.03,4452.86,4452.86,164
2026-01-07 15:43:00,4452.81,4452.81,4451.11,4451.7,190
2026-01-07 15:44:00,4451.69,4451.74,4449.98,4449.98,192
2026-01-07 15:45:00,4450.12,4452.1,4449.49,4452.02,233
2026-01-07 15:46:00,4452.12,4453.59,4451.83,4453.48,233
2026-01-07 15:47:00,4453.55,4453.65,4451.91,4453.26,247
2026-01-07 15:48:00,4453.22,4453.83,4453.22,4453.55,166
2026-01-07 15:49:00,4453.57,4453.57,4453.01,4453.38,184
2026-01-07 15:50:00,4453.36,4453.83,4451.98,4452.24,224
2026-01-07 15:51:00,4452.26,4453.53,4452.26,4453.53,204
2026-01-07 15:52:00,4453.46,4453.46,4451.86,4452.4,150
2026-01-07 15:53:00,4452.19,4452.19,4448.86,4448.94,249
2026-01-07 15:54:00,4448.96,4449.52,4448.46,4448.47,183
2026-01-07 15:55:00,4448.46,4448.81,4447.9,4448.15,220
2026-01-07 15:56:00,4448.02,4448.47,4446.93,4446.93,263
2026-01-07 15:57:00,4446.9,4447.69,4446.45,4446.98,210
2026-01-07 15:58:00,4446.95,4448.65,4446.64,4447.0,228
2026-01-07 15:59:00,4446.99,4446.99,4444.97,4445.02,279
2026-01-07 16:00:00,4444.99,4448.3,4443.53,4447.02,347
2026-01-07 16:01:00,4447.04,4448.83,4446.07,4447.53,337
2026-01-07 16:02:00,4447.72,4448.89,4446.81,4448.65,313
2026-01-07 16:03:00,4448.72,4449.84,4447.62,4447.63,295
2026-01-07 16:04:00,4447.55,4448.13,4445.04,4445.55,325
2026-01-07 16:05:00,4445.52,4446.66,4444.96,4445.32,319
2026-01-07 16:06:00,4445.34,4445.39,4438.32,4438.98,359
2026-01-07 16:07:00,4439.18,4440.02,4438.05,4439.04,349
2026-01-07 16:08:00,4439.13,4439.35,4432.95,4432.95,351
2026-01-07 16:09:00,4432.71,4435.67,4429.11,4429.75,354
2026-01-07 16:10:00,4429.79,4434.3,4427.95,4433.62,346
2026-01-07 16:11:00,4433.86,4436.13,4430.24,4430.9,349
2026-01-07 16:12:00,4430.98,4432.04,4429.96,4431.66,316
2026-01-07 16:13:00,4431.79,4433.57,4429.98,4432.32,302
2026-01-07 16:14:00,4432.26,4434.08,4432.09,4433.44,261
2026-01-07 16:15:00,4433.18,4438.58,4432.23,4438.3,297
2026-01-07 16:16:00,4437.95,4438.89,4436.13,4437.49,320
2026-01-07 16:17:00,4437.54,4438.15,4431.83,4433.72,327
2026-01-07 16:18:00,4433.55,4435.32,4430.33,4434.81,340
2026-01-07 16:19:00,4435.11,4436.16,4433.78,4433.92,286
2026-01-07 16:20:00,4433.89,4437.01,4432.59,4435.92,333
2026-01-07 16:21:00,4435.78,4437.89,4435.31,4437.68,320
2026-01-07 16:22:00,4437.67,4438.22,4436.81,4437.35,289
2026-01-07 16:23:00,4437.14,4442.83,4436.9,4442.65,309
2026-01-07 16:24:00,4442.61,4443.37,4441.4,4442.2,306
2026-01-07 16:25:00,4442.31,4443.66,4440.78,4442.12,312
2026-01-07 16:26:00,4442.03,4443.96,4442.03,4443.32,310
2026-01-07 16:27:00,4443.64,4446.59,4443.22,4446.58,307
2026-01-07 16:28:00,4446.52,4447.12,4444.67,4444.95,327
2026-01-07 16:29:00,4444.96,4444.96,4441.61,4442.0,344
2026-01-07 16:30:00,4441.84,4445.75,4441.78,4444.77,337
2026-01-07 16:31:00,4444.64,4446.06,4443.2,4443.72,329
2026-01-07 16:32:00,4443.64,4446.69,4443.13,4443.48,329
2026-01-07 16:33:00,4443.53,4443.53,4441.44,4442.33,337
2026-01-07 16:34:00,4441.7,4445.1,4440.92,4443.29,331
2026-01-07 16:35:00,4443.37,4444.37,4440.26,4440.66,338
2026-01-07 16:36:00,4440.99,4444.24,4440.77,4444.04,323
2026-01-07 16:37:00,4444.1,4444.15,4439.34,4439.37,345
2026-01-07 16:38:00,4439.28,4441.44,4438.13,4441.32,338
2026-01-07 16:39:00,4441.27,4444.0,4441.13,4443.43,317
2026-01-07 16:40:00,4443.44,4445.57,4441.15,4445.23,344
2026-01-07 16:41:00,4445.17,4446.78,4443.77,4446.65,319
2026-01-07 16:42:00,4446.57,4449.55,4446.4,4449.38,305
2026-01-07 16:43:00,4449.34,4450.63,4448.94,4449.31,293
2026-01-07 16:44:00,4449.34,4449.4,4445.05,4445.4,284
2026-01-07 16:45:00,4446.13,4447.24,4444.81,4447.24,305
2026-01-07 16:46:00,4447.23,4448.18,4445.89,4446.13,288
2026-01-07 16:47:00,4446.04,4446.87,4444.79,4446.5,268
2026-01-07 16:48:00,4447.35,4449.07,4447.35,4448.12,243
2026-01-07 16:49:00,4448.32,4449.92,4447.13,4447.17,217
2026-01-07 16:50:00,4446.82,4448.1,4446.1,4447.8,290
2026-01-07 16:51:00,4447.84,4450.38,4447.42,4449.71,291
2026-01-07 16:52:00,4449.64,4450.75,4449.27,4450.6,279
2026-01-07 16:53:00,4450.73,4452.13,4449.96,4450.0,310
2026-01-07 16:54:00,4450.02,4450.73,4448.54,4448.86,302
2026-01-07 16:55:00,4448.81,4450.43,4447.1,4447.4,315
2026-01-07 16:56:00,4447.44,4452.74,4447.39,4452.46,310
2026-01-07 16:57:00,4452.45,4453.0,4451.15,4452.91,267
2026-01-07 16:58:00,4452.94,4453.04,4451.85,4452.38,294
2026-01-07 16:59:00,4452.69,4453.07,4452.11,4452.88,284
2026-01-07 17:00:00,4452.6,4453.41,4450.0,4452.17,294
2026-01-07 17:01:00,4451.99,4452.79,4450.33,4452.53,301
2026-01-07 17:02:00,4452.73,4453.54,4450.65,4451.17,307
2026-01-07 17:03:00,4451.32,4454.03,4450.85,4453.95,289
2026-01-07 17:04:00,4454.05,4454.06,4452.23,4452.71,307
2026-01-07 17:05:00,4452.56,4452.56,4450.9,4452.04,276
2026-01-07 17:06:00,4452.02,4452.82,4449.62,4450.93,323
2026-01-07 17:07:00,4451.02,4453.48,4450.44,4453.13,319
2026-01-07 17:08:00,4453.0,4453.82,4451.08,4451.08,316
2026-01-07 17:09:00,4451.04,4451.37,4448.51,4449.08,326
2026-01-07 17:10:00,4448.82,4450.65,4448.19,4449.17,316
2026-01-07 17:11:00,4449.25,4450.52,4449.0,4449.26,291
2026-01-07 17:12:00,4449.11,4450.14,4448.45,4449.97,259
2026-01-07 17:13:00,4450.04,4451.64,4449.13,4449.43,295
2026-01-07 17:14:00,4449.5,4449.91,4447.25,4447.3,310
2026-01-07 17:15:00,4447.08,4452.97,4446.89,4452.91,327
2026-01-07 17:16:00,4453.19,4453.55,4448.59,4448.59,294
2026-01-07 17:17:00,4448.55,4450.18,4448.22,4449.18,314
2026-01-07 17:18:00,4449.28,4450.57,4448.28,4450.1,258
2026-01-07 17:19:00,4450.43,4451.19,4449.92,4449.92,260
2026-01-07 17:20:00,4449.33,4449.46,4446.03,4446.15,270
2026-01-07 17:21:00,4446.13,4446.94,4443.81,4443.99,260
2026-01-07 17:22:00,4443.98,4445.55,4443.38,4445.36,312
2026-01-07 17:23:00,4445.21,4446.3,4443.27,4445.52,303
2026-01-07 17:24:00,4445.41,4448.09,4444.47,4445.47,335
2026-01-07 17:25:00,4445.3,4446.3,4443.68,4443.68,288
2026-01-07 17:26:00,4443.47,4445.2,4443.22,4444.77,284
2026-01-07 17:27:00,4444.82,4444.82,4442.89,4443.08,268
2026-01-07 17:28:00,4443.03,4445.96,4442.77,4445.96,260
2026-01-07 17:29:00,4445.94,4446.22,4444.41,4444.77,291
2026-01-07 17:30:00,4444.74,4449.81,4441.02,4449.81,348
2026-01-07 17:31:00,4449.84,4450.31,4447.21,4448.38,348
2026-01-07 17:32:00,4448.26,4448.59,4443.79,4444.77,352
2026-01-07 17:33:00,4444.73,4449.41,4444.48,4449.4,348
2026-01-07 17:34:00,4449.19,4449.85,4447.39,4449.47,324
2026-01-07 17:35:00,4449.44,4452.23,4449.14,4450.38,326
2026-01-07 17:36:00,4450.43,4450.46,4442.15,4442.25,344
2026-01-07 17:37:00,4442.0,4442.03,4436.96,4438.33,355
2026-01-07 17:38:00,4438.4,4439.37,4435.67,4439.37,337
2026-01-07 17:39:00,4439.19,4443.44,4438.13,4441.17,327
2026-01-07 17:40:00,4441.1,4443.56,4440.45,4442.21,340
2026-01-07 17:41:00,4442.26,4445.78,4442.26,4443.21,334
2026-01-07 17:42:00,4442.89,4442.97,4439.72,4439.72,347
2026-01-07 17:43:00,4439.85,4445.75,4439.85,4445.75,344
2026-01-07 17:44:00,4445.58,4445.9,4443.57,4444.26,336
2026-01-07 17:45:00,4444.22,4447.26,4441.25,4441.3,344
2026-01-07 17:46:00,4441.29,4445.01,4441.26,4444.55,332
2026-01-07 17:47:00,4444.97,4447.21,4442.17,4443.37,346
2026-01-07 17:48:00,4443.29,4443.61,4440.81,4443.45,320
2026-01-07 17:49:00,4443.4,4445.17,4442.13,4442.83,339
2026-01-07 17:50:00,4442.88,4444.11,4440.88,4442.03,342
2026-01-07 17:51:00,4442.21,4443.65,4441.39,4443.59,336
2026-01-07 17:52:00,4443.71,4449.57,4443.69,4449.32,331
2026-01-07 17:53:00,4449.49,4450.04,4446.73,4447.64,333
2026-01-07 17:54:00,4447.41,4448.82,4446.37,4446.66,326
2026-01-07 17:55:00,4446.7,4451.45,4446.14,4451.21,326
2026-01-07 17:56:00,4451.18,4453.07,4450.76,4451.02,339
2026-01-07 17:57:00,4451.05,4452.16,4449.17,4449.2,303
2026-01-07 17:58:00,4449.23,4449.81,4445.84,4445.9,289
2026-01-07 17:59:00,4445.97,4446.11,4444.82,4445.45,225
2026-01-07 18:00:00,4441.9,4443.95,4439.68,4439.83,342
2026-01-07 18:01:00,4439.79,4442.74,4438.86,4440.93,343
2026-01-07 18:02:00,4440.92,4441.22,4438.1,4438.36,332
2026-01-07 18:03:00,4438.33,4441.96,4438.17,4441.8,338
2026-01-07 18:04:00,4441.71,4443.08,4440.03,4441.42,336
2026-01-07 18:05:00,4441.7,4444.23,4440.14,4443.54,340
2026-01-07 18:06:00,4443.38,4444.58,4441.47,4443.87,312
2026-01-07 18:07:00,4443.86,4444.35,4440.0,4440.1,332
2026-01-07 18:08:00,4439.97,4444.44,4439.97,4444.05,333
2026-01-07 18:09:00,4444.0,4444.54,4441.03,4441.57,328
2026-01-07 18:10:00,4441.71,4442.43,4436.76,4436.98,330
2026-01-07 18:11:00,4437.06,4437.4,4432.34,4432.94,326
2026-01-07 18:12:00,4432.92,4433.44,4430.66,4432.1,328
2026-01-07 18:13:00,4432.07,4433.94,4430.67,4433.0,349
2026-01-07 18:14:00,4432.93,4432.93,4426.62,4426.69,337
2026-01-07 18:15:00,4426.77,4430.0,4425.67,4428.22,342
2026-01-07 18:16:00,4428.15,4428.38,4424.14,4425.86,342
2026-01-07 18:17:00,4426.01,4428.08,4423.44,4423.55,359
2026-01-07 18:18:00,4423.48,4426.75,4423.46,4426.75,329
2026-01-07 18:19:00,4427.06,4427.2,4424.52,4424.69,314
2026-01-07 18:20:00,4424.78,4430.97,4424.67,4430.97,341
2026-01-07 18:21:00,4430.58,4431.84,4429.4,4431.41,319
2026-01-07 18:22:00,4431.51,4432.81,4429.76,4430.31,304
2026-01-07 18:23:00,4430.41,4431.77,4428.09,4431.77,286
2026-01-07 18:24:00,4431.67,4431.82,4430.14,4430.67,300
2026-01-07 18:25:00,4430.87,4434.89,4430.87,4434.86,316
2026-01-07 18:26:00,4434.84,4435.54,4433.82,4434.34,296
2026-01-07 18:27:00,4434.43,4437.79,4434.43,4437.79,289
2026-01-07 18:28:00,4437.81,4438.88,4437.32,4438.79,302
2026-01-07 18:29:00,4438.89,4442.37,4438.32,4441.99,302
2026-01-07 18:30:00,4442.3,4444.47,4442.21,4444.27,314
2026-01-07 18:31:00,4444.35,4448.17,4444.26,4445.84,324
2026-01-07 18:32:00,4445.76,4449.87,4445.66,4449.84,347
2026-01-07 18:33:00,4449.91,4450.02,4447.71,4448.47,337
2026-01-07 18:34:00,4448.39,4449.58,4447.06,4448.74,343
2026-01-07 18:35:00,4448.73,4450.38,4448.05,4448.19,327
2026-01-07 18:36:00,4448.36,4451.15,4447.73,4450.82,328
2026-01-07 18:37:00,4450.92,4452.24,4448.53,4449.29,321
2026-01-07 18:38:00,4449.49,4449.49,4445.94,4446.34,302
2026-01-07 18:39:00,4446.19,4448.74,4445.45,4448.48,341
2026-01-07 18:40:00,4448.53,4449.19,4446.28,4446.49,339
2026-01-07 18:41:00,4446.64,4446.82,4445.22,4446.14,338
2026-01-07 18:42:00,4446.09,4446.28,4445.06,4445.59,310
2026-01-07 18:43:00,4445.69,4447.64,4445.69,4446.42,284
2026-01-07 18:44:00,4446.17,4446.18,4442.0,4442.13,327
2026-01-07 18:45:00,4442.19,4444.4,4441.23,4443.91,321
2026-01-07 18:46:00,4444.0,4445.05,4441.58,4441.63,279
2026-01-07 18:47:00,4441.68,4442.77,4440.7,4442.02,270
2026-01-07 18:48:00,4441.88,4443.55,4441.79,4442.76,259
2026-01-07 18:49:00,4442.74,4446.49,4442.2,4446.15,297
2026-01-07 18:50:00,4446.41,4447.95,4444.87,4447.17,347
2026-01-07 18:51:00,4447.32,4447.44,4444.91,4445.55,311
2026-01-07 18:52:00,4445.42,4447.12,4445.13,4445.62,245
2026-01-07 18:53:00,4445.63,4446.27,4444.29,4444.91,282
2026-01-07 18:54:00,4444.87,4444.88,4442.44,4442.84,285
2026-01-07 18:55:00,4441.95,4445.15,4441.95,4445.05,305
2026-01-07 18:56:00,4444.97,4445.12,4442.65,4443.27,305
2026-01-07 18:57:00,4443.23,4444.42,4441.82,4444.06,311
2026-01-07 18:58:00,4444.07,4444.47,4443.48,4444.41,268
2026-01-07 18:59:00,4444.39,4446.25,4444.21,4446.21,275
2026-01-07 19:00:00,4446.11,4448.69,4445.99,4448.68,328
2026-01-07 19:01:00,4448.73,4449.45,4447.81,4448.59,290
2026-01-07 19:02:00,4448.62,4449.08,4446.42,4446.52,290
2026-01-07 19:03:00,4446.47,4447.5,4445.35,4446.77,306
2026-01-07 19:04:00,4446.73,4448.11,4446.39,4446.47,272
2026-01-07 19:05:00,4446.36,4447.18,4444.23,4445.76,305
2026-01-07 19:06:00,4445.77,4446.68,4443.87,4444.74,290
2026-01-07 19:07:00,4444.76,4447.52,4444.73,4445.81,295
2026-01-07 19:08:00,4445.91,4447.12,4445.88,4446.6,246
2026-01-07 19:09:00,4446.51,4448.16,4446.12,4447.42,251
2026-01-07 19:10:00,4447.35,4449.61,4446.41,4449.61,284
2026-01-07 19:11:00,4449.62,4450.22,4447.06,4447.19,290
2026-01-07 19:12:00,4447.14,4447.9,4446.57,4447.19,262
2026-01-07 19:13:00,4447.11,4447.11,4445.92,4446.67,286
2026-01-07 19:14:00,4446.68,4447.16,4445.97,4447.13,231
2026-01-07 19:15:00,4447.4,4447.87,4445.01,4446.52,283
2026-01-07 19:16:00,4446.58,4446.67,4444.68,4445.83,263
2026-01-07 19:17:00,4445.99,4446.69,4445.69,4446.07,267
2026-01-07 19:18:00,4446.08,4447.68,4445.73,4447.59,233
2026-01-07 19:19:00,4447.63,4448.16,4446.56,4447.97,228
2026-01-07 19:20:00,4447.94,4449.97,4447.28,4449.49,260
2026-01-07 19:21:00,4450.08,4453.19,4450.0,4453.12,282
2026-01-07 19:22:00,4453.19,4460.98,4453.14,4460.52,353
2026-01-07 19:23:00,4460.2,4461.13,4457.63,4459.3,324
2026-01-07 19:24:00,4459.2,4459.24,4457.45,4458.66,340
2026-01-07 19:25:00,4458.76,4460.01,4455.99,4460.01,327
2026-01-07 19:26:00,4459.97,4459.97,4456.8,4458.32,332
2026-01-07 19:27:00,4458.37,4460.37,4458.01,4458.38,319
2026-01-07 19:28:00,4458.36,4459.16,4456.68,4456.7,307
2026-01-07 19:29:00,4456.74,4457.86,4455.94,4457.86,279
2026-01-07 19:30:00,4457.85,4460.06,4457.0,4459.4,319
2026-01-07 19:31:00,4459.47,4461.36,4458.94,4459.17,295
2026-01-07 19:32:00,4458.99,4461.44,4457.9,4461.19,287
2026-01-07 19:33:00,4461.14,4462.56,4460.71,4462.46,315
2026-01-07 19:34:00,4462.54,4464.9,4462.24,4464.65,333
2026-01-07 19:35:00,4464.82,4465.2,4461.44,4461.69,326
2026-01-07 19:36:00,4461.68,4461.87,4460.03,4461.69,304
2026-01-07 19:37:00,4461.76,4462.88,4459.95,4459.95,317
2026-01-07 19:38:00,4459.97,4463.03,4459.34,4462.92,309
2026-01-07 19:39:00,4462.74,4465.2,4462.53,4463.0,314
2026-01-07 19:40:00,4462.99,4463.52,4460.81,4463.44,317
2026-01-07 19:41:00,4463.47,4463.77,4461.98,4462.79,300
2026-01-07 19:42:00,4462.78,4465.24,4462.05,4464.96,302
2026-01-07 19:43:00,4464.98,4467.43,4464.73,4466.44,295
2026-01-07 19:44:00,4466.5,4467.94,4465.59,4467.7,316
2026-01-07 19:45:00,4467.67,4468.16,4465.2,4466.0,318
2026-01-07 19:46:00,4465.84,4467.35,4464.31,4464.53,290
2026-01-07 19:47:00,4464.45,4465.97,4463.88,4465.94,284
2026-01-07 19:48:00,4465.97,4468.35,4465.65,4467.91,245
2026-01-07 19:49:00,4467.86,4468.33,4466.82,4467.34,248
2026-01-07 19:50:00,4467.4,4467.92,4466.53,4467.04,244
2026-01-07 19:51:00,4466.94,4467.33,4465.81,4466.6,207
2026-01-07 19:52:00,4466.44,4467.52,4465.94,4466.47,220
2026-01-07 19:53:00,4466.55,4466.7,4465.4,4465.55,256
2026-01-07 19:54:00,4465.54,4465.54,4463.86,4464.79,248
2026-01-07 19:55:00,4464.89,4465.03,4462.65,4463.47,238
2026-01-07 19:56:00,4463.42,4464.39,4463.07,4463.53,248
2026-01-07 19:57:00,4463.54,4463.98,4462.01,4463.62,218
2026-01-07 19:58:00,4463.83,4464.26,4463.2,4463.98,262
2026-01-07 19:59:00,4464.1,4464.65,4463.77,4464.16,260
2026-01-07 20:00:00,4464.21,4465.33,4461.42,4461.43,278
2026-01-07 20:01:00,4461.26,4461.26,4459.72,4461.15,306
2026-01-07 20:02:00,4461.05,4461.56,4460.17,4461.56,280
2026-01-07 20:03:00,4461.54,4462.61,4460.98,4462.47,252
2026-01-07 20:04:00,4462.46,4463.44,4461.95,4462.95,280
2026-01-07 20:05:00,4462.92,4463.97,4462.54,4462.72,282
2026-01-07 20:06:00,4462.62,4463.57,4461.1,4461.7,281
2026-01-07 20:07:00,4461.85,4462.93,4461.39,4462.63,221
2026-01-07 20:08:00,4462.6,4462.76,4460.66,4460.86,223
2026-01-07 20:09:00,4460.88,4461.11,4460.25,4460.55,201
2026-01-07 20:10:00,4460.61,4461.18,4459.49,4459.99,217
2026-01-07 20:11:00,4459.96,4461.18,4459.49,4459.57,244
2026-01-07 20:12:00,4459.59,4459.81,4457.86,4457.86,208
2026-01-07 20:13:00,4457.92,4459.11,4457.83,4458.97,192
2026-01-07 20:14:00,4459.07,4460.71,4459.05,4460.04,242
2026-01-07 20:15:00,4460.18,4460.8,4459.72,4459.99,193
2026-01-07 20:16:00,4459.95,4462.0,4459.1,4461.95,254
2026-01-07 20:17:00,4461.98,4462.94,4461.83,4462.09,265
2026-01-07 20:18:00,4462.03,4462.03,4460.6,4461.08,243
2026-01-07 20:19:00,4461.07,4461.87,4460.96,4461.51,216
2026-01-07 20:20:00,4461.61,4461.84,4460.66,4461.42,203
2026-01-07 20:21:00,4461.46,4461.75,4460.71,4461.43,185
2026-01-07 20:22:00,4461.41,4461.73,4459.93,4460.02,193
2026-01-07 20:23:00,4460.08,4461.24,4460.04,4460.75,177
2026-01-07 20:24:00,4460.6,4460.64,4459.58,4460.05,198
2026-01-07 20:25:00,4460.1,4460.14,4458.27,4458.34,228
2026-01-07 20:26:00,4458.31,4458.31,4457.17,4457.93,246
2026-01-07 20:27:00,4457.92,4459.09,4457.62,4458.71,197
2026-01-07 20:28:00,4458.72,4459.43,4457.83,4458.15,256
2026-01-07 20:29:00,4458.1,4458.81,4457.83,4458.42,205
2026-01-07 20:30:00,4458.48,4459.42,4458.16,4459.39,227
2026-01-07 20:31:00,4458.93,4459.43,4458.15,4458.75,236
2026-01-07 20:32:00,4458.88,4459.29,4458.7,4458.78,210
2026-01-07 20:33:00,4458.8,4461.39,4458.8,4461.15,277
2026-01-07 20:34:00,4461.16,4461.16,4459.28,4459.5,220
2026-01-07 20:35:00,4459.48,4460.52,4459.08,4459.47,214
2026-01-07 20:36:00,4459.46,4459.56,4456.22,4456.66,263
2026-01-07 20:37:00,4456.64,4456.99,4456.39,4456.73,224
2026-01-07 20:38:00,4457.06,4457.51,4456.83,4457.2,230
2026-01-07 20:39:00,4457.19,4459.16,4456.93,4458.8,224
2026-01-07 20:40:00,4458.86,4459.53,4458.29,4458.31,227
2026-01-07 20:41:00,4458.29,4458.31,4456.12,4457.06,260
2026-01-07 20:42:00,4457.19,4457.51,4456.01,4456.01,214
2026-01-07 20:43:00,4456.09,4457.1,4456.09,4456.98,205
2026-01-07 20:44:00,4456.96,4457.19,4456.67,4456.92,183
2026-01-07 20:45:00,4456.87,4457.28,4456.63,4457.22,194
2026-01-07 20:46:00,4457.35,4457.45,4456.72,4457.21,180
2026-01-07 20:47:00,4457.2,4458.87,4457.03,4458.7,232
2026-01-07 20:48:00,4458.81,4459.28,4457.36,4458.82,259
2026-01-07 20:49:00,4458.81,4459.25,4456.75,4456.97,260
2026-01-07 20:50:00,4456.98,4456.98,4454.31,4455.29,298
2026-01-07 20:51:00,4455.26,4455.26,4452.85,4453.17,268
2026-01-07 20:52:00,4453.27,4453.33,4452.05,4453.1,280
2026-01-07 20:53:00,4452.88,4454.76,4452.44,4453.83,258
2026-01-07 20:54:00,4453.94,4455.84,4453.44,4454.53,254
2026-01-07 20:55:00,4454.59,4454.7,4451.33,4451.35,290
2026-01-07 20:56:00,4451.33,4451.35,4449.85,4450.39,281
2026-01-07 20:57:00,4450.09,4452.02,4449.83,4451.61,266
2026-01-07 20:58:00,4451.43,4452.78,4451.43,4451.59,283
2026-01-07 20:59:00,4452.13,4452.76,4450.4,4451.76,261
2026-01-07 21:00:00,4451.99,4452.44,4450.77,4451.4,270
2026-01-07 21:01:00,4451.38,4452.86,4450.61,4452.86,252
2026-01-07 21:02:00,4452.78,4452.89,4449.88,4450.0,272
2026-01-07 21:03:00,4449.44,4450.06,4448.69,4448.73,326
2026-01-07 21:04:00,4448.75,4450.45,4448.06,4450.45,291
2026-01-07 21:05:00,4450.52,4452.56,4449.41,4451.81,256
2026-01-07 21:06:00,4451.74,4451.75,4448.77,4449.23,241
2026-01-07 21:07:00,4449.33,4451.87,4447.93,4451.2,289
2026-01-07 21:08:00,4451.19,4451.19,4449.52,4449.67,276
2026-01-07 21:09:00,4449.76,4450.93,4449.47,4450.12,260
2026-01-07 21:10:00,4450.22,4452.78,4449.6,4452.26,270
2026-01-07 21:11:00,4452.27,4452.27,4450.88,4451.21,274
2026-01-07 21:12:00,4451.25,4452.22,4450.09,4450.09,302
2026-01-07 21:13:00,4450.05,4450.58,4449.18,4449.24,259
2026-01-07 21:14:00,4448.91,4450.24,4448.69,4449.89,279
2026-01-07 21:15:00,4449.9,4451.07,4448.93,4450.65,226
2026-01-07 21:16:00,4450.64,4450.86,4449.37,4449.38,235
2026-01-07 21:17:00,4449.33,4449.43,4448.29,4448.56,264
2026-01-07 21:18:00,4448.5,4448.97,4447.22,4448.48,257
2026-01-07 21:19:00,4448.8,4450.67,4448.78,4450.38,237
2026-01-07 21:20:00,4450.21,4452.5,4450.21,4451.24,223
2026-01-07 21:21:00,4451.19,4451.26,4449.79,4450.38,190
2026-01-07 21:22:00,4450.37,4451.99,4450.34,4451.86,231
2026-01-07 21:23:00,4451.85,4452.43,4450.78,4452.12,294
2026-01-07 21:24:00,4452.02,4453.59,4450.79,4451.94,330
2026-01-07 21:25:00,4451.84,4453.91,4451.84,4453.49,271
2026-01-07 21:26:00,4453.5,4455.5,4453.34,4455.36,265
2026-01-07 21:27:00,4455.38,4455.78,4454.45,4454.63,245
2026-01-07 21:28:00,4454.65,4454.68,4453.36,4454.08,249
2026-01-07 21:29:00,4454.01,4454.42,4451.4,4452.08,313
2026-01-07 21:30:00,4452.06,4455.37,4451.74,4455.27,324
2026-01-07 21:31:00,4455.29,4455.6,4454.11,4454.4,250
2026-01-07 21:32:00,4454.37,4455.98,4454.36,4455.01,241
2026-01-07 21:33:00,4455.09,4455.86,4455.0,4455.38,224
2026-01-07 21:34:00,4455.21,4456.44,4455.21,4456.22,182
2026-01-07 21:35:00,4456.2,4456.2,4454.4,4454.9,216
2026-01-07 21:36:00,4454.97,4456.26,4454.58,4455.49,205
2026-01-07 21:37:00,4455.53,4457.53,4455.13,4457.53,192
2026-01-07 21:38:00,4457.52,4458.29,4456.89,4458.21,176
2026-01-07 21:39:00,4458.16,4458.82,4458.05,4458.38,175
2026-01-07 21:40:00,4458.41,4458.59,4457.54,4457.77,205
2026-01-07 21:41:00,4457.71,4458.44,4457.57,4458.18,156
2026-01-07 21:42:00,4458.2,4458.2,4457.54,4457.63,160
2026-01-07 21:43:00,4457.61,4458.26,4456.02,4456.02,203
2026-01-07 21:44:00,4456.12,4457.03,4455.73,4456.22,231
2026-01-07 21:45:00,4456.31,4456.4,4454.42,4454.53,206
2026-01-07 21:46:00,4454.54,4454.89,4454.1,4454.4,173
2026-01-07 21:47:00,4454.41,4456.39,4454.28,4454.94,213
2026-01-07 21:48:00,4454.9,4455.24,4454.59,4455.12,191
2026-01-07 21:49:00,4455.12,4456.4,4454.08,4454.13,261
2026-01-07 21:50:00,4454.16,4454.37,4450.75,4451.09,227
2026-01-07 21:51:00,4451.11,4451.97,4450.46,4451.51,218
2026-01-07 21:52:00,4451.62,4452.93,4450.73,4452.86,206
2026-01-07 21:53:00,4452.89,4453.42,4452.54,4453.29,182
2026-01-07 21:54:00,4453.19,4453.32,4452.08,4452.36,168
2026-01-07 21:55:00,4452.44,4452.56,4451.42,4451.64,216
2026-01-07 21:56:00,4451.62,4451.96,4450.71,4451.14,195
2026-01-07 21:57:00,4451.18,4452.23,4450.67,4451.12,190
2026-01-07 21:58:00,4451.2,4452.84,4451.11,4452.63,192
2026-01-07 21:59:00,4452.61,4452.83,4451.7,4452.09,197
2026-01-07 22:00:00,4452.08,4452.67,4450.92,4450.97,176
2026-01-07 22:01:00,4451.0,4451.58,4450.99,4451.13,169
2026-01-07 22:02:00,4451.11,4452.29,4450.72,4452.29,190
2026-01-07 22:03:00,4452.31,4453.08,4451.87,4452.69,187
2026-01-07 22:04:00,4452.62,4455.25,4452.43,4455.01,231
2026-01-07 22:05:00,4454.98,4455.12,4454.19,4454.19,230
2026-01-07 22:06:00,4454.36,4455.07,4453.97,4454.34,232
2026-01-07 22:07:00,4454.36,4455.2,4453.38,4453.59,232
2026-01-07 22:08:00,4453.6,4454.16,4452.63,4452.66,206
2026-01-07 22:09:00,4452.62,4452.68,4449.71,4450.37,230
2026-01-07 22:10:00,4450.39,4451.38,4448.85,4448.94,302
2026-01-07 22:11:00,4448.85,4449.26,4448.33,4448.54,286
2026-01-07 22:12:00,4448.29,4448.88,4447.81,4448.62,252
2026-01-07 22:13:00,4448.78,4450.39,4448.4,4449.83,241
2026-01-07 22:14:00,4449.46,4449.87,4449.02,4449.47,268
2026-01-07 22:15:00,4449.54,4449.64,4447.55,4447.61,247
2026-01-07 22:16:00,4447.59,4447.72,4446.04,4446.04,275
2026-01-07 22:17:00,4446.05,4446.99,4445.35,4446.67,284
2026-01-07 22:18:00,4446.7,4448.17,4446.63,4447.81,266
2026-01-07 22:19:00,4448.42,4448.47,4447.49,4448.06,208
2026-01-07 22:20:00,4448.05,4448.99,4447.81,4448.23,210
2026-01-07 22:21:00,4448.21,4448.55,4447.35,4447.92,236
2026-01-07 22:22:00,4448.42,4448.62,4447.92,4448.56,203
2026-01-07 22:23:00,4448.5,4448.91,4448.19,4448.69,176
2026-01-07 22:24:00,4448.76,4448.92,4448.2,4448.64,120
2026-01-07 22:25:00,4448.59,4448.8,4446.68,4446.83,185
2026-01-07 22:26:00,4446.83,4448.6,4446.83,4448.39,184
2026-01-07 22:27:00,4448.36,4448.36,4447.59,4447.84,179
2026-01-07 22:28:00,4447.79,4448.51,4447.16,4448.21,166
2026-01-07 22:29:00,4448.23,4451.07,4448.04,4450.55,204
2026-01-07 22:30:00,4450.5,4453.74,4450.5,4453.57,240
2026-01-07 22:31:00,4453.58,4456.0,4453.58,4455.98,261
2026-01-07 22:32:00,4455.97,4457.29,4455.63,4455.66,251
2026-01-07 22:33:00,4455.77,4456.68,4455.41,4456.55,240
2026-01-07 22:34:00,4456.54,4456.76,4455.63,4455.71,207
2026-01-07 22:35:00,4455.7,4456.54,4454.94,4455.36,202
2026-01-07 22:36:00,4455.28,4456.63,4454.87,4456.63,184
2026-01-07 22:37:00,4456.62,4457.11,4455.84,4456.04,237
2026-01-07 22:38:00,4456.06,4456.06,4454.37,4454.65,192
2026-01-07 22:39:00,4454.61,4455.56,4454.48,4455.14,206
2026-01-07 22:40:00,4455.04,4455.22,4454.48,4455.07,164
2026-01-07 22:41:00,4455.08,4455.47,4453.11,4453.44,214
2026-01-07 22:42:00,4453.45,4453.65,4453.0,4453.48,209
2026-01-07 22:43:00,4453.46,4454.0,4453.23,4453.59,137
2026-01-07 22:44:00,4453.65,4453.93,4453.2,4453.39,162
2026-01-07 22:45:00,4453.4,4453.87,4453.02,4453.07,128
2026-01-07 22:46:00,4453.01,4453.79,4452.59,4453.31,249
2026-01-07 22:47:00,4453.24,4453.78,4452.15,4452.17,238
2026-01-07 22:48:00,4452.26,4453.04,4452.08,4452.76,164
2026-01-07 22:49:00,4452.71,4453.18,4452.64,4453.12,164
2026-01-07 22:50:00,4453.11,4453.23,4452.4,4453.17,195
2026-01-07 22:51:00,4453.11,4454.6,4453.05,4454.19,201
2026-01-07 22:52:00,4454.24,4455.15,4453.85,4455.08,176
2026-01-07 22:53:00,4455.14,4455.2,4454.56,4455.19,210
2026-01-07 22:54:00,4455.17,4457.65,4454.97,4457.53,220
2026-01-07 22:55:00,4457.52,4457.97,4456.93,4457.34,244
2026-01-07 22:56:00,4457.33,4457.5,4456.81,4457.23,186
2026-01-07 22:57:00,4457.21,4457.77,4456.77,4456.77,203
2026-01-07 22:58:00,4456.76,4457.78,4456.76,4457.32,192
2026-01-07 22:59:00,4457.31,4457.52,4456.51,4456.9,194
2026-01-07 23:00:00,4456.87,4459.08,4456.87,4458.53,227
2026-01-07 23:01:00,4458.47,4459.41,4458.47,4458.64,216
2026-01-07 23:02:00,4458.96,4459.09,4457.67,4458.03,200
2026-01-07 23:03:00,4458.04,4458.26,4457.23,4457.92,192
2026-01-07 23:04:00,4457.88,4459.04,4457.88,4458.51,194
2026-01-07 23:05:00,4459.07,4459.44,4458.48,4458.67,181
2026-01-07 23:06:00,4458.67,4459.38,4458.29,4458.98,236
2026-01-07 23:07:00,4458.95,4459.01,4457.35,4457.8,266
2026-01-07 23:08:00,4457.78,4457.8,4455.99,4456.15,241
2026-01-07 23:09:00,4456.1,4456.95,4455.59,4455.69,276
2026-01-07 23:10:00,4455.84,4456.48,4455.36,4456.35,256
2026-01-07 23:11:00,4456.28,4457.99,4455.96,4457.99,244
2026-01-07 23:12:00,4458.06,4459.05,4457.59,4459.0,268
2026-01-07 23:13:00,4458.99,4459.34,4458.04,4458.25,280
2026-01-07 23:14:00,4458.15,4458.56,4456.92,4458.3,274
2026-01-07 23:15:00,4458.24,4460.09,4457.14,4460.09,266
2026-01-07 23:16:00,4460.06,4460.56,4458.46,4459.47,276
2026-01-07 23:17:00,4459.44,4459.49,4458.56,4459.03,216
2026-01-07 23:18:00,4458.93,4461.53,4458.83,4461.38,234
2026-01-07 23:19:00,4461.4,4461.57,4459.6,4459.78,238
2026-01-07 23:20:00,4459.83,4461.11,4459.24,4460.88,198
2026-01-07 23:21:00,4460.94,4461.17,4459.32,4460.06,194
2026-01-07 23:22:00,4460.11,4460.27,4459.8,4460.12,172
2026-01-07 23:23:00,4459.93,4460.16,4458.77,4459.04,229
2026-01-07 23:24:00,4459.05,4459.43,4458.7,4459.04,166
2026-01-07 23:25:00,4459.05,4459.17,4457.22,4457.23,204
2026-01-07 23:26:00,4457.18,4458.35,4457.12,4458.25,195
2026-01-07 23:27:00,4458.2,4458.93,4457.95,4458.7,197
2026-01-07 23:28:00,4458.12,4458.13,4455.97,4456.67,238
2026-01-07 23:29:00,4456.64,4458.18,4456.28,4458.06,214
2026-01-07 23:30:00,4458.11,4459.1,4457.93,4458.76,205
2026-01-07 23:31:00,4458.69,4458.69,4457.29,4458.21,230
2026-01-07 23:32:00,4458.12,4459.68,4457.54,4459.68,228
2026-01-07 23:33:00,4459.63,4460.3,4459.6,4459.98,175
2026-01-07 23:34:00,4459.92,4460.12,4458.18,4458.47,230
2026-01-07 23:35:00,4458.46,4458.87,4456.77,4457.63,258
2026-01-07 23:36:00,4457.77,4458.42,4457.68,4457.69,232
2026-01-07 23:37:00,4457.75,4457.75,4456.73,4456.73,217
2026-01-07 23:38:00,4456.66,4457.67,4456.47,4457.57,239
2026-01-07 23:39:00,4457.55,4457.81,4456.7,4456.77,244
2026-01-07 23:40:00,4456.75,4458.21,4456.74,4458.17,206
2026-01-07 23:41:00,4458.22,4458.23,4457.55,4457.64,156
2026-01-07 23:42:00,4457.81,4460.1,4457.75,4458.77,218
2026-01-07 23:43:00,4458.63,4459.64,4457.7,4457.75,254
2026-01-07 23:44:00,4457.76,4458.22,4456.8,4456.8,195
2026-01-07 23:45:00,4456.72,4457.71,4456.67,4457.62,232
2026-01-07 23:46:00,4457.61,4459.21,4457.44,4459.21,257
2026-01-07 23:47:00,4459.22,4459.22,4457.67,4457.75,248
2026-01-07 23:48:00,4457.84,4458.27,4456.58,4457.31,293
2026-01-07 23:49:00,4457.3,4458.79,4457.25,4458.56,260
2026-01-07 23:50:00,4458.69,4459.6,4458.69,4458.99,279
2026-01-07 23:51:00,4458.98,4459.31,4458.36,4458.36,238
2026-01-07 23:52:00,4458.39,4459.75,4458.02,4459.38,192
2026-01-07 23:53:00,4459.4,4459.4,4458.46,4459.07,221
2026-01-07 23:54:00,4459.08,4459.13,4458.42,4458.59,200
2026-01-07 23:55:00,4458.71,4458.71,4455.35,4455.63,288
2026-01-07 23:56:00,4455.61,4455.68,4453.77,4453.99,245
2026-01-07 23:57:00,4454.17,4454.37,4453.04,4453.28,266
2026-01-07 23:58:00,4453.24,4453.25,4452.23,4452.3,290
2026-01-07 23:59:00,4452.24,4452.24,4450.57,4451.91,322
2026-01-08 00:00:00,4452.05,4453.08,4449.87,4452.86,270
2026-01-08 00:01:00,4452.95,4452.95,4451.4,4451.49,160
2026-01-08 00:02:00,4451.6,4454.39,4451.6,4454.32,201
2026-01-08 00:03:00,4454.27,4454.59,4453.74,4453.91,162
2026-01-08 00:04:00,4453.9,4453.93,4452.87,4453.43,177
2026-01-08 00:05:00,4453.36,4453.49,4452.51,4452.81,160
2026-01-08 00:06:00,4452.78,4453.74,4452.64,4452.97,117
2026-01-08 00:07:00,4452.98,4453.16,4452.51,4452.91,115
2026-01-08 00:08:00,4452.95,4452.95,4452.55,4452.62,78
2026-01-08 00:09:00,4452.56,4453.11,4452.1,4452.92,114
2026-01-08 00:10:00,4453.0,4453.62,4452.87,4453.38,146
2026-01-08 00:11:00,4453.26,4454.1,4453.21,4453.73,142
2026-01-08 00:12:00,4453.72,4454.09,4453.38,4454.0,118
2026-01-08 00:13:00,4454.04,4454.46,4453.59,4453.87,104
2026-01-08 00:14:00,4453.84,4453.89,4453.27,4453.89,102
2026-01-08 00:15:00,4454.1,4454.52,4453.48,4453.71,115
2026-01-08 00:16:00,4453.56,4454.0,4453.56,4453.83,76
2026-01-08 00:17:00,4453.9,4454.01,4453.79,4453.97,50
2026-01-08 00:18:00,4454.0,4454.3,4453.87,4454.3,96
2026-01-08 00:19:00,4454.26,4454.36,4453.89,4453.89,62
2026-01-08 00:20:00,4454.27,4455.14,4454.22,4454.57,109
2026-01-08 00:21:00,4454.34,4454.47,4453.66,4453.71,112
2026-01-08 00:22:00,4453.7,4454.25,4453.67,4453.99,66
2026-01-08 00:23:00,4453.97,4453.97,4453.18,4453.55,94
2026-01-08 00:24:00,4453.47,4453.72,4453.42,4453.56,66
2026-01-08 00:25:00,4453.59,4453.67,4453.3,4453.47,64
2026-01-08 00:26:00,4453.3,4453.45,4453.15,4453.32,66
2026-01-08 00:27:00,4453.29,4453.32,4452.48,4452.48,76
2026-01-08 00:28:00,4452.54,4452.63,4452.15,4452.15,65
2026-01-08 00:29:00,4452.03,4452.5,4451.88,4452.5,131
2026-01-08 00:30:00,4452.49,4452.85,4452.28,4452.49,100
2026-01-08 00:31:00,4452.51,4453.42,4452.47,4453.22,69
2026-01-08 00:32:00,4453.19,4453.5,4453.12,4453.3,70
2026-01-08 00:33:00,4453.23,4453.53,4453.17,4453.48,61
2026-01-08 00:34:00,4453.68,4453.68,4452.37,4452.89,75
2026-01-08 00:35:00,4452.88,4452.98,4452.42,4452.59,66
2026-01-08 00:36:00,4452.6,4453.24,4452.53,4453.04,42
2026-01-08 00:37:00,4453.02,4453.2,4452.96,4453.0,40
2026-01-08 00:38:00,4453.05,4454.08,4453.05,4453.64,73
2026-01-08 00:39:00,4453.61,4454.25,4453.46,4454.1,60
2026-01-08 00:40:00,4454.09,4454.09,4453.33,4453.41,94
2026-01-08 00:41:00,4453.36,4454.19,4453.09,4454.05,79
2026-01-08 00:42:00,4454.05,4454.48,4454.05,4454.28,38
2026-01-08 00:43:00,4454.28,4454.34,4453.75,4453.8,65
2026-01-08 00:44:00,4453.8,4454.05,4453.22,4453.23,85
2026-01-08 00:45:00,4453.52,4453.99,4453.33,4453.37,92
2026-01-08 00:46:00,4453.38,4453.47,4452.95,4453.41,87
2026-01-08 00:47:00,4453.54,4453.86,4453.31,4453.37,78
2026-01-08 00:48:00,4453.42,4453.63,4453.36,4453.52,62
2026-01-08 00:49:00,4453.59,4453.59,4452.82,4453.01,36
2026-01-08 00:50:00,4453.0,4455.54,4452.67,4455.49,110
2026-01-08 00:51:00,4455.53,4455.9,4455.29,4455.39,95
2026-01-08 00:52:00,4455.5,4455.78,4455.46,4455.67,64
2026-01-08 00:53:00,4455.7,4455.97,4455.61,4455.69,62
2026-01-08 00:54:00,4455.39,4455.86,4455.34,4455.8,62
2026-01-08 00:55:00,4455.76,4455.76,4454.86,4455.2,100
2026-01-08 00:56:00,4455.16,4455.61,4455.0,4455.02,74
2026-01-08 00:57:00,4455.06,4455.63,4454.79,4455.63,68
2026-01-08 00:58:00,4455.68,4456.48,4455.43,4456.48,73
2026-01-08 02:01:00,4459.86,4461.14,4459.34,4460.9,86
2026-01-08 02:02:00,4460.95,4462.61,4460.9,4462.41,99
2026-01-08 02:03:00,4462.36,4462.41,4460.88,4461.72,83
2026-01-08 02:04:00,4461.77,4462.19,4461.67,4461.85,62
2026-01-08 02:05:00,4461.86,4462.66,4461.37,4462.15,96
2026-01-08 02:06:00,4462.17,4462.69,4461.75,4461.8,81
2026-01-08 02:07:00,4461.75,4461.95,4461.09,4461.51,59
2026-01-08 02:08:00,4461.42,4461.87,4461.42,4461.75,26
2026-01-08 02:09:00,4461.74,4462.56,4459.95,4459.95,48
2026-01-08 02:10:00,4459.84,4459.87,4458.53,4459.26,91
2026-01-08 02:11:00,4459.25,4460.41,4459.23,4460.41,68
2026-01-08 02:12:00,4460.46,4460.47,4459.27,4459.9,63
2026-01-08 02:13:00,4459.85,4460.34,4459.72,4459.81,82
2026-01-08 02:14:00,4459.77,4460.28,4459.66,4459.81,98
2026-01-08 02:15:00,4459.76,4459.97,4459.22,4459.38,106
2026-01-08 02:16:00,4459.45,4461.21,4459.36,4460.78,82
2026-01-08 02:17:00,4460.73,4461.12,4460.67,4460.82,58
2026-01-08 02:18:00,4460.92,4461.26,4460.32,4460.4,76
2026-01-08 02:19:00,4460.6,4461.8,4459.56,4461.8,105
2026-01-08 02:20:00,4461.58,4462.27,4460.61,4461.43,166
2026-01-08 02:21:00,4461.38,4461.6,4461.18,4461.23,84
2026-01-08 02:22:00,4461.04,4462.76,4460.92,4462.67,108
2026-01-08 02:23:00,4462.62,4462.89,4462.25,4462.86,101
2026-01-08 02:24:00,4462.77,4462.93,4461.86,4461.86,73
2026-01-08 02:25:00,4461.87,4462.43,4461.72,4462.43,103
2026-01-08 02:26:00,4462.43,4463.62,4462.43,4463.36,121
2026-01-08 02:27:00,4463.37,4463.88,4462.48,4462.67,146
2026-01-08 02:28:00,4462.66,4462.76,4461.88,4462.69,97
2026-01-08 02:29:00,4462.7,4462.73,4461.74,4461.98,93
2026-01-08 02:30:00,4461.76,4462.57,4461.1,4461.72,139
2026-01-08 02:31:00,4461.64,4461.72,4459.77,4459.87,142
2026-01-08 02:32:00,4459.88,4461.92,4459.88,4461.87,117
2026-01-08 02:33:00,4462.04,4462.72,4461.38,4461.62,122
2026-01-08 02:34:00,4461.53,4461.64,4460.92,4461.32,88
2026-01-08 02:35:00,4461.46,4462.74,4461.46,4462.52,102
2026-01-08 02:36:00,4462.61,4462.67,4462.11,4462.34,81
2026-01-08 02:37:00,4462.28,4462.58,4461.26,4461.78,103
2026-01-08 02:38:00,4461.79,4462.2,4461.1,4461.37,101
2026-01-08 02:39:00,4461.38,4461.45,4460.48,4461.27,110
2026-01-08 02:40:00,4461.21,4461.7,4460.92,4461.01,79
2026-01-08 02:41:00,4460.93,4462.38,4460.79,4462.38,101
2026-01-08 02:42:00,4462.39,4462.4,4461.87,4462.06,74
2026-01-08 02:43:00,4462.1,4462.39,4461.85,4462.14,66
2026-01-08 02:44:00,4461.93,4462.03,4461.56,4461.71,117
2026-01-08 02:45:00,4461.41,4462.46,4461.33,4461.99,110
2026-01-08 02:46:00,4462.22,4462.98,4461.35,4461.4,149
2026-01-08 02:47:00,4461.34,4461.34,4459.93,4460.6,152
2026-01-08 02:48:00,4460.59,4461.01,4460.27,4461.01,97
2026-01-08 02:49:00,4460.85,4461.67,4460.63,4461.31,133
2026-01-08 02:50:00,4461.32,4461.89,4460.97,4461.6,154
2026-01-08 02:51:00,4461.52,4462.27,4461.07,4461.14,139
2026-01-08 02:52:00,4461.17,4461.69,4460.93,4461.54,107
2026-01-08 02:53:00,4461.55,4462.49,4461.15,4462.04,119
2026-01-08 02:54:00,4462.16,4462.43,4461.52,4461.83,93
2026-01-08 02:55:00,4461.82,4462.26,4461.61,4462.05,64
2026-01-08 02:56:00,4462.1,4463.3,4462.1,4463.16,72
2026-01-08 02:57:00,4463.11,4463.35,4462.91,4463.04,92
2026-01-08 02:58:00,4462.99,4463.67,4462.98,4463.41,84
2026-01-08 02:59:00,4463.46,4463.91,4463.44,4463.51,96
2026-01-08 03:00:00,4463.47,4463.82,4462.76,4463.82,175
2026-01-08 03:01:00,4463.99,4465.46,4463.94,4465.28,206
2026-01-08 03:02:00,4465.23,4465.52,4464.55,4465.52,169
2026-01-08 03:03:00,4465.54,4465.86,4465.05,4465.12,153
2026-01-08 03:04:00,4465.13,4465.16,4463.74,4463.78,110
2026-01-08 03:05:00,4463.8,4463.82,4462.5,4462.57,157
2026-01-08 03:06:00,4462.51,4464.14,4462.5,4464.01,130
2026-01-08 03:07:00,4463.79,4464.88,4463.79,4464.57,136
2026-01-08 03:08:00,4464.65,4464.88,4464.06,4464.78,96
2026-01-08 03:09:00,4464.73,4465.51,4464.63,4465.22,103
2026-01-08 03:10:00,4465.22,4465.78,4464.85,4465.78,123
2026-01-08 03:11:00,4465.73,4465.73,4464.54,4465.57,117
2026-01-08 03:12:00,4465.62,4465.84,4465.27,4465.74,83
2026-01-08 03:13:00,4465.69,4465.69,4464.81,4464.96,86
2026-01-08 03:14:00,4465.01,4465.82,4464.67,4465.64,103
2026-01-08 03:15:00,4465.72,4466.04,4465.48,4465.97,74
2026-01-08 03:16:00,4465.92,4466.35,4465.44,4465.48,88
2026-01-08 03:17:00,4465.33,4465.33,4464.84,4465.03,87
2026-01-08 03:18:00,4464.98,4464.98,4464.16,4464.52,114
2026-01-08 03:19:00,4464.59,4465.3,4464.0,4464.12,86
2026-01-08 03:20:00,4464.13,4464.13,4461.58,4461.7,140
2026-01-08 03:21:00,4461.65,4461.99,4460.84,4461.09,123
2026-01-08 03:22:00,4461.14,4461.47,4460.72,4460.87,98
2026-01-08 03:23:00,4460.77,4461.17,4460.77,4460.96,69
2026-01-08 03:24:00,4460.96,4460.96,4458.55,4458.64,150
2026-01-08 03:25:00,4458.56,4458.63,4455.9,4455.92,226
2026-01-08 03:26:00,4455.87,4456.21,4454.16,4454.96,216
2026-01-08 03:27:00,4455.0,4455.54,4454.49,4454.71,187
2026-01-08 03:28:00,4454.66,4456.63,4454.58,4456.63,120
2026-01-08 03:29:00,4456.48,4457.31,4455.9,4456.9,154
2026-01-08 03:30:00,4456.86,4457.8,4455.76,4457.8,175
2026-01-08 03:31:00,4457.81,4458.93,4457.63,4458.7,157
2026-01-08 03:32:00,4458.65,4458.7,4457.64,4458.11,104
2026-01-08 03:33:00,4458.33,4458.33,4457.46,4457.94,153
2026-01-08 03:34:00,4457.84,4458.21,4457.79,4457.96,88
2026-01-08 03:35:00,4457.79,4457.79,4456.33,4456.43,125
2026-01-08 03:36:00,4456.38,4456.38,4453.6,4454.48,264
2026-01-08 03:37:00,4454.55,4455.15,4452.56,4452.56,258
2026-01-08 03:38:00,4452.6,4453.23,4451.55,4452.78,251
2026-01-08 03:39:00,4452.8,4454.46,4452.77,4454.09,210
2026-01-08 03:40:00,4454.05,4454.8,4451.05,4451.13,255
2026-01-08 03:41:00,4451.36,4451.88,4450.47,4451.7,260
2026-01-08 03:42:00,4451.72,4452.68,4451.32,4452.01,214
2026-01-08 03:43:00,4452.0,4454.21,4452.0,4452.87,226
2026-01-08 03:44:00,4452.86,4452.86,4450.99,4451.43,222
2026-01-08 03:45:00,4451.35,4451.46,4449.69,4449.69,281
2026-01-08 03:46:00,4449.63,4450.24,4448.57,4449.3,262
2026-01-08 03:47:00,4448.89,4450.15,4448.05,4449.56,211
2026-01-08 03:48:00,4449.59,4449.63,4447.91,4448.12,241
2026-01-08 03:49:00,4448.08,4448.69,4447.16,4447.26,208
2026-01-08 03:50:00,4447.34,4448.9,4446.76,4448.89,270
2026-01-08 03:51:00,4448.74,4450.37,4448.47,4449.67,243
2026-01-08 03:52:00,4449.51,4450.93,4449.51,4450.79,253
2026-01-08 03:53:00,4450.44,4451.16,4449.26,4451.01,222
2026-01-08 03:54:00,4450.93,4451.29,4450.09,4450.81,204
2026-01-08 03:55:00,4450.8,4451.39,4450.59,4451.05,156
2026-01-08 03:56:00,4451.15,4451.63,4450.58,4451.08,170
2026-01-08 03:57:00,4451.09,4451.87,4450.69,4451.71,223
2026-01-08 03:58:00,4451.91,4452.43,4451.82,4451.93,181
2026-01-08 03:59:00,4451.98,4451.99,4450.23,4450.25,188
2026-01-08 04:00:00,4450.09,4450.09,4444.55,4445.97,342
2026-01-08 04:01:00,4446.25,4451.69,4446.25,4451.67,347
2026-01-08 04:02:00,4451.48,4454.92,4450.4,4453.84,338
2026-01-08 04:03:00,4453.79,4454.61,4452.29,4452.65,312
2026-01-08 04:04:00,4452.58,4453.17,4450.84,4451.69,310
2026-01-08 04:05:00,4451.74,4455.72,4451.72,4455.61,333
2026-01-08 04:06:00,4455.67,4457.63,4455.24,4456.66,302
2026-01-08 04:07:00,4456.59,4457.25,4454.96,4456.47,293
2026-01-08 04:08:00,4456.64,4458.77,4456.49,4458.73,314
2026-01-08 04:09:00,4458.34,4459.7,4458.26,4459.48,275
2026-01-08 04:10:00,4459.33,4460.13,4458.72,4459.64,281
2026-01-08 04:11:00,4459.5,4460.36,4459.38,4460.25,275
2026-01-08 04:12:00,4460.27,4460.27,4457.86,4457.93,292
2026-01-08 04:13:00,4457.91,4458.22,4456.25,4457.88,285
2026-01-08 04:14:00,4457.8,4458.12,4455.42,4457.15,295
2026-01-08 04:15:00,4457.2,4457.73,4454.85,4455.36,290
2026-01-08 04:16:00,4455.44,4456.84,4454.91,4454.95,266
2026-01-08 04:17:00,4455.19,4456.1,4454.9,4455.71,289
2026-01-08 04:18:00,4455.71,4458.8,4455.33,4457.72,309
2026-01-08 04:19:00,4457.73,4458.66,4457.23,4458.34,290
2026-01-08 04:20:00,4458.4,4459.1,4457.42,4457.5,317
2026-01-08 04:21:00,4457.49,4459.81,4457.47,4459.5,283
2026-01-08 04:22:00,4459.57,4459.73,4458.46,4459.02,275
2026-01-08 04:23:00,4459.06,4460.32,4458.46,4458.65,235
2026-01-08 04:24:00,4458.56,4459.67,4457.06,4457.46,299
2026-01-08 04:25:00,4457.36,4457.56,4454.47,4455.03,312
2026-01-08 04:26:00,4454.73,4458.35,4454.66,4456.64,297
2026-01-08 04:27:00,4456.6,4457.57,4455.36,4455.86,288
2026-01-08 04:28:00,4455.78,4456.59,4454.88,4455.74,264
2026-01-08 04:29:00,4455.68,4455.76,4454.64,4455.3,265
2026-01-08 04:30:00,4455.05,4455.74,4454.51,4455.1,244
2026-01-08 04:31:00,4455.21,4456.52,4454.56,4456.52,281
2026-01-08 04:32:00,4456.52,4457.55,4454.78,4455.28,280
2026-01-08 04:33:00,4455.29,4455.63,4450.86,4452.51,315
2026-01-08 04:34:00,4452.58,4452.81,4450.68,4452.15,260
2026-01-08 04:35:00,4452.28,4453.97,4451.99,4453.33,291
2026-01-08 04:36:00,4453.34,4453.5,4450.87,4451.03,280
2026-01-08 04:37:00,4450.94,4452.54,4450.88,4452.43,315
2026-01-08 04:38:00,4452.5,4454.28,4452.24,4453.48,294
2026-01-08 04:39:00,4453.49,4455.97,4453.49,4455.73,280
2026-01-08 04:40:00,4455.75,4456.23,4449.33,4449.8,315
2026-01-08 04:41:00,4449.82,4450.28,4448.89,4450.03,292
2026-01-08 04:42:00,4449.87,4450.17,4448.02,4448.51,270
2026-01-08 04:43:00,4448.51,4448.8,4447.44,4447.56,234
2026-01-08 04:44:00,4447.61,4448.43,4446.25,4447.57,253
2026-01-08 04:45:00,4447.49,4448.14,4445.5,4445.58,301
2026-01-08 04:46:00,4445.63,4445.63,4443.22,4444.81,300
2026-01-08 04:47:00,4444.72,4447.09,4444.71,4446.76,233
2026-01-08 04:48:00,4446.64,4448.43,4446.64,4447.95,240
2026-01-08 04:49:00,4447.94,4448.1,4447.3,4447.75,219
2026-01-08 04:50:00,4447.74,4447.8,4446.21,4446.47,246
2026-01-08 04:51:00,4446.57,4446.82,4445.52,4445.76,228
2026-01-08 04:52:00,4445.79,4446.1,4444.87,4446.1,241
2026-01-08 04:53:00,4446.24,4447.62,4446.24,4447.36,186
2026-01-08 04:54:00,4447.26,4447.26,4444.16,4444.38,244
2026-01-08 04:55:00,4444.48,4446.22,4441.87,4444.78,295
2026-01-08 04:56:00,4444.71,4445.63,4444.71,4445.07,242
2026-01-08 04:57:00,4445.13,4447.17,4445.13,4447.03,240
2026-01-08 04:58:00,4447.04,4447.87,4445.85,4446.01,235
2026-01-08 04:59:00,4446.05,4448.51,4446.05,4448.42,160
2026-01-08 05:00:00,4448.43,4448.62,4445.17,4445.32,274
2026-01-08 05:01:00,4445.33,4449.59,4445.31,4448.94,282
2026-01-08 05:02:00,4448.93,4448.98,4447.76,4448.01,225
2026-01-08 05:03:00,4448.13,4448.14,4446.2,4446.75,286
2026-01-08 05:04:00,4446.75,4446.75,4442.12,4443.01,310
2026-01-08 05:05:00,4442.94,4443.16,4440.34,4441.71,304
2026-01-08 05:06:00,4441.91,4445.06,4441.27,4443.81,307
2026-01-08 05:07:00,4444.07,4447.03,4443.97,4446.76,287
2026-01-08 05:08:00,4446.72,4448.62,4446.7,4448.39,235
2026-01-08 05:09:00,4448.44,4448.6,4447.41,4447.66,264
2026-01-08 05:10:00,4447.68,4448.62,4447.35,4447.43,241
2026-01-08 05:11:00,4447.55,4448.56,4447.43,4448.38,194
2026-01-08 05:12:00,4448.36,4448.41,4447.38,4447.94,224
2026-01-08 05:13:00,4447.97,4447.98,4445.93,4446.28,222
2026-01-08 05:14:00,4446.33,4447.18,4446.23,4446.5,191
2026-01-08 05:15:00,4446.36,4446.69,4445.01,4445.08,184
2026-01-08 05:16:00,4445.07,4446.25,4445.07,4445.5,135
2026-01-08 05:17:00,4445.55,4446.47,4445.42,4446.41,96
2026-01-08 05:18:00,4446.42,4446.51,4443.95,4444.6,171
2026-01-08 05:19:00,4444.53,4445.1,4442.69,4443.22,234
2026-01-08 05:20:00,4443.28,4443.38,4442.21,4442.94,214
2026-01-08 05:21:00,4443.14,4443.46,4440.99,4441.17,217
2026-01-08 05:22:00,4441.35,4443.49,4441.23,4443.39,216
2026-01-08 05:23:00,4443.4,4443.44,4441.45,4442.24,169
2026-01-08 05:24:00,4442.07,4442.72,4441.75,4442.45,157
2026-01-08 05:25:00,4442.41,4443.28,4442.41,4443.28,123
2026-01-08 05:26:00,4443.35,4444.05,4442.37,4442.67,152
2026-01-08 05:27:00,4442.6,4443.54,4442.49,4443.15,178
2026-01-08 05:28:00,4443.3,4443.38,4441.39,4441.69,138
2026-01-08 05:29:00,4441.68,4442.11,4440.97,4441.21,195
2026-01-08 05:30:00,4440.91,4440.91,4438.16,4439.6,343
2026-01-08 05:31:00,4439.59,4440.31,4437.7,4438.58,318
2026-01-08 05:32:00,4438.69,4439.77,4437.79,4438.75,310
2026-01-08 05:33:00,4438.79,4439.89,4435.52,4435.68,332
2026-01-08 05:34:00,4435.72,4438.25,4435.71,4436.99,303
2026-01-08 05:35:00,4436.93,4438.35,4436.22,4437.84,320
2026-01-08 05:36:00,4437.66,4439.16,4435.94,4436.07,320
2026-01-08 05:37:00,4435.97,4435.97,4433.63,4435.33,338
2026-01-08 05:38:00,4435.32,4437.57,4434.12,4437.57,329
2026-01-08 05:39:00,4437.85,4440.19,4437.85,4439.08,335
2026-01-08 05:40:00,4439.17,4441.04,4438.34,4441.04,327
2026-01-08 05:41:00,4441.03,4441.89,4440.68,4441.51,287
2026-01-08 05:42:00,4441.56,4442.2,4440.56,4440.96,281
2026-01-08 05:43:00,4441.15,4442.49,4440.58,4442.33,287
2026-01-08 05:44:00,4442.28,4442.66,4441.5,4441.85,262
2026-01-08 05:45:00,4441.89,4443.34,4441.37,4443.08,291
2026-01-08 05:46:00,4443.13,4444.15,4442.76,4442.87,268
2026-01-08 05:47:00,4443.14,4443.14,4441.32,4442.39,295
2026-01-08 05:48:00,4442.49,4442.49,4439.25,4439.36,285
2026-01-08 05:49:00,4439.27,4439.27,4437.46,4437.7,287
2026-01-08 05:50:00,4437.71,4441.04,4437.59,4440.99,316
2026-01-08 05:51:00,4441.03,4441.49,4440.43,4441.21,265
2026-01-08 05:52:00,4441.57,4442.57,4441.45,4442.29,215
2026-01-08 05:53:00,4442.47,4443.27,4442.18,4443.1,266
2026-01-08 05:54:00,4442.81,4443.48,4441.47,4441.48,234
2026-01-08 05:55:00,4441.49,4441.49,4438.64,4439.94,312
2026-01-08 05:56:00,4439.75,4442.17,4439.17,4442.17,289
2026-01-08 05:57:00,4442.44,4443.28,4442.13,4443.12,208
2026-01-08 05:58:00,4443.1,4443.49,4442.21,4443.44,238
2026-01-08 05:59:00,4443.46,4443.99,4441.08,4441.31,263
2026-01-08 06:00:00,4441.34,4442.23,4440.06,4441.94,196
2026-01-08 06:01:00,4441.96,4442.43,4439.79,4439.79,252
2026-01-08 06:02:00,4439.81,4442.24,4439.18,4442.06,223
2026-01-08 06:03:00,4441.94,4442.63,4441.26,4441.8,226
2026-01-08 06:04:00,4441.9,4442.79,4441.31,4441.4,208
2026-01-08 06:05:00,4441.71,4441.9,4440.52,4441.09,302
2026-01-08 06:06:00,4440.99,4440.99,4439.13,4440.73,292
2026-01-08 06:07:00,4440.78,4441.7,4438.97,4440.03,298
2026-01-08 06:08:00,4440.05,4443.42,4440.05,4442.19,286
2026-01-08 06:09:00,4442.26,4444.06,4442.16,4442.16,288
2026-01-08 06:10:00,4442.14,4444.02,4441.71,4443.89,264
2026-01-08 06:11:00,4443.89,4445.32,4443.71,4445.14,263
2026-01-08 06:12:00,4445.24,4445.66,4444.02,4444.12,295
2026-01-08 06:13:00,4444.25,4445.36,4442.01,4442.01,249
2026-01-08 06:14:00,4441.99,4442.82,4440.9,4442.66,270
2026-01-08 06:15:00,4442.65,4442.65,4438.32,4438.37,264
2026-01-08 06:16:00,4438.33,4439.86,4437.75,4438.78,310
2026-01-08 06:17:00,4438.67,4438.93,4437.34,4438.38,271
2026-01-08 06:18:00,4438.41,4439.7,4437.41,4438.53,274
2026-01-08 06:19:00,4438.62,4441.86,4438.56,4441.29,251
2026-01-08 06:20:00,4441.24,4442.34,4440.94,4442.16,229
2026-01-08 06:21:00,4442.36,4444.23,4442.24,4443.99,285
2026-01-08 06:22:00,4444.04,4444.84,4443.34,4444.04,218
2026-01-08 06:23:00,4443.75,4444.15,4443.2,4443.94,226
2026-01-08 06:24:00,4443.99,4444.21,4442.69,4443.61,210
2026-01-08 06:25:00,4443.57,4444.44,4443.32,4444.31,198
2026-01-08 06:26:00,4444.41,4445.83,4443.78,4445.71,229
2026-01-08 06:27:00,4445.71,4445.75,4444.7,4444.73,264
2026-01-08 06:28:00,4444.71,4445.04,4444.07,4444.39,251
2026-01-08 06:29:00,4444.38,4445.03,4443.89,4444.3,264
2026-01-08 06:30:00,4444.29,4444.55,4443.62,4444.53,183
2026-01-08 06:31:00,4444.44,4446.54,4444.11,4444.78,223
2026-01-08 06:32:00,4444.79,4445.62,4444.56,4444.58,172
2026-01-08 06:33:00,4444.57,4444.67,4444.01,4444.01,134
2026-01-08 06:34:00,4443.99,4444.37,4443.5,4443.54,149
2026-01-08 06:35:00,4443.06,4443.09,4442.05,4442.16,130
2026-01-08 06:36:00,4442.06,4442.15,4440.47,4441.27,116
2026-01-08 06:37:00,4441.28,4441.29,4440.26,4440.35,113
2026-01-08 06:38:00,4440.48,4441.03,4440.27,4440.73,97
2026-01-08 06:39:00,4440.66,4440.88,4440.06,4440.88,121
2026-01-08 06:40:00,4441.02,4442.06,4440.88,4441.52,163
2026-01-08 06:41:00,4441.52,4441.52,4440.69,4441.26,117
2026-01-08 06:42:00,4441.22,4441.68,4441.18,4441.68,133
2026-01-08 06:43:00,4441.38,4442.26,4441.09,4441.53,148
2026-01-08 06:44:00,4441.43,4442.05,4440.99,4442.0,142
2026-01-08 06:45:00,4442.01,4442.01,4440.92,4441.33,137
2026-01-08 06:46:00,4441.32,4442.21,4440.94,4441.94,135
2026-01-08 06:47:00,4441.95,4442.71,4441.83,4442.14,164
2026-01-08 06:48:00,4442.48,4442.79,4442.17,4442.62,153
2026-01-08 06:49:00,4442.62,4442.62,4441.97,4442.14,121
2026-01-08 06:50:00,4441.99,4442.57,4441.3,4442.49,154
2026-01-08 06:51:00,4442.44,4442.62,4440.45,4440.59,155
2026-01-08 06:52:00,4440.67,4441.37,4440.61,4440.78,186
2026-01-08 06:53:00,4440.82,4441.05,4439.93,4440.11,204
2026-01-08 06:54:00,4440.1,4440.34,4439.58,4440.08,213
2026-01-08 06:55:00,4440.14,4440.27,4438.83,4439.19,182
2026-01-08 06:56:00,4439.19,4439.19,4438.16,4438.81,199
2026-01-08 06:57:00,4438.71,4440.68,4438.68,4440.55,157
2026-01-08 06:58:00,4440.53,4441.12,4440.33,4440.35,136
2026-01-08 06:59:00,4440.35,4440.88,4439.94,4440.25,151
2026-01-08 07:00:00,4440.12,4440.12,4438.43,4438.5,133
2026-01-08 07:01:00,4438.44,4439.03,4437.54,4437.78,189
2026-01-08 07:02:00,4437.72,4438.45,4437.35,4437.79,133
2026-01-08 07:03:00,4437.82,4438.44,4437.29,4437.46,190
2026-01-08 07:04:00,4437.45,4438.13,4437.37,4438.09,193
2026-01-08 07:05:00,4438.08,4438.96,4438.08,4438.69,133
2026-01-08 07:06:00,4438.68,4438.84,4438.03,4438.03,111
2026-01-08 07:07:00,4438.08,4438.74,4436.77,4438.44,155
2026-01-08 07:08:00,4438.34,4438.5,4437.67,4438.5,130
2026-01-08 07:09:00,4438.55,4438.7,4437.97,4438.43,95
2026-01-08 07:10:00,4438.33,4438.8,4438.07,4438.37,130
2026-01-08 07:11:00,4438.36,4439.17,4438.33,4438.77,87
2026-01-08 07:12:00,4438.79,4439.04,4437.91,4438.58,81
2026-01-08 07:13:00,4438.53,4439.37,4438.18,4439.1,116
2026-01-08 07:14:00,4439.11,4440.23,4439.11,4440.12,140
2026-01-08 07:15:00,4440.02,4440.12,4439.62,4439.77,115
2026-01-08 07:16:00,4439.76,4439.99,4439.56,4439.75,155
2026-01-08 07:17:00,4439.68,4440.07,4439.63,4439.98,84
2026-01-08 07:18:00,4439.96,4439.96,4439.3,4439.85,64
2026-01-08 07:19:00,4439.86,4440.49,4439.73,4440.31,85
2026-01-08 07:20:00,4440.26,4440.26,4439.55,4439.82,80
2026-01-08 07:21:00,4439.81,4440.08,4439.17,4439.17,98
2026-01-08 07:22:00,4438.5,4438.82,4437.59,4438.18,156
2026-01-08 07:23:00,4438.13,4438.28,4438.01,4438.06,53
2026-01-08 07:24:00,4438.01,4438.01,4436.94,4437.11,143
2026-01-08 07:25:00,4437.1,4437.78,4436.65,4437.65,124
2026-01-08 07:26:00,4437.77,4438.99,4437.56,4438.7,132
2026-01-08 07:27:00,4438.53,4439.23,4438.13,4439.23,139
2026-01-08 07:28:00,4439.22,4439.52,4436.97,4437.27,205
2026-01-08 07:29:00,4437.08,4437.85,4436.65,4436.68,164
2026-01-08 07:30:00,4436.5,4437.36,4435.84,4435.85,175
2026-01-08 07:31:00,4435.97,4436.22,4435.77,4436.22,154
2026-01-08 07:32:00,4436.14,4436.56,4435.81,4435.84,135
2026-01-08 07:33:00,4435.82,4438.29,4435.82,4437.6,201
2026-01-08 07:34:00,4437.72,4438.78,4437.72,4438.4,148
2026-01-08 07:35:00,4438.32,4438.33,4436.16,4436.35,171
2026-01-08 07:36:00,4436.37,4436.38,4434.53,4434.75,188
2026-01-08 07:37:00,4434.82,4435.73,4434.63,4434.88,167
2026-01-08 07:38:00,4434.91,4434.96,4434.65,4434.66,147
2026-01-08 07:39:00,4434.67,4435.25,4434.67,4434.7,147
2026-01-08 07:40:00,4434.66,4435.53,4434.46,4434.91,166
2026-01-08 07:41:00,4434.93,4435.33,4434.14,4434.3,214
2026-01-08 07:42:00,4434.31,4434.65,4433.87,4433.97,199
2026-01-08 07:43:00,4433.93,4434.05,4433.04,4433.06,192
2026-01-08 07:44:00,4432.85,4433.26,4432.02,4432.03,218
2026-01-08 07:45:00,4432.09,4432.27,4430.96,4431.88,226
2026-01-08 07:46:00,4431.87,4432.45,4430.86,4431.76,223
2026-01-08 07:47:00,4431.77,4431.84,4430.63,4430.79,124
2026-01-08 07:48:00,4430.79,4431.39,4430.41,4430.61,154
2026-01-08 07:49:00,4430.62,4431.36,4430.47,4431.25,162
2026-01-08 07:50:00,4431.27,4431.27,4430.46,4430.75,177
2026-01-08 07:51:00,4430.86,4432.16,4430.83,4431.77,148
2026-01-08 07:52:00,4431.82,4431.88,4430.28,4430.9,239
2026-01-08 07:53:00,4430.85,4431.07,4430.33,4430.47,181
2026-01-08 07:54:00,4430.45,4433.16,4430.44,4432.7,181
2026-01-08 07:55:00,4432.72,4432.75,4430.63,4431.03,158
2026-01-08 07:56:00,4431.15,4432.39,4430.99,4432.35,181
2026-01-08 07:57:00,4432.33,4432.75,4432.2,4432.34,125
2026-01-08 07:58:00,4432.78,4432.8,4431.82,4431.92,151
2026-01-08 07:59:00,4431.92,4432.15,4431.54,4431.58,143
2026-01-08 08:00:00,4431.49,4431.54,4430.59,4431.38,210
2026-01-08 08:01:00,4431.3,4431.91,4431.29,4431.82,186
2026-01-08 08:02:00,4431.79,4432.38,4430.38,4430.55,229
2026-01-08 08:03:00,4430.66,4430.9,4430.38,4430.87,160
2026-01-08 08:04:00,4430.89,4430.96,4430.25,4430.44,228
2026-01-08 08:05:00,4430.22,4430.41,4427.37,4428.67,230
2026-01-08 08:06:00,4428.62,4428.9,4426.91,4427.72,267
2026-01-08 08:07:00,4427.79,4429.29,4427.6,4429.29,226
2026-01-08 08:08:00,4429.4,4430.02,4428.06,4428.15,226
2026-01-08 08:09:00,4428.38,4428.55,4427.52,4427.85,209
2026-01-08 08:10:00,4427.87,4429.0,4427.41,4427.71,237
2026-01-08 08:11:00,4427.76,4428.81,4426.57,4427.03,256
2026-01-08 08:12:00,4426.98,4427.59,4426.39,4427.2,238
2026-01-08 08:13:00,4427.24,4427.89,4425.88,4427.79,270
2026-01-08 08:14:00,4427.66,4428.24,4427.23,4427.32,212
2026-01-08 08:15:00,4427.21,4427.21,4425.58,4425.82,198
2026-01-08 08:16:00,4425.73,4425.97,4423.07,4425.6,197
2026-01-08 08:17:00,4425.63,4427.97,4425.5,4426.56,247
2026-01-08 08:18:00,4426.52,4426.66,4425.05,4425.19,202
2026-01-08 08:19:00,4425.13,4426.37,4424.57,4426.37,197
2026-01-08 08:20:00,4426.4,4427.4,4425.67,4427.01,293
2026-01-08 08:21:00,4426.7,4428.56,4425.91,4428.2,236
2026-01-08 08:22:00,4428.26,4429.34,4428.24,4429.02,192
2026-01-08 08:23:00,4429.08,4429.54,4428.91,4429.38,185
2026-01-08 08:24:00,4429.31,4429.31,4428.69,4429.18,168
2026-01-08 08:25:00,4428.67,4428.67,4426.46,4426.88,254
2026-01-08 08:26:00,4427.21,4427.48,4425.59,4426.63,219
2026-01-08 08:27:00,4426.69,4426.69,4424.74,4425.14,221
2026-01-08 08:28:00,4425.05,4426.18,4423.9,4423.9,222
2026-01-08 08:29:00,4423.94,4426.25,4423.94,4426.12,261
2026-01-08 08:30:00,4426.17,4426.59,4420.98,4424.44,349
2026-01-08 08:31:00,4424.25,4424.4,4421.76,4423.31,368
2026-01-08 08:32:00,4423.71,4423.71,4419.62,4420.37,352
2026-01-08 08:33:00,4421.25,4421.92,4419.46,4420.75,359
2026-01-08 08:34:00,4420.66,4423.4,4419.08,4422.94,333
2026-01-08 08:35:00,4423.05,4423.05,4420.54,4420.89,330
2026-01-08 08:36:00,4421.02,4425.93,4420.58,4425.62,326
2026-01-08 08:37:00,4425.57,4426.04,4422.2,4422.52,339
2026-01-08 08:38:00,4422.56,4422.7,4420.66,4422.38,343
2026-01-08 08:39:00,4422.18,4425.18,4422.18,4424.62,344
2026-01-08 08:40:00,4424.71,4426.25,4424.24,4426.25,319
2026-01-08 08:41:00,4426.28,4426.4,4420.53,4420.67,316
2026-01-08 08:42:00,4421.81,4421.81,4419.39,4419.43,348
2026-01-08 08:43:00,4419.8,4420.56,4416.71,4417.03,354
2026-01-08 08:44:00,4416.73,4418.75,4415.74,4418.55,335
2026-01-08 08:45:00,4418.8,4419.77,4415.72,4419.24,347
2026-01-08 08:46:00,4419.25,4421.85,4418.36,4420.39,331
2026-01-08 08:47:00,4420.44,4422.79,4420.44,4421.28,307
2026-01-08 08:48:00,4421.23,4421.91,4420.81,4421.49,279
2026-01-08 08:49:00,4421.82,4422.96,4420.95,4421.01,296
2026-01-08 08:50:00,4421.07,4422.34,4420.69,4421.12,292
2026-01-08 08:51:00,4421.09,4421.82,4419.0,4419.41,309
2026-01-08 08:52:00,4419.4,4421.2,4418.96,4419.27,298
2026-01-08 08:53:00,4419.42,4420.95,4418.13,4418.59,304
2026-01-08 08:54:00,4418.58,4419.09,4417.95,4418.86,297
2026-01-08 08:55:00,4418.92,4423.7,4418.91,4423.57,297
2026-01-08 08:56:00,4423.52,4426.11,4423.52,4425.98,280
2026-01-08 08:57:00,4425.98,4427.7,4425.98,4427.39,283
2026-01-08 08:58:00,4427.31,4427.84,4425.9,4425.92,295
2026-01-08 08:59:00,4425.96,4426.23,4424.31,4425.55,249
2026-01-08 09:00:00,4425.55,4429.34,4422.33,4427.98,278
2026-01-08 09:01:00,4427.69,4428.59,4427.39,4427.82,256
2026-01-08 09:02:00,4427.72,4428.08,4426.71,4427.43,254
2026-01-08 09:03:00,4427.27,4427.81,4424.08,4424.19,328
2026-01-08 09:04:00,4424.09,4424.09,4418.17,4418.5,343
2026-01-08 09:05:00,4418.3,4421.51,4417.01,4417.07,323
2026-01-08 09:06:00,4417.04,4418.96,4416.14,4418.17,297
2026-01-08 09:07:00,4418.03,4419.89,4417.07,4419.69,317
2026-01-08 09:08:00,4419.67,4420.97,4418.43,4418.77,294
2026-01-08 09:09:00,4418.74,4420.35,4418.26,4419.74,305
2026-01-08 09:10:00,4419.41,4422.28,4419.37,4420.97,310
2026-01-08 09:11:00,4420.93,4421.79,4418.79,4421.79,310
2026-01-08 09:12:00,4421.56,4422.64,4420.83,4421.59,319
2026-01-08 09:13:00,4421.51,4422.24,4420.06,4421.15,319
2026-01-08 09:14:00,4421.14,4422.13,4420.42,4421.0,304
2026-01-08 09:15:00,4420.92,4424.27,4420.3,4423.33,321
2026-01-08 09:16:00,4423.44,4424.26,4421.25,4421.58,309
2026-01-08 09:17:00,4421.68,4422.29,4418.63,4420.29,346
2026-01-08 09:18:00,4420.09,4424.01,4420.04,4423.05,341
2026-01-08 09:19:00,4423.06,4423.13,4421.39,4421.69,308
2026-01-08 09:20:00,4421.68,4423.37,4419.48,4423.0,297
2026-01-08 09:21:00,4423.05,4425.12,4423.05,4424.78,307
2026-01-08 09:22:00,4424.69,4425.47,4424.45,4424.99,274
2026-01-08 09:23:00,4425.03,4425.29,4422.62,4423.03,265
2026-01-08 09:24:00,4423.04,4425.6,4422.99,4425.19,269
2026-01-08 09:25:00,4425.16,4427.85,4425.14,4427.66,260
2026-01-08 09:26:00,4427.78,4428.33,4425.97,4426.09,277
2026-01-08 09:27:00,4426.51,4426.65,4425.41,4425.65,295
2026-01-08 09:28:00,4425.77,4427.0,4425.52,4426.02,231
2026-01-08 09:29:00,4425.72,4426.42,4425.22,4426.2,256
2026-01-08 09:30:00,4426.28,4428.97,4426.28,4428.94,267
2026-01-08 09:31:00,4428.94,4431.09,4428.58,4430.76,266
2026-01-08 09:32:00,4430.87,4433.47,4430.76,4433.14,292
2026-01-08 09:33:00,4433.15,4435.14,4432.97,4434.77,329
2026-01-08 09:34:00,4434.29,4434.29,4431.38,4431.61,281
2026-01-08 09:35:00,4431.7,4434.15,4431.66,4433.39,285
2026-01-08 09:36:00,4433.77,4436.45,4433.57,4435.18,308
2026-01-08 09:37:00,4435.22,4436.12,4434.58,4435.96,302
2026-01-08 09:38:00,4435.95,4437.48,4435.63,4437.29,246
2026-01-08 09:39:00,4437.27,4437.83,4434.85,4434.88,281
2026-01-08 09:40:00,4434.87,4435.98,4434.63,4435.57,267
2026-01-08 09:41:00,4435.6,4436.46,4434.6,4435.07,238
2026-01-08 09:42:00,4435.12,4435.12,4433.9,4434.62,245
2026-01-08 09:43:00,4434.61,4435.51,4434.53,4434.88,242
2026-01-08 09:44:00,4434.6,4436.31,4434.56,4435.68,225
2026-01-08 09:45:00,4435.69,4436.19,4431.57,4431.74,304
2026-01-08 09:46:00,4431.67,4433.3,4431.66,4431.93,300
2026-01-08 09:47:00,4431.88,4433.3,4429.98,4433.3,302
2026-01-08 09:48:00,4433.4,4434.31,4432.35,4432.75,272
2026-01-08 09:49:00,4432.73,4433.84,4432.73,4433.53,266
2026-01-08 09:50:00,4433.52,4434.11,4432.61,4433.1,300
2026-01-08 09:51:00,4433.08,4433.72,4432.11,4433.57,276
2026-01-08 09:52:00,4433.11,4433.63,4432.82,4433.32,271
2026-01-08 09:53:00,4433.47,4434.45,4432.88,4433.98,287
2026-01-08 09:54:00,4434.06,4435.51,4434.03,4435.18,309
2026-01-08 09:55:00,4435.24,4435.33,4434.07,4434.32,315
2026-01-08 09:56:00,4434.26,4436.07,4434.26,4435.89,279
2026-01-08 09:57:00,4435.9,4435.9,4434.62,4434.78,282
2026-01-08 09:58:00,4434.9,4435.56,4434.19,4435.06,275
2026-01-08 09:59:00,4434.97,4435.01,4433.22,4433.36,253
2026-01-08 10:00:00,4433.52,4434.98,4433.0,4434.64,204
2026-01-08 10:01:00,4434.89,4436.06,4432.66,4432.94,233
2026-01-08 10:02:00,4432.89,4434.38,4432.12,4434.12,249
2026-01-08 10:03:00,4434.18,4435.01,4433.51,4434.0,219
2026-01-08 10:04:00,4434.02,4434.02,4432.38,4432.69,220
2026-01-08 10:05:00,4432.55,4434.53,4432.26,4434.47,232
2026-01-08 10:06:00,4434.44,4435.39,4434.12,4434.89,145
2026-01-08 10:07:00,4435.01,4435.62,4434.78,4435.62,198
2026-01-08 10:08:00,4435.65,4438.42,4435.65,4437.91,313
2026-01-08 10:09:00,4437.88,4439.35,4437.59,4437.75,258
2026-01-08 10:10:00,4437.37,4438.44,4437.34,4437.75,187
2026-01-08 10:11:00,4437.77,4439.73,4437.47,4437.8,257
2026-01-08 10:12:00,4437.63,4437.75,4436.66,4437.66,226
2026-01-08 10:13:00,4437.65,4438.42,4437.06,4437.19,189
2026-01-08 10:14:00,4437.23,4437.76,4435.73,4436.02,219
2026-01-08 10:15:00,4436.0,4436.11,4434.14,4434.47,187
2026-01-08 10:16:00,4434.52,4435.25,4433.57,4435.16,258
2026-01-08 10:17:00,4435.18,4435.38,4434.47,4434.78,181
2026-01-08 10:18:00,4434.79,4435.09,4433.17,4433.22,192
2026-01-08 10:19:00,4433.28,4434.69,4432.88,4434.48,170
2026-01-08 10:20:00,4434.49,4435.25,4434.49,4435.23,172
2026-01-08 10:21:00,4435.09,4435.88,4434.25,4434.77,178
2026-01-08 10:22:00,4434.69,4435.6,4433.43,4433.49,188
2026-01-08 10:23:00,4433.37,4433.84,4432.07,4433.36,214
2026-01-08 10:24:00,4433.41,4434.23,4433.36,4433.76,217
2026-01-08 10:25:00,4433.78,4434.03,4431.29,4432.97,255
2026-01-08 10:26:00,4432.69,4433.9,4430.85,4433.38,308
2026-01-08 10:27:00,4433.4,4433.89,4432.51,4433.66,197
2026-01-08 10:28:00,4433.65,4434.14,4433.38,4433.91,219
2026-01-08 10:29:00,4433.88,4436.98,4433.7,4436.52,205
2026-01-08 10:30:00,4436.33,4436.76,4435.3,4435.31,258
2026-01-08 10:31:00,4435.29,4435.29,4432.56,4432.74,223
2026-01-08 10:32:00,4432.75,4434.0,4432.22,4433.89,190
2026-01-08 10:33:00,4433.93,4435.51,4433.88,4433.96,173
2026-01-08 10:34:00,4433.94,4434.44,4433.04,4434.08,155
2026-01-08 10:35:00,4434.05,4434.8,4433.8,4433.8,191
2026-01-08 10:36:00,4433.99,4434.6,4433.78,4434.6,182
2026-01-08 10:37:00,4434.53,4435.22,4434.11,4435.12,160
2026-01-08 10:38:00,4435.2,4435.33,4433.05,4433.06,180
2026-01-08 10:39:00,4433.02,4433.93,4432.69,4432.81,132
2026-01-08 10:40:00,4432.73,4434.63,4431.1,4434.19,268
2026-01-08 10:41:00,4434.16,4434.7,4432.17,4433.98,185
2026-01-08 10:42:00,4433.71,4433.71,4432.96,4433.32,120
2026-01-08 10:43:00,4433.28,4433.46,4432.25,4432.75,115
2026-01-08 10:44:00,4432.85,4433.02,4431.22,4431.4,151
2026-01-08 10:45:00,4431.02,4432.4,4430.14,4432.4,230
2026-01-08 10:46:00,4431.96,4432.15,4430.63,4431.09,201
2026-01-08 10:47:00,4431.28,4432.11,4430.65,4431.94,185
2026-01-08 10:48:00,4431.93,4431.93,4428.63,4428.81,228
2026-01-08 10:49:00,4428.87,4429.65,4428.43,4429.57,226
2026-01-08 10:50:00,4429.43,4430.54,4429.24,4429.74,185
2026-01-08 10:51:00,4429.8,4430.02,4428.65,4429.38,201
2026-01-08 10:52:00,4429.32,4431.58,4429.32,4430.81,180
2026-01-08 10:53:00,4430.93,4431.71,4430.49,4431.66,175
2026-01-08 10:54:00,4431.7,4432.96,4431.41,4432.79,175
2026-01-08 10:55:00,4432.75,4432.75,4431.6,4432.44,200
2026-01-08 10:56:00,4432.04,4433.86,4431.89,4432.79,237
2026-01-08 10:57:00,4432.75,4432.81,4431.9,4431.91,212
2026-01-08 10:58:00,4431.85,4433.1,4431.35,4431.58,218
2026-01-08 10:59:00,4431.58,4431.89,4430.75,4430.89,237
2026-01-08 11:00:00,4430.8,4431.67,4430.26,4430.51,187
2026-01-08 11:01:00,4430.51,4430.65,4428.56,4429.87,285
2026-01-08 11:02:00,4429.91,4429.98,4428.1,4429.05,280
2026-01-08 11:03:00,4429.31,4430.21,4427.48,4428.2,274
2026-01-08 11:04:00,4428.14,4429.09,4425.8,4425.8,241
2026-01-08 11:05:00,4425.77,4429.7,4425.67,4429.03,258
2026-01-08 11:06:00,4429.05,4429.46,4427.64,4428.65,254
2026-01-08 11:07:00,4428.62,4428.65,4427.61,4427.61,222
2026-01-08 11:08:00,4427.63,4428.89,4427.56,4428.5,184
2026-01-08 11:09:00,4428.49,4432.46,4428.49,4432.46,261
2026-01-08 11:10:00,4432.32,4432.78,4431.66,4432.17,246
2026-01-08 11:11:00,4432.28,4433.27,4430.61,4430.64,245
2026-01-08 11:12:00,4430.29,4430.35,4428.95,4428.95,210
2026-01-08 11:13:00,4428.63,4428.81,4427.44,4428.65,188
2026-01-08 11:14:00,4428.31,4428.31,4425.73,4425.88,233
2026-01-08 11:15:00,4425.76,4427.11,4425.38,4426.65,243
2026-01-08 11:16:00,4426.5,4430.56,4426.37,4430.02,264
2026-01-08 11:17:00,4429.99,4430.65,4429.92,4430.1,214
2026-01-08 11:18:00,4430.08,4430.39,4429.24,4429.84,194
2026-01-08 11:19:00,4429.78,4429.91,4428.88,4428.94,142
2026-01-08 11:20:00,4428.97,4430.13,4428.35,4430.09,212
2026-01-08 11:21:00,4430.06,4430.67,4429.16,4429.38,183
2026-01-08 11:22:00,4429.48,4429.76,4429.36,4429.58,124
2026-01-08 11:23:00,4429.61,4429.62,4428.13,4428.13,155
2026-01-08 11:24:00,4428.02,4428.19,4427.18,4427.18,108
2026-01-08 11:25:00,4427.28,4428.57,4426.57,4428.08,175
2026-01-08 11:26:00,4428.07,4428.63,4427.36,4428.14,146
2026-01-08 11:27:00,4428.02,4429.71,4427.38,4429.59,166
2026-01-08 11:28:00,4429.6,4430.33,4428.94,4429.23,155
2026-01-08 11:29:00,4429.19,4429.25,4426.54,4426.92,174
2026-01-08 11:30:00,4426.86,4428.65,4426.7,4427.84,167
2026-01-08 11:31:00,4427.77,4427.91,4426.53,4426.79,171
2026-01-08 11:32:00,4426.76,4427.1,4426.21,4426.25,179
2026-01-08 11:33:00,4426.23,4426.35,4423.83,4424.37,270
2026-01-08 11:34:00,4424.38,4424.68,4423.37,4424.6,261
2026-01-08 11:35:00,4424.34,4424.34,4421.7,4422.16,294
2026-01-08 11:36:00,4421.92,4423.99,4421.66,4423.9,223
2026-01-08 11:37:00,4423.88,4424.45,4422.43,4422.76,233
2026-01-08 11:38:00,4422.54,4422.64,4421.18,4422.1,288
2026-01-08 11:39:00,4421.43,4421.95,4420.65,4421.13,273
2026-01-08 11:40:00,4421.11,4423.86,4420.77,4422.91,249
2026-01-08 11:41:00,4423.05,4423.25,4422.37,4422.57,239
2026-01-08 11:42:00,4422.65,4422.9,4422.45,4422.52,205
2026-01-08 11:43:00,4422.54,4422.58,4419.92,4420.38,255
2026-01-08 11:44:00,4420.4,4421.51,4420.11,4421.09,255
2026-01-08 11:45:00,4421.31,4424.26,4421.18,4423.81,275
2026-01-08 11:46:00,4423.91,4423.91,4420.98,4421.67,300
2026-01-08 11:47:00,4421.63,4423.94,4421.39,4423.7,267
2026-01-08 11:48:00,4423.78,4423.78,4422.04,4423.56,242
2026-01-08 11:49:00,4423.6,4424.22,4423.24,4424.19,209
2026-01-08 11:50:00,4424.18,4425.5,4424.01,4424.67,262
2026-01-08 11:51:00,4424.7,4424.71,4422.71,4422.88,214
2026-01-08 11:52:00,4422.81,4423.66,4422.5,4423.27,204
2026-01-08 11:53:00,4423.29,4428.44,4423.04,4428.35,279
2026-01-08 11:54:00,4428.41,4428.46,4426.99,4427.76,229
2026-01-08 11:55:00,4427.67,4428.69,4426.12,4427.0,265
2026-01-08 11:56:00,4426.99,4430.75,4426.87,4430.75,284
2026-01-08 11:57:00,4430.61,4431.99,4430.6,4431.64,251
2026-01-08 11:58:00,4431.58,4432.62,4431.17,4431.75,287
2026-01-08 11:59:00,4431.78,4432.95,4431.7,4431.7,265
2026-01-08 12:00:00,4431.49,4434.96,4431.49,4434.84,270
2026-01-08 12:01:00,4434.92,4435.47,4434.3,4434.36,219
2026-01-08 12:02:00,4434.22,4435.3,4433.5,4435.3,231
2026-01-08 12:03:00,4434.99,4434.99,4432.6,4433.33,228
2026-01-08 12:04:00,4433.3,4433.34,4431.09,4431.4,260
2026-01-08 12:05:00,4431.47,4432.42,4430.97,4431.5,182
2026-01-08 12:06:00,4431.52,4432.81,4431.06,4432.62,198
2026-01-08 12:07:00,4432.58,4434.32,4432.58,4434.06,206
2026-01-08 12:08:00,4434.04,4434.55,4433.67,4434.29,178
2026-01-08 12:09:00,4434.27,4434.5,4432.85,4432.97,241
2026-01-08 12:10:00,4432.94,4432.99,4432.13,4432.68,227
2026-01-08 12:11:00,4432.76,4434.76,4432.32,4434.75,189
2026-01-08 12:12:00,4434.72,4435.02,4432.99,4433.21,239
2026-01-08 12:13:00,4433.13,4433.13,4430.84,4431.08,164
2026-01-08 12:14:00,4431.22,4431.4,4430.55,4430.95,232
2026-01-08 12:15:00,4430.97,4431.17,4429.43,4430.13,197
2026-01-08 12:16:00,4430.23,4430.68,4429.57,4429.95,177
2026-01-08 12:17:00,4430.64,4431.18,4428.73,4428.73,208
2026-01-08 12:18:00,4428.75,4429.16,4426.5,4426.55,231
2026-01-08 12:19:00,4426.57,4427.16,4426.03,4426.46,233
2026-01-08 12:20:00,4426.44,4428.44,4426.04,4428.01,249
2026-01-08 12:21:00,4428.02,4428.47,4427.41,4428.42,242
2026-01-08 12:22:00,4428.39,4429.1,4427.14,4427.55,238
2026-01-08 12:23:00,4427.22,4428.2,4426.89,4427.38,213
2026-01-08 12:24:00,4427.33,4428.45,4426.83,4427.64,213
2026-01-08 12:25:00,4427.57,4428.24,4427.47,4427.86,189
2026-01-08 12:26:00,4427.88,4429.3,4427.88,4429.11,223
2026-01-08 12:27:00,4429.05,4430.74,4429.05,4429.78,188
2026-01-08 12:28:00,4429.77,4431.11,4429.77,4430.18,191
2026-01-08 12:29:00,4430.2,4430.98,4430.2,4430.33,192
2026-01-08 12:30:00,4430.35,4430.93,4429.78,4430.43,180
2026-01-08 12:31:00,4430.45,4432.98,4430.38,4432.45,252
2026-01-08 12:32:00,4432.58,4433.89,4432.58,4433.64,194
2026-01-08 12:33:00,4433.43,4433.96,4432.34,4433.91,179
2026-01-08 12:34:00,4433.79,4434.82,4433.79,4434.43,174
2026-01-08 12:35:00,4434.49,4434.49,4432.26,4432.91,183
2026-01-08 12:36:00,4432.9,4433.06,4431.84,4432.9,183
2026-01-08 12:37:00,4432.93,4434.31,4432.66,4432.7,242
2026-01-08 12:38:00,4432.83,4433.54,4432.41,4432.48,163
2026-01-08 12:39:00,4432.43,4433.01,4432.3,4432.63,108
2026-01-08 12:40:00,4432.66,4433.6,4432.66,4432.97,176
2026-01-08 12:41:00,4432.91,4434.49,4432.69,4434.16,211
2026-01-08 12:42:00,4434.15,4434.61,4433.0,4433.44,210
2026-01-08 12:43:00,4433.45,4434.17,4433.44,4433.62,188
2026-01-08 12:44:00,4433.6,4433.6,4432.69,4433.32,158
2026-01-08 12:45:00,4433.2,4433.35,4432.5,4432.5,153
2026-01-08 12:46:00,4432.48,4432.53,4430.77,4431.07,196
2026-01-08 12:47:00,4430.93,4431.65,4430.72,4430.81,157
2026-01-08 12:48:00,4430.85,4430.85,4429.11,4429.16,174
2026-01-08 12:49:00,4429.18,4431.15,4429.18,4430.91,204
2026-01-08 12:50:00,4430.99,4431.36,4430.27,4431.16,171
2026-01-08 12:51:00,4431.11,4432.11,4430.93,4431.0,158
2026-01-08 12:52:00,4430.92,4431.26,4430.54,4430.54,196
2026-01-08 12:53:00,4430.56,4431.24,4430.46,4431.04,126
2026-01-08 12:54:00,4431.14,4432.33,4431.11,4431.82,162
2026-01-08 12:55:00,4431.69,4432.98,4431.69,4432.75,211
2026-01-08 12:56:00,4432.77,4433.37,4432.28,4433.02,185
2026-01-08 12:57:00,4433.06,4433.12,4432.39,4433.05,127
2026-01-08 12:58:00,4433.07,4433.15,4432.71,4432.91,88
2026-01-08 12:59:00,4432.88,4432.88,4431.97,4432.65,149
2026-01-08 13:00:00,4432.6,4432.7,4431.77,4432.17,148
2026-01-08 13:01:00,4432.16,4432.16,4430.94,4431.46,160
2026-01-08 13:02:00,4431.44,4432.05,4430.97,4431.79,188
2026-01-08 13:03:00,4431.77,4431.77,4430.6,4430.91,184
2026-01-08 13:04:00,4430.84,4430.9,4430.14,4430.14,203
2026-01-08 13:05:00,4429.89,4430.18,4428.52,4428.89,242
2026-01-08 13:06:00,4428.94,4429.67,4428.74,4429.54,195
2026-01-08 13:07:00,4429.49,4429.65,4427.74,4428.06,176
2026-01-08 13:08:00,4428.08,4428.98,4427.97,4428.41,152
2026-01-08 13:09:00,4428.38,4429.3,4428.38,4428.67,166
2026-01-08 13:10:00,4428.66,4429.04,4427.93,4428.82,196
2026-01-08 13:11:00,4428.89,4428.92,4427.6,4428.14,200
2026-01-08 13:12:00,4428.42,4428.93,4428.21,4428.59,206
2026-01-08 13:13:00,4428.55,4429.95,4428.02,4429.66,186
2026-01-08 13:14:00,4429.71,4429.83,4428.66,4429.31,161
2026-01-08 13:15:00,4429.29,4430.58,4428.94,4430.29,181
2026-01-08 13:16:00,4430.22,4430.27,4428.15,4428.15,219
2026-01-08 13:17:00,4428.12,4428.12,4426.61,4426.64,277
2026-01-08 13:18:00,4426.52,4427.5,4425.73,4426.47,233
2026-01-08 13:19:00,4426.1,4426.4,4424.3,4424.3,177
2026-01-08 13:20:00,4424.34,4425.37,4423.14,4424.45,244
2026-01-08 13:21:00,4424.51,4424.57,4423.08,4423.82,182
2026-01-08 13:22:00,4423.83,4426.2,4423.5,4425.46,225
2026-01-08 13:23:00,4425.39,4426.15,4424.75,4425.9,206
2026-01-08 13:24:00,4425.91,4426.57,4425.54,4425.9,141
2026-01-08 13:25:00,4425.95,4426.39,4425.6,4426.16,169
2026-01-08 13:26:00,4426.12,4426.29,4425.42,4426.1,155
2026-01-08 13:27:00,4426.15,4427.42,4426.15,4427.29,163
2026-01-08 13:28:00,4427.31,4427.32,4423.89,4423.99,221
2026-01-08 13:29:00,4423.94,4425.02,4423.86,4424.65,175
2026-01-08 13:30:00,4424.6,4425.72,4423.62,4425.57,205
2026-01-08 13:31:00,4425.59,4427.71,4425.3,4427.64,238
2026-01-08 13:32:00,4427.62,4429.29,4427.01,4429.28,167
2026-01-08 13:33:00,4429.21,4431.42,4429.11,4431.15,213
2026-01-08 13:34:00,4431.13,4431.69,4430.75,4431.26,162
2026-01-08 13:35:00,4431.35,4431.67,4430.79,4431.56,171
2026-01-08 13:36:00,4431.66,4432.04,4430.86,4431.48,203
2026-01-08 13:37:00,4431.46,4432.09,4431.44,4432.08,176
2026-01-08 13:38:00,4432.12,4433.2,4432.12,4432.67,203
2026-01-08 13:39:00,4432.64,4432.79,4431.95,4432.04,132
2026-01-08 13:40:00,4432.14,4433.5,4432.14,4433.43,159
2026-01-08 13:41:00,4433.34,4433.73,4433.07,4433.68,166
2026-01-08 13:42:00,4433.65,4434.78,4432.07,4432.25,158
2026-01-08 13:43:00,4432.27,4432.5,4432.02,4432.5,91
2026-01-08 13:44:00,4432.4,4432.63,4432.2,4432.63,92
2026-01-08 13:45:00,4432.43,4432.63,4430.94,4431.78,93
2026-01-08 13:46:00,4431.67,4432.57,4430.92,4432.25,133
2026-01-08 13:47:00,4432.19,4433.07,4432.19,4432.38,106
2026-01-08 13:48:00,4432.37,4432.37,4431.11,4431.41,129
2026-01-08 13:49:00,4431.38,4432.05,4431.11,4431.27,130
2026-01-08 13:50:00,4431.32,4432.25,4430.75,4432.24,185
2026-01-08 13:51:00,4432.25,4432.26,4431.36,4431.75,98
2026-01-08 13:52:00,4431.7,4431.7,4430.68,4430.68,114
2026-01-08 13:53:00,4430.69,4431.18,4430.69,4430.9,68
2026-01-08 13:54:00,4431.18,4431.48,4430.9,4431.1,64
2026-01-08 13:55:00,4431.09,4431.09,4430.32,4430.67,58
2026-01-08 13:56:00,4430.62,4431.19,4429.97,4431.19,132
2026-01-08 13:57:00,4431.24,4431.89,4431.12,4431.46,149
2026-01-08 13:58:00,4431.52,4432.68,4431.5,4432.51,155
2026-01-08 13:59:00,4432.66,4433.89,4432.66,4433.24,132
2026-01-08 14:00:00,4432.99,4433.06,4431.24,4432.1,184
2026-01-08 14:01:00,4432.1,4432.62,4431.32,4431.32,207
2026-01-08 14:02:00,4431.33,4431.85,4431.33,4431.81,118
2026-01-08 14:03:00,4431.71,4431.83,4431.0,4431.22,173
2026-01-08 14:04:00,4431.31,4432.45,4431.31,4432.12,133
2026-01-08 14:05:00,4432.05,4432.67,4431.84,4432.21,100
2026-01-08 14:06:00,4432.24,4432.26,4431.01,4431.77,145
2026-01-08 14:07:00,4431.76,4431.76,4430.8,4431.26,183
2026-01-08 14:08:00,4431.22,4431.36,4430.62,4431.33,147
2026-01-08 14:09:00,4431.45,4431.47,4429.16,4429.24,165
2026-01-08 14:10:00,4429.09,4429.09,4427.54,4428.38,203
2026-01-08 14:11:00,4428.33,4430.25,4428.23,4430.25,139
2026-01-08 14:12:00,4430.25,4430.37,4429.55,4429.55,142
2026-01-08 14:13:00,4429.13,4429.75,4429.13,4429.27,150
2026-01-08 14:14:00,4429.32,4429.32,4428.37,4428.37,161
2026-01-08 14:15:00,4428.26,4428.55,4428.04,4428.5,158
2026-01-08 14:16:00,4428.44,4428.44,4427.13,4427.35,196
2026-01-08 14:17:00,4427.25,4429.2,4427.11,4428.2,174
2026-01-08 14:18:00,4428.05,4429.1,4427.71,4428.71,228
2026-01-08 14:19:00,4428.7,4429.57,4428.7,4428.83,169
2026-01-08 14:20:00,4428.84,4428.91,4427.8,4428.57,210
2026-01-08 14:21:00,4428.62,4429.02,4428.2,4428.36,205
2026-01-08 14:22:00,4428.4,4428.64,4427.06,4427.36,209
2026-01-08 14:23:00,4427.36,4427.48,4426.48,4426.63,197
2026-01-08 14:24:00,4426.53,4426.58,4425.76,4425.89,221
2026-01-08 14:25:00,4425.77,4426.05,4424.78,4424.95,254
2026-01-08 14:26:00,4424.93,4426.4,4424.8,4425.86,254
2026-01-08 14:27:00,4425.85,4426.5,4424.94,4426.28,217
2026-01-08 14:28:00,4426.32,4427.9,4425.9,4427.8,196
2026-01-08 14:29:00,4427.86,4428.02,4426.43,4426.45,199
2026-01-08 14:30:00,4426.37,4427.49,4426.07,4426.67,199
2026-01-08 14:31:00,4426.61,4426.85,4424.85,4425.69,220
2026-01-08 14:32:00,4425.59,4426.27,4425.19,4425.4,200
2026-01-08 14:33:00,4425.41,4426.0,4424.77,4424.77,154
2026-01-08 14:34:00,4424.78,4425.28,4424.76,4425.07,187
2026-01-08 14:35:00,4425.08,4425.58,4424.93,4425.24,174
2026-01-08 14:36:00,4425.27,4426.35,4424.83,4426.27,146
2026-01-08 14:37:00,4426.29,4426.94,4425.99,4426.42,170
2026-01-08 14:38:00,4426.47,4426.87,4426.33,4426.52,137
2026-01-08 14:39:00,4426.46,4427.3,4426.42,4427.27,152
2026-01-08 14:40:00,4427.35,4428.09,4427.15,4427.57,187
2026-01-08 14:41:00,4427.59,4427.65,4426.43,4426.95,150
2026-01-08 14:42:00,4426.93,4427.0,4426.53,4426.69,137
2026-01-08 14:43:00,4426.67,4427.27,4426.6,4427.18,174
2026-01-08 14:44:00,4427.19,4427.19,4426.26,4426.46,152
2026-01-08 14:45:00,4426.45,4427.25,4426.35,4427.21,162
2026-01-08 14:46:00,4427.28,4427.28,4425.27,4425.27,139
2026-01-08 14:47:00,4425.25,4425.8,4423.56,4423.72,207
2026-01-08 14:48:00,4423.73,4423.76,4422.21,4422.88,214
2026-01-08 14:49:00,4423.18,4424.99,4422.55,4424.7,213
2026-01-08 14:50:00,4424.93,4425.49,4424.13,4424.35,186
2026-01-08 14:51:00,4424.36,4424.56,4423.26,4424.36,140
2026-01-08 14:52:00,4424.25,4424.65,4423.64,4424.04,145
2026-01-08 14:53:00,4423.81,4424.76,4423.65,4424.27,149
2026-01-08 14:54:00,4424.29,4424.33,4423.87,4423.95,91
2026-01-08 14:55:00,4423.85,4424.33,4423.22,4424.32,138
2026-01-08 14:56:00,4424.4,4425.36,4424.39,4424.78,124
2026-01-08 14:57:00,4424.79,4424.84,4423.41,4424.1,191
2026-01-08 14:58:00,4424.12,4424.58,4423.71,4424.02,219
2026-01-08 14:59:00,4424.25,4424.38,4422.22,4422.77,210
2026-01-08 15:00:00,4422.82,4422.87,4419.61,4420.32,293
2026-01-08 15:01:00,4420.28,4420.72,4417.35,4418.21,291
2026-01-08 15:02:00,4418.13,4418.13,4416.59,4417.76,287
2026-01-08 15:03:00,4417.84,4420.52,4417.1,4419.62,296
2026-01-08 15:04:00,4419.35,4419.4,4415.62,4416.98,305
2026-01-08 15:05:00,4417.03,4417.51,4412.06,4414.03,339
2026-01-08 15:06:00,4414.13,4417.31,4413.15,4416.97,284
2026-01-08 15:07:00,4417.06,4417.29,4414.59,4414.84,289
2026-01-08 15:08:00,4414.84,4416.32,4414.2,4416.23,223
2026-01-08 15:09:00,4416.22,4419.05,4416.22,4418.35,259
2026-01-08 15:10:00,4418.55,4419.27,4417.6,4418.39,267
2026-01-08 15:11:00,4418.38,4418.87,4417.14,4418.15,263
2026-01-08 15:12:00,4418.13,4418.16,4414.28,4414.51,297
2026-01-08 15:13:00,4414.34,4415.59,4414.27,4415.23,251
2026-01-08 15:14:00,4415.22,4415.24,4411.9,4412.34,285
2026-01-08 15:15:00,4412.35,4412.74,4409.77,4410.1,298
2026-01-08 15:16:00,4409.98,4411.9,4407.71,4411.46,357
2026-01-08 15:17:00,4411.61,4412.66,4410.45,4412.45,281
2026-01-08 15:18:00,4412.53,4413.57,4411.67,4411.68,271
2026-01-08 15:19:00,4411.66,4414.36,4411.45,4413.86,266
2026-01-08 15:20:00,4413.81,4415.04,4413.44,4414.72,232
2026-01-08 15:21:00,4414.71,4414.78,4413.63,4414.48,212
2026-01-08 15:22:00,4414.44,4416.47,4414.42,4415.24,256
2026-01-08 15:23:00,4415.15,4415.61,4414.07,4415.19,222
2026-01-08 15:24:00,4415.3,4416.1,4414.97,4415.45,242
2026-01-08 15:25:00,4415.45,4418.95,4413.17,4418.95,283
2026-01-08 15:26:00,4418.93,4421.52,4418.62,4421.39,259
2026-01-08 15:27:00,4421.57,4422.1,4420.7,4421.12,267
2026-01-08 15:28:00,4421.08,4422.31,4420.03,4421.86,236
2026-01-08 15:29:00,4422.07,4422.11,4420.47,4420.47,204
2026-01-08 15:30:00,4420.38,4422.07,4420.19,4421.27,266
2026-01-08 15:31:00,4421.25,4422.76,4421.12,4422.64,208
2026-01-08 15:32:00,4422.75,4424.54,4422.12,4424.09,270
2026-01-08 15:33:00,4424.14,4426.22,4424.13,4425.19,277
2026-01-08 15:34:00,4425.14,4425.16,4423.47,4424.02,246
2026-01-08 15:35:00,4424.09,4424.09,4422.6,4422.72,261
2026-01-08 15:36:00,4422.75,4425.1,4422.17,4425.05,273
2026-01-08 15:37:00,4425.24,4426.32,4425.1,4426.23,271
2026-01-08 15:38:00,4426.25,4426.9,4425.3,4426.9,257
2026-01-08 15:39:00,4426.89,4428.66,4426.75,4428.18,248
2026-01-08 15:40:00,4428.16,4428.16,4427.1,4427.88,226
2026-01-08 15:41:00,4427.89,4430.09,4427.87,4430.02,230
2026-01-08 15:42:00,4430.1,4430.65,4429.4,4430.3,235
2026-01-08 15:43:00,4430.24,4430.92,4429.89,4430.73,261
2026-01-08 15:44:00,4430.83,4431.33,4428.45,4429.01,279
2026-01-08 15:45:00,4428.98,4429.82,4427.63,4427.64,274
2026-01-08 15:46:00,4427.7,4428.7,4426.75,4427.28,264
2026-01-08 15:47:00,4427.31,4429.22,4427.29,4429.09,231
2026-01-08 15:48:00,4429.05,4430.19,4428.9,4429.34,247
2026-01-08 15:49:00,4429.35,4430.32,4428.21,4428.53,217
2026-01-08 15:50:00,4428.55,4428.55,4426.9,4427.48,253
2026-01-08 15:51:00,4427.46,4430.21,4427.46,4429.31,238
2026-01-08 15:52:00,4429.3,4429.72,4428.61,4428.96,223
2026-01-08 15:53:00,4428.97,4429.87,4428.41,4428.97,218
2026-01-08 15:54:00,4428.99,4429.19,4426.82,4427.24,200
2026-01-08 15:55:00,4427.32,4428.74,4426.61,4428.08,223
2026-01-08 15:56:00,4428.05,4428.36,4427.59,4428.1,180
2026-01-08 15:57:00,4427.84,4428.59,4427.83,4428.2,171
2026-01-08 15:58:00,4428.19,4428.55,4427.32,4427.58,220
2026-01-08 15:59:00,4427.57,4427.76,4426.43,4427.68,292
2026-01-08 16:00:00,4427.66,4429.72,4426.66,4427.68,346
2026-01-08 16:01:00,4427.77,4427.84,4425.6,4425.99,350
2026-01-08 16:02:00,4426.39,4426.84,4424.89,4426.1,328
2026-01-08 16:03:00,4425.83,4426.83,4424.82,4426.21,322
2026-01-08 16:04:00,4426.4,4427.04,4423.32,4423.77,325
2026-01-08 16:05:00,4423.86,4423.92,4420.26,4421.34,307
2026-01-08 16:06:00,4421.33,4421.33,4418.2,4420.94,328
2026-01-08 16:07:00,4420.84,4420.93,4418.48,4419.81,331
2026-01-08 16:08:00,4419.77,4421.19,4418.92,4420.76,272
2026-01-08 16:09:00,4420.7,4421.18,4418.25,4418.59,302
2026-01-08 16:10:00,4418.27,4419.54,4417.34,4418.58,341
2026-01-08 16:11:00,4418.59,4420.87,4418.15,4419.87,303
2026-01-08 16:12:00,4419.58,4420.46,4418.12,4419.54,307
2026-01-08 16:13:00,4419.59,4420.6,4417.73,4419.23,266
2026-01-08 16:14:00,4419.29,4420.62,4418.19,4420.61,293
2026-01-08 16:15:00,4420.41,4423.11,4420.41,4422.54,312
2026-01-08 16:16:00,4422.57,4424.05,4421.41,4422.41,310
2026-01-08 16:17:00,4422.32,4424.84,4422.28,4424.49,301
2026-01-08 16:18:00,4424.49,4426.08,4424.33,4425.97,298
2026-01-08 16:19:00,4426.25,4427.51,4425.82,4425.82,299
2026-01-08 16:20:00,4426.26,4429.6,4426.26,4429.19,314
2026-01-08 16:21:00,4429.17,4430.34,4428.81,4430.07,286
2026-01-08 16:22:00,4430.1,4432.83,4429.45,4432.34,305
2026-01-08 16:23:00,4432.39,4433.11,4430.54,4431.93,310
2026-01-08 16:24:00,4431.86,4432.8,4430.75,4432.22,297
2026-01-08 16:25:00,4432.02,4435.96,4431.74,4434.59,326
2026-01-08 16:26:00,4434.57,4435.62,4431.23,4432.85,311
2026-01-08 16:27:00,4432.78,4432.79,4430.72,4431.21,259
2026-01-08 16:28:00,4431.26,4432.35,4431.12,4431.89,228
2026-01-08 16:29:00,4431.86,4434.54,4431.55,4434.44,235
2026-01-08 16:30:00,4434.53,4434.73,4427.74,4429.09,286
2026-01-08 16:31:00,4429.32,4429.68,4426.86,4427.37,266
2026-01-08 16:32:00,4427.49,4429.56,4426.81,4429.0,293
2026-01-08 16:33:00,4428.92,4428.93,4425.88,4426.87,297
2026-01-08 16:34:00,4426.81,4427.95,4426.07,4426.97,294
2026-01-08 16:35:00,4427.03,4430.37,4427.01,4429.93,311
2026-01-08 16:36:00,4429.86,4431.11,4429.78,4429.82,298
2026-01-08 16:37:00,4429.93,4430.3,4427.9,4429.58,283
2026-01-08 16:38:00,4429.61,4432.02,4429.52,4431.14,260
2026-01-08 16:39:00,4431.3,4431.35,4428.58,4428.98,272
2026-01-08 16:40:00,4429.0,4429.31,4426.38,4426.66,299
2026-01-08 16:41:00,4426.56,4430.77,4426.23,4430.75,286
2026-01-08 16:42:00,4430.77,4432.88,4430.61,4432.34,281
2026-01-08 16:43:00,4432.56,4434.91,4432.41,4434.91,284
2026-01-08 16:44:00,4435.01,4435.59,4433.3,4433.3,287
2026-01-08 16:45:00,4433.5,4433.82,4432.28,4432.57,270
2026-01-08 16:46:00,4432.61,4433.74,4430.97,4431.9,256
2026-01-08 16:47:00,4432.03,4432.26,4430.31,4431.59,297
2026-01-08 16:48:00,4431.82,4433.56,4431.32,4432.63,277
2026-01-08 16:49:00,4432.76,4433.19,4429.7,4429.7,261
2026-01-08 16:50:00,4429.71,4430.67,4428.84,4428.84,306
2026-01-08 16:51:00,4428.82,4430.43,4428.4,4429.28,280
2026-01-08 16:52:00,4429.28,4430.0,4428.28,4430.0,274
2026-01-08 16:53:00,4430.07,4431.35,4429.34,4429.66,274
2026-01-08 16:54:00,4429.63,4429.88,4424.8,4424.84,309
2026-01-08 16:55:00,4425.04,4425.64,4422.88,4422.98,322
2026-01-08 16:56:00,4422.99,4424.9,4422.72,4424.73,301
2026-01-08 16:57:00,4424.77,4424.77,4423.16,4424.57,267
2026-01-08 16:58:00,4424.61,4425.03,4422.24,4422.44,310
2026-01-08 16:59:00,4422.41,4424.93,4421.75,4423.81,294
2026-01-08 17:00:00,4422.56,4423.61,4420.91,4423.18,330
2026-01-08 17:01:00,4422.89,4425.88,4422.1,4424.14,314
2026-01-08 17:02:00,4424.23,4424.54,4421.74,4423.01,281
2026-01-08 17:03:00,4422.99,4426.72,4422.99,4426.22,304
2026-01-08 17:04:00,4426.25,4428.01,4424.39,4424.39,295
2026-01-08 17:05:00,4423.95,4425.42,4422.27,4424.45,321
2026-01-08 17:06:00,4424.37,4426.98,4422.8,4425.69,328
2026-01-08 17:07:00,4425.97,4426.07,4421.58,4421.58,323
2026-01-08 17:08:00,4421.59,4421.59,4419.1,4420.5,330
2026-01-08 17:09:00,4420.49,4423.96,4420.08,4423.81,309
2026-01-08 17:10:00,4423.82,4424.64,4422.29,4424.55,319
2026-01-08 17:11:00,4424.44,4426.61,4424.06,4426.26,315
2026-01-08 17:12:00,4426.27,4427.91,4425.93,4427.76,296
2026-01-08 17:13:00,4427.81,4427.84,4425.92,4425.95,274
2026-01-08 17:14:00,4426.03,4426.03,4423.34,4423.42,298
2026-01-08 17:15:00,4423.51,4423.74,4421.36,4422.89,296
2026-01-08 17:16:00,4421.97,4422.55,4419.48,4422.47,302
2026-01-08 17:17:00,4422.5,4424.1,4422.5,4423.61,310
2026-01-08 17:18:00,4423.51,4427.01,4423.45,4426.79,275
2026-01-08 17:19:00,4426.69,4427.76,4425.57,4427.39,285
2026-01-08 17:20:00,4427.41,4427.66,4424.81,4425.19,239
2026-01-08 17:21:00,4425.0,4425.12,4422.58,4422.65,253
2026-01-08 17:22:00,4421.1,4422.51,4420.67,4422.24,268
2026-01-08 17:23:00,4422.23,4425.9,4422.01,4425.77,301
2026-01-08 17:24:00,4425.8,4429.21,4425.78,4429.05,282
2026-01-08 17:25:00,4429.03,4430.2,4428.96,4429.62,289
2026-01-08 17:26:00,4429.76,4429.89,4428.27,4428.28,262
2026-01-08 17:27:00,4428.32,4428.83,4427.63,4427.7,226
2026-01-08 17:28:00,4427.47,4428.39,4427.43,4427.82,226
2026-01-08 17:29:00,4427.83,4428.61,4426.64,4427.77,281
2026-01-08 17:30:00,4427.18,4427.18,4423.23,4426.58,358
2026-01-08 17:31:00,4426.31,4426.85,4421.49,4423.46,350
2026-01-08 17:32:00,4423.24,4432.62,4423.24,4432.17,341
2026-01-08 17:33:00,4432.13,4433.18,4428.76,4428.84,352
2026-01-08 17:34:00,4428.7,4432.83,4428.7,4430.78,358
2026-01-08 17:35:00,4431.09,4433.34,4430.77,4431.48,336
2026-01-08 17:36:00,4431.33,4435.36,4431.25,4432.71,358
2026-01-08 17:37:00,4432.8,4435.49,4430.37,4430.46,338
2026-01-08 17:38:00,4430.48,4434.02,4429.58,4434.01,347
2026-01-08 17:39:00,4433.96,4435.02,4429.22,4429.46,349
2026-01-08 17:40:00,4429.22,4431.77,4428.8,4431.77,353
2026-01-08 17:41:00,4431.75,4431.75,4428.09,4429.71,348
2026-01-08 17:42:00,4429.74,4430.08,4426.55,4426.72,331
2026-01-08 17:43:00,4426.4,4430.44,4425.24,4430.18,345
2026-01-08 17:44:00,4430.27,4432.06,4425.97,4426.13,337
2026-01-08 17:45:00,4425.85,4429.98,4425.85,4429.45,355
2026-01-08 17:46:00,4429.5,4434.55,4428.35,4434.55,351
2026-01-08 17:47:00,4434.52,4437.85,4434.38,4437.37,352
2026-01-08 17:48:00,4437.54,4437.54,4434.15,4436.24,341
2026-01-08 17:49:00,4436.06,4437.5,4435.57,4436.62,343
2026-01-08 17:50:00,4436.5,4439.33,4433.06,4433.06,344
2026-01-08 17:51:00,4433.07,4434.46,4431.2,4432.61,325
2026-01-08 17:52:00,4432.46,4435.52,4432.16,4434.84,321
2026-01-08 17:53:00,4434.99,4437.35,4433.49,4434.1,338
2026-01-08 17:54:00,4434.08,4435.49,4432.68,4435.02,334
2026-01-08 17:55:00,4435.05,4435.82,4433.67,4434.88,334
2026-01-08 17:56:00,4434.72,4435.31,4432.82,4433.79,338
2026-01-08 17:57:00,4433.62,4436.94,4433.2,4436.26,332
2026-01-08 17:58:00,4436.29,4437.25,4435.12,4435.13,303
2026-01-08 17:59:00,4434.96,4435.41,4432.86,4433.02,298
2026-01-08 18:00:00,4432.38,4432.38,4427.87,4428.19,346
2026-01-08 18:01:00,4428.02,4430.94,4427.86,4430.8,317
2026-01-08 18:02:00,4430.77,4431.9,4429.24,4431.85,331
2026-01-08 18:03:00,4431.78,4434.43,4430.14,4433.21,338
2026-01-08 18:04:00,4433.19,4434.61,4433.17,4434.61,346
2026-01-08 18:05:00,4434.33,4439.86,4434.32,4439.65,351
2026-01-08 18:06:00,4439.57,4440.1,4437.69,4438.42,339
2026-01-08 18:07:00,4438.44,4441.59,4437.96,4440.15,334
2026-01-08 18:08:00,4440.06,4441.81,4438.57,4441.64,323
2026-01-08 18:09:00,4441.78,4444.86,4441.78,4444.75,350
2026-01-08 18:10:00,4444.73,4448.89,4444.73,4447.64,349
2026-01-08 18:11:00,4447.74,4449.15,4446.62,4448.81,356
2026-01-08 18:12:00,4448.93,4448.93,4446.08,4446.73,321
2026-01-08 18:13:00,4446.94,4447.42,4444.98,4444.98,332
2026-01-08 18:14:00,4444.83,4448.27,4443.75,4448.01,336
2026-01-08 18:15:00,4447.98,4448.86,4446.56,4448.69,334
2026-01-08 18:16:00,4448.8,4452.81,4447.26,4452.57,343
2026-01-08 18:17:00,4452.54,4453.96,4451.57,4452.26,354
2026-01-08 18:18:00,4452.04,4452.49,4449.32,4449.88,341
2026-01-08 18:19:00,4449.78,4449.85,4446.57,4447.15,329
2026-01-08 18:20:00,4447.17,4450.97,4446.36,4448.29,336
2026-01-08 18:21:00,4448.4,4448.48,4445.67,4447.11,326
2026-01-08 18:22:00,4447.08,4448.23,4444.95,4445.21,340
2026-01-08 18:23:00,4445.19,4446.97,4444.01,4446.97,326
2026-01-08 18:24:00,4447.1,4449.25,4445.96,4447.03,336
2026-01-08 18:25:00,4447.15,4448.01,4445.1,4445.59,325
2026-01-08 18:26:00,4445.58,4445.8,4443.46,4443.53,319
2026-01-08 18:27:00,4443.52,4446.11,4443.52,4444.8,326
2026-01-08 18:28:00,4445.0,4448.58,4445.0,4447.92,318
2026-01-08 18:29:00,4447.97,4448.37,4445.99,4447.66,305
2026-01-08 18:30:00,4447.68,4449.85,4446.78,4448.62,325
2026-01-08 18:31:00,4448.57,4451.35,4447.25,4450.54,330
2026-01-08 18:32:00,4450.52,4452.05,4449.65,4451.98,346
2026-01-08 18:33:00,4452.34,4452.93,4451.0,4451.46,303
2026-01-08 18:34:00,4451.24,4453.24,4450.81,4451.09,316
2026-01-08 18:35:00,4451.24,4452.06,4448.91,4449.14,295
2026-01-08 18:36:00,4449.2,4450.07,4448.24,4448.27,271
2026-01-08 18:37:00,4448.25,4449.61,4447.67,4448.75,308
2026-01-08 18:38:00,4448.69,4448.69,4446.98,4447.11,275
2026-01-08 18:39:00,4447.0,4451.23,4447.0,4450.12,313
2026-01-08 18:40:00,4450.14,4452.69,4450.14,4452.63,307
2026-01-08 18:41:00,4453.08,4455.36,4451.67,4452.8,313
2026-01-08 18:42:00,4452.54,4453.97,4450.27,4453.97,321
2026-01-08 18:43:00,4453.96,4455.46,4453.62,4454.89,309
2026-01-08 18:44:00,4454.8,4455.26,4452.85,4454.15,302
2026-01-08 18:45:00,4453.35,4454.82,4451.95,4452.3,310
2026-01-08 18:46:00,4452.32,4453.06,4451.4,4451.73,297
2026-01-08 18:47:00,4451.93,4453.47,4449.91,4450.2,295
2026-01-08 18:48:00,4450.07,4454.19,4449.97,4454.01,335
2026-01-08 18:49:00,4454.0,4455.53,4453.73,4454.67,319
2026-01-08 18:50:00,4454.5,4456.13,4452.94,4454.3,323
2026-01-08 18:51:00,4454.33,4454.33,4451.94,4452.05,314
2026-01-08 18:52:00,4452.17,4452.77,4451.61,4451.65,303
2026-01-08 18:53:00,4451.65,4452.62,4450.84,4451.6,292
2026-01-08 18:54:00,4451.64,4452.07,4448.14,4448.34,296
2026-01-08 18:55:00,4448.35,4450.58,4447.67,4450.21,309
2026-01-08 18:56:00,4450.14,4450.95,4448.72,4450.95,308
2026-01-08 18:57:00,4451.43,4453.03,4450.72,4452.79,321
2026-01-08 18:58:00,4452.82,4455.56,4452.7,4455.56,319
2026-01-08 18:59:00,4455.64,4455.67,4453.73,4454.17,311
2026-01-08 19:00:00,4454.19,4454.94,4452.47,4453.53,310
2026-01-08 19:01:00,4453.55,4456.72,4453.47,4456.68,320
2026-01-08 19:02:00,4456.77,4457.94,4456.59,4457.27,312
2026-01-08 19:03:00,4457.34,4457.87,4455.03,4455.61,321
2026-01-08 19:04:00,4455.7,4456.21,4453.75,4453.75,306
2026-01-08 19:05:00,4452.89,4453.49,4452.21,4452.35,295
2026-01-08 19:06:00,4452.4,4453.28,4451.65,4451.77,299
2026-01-08 19:07:00,4451.7,4454.16,4451.43,4453.93,317
2026-01-08 19:08:00,4453.88,4454.48,4452.22,4452.28,286
2026-01-08 19:09:00,4452.23,4452.48,4451.17,4451.68,299
2026-01-08 19:10:00,4451.78,4453.09,4450.48,4450.49,289
2026-01-08 19:11:00,4450.12,4451.36,4450.05,4451.0,297
2026-01-08 19:12:00,4451.03,4451.98,4450.81,4451.34,295
2026-01-08 19:13:00,4451.33,4451.55,4448.88,4448.97,284
2026-01-08 19:14:00,4448.9,4449.44,4447.23,4447.31,313
2026-01-08 19:15:00,4447.29,4449.51,4446.99,4448.95,297
2026-01-08 19:16:00,4449.02,4450.17,4448.04,4450.09,301
2026-01-08 19:17:00,4450.19,4450.19,4448.27,4448.67,290
2026-01-08 19:18:00,4448.78,4451.32,4448.5,4450.98,301
2026-01-08 19:19:00,4450.96,4452.19,4449.63,4450.55,293
2026-01-08 19:20:00,4450.72,4453.57,4450.6,4453.05,317
2026-01-08 19:21:00,4452.94,4453.86,4452.8,4453.45,304
2026-01-08 19:22:00,4453.47,4453.6,4451.65,4452.31,284
2026-01-08 19:23:00,4452.53,4453.19,4451.31,4451.41,290
2026-01-08 19:24:00,4451.39,4452.73,4450.79,4452.4,291
2026-01-08 19:25:00,4452.39,4453.46,4451.55,4453.22,286
2026-01-08 19:26:00,4453.03,4454.1,4452.8,4452.87,291
2026-01-08 19:27:00,4452.86,4453.6,4452.57,4452.71,257
2026-01-08 19:28:00,4452.77,4455.03,4452.41,4455.03,292
2026-01-08 19:29:00,4455.12,4455.18,4453.12,4453.73,231
2026-01-08 19:30:00,4453.67,4454.75,4452.01,4454.14,247
2026-01-08 19:31:00,4454.22,4455.42,4453.18,4455.27,286
2026-01-08 19:32:00,4455.2,4458.83,4454.67,4458.83,318
2026-01-08 19:33:00,4458.86,4460.61,4458.27,4460.31,294
2026-01-08 19:34:00,4460.29,4461.82,4460.25,4461.1,294
2026-01-08 19:35:00,4461.13,4462.17,4458.53,4458.68,301
2026-01-08 19:36:00,4458.89,4460.23,4458.44,4460.2,312
2026-01-08 19:37:00,4460.28,4462.27,4459.58,4461.46,309
2026-01-08 19:38:00,4461.37,4463.54,4460.41,4463.54,299
2026-01-08 19:39:00,4463.61,4464.37,4462.12,4463.29,309
2026-01-08 19:40:00,4463.14,4463.14,4460.8,4461.17,319
2026-01-08 19:41:00,4461.18,4464.39,4461.18,4464.01,307
2026-01-08 19:42:00,4464.06,4464.49,4461.64,4461.73,271
2026-01-08 19:43:00,4461.76,4462.07,4460.33,4460.7,270
2026-01-08 19:44:00,4460.78,4461.58,4459.85,4460.79,257
2026-01-08 19:45:00,4460.82,4461.04,4458.45,4459.62,289
2026-01-08 19:46:00,4459.59,4459.64,4458.49,4459.1,265
2026-01-08 19:47:00,4459.13,4459.71,4458.35,4459.61,270
2026-01-08 19:48:00,4459.5,4459.84,4457.83,4458.15,275
2026-01-08 19:49:00,4458.35,4459.43,4458.19,4458.22,295
2026-01-08 19:50:00,4458.9,4460.7,4458.9,4460.47,307
2026-01-08 19:51:00,4460.4,4460.4,4459.54,4459.99,280
2026-01-08 19:52:00,4459.97,4460.9,4459.54,4459.96,275
2026-01-08 19:53:00,4459.76,4460.56,4459.41,4460.29,239
2026-01-08 19:54:00,4460.25,4461.3,4460.1,4461.29,259
2026-01-08 19:55:00,4461.32,4461.73,4460.42,4461.6,269
2026-01-08 19:56:00,4461.46,4462.47,4460.75,4462.08,222
2026-01-08 19:57:00,4462.09,4463.47,4460.89,4463.35,282
2026-01-08 19:58:00,4463.37,4464.34,4462.6,4463.54,280
2026-01-08 19:59:00,4463.58,4463.83,4462.98,4463.28,280
2026-01-08 20:00:00,4463.6,4464.41,4460.41,4461.88,301
2026-01-08 20:01:00,4461.86,4464.42,4461.3,4464.42,274
2026-01-08 20:02:00,4464.49,4465.25,4463.5,4463.8,314
2026-01-08 20:03:00,4463.77,4464.14,4462.37,4462.58,254
2026-01-08 20:04:00,4462.57,4462.93,4461.27,4461.98,255
2026-01-08 20:05:00,4462.01,4462.01,4459.72,4461.04,258
2026-01-08 20:06:00,4461.03,4461.03,4460.05,4460.12,258
2026-01-08 20:07:00,4460.1,4461.55,4459.73,4461.55,252
2026-01-08 20:08:00,4461.56,4461.89,4460.66,4460.66,250
2026-01-08 20:09:00,4460.64,4460.89,4458.2,4458.85,257
2026-01-08 20:10:00,4458.86,4459.64,4458.51,4458.94,255
2026-01-08 20:11:00,4458.96,4461.19,4458.96,4461.18,268
2026-01-08 20:12:00,4460.74,4461.77,4459.49,4459.79,275
2026-01-08 20:13:00,4459.82,4461.16,4459.73,4460.48,262
2026-01-08 20:14:00,4460.19,4460.78,4459.52,4460.02,242
2026-01-08 20:15:00,4459.93,4459.95,4458.92,4459.13,240
2026-01-08 20:16:00,4458.94,4459.87,4458.87,4459.14,211
2026-01-08 20:17:00,4459.07,4459.64,4457.59,4458.21,325
2026-01-08 20:18:00,4458.18,4459.72,4457.74,4459.52,278
2026-01-08 20:19:00,4459.53,4461.38,4459.26,4461.02,255
2026-01-08 20:20:00,4461.06,4461.06,4458.86,4459.16,254
2026-01-08 20:21:00,4459.45,4459.55,4458.98,4459.37,233
2026-01-08 20:22:00,4459.89,4461.06,4459.67,4460.67,268
2026-01-08 20:23:00,4460.76,4461.37,4459.58,4459.79,279
2026-01-08 20:24:00,4459.87,4461.42,4459.74,4461.37,248
2026-01-08 20:25:00,4461.11,4461.51,4459.34,4459.6,289
2026-01-08 20:26:00,4459.53,4461.18,4459.41,4460.98,281
2026-01-08 20:27:00,4460.91,4462.36,4460.4,4461.73,278
2026-01-08 20:28:00,4461.76,4462.29,4461.41,4461.67,203
2026-01-08 20:29:00,4461.66,4462.14,4461.4,4461.68,212
2026-01-08 20:30:00,4461.77,4463.09,4461.77,4462.89,308
2026-01-08 20:31:00,4462.85,4463.55,4462.61,4463.44,262
2026-01-08 20:32:00,4463.4,4463.53,4461.73,4462.27,237
2026-01-08 20:33:00,4462.26,4462.75,4461.95,4462.46,237
2026-01-08 20:34:00,4462.44,4462.49,4459.97,4460.23,264
2026-01-08 20:35:00,4459.8,4460.54,4459.67,4460.1,201
2026-01-08 20:36:00,4459.96,4460.36,4459.46,4460.03,225
2026-01-08 20:37:00,4460.07,4460.72,4459.61,4459.98,213
2026-01-08 20:38:00,4459.92,4460.4,4459.07,4460.15,240
2026-01-08 20:39:00,4460.18,4461.87,4460.08,4461.83,232
2026-01-08 20:40:00,4461.7,4462.39,4461.29,4462.14,204
2026-01-08 20:41:00,4462.14,4462.65,4461.71,4462.18,205
2026-01-08 20:42:00,4462.2,4462.29,4461.26,4462.06,202
2026-01-08 20:43:00,4462.07,4462.48,4461.15,4461.15,163
2026-01-08 20:44:00,4461.1,4461.84,4461.09,4461.42,152
2026-01-08 20:45:00,4461.54,4462.15,4461.05,4461.23,190
2026-01-08 20:46:00,4461.03,4461.41,4460.14,4461.21,226
2026-01-08 20:47:00,4461.07,4461.31,4459.86,4460.1,230
2026-01-08 20:48:00,4460.05,4460.56,4459.78,4459.91,173
2026-01-08 20:49:00,4459.85,4459.97,4459.22,4459.9,183
2026-01-08 20:50:00,4460.02,4461.53,4459.96,4461.52,204
2026-01-08 20:51:00,4461.37,4461.75,4460.38,4461.75,203
2026-01-08 20:52:00,4461.77,4463.42,4461.73,4462.95,225
2026-01-08 20:53:00,4462.91,4463.6,4462.5,4463.6,193
2026-01-08 20:54:00,4463.44,4463.75,4462.64,4462.72,227
2026-01-08 20:55:00,4462.74,4462.99,4461.69,4462.16,179
2026-01-08 20:56:00,4462.17,4462.66,4461.86,4462.66,194
2026-01-08 20:57:00,4462.94,4463.56,4462.94,4463.51,201
2026-01-08 20:58:00,4463.64,4463.64,4462.08,4462.38,241
2026-01-08 20:59:00,4462.43,4464.02,4462.1,4463.37,240
2026-01-08 21:00:00,4462.91,4462.91,4461.94,4462.08,264
2026-01-08 21:01:00,4462.04,4462.22,4460.97,4461.63,238
2026-01-08 21:02:00,4461.6,4461.93,4459.5,4459.5,264
2026-01-08 21:03:00,4459.58,4460.21,4457.62,4457.72,268
2026-01-08 21:04:00,4457.57,4458.69,4457.4,4457.65,261
2026-01-08 21:05:00,4457.44,4457.76,4456.23,4456.71,281
2026-01-08 21:06:00,4456.72,4457.98,4456.3,4456.3,274
2026-01-08 21:07:00,4456.06,4456.71,4455.34,4456.02,282
2026-01-08 21:08:00,4456.04,4456.04,4454.78,4454.95,249
2026-01-08 21:09:00,4454.89,4456.13,4454.4,4455.41,271
2026-01-08 21:10:00,4455.41,4455.41,4453.12,4453.32,259
2026-01-08 21:11:00,4453.3,4454.76,4452.64,4454.19,284
2026-01-08 21:12:00,4454.18,4454.53,4452.51,4453.73,262
2026-01-08 21:13:00,4453.91,4453.99,4452.3,4453.23,272
2026-01-08 21:14:00,4453.14,4455.14,4453.07,4453.87,278
2026-01-08 21:15:00,4453.81,4456.07,4453.55,4455.84,250
2026-01-08 21:16:00,4455.77,4456.56,4454.48,4454.57,285
2026-01-08 21:17:00,4454.69,4455.71,4454.18,4454.31,274
2026-01-08 21:18:00,4454.32,4454.98,4453.6,4453.6,282
2026-01-08 21:19:00,4453.74,4454.5,4453.25,4453.26,267
2026-01-08 21:20:00,4453.27,4453.8,4451.91,4452.25,281
2026-01-08 21:21:00,4452.27,4454.16,4451.35,4454.04,296
2026-01-08 21:22:00,4454.12,4454.12,4452.7,4452.7,266
2026-01-08 21:23:00,4452.73,4454.0,4452.06,4453.39,289
2026-01-08 21:24:00,4453.26,4455.02,4452.18,4454.76,314
2026-01-08 21:25:00,4455.16,4456.39,4454.74,4454.75,265
2026-01-08 21:26:00,4454.76,4454.76,4453.01,4453.47,244
2026-01-08 21:27:00,4453.35,4454.15,4451.37,4451.69,244
2026-01-08 21:28:00,4451.72,4452.0,4449.41,4450.03,321
2026-01-08 21:29:00,4450.26,4452.75,4450.03,4452.09,334
2026-01-08 21:30:00,4451.98,4453.22,4451.48,4451.86,288
2026-01-08 21:31:00,4451.89,4453.43,4451.8,4453.1,226
2026-01-08 21:32:00,4453.05,4453.49,4451.57,4451.93,233
2026-01-08 21:33:00,4451.99,4453.47,4451.96,4453.37,214
2026-01-08 21:34:00,4453.39,4453.64,4451.96,4451.96,142
2026-01-08 21:35:00,4451.72,4451.73,4449.62,4449.97,213
2026-01-08 21:36:00,4449.95,4449.95,4447.94,4448.42,240
2026-01-08 21:37:00,4448.41,4449.6,4448.41,4449.4,254
2026-01-08 21:38:00,4449.33,4449.93,4448.06,4449.81,220
2026-01-08 21:39:00,4449.75,4449.75,4448.92,4449.42,232
2026-01-08 21:40:00,4449.44,4450.66,4449.12,4450.43,223
2026-01-08 21:41:00,4450.46,4450.46,4449.62,4449.72,222
2026-01-08 21:42:00,4449.71,4451.56,4449.67,4451.49,200
2026-01-08 21:43:00,4451.56,4451.86,4451.29,4451.35,198
2026-01-08 21:44:00,4451.47,4452.36,4451.35,4452.31,175
2026-01-08 21:45:00,4452.3,4452.64,4452.08,4452.5,156
2026-01-08 21:46:00,4452.49,4453.4,4452.11,4452.35,193
2026-01-08 21:47:00,4452.41,4454.01,4451.99,4453.94,200
2026-01-08 21:48:00,4453.97,4455.0,4453.9,4454.54,245
2026-01-08 21:49:00,4454.56,4454.56,4453.27,4453.57,181
2026-01-08 21:50:00,4453.57,4453.82,4453.32,4453.61,128
2026-01-08 21:51:00,4453.66,4453.66,4452.67,4453.45,211
2026-01-08 21:52:00,4453.45,4453.45,4452.72,4452.96,160
2026-01-08 21:53:00,4452.87,4453.05,4452.64,4452.97,179
2026-01-08 21:54:00,4452.97,4452.97,4451.7,4451.79,159
2026-01-08 21:55:00,4451.73,4452.18,4451.61,4451.88,208
2026-01-08 21:56:00,4451.94,4452.27,4450.56,4450.66,178
2026-01-08 21:57:00,4450.65,4451.44,4450.07,4450.75,220
2026-01-08 21:58:00,4450.76,4451.03,4450.0,4450.0,196
2026-01-08 21:59:00,4449.98,4450.12,4449.33,4449.55,195
2026-01-08 22:00:00,4449.53,4450.27,4448.62,4448.73,224
2026-01-08 22:01:00,4448.82,4451.0,4448.7,4450.9,248
2026-01-08 22:02:00,4450.83,4450.87,4450.27,4450.77,171
2026-01-08 22:03:00,4450.61,4451.21,4449.92,4451.11,250
2026-01-08 22:04:00,4450.87,4450.88,4449.19,4449.39,225
2026-01-08 22:05:00,4449.34,4450.52,4449.17,4450.09,222
2026-01-08 22:06:00,4450.05,4450.38,4448.69,4448.72,150
2026-01-08 22:07:00,4448.61,4448.61,4447.74,4448.52,228
2026-01-08 22:08:00,4448.54,4448.65,4448.08,4448.22,164
2026-01-08 22:09:00,4448.23,4448.23,4447.0,4447.1,195
2026-01-08 22:10:00,4447.34,4448.77,4447.02,4448.72,198
2026-01-08 22:11:00,4448.6,4448.74,4447.62,4447.92,186
2026-01-08 22:12:00,4448.0,4449.12,4447.97,4449.02,174
2026-01-08 22:13:00,4449.02,4449.18,4447.85,4447.89,219
2026-01-08 22:14:00,4447.98,4448.09,4447.28,4447.33,196
2026-01-08 22:15:00,4447.43,4447.43,4445.56,4445.66,247
2026-01-08 22:16:00,4445.72,4445.86,4445.08,4445.36,238
2026-01-08 22:17:00,4445.17,4445.9,4444.61,4445.62,215
2026-01-08 22:18:00,4445.6,4447.5,4445.6,4447.5,226
2026-01-08 22:19:00,4447.59,4448.58,4447.34,4448.47,192
2026-01-08 22:20:00,4448.48,4449.19,4448.45,4448.67,220
2026-01-08 22:21:00,4448.66,4449.22,4447.88,4448.15,220
2026-01-08 22:22:00,4448.14,4448.66,4448.04,4448.43,190
2026-01-08 22:23:00,4448.42,4449.35,4447.95,4448.35,224
2026-01-08 22:24:00,4448.32,4449.51,4448.14,4449.15,190
2026-01-08 22:25:00,4449.13,4449.81,4448.52,4448.72,202
2026-01-08 22:26:00,4448.63,4449.45,4448.41,4448.73,184
2026-01-08 22:27:00,4448.66,4448.71,4447.22,4447.47,226
2026-01-08 22:28:00,4447.46,4447.67,4447.04,4447.08,222
2026-01-08 22:29:00,4447.07,4448.34,4446.97,4447.71,244
2026-01-08 22:30:00,4447.7,4448.77,4447.6,4448.67,198
2026-01-08 22:31:00,4448.62,4448.94,4448.2,4448.94,179
2026-01-08 22:32:00,4449.0,4449.17,4448.4,4448.44,185
2026-01-08 22:33:00,4448.44,4450.3,4448.44,4449.9,168
2026-01-08 22:34:00,4449.72,4450.86,4449.71,4450.79,187
2026-01-08 22:35:00,4450.73,4452.64,4450.73,4452.04,248
2026-01-08 22:36:00,4452.07,4452.8,4451.96,4452.27,230
2026-01-08 22:37:00,4452.32,4452.67,4450.93,4450.94,205
2026-01-08 22:38:00,4450.92,4451.43,4450.8,4451.13,171
2026-01-08 22:39:00,4451.12,4451.12,4450.17,4451.07,185
2026-01-08 22:40:00,4451.01,4451.1,4450.06,4450.5,184
2026-01-08 22:41:00,4450.52,4451.83,4449.97,4450.93,184
2026-01-08 22:42:00,4450.94,4450.94,4449.86,4450.27,144
2026-01-08 22:43:00,4450.32,4451.8,4450.32,4451.43,158
2026-01-08 22:44:00,4451.47,4451.8,4451.04,4451.61,155
2026-01-08 22:45:00,4451.58,4452.03,4451.43,4451.44,150
2026-01-08 22:46:00,4451.45,4452.34,4451.34,4452.22,156
2026-01-08 22:47:00,4452.23,4452.88,4451.85,4451.95,201
2026-01-08 22:48:00,4451.92,4452.11,4451.61,4451.86,155
2026-01-08 22:49:00,4451.89,4452.22,4450.95,4451.47,189
2026-01-08 22:50:00,4451.48,4451.56,4449.94,4450.05,194
2026-01-08 22:51:00,4449.99,4450.61,4449.68,4450.49,207
2026-01-08 22:52:00,4450.5,4451.76,4450.42,4451.59,212
2026-01-08 22:53:00,4451.6,4451.98,4451.45,4451.48,183
2026-01-08 22:54:00,4451.55,4451.92,4451.2,4451.83,172
2026-01-08 22:55:00,4451.82,4451.84,4451.0,4451.0,193
2026-01-08 22:56:00,4450.93,4451.03,4450.3,4450.45,180
2026-01-08 22:57:00,4450.46,4450.46,4450.11,4450.19,163
2026-01-08 22:58:00,4450.22,4450.88,4449.73,4450.79,133
2026-01-08 22:59:00,4450.71,4452.39,4450.71,4452.12,166
2026-01-08 23:00:00,4452.11,4453.66,4451.52,4453.55,191
2026-01-08 23:01:00,4453.71,4455.8,4453.58,4455.25,241
2026-01-08 23:02:00,4455.21,4456.21,4454.86,4456.11,235
2026-01-08 23:03:00,4456.14,4457.55,4456.14,4457.2,240
2026-01-08 23:04:00,4457.13,4458.1,4456.85,4458.1,205
2026-01-08 23:05:00,4457.98,4458.31,4457.63,4458.19,212
2026-01-08 23:06:00,4458.22,4458.22,4456.35,4456.35,226
2026-01-08 23:07:00,4456.44,4457.32,4455.81,4457.18,225
2026-01-08 23:08:00,4457.24,4458.34,4457.22,4457.98,215
2026-01-08 23:09:00,4457.83,4458.24,4456.4,4456.99,184
2026-01-08 23:10:00,4456.98,4458.34,4456.98,4457.69,186
2026-01-08 23:11:00,4457.98,4458.23,4457.52,4458.02,173
2026-01-08 23:12:00,4458.02,4458.6,4457.9,4458.04,159
2026-01-08 23:13:00,4458.08,4458.84,4457.79,4458.74,184
2026-01-08 23:14:00,4458.74,4458.96,4458.2,4458.2,165
2026-01-08 23:15:00,4458.21,4458.41,4457.82,4458.22,178
2026-01-08 23:16:00,4458.17,4458.45,4457.42,4457.85,177
2026-01-08 23:17:00,4457.87,4458.78,4457.47,4458.78,174
2026-01-08 23:18:00,4458.8,4459.64,4458.77,4459.48,173
2026-01-08 23:19:00,4459.44,4460.16,4459.07,4459.43,196
2026-01-08 23:20:00,4459.42,4459.54,4458.67,4459.35,139
2026-01-08 23:21:00,4459.34,4462.69,4459.1,4462.69,196
2026-01-08 23:22:00,4462.71,4463.88,4462.48,4463.88,199
2026-01-08 23:23:00,4463.84,4465.26,4463.78,4464.83,249
2026-01-08 23:24:00,4464.89,4465.26,4463.61,4464.92,261
2026-01-08 23:25:00,4464.83,4468.01,4464.8,4467.93,303
2026-01-08 23:26:00,4467.91,4469.0,4467.7,4468.87,278
2026-01-08 23:27:00,4468.91,4473.48,4468.91,4472.37,345
2026-01-08 23:28:00,4472.4,4473.76,4470.35,4471.4,322
2026-01-08 23:29:00,4471.44,4472.0,4469.83,4469.99,284
2026-01-08 23:30:00,4470.45,4475.27,4470.45,4475.17,284
2026-01-08 23:31:00,4475.14,4476.26,4474.0,4475.27,284
2026-01-08 23:32:00,4475.23,4475.99,4475.05,4475.08,290
2026-01-08 23:33:00,4475.11,4476.86,4474.06,4476.86,258
2026-01-08 23:34:00,4476.84,4477.56,4475.17,4476.14,261
2026-01-08 23:35:00,4476.17,4477.89,4475.91,4476.79,282
2026-01-08 23:36:00,4476.59,4478.0,4475.86,4477.44,273
2026-01-08 23:37:00,4477.56,4477.91,4476.13,4476.8,250
2026-01-08 23:38:00,4476.64,4477.72,4475.11,4475.2,251
2026-01-08 23:39:00,4475.11,4475.14,4473.11,4473.72,277
2026-01-08 23:40:00,4473.77,4475.3,4472.57,4472.81,255
2026-01-08 23:41:00,4472.78,4473.95,4472.66,4473.59,225
2026-01-08 23:42:00,4473.43,4474.16,4472.78,4473.19,223
2026-01-08 23:43:00,4473.18,4473.74,4472.44,4473.35,202
2026-01-08 23:44:00,4473.49,4473.59,4472.23,4473.59,235
2026-01-08 23:45:00,4473.65,4474.91,4473.29,4473.29,217
2026-01-08 23:46:00,4473.3,4474.51,4472.01,4474.39,209
2026-01-08 23:47:00,4474.34,4474.34,4473.07,4474.02,209
2026-01-08 23:48:00,4473.98,4474.55,4472.97,4474.39,210
2026-01-08 23:49:00,4474.4,4477.15,4474.4,4477.09,250
2026-01-08 23:50:00,4476.76,4476.82,4475.07,4476.51,302
2026-01-08 23:51:00,4476.47,4477.95,4475.65,4476.41,304
2026-01-08 23:52:00,4476.46,4476.65,4475.13,4475.15,271
2026-01-08 23:53:00,4475.25,4476.3,4474.82,4475.99,242
2026-01-08 23:54:00,4475.85,4476.15,4474.41,4474.41,268
2026-01-08 23:55:00,4474.17,4476.07,4473.76,4476.04,268
2026-01-08 23:56:00,4476.12,4476.92,4475.87,4476.11,235
2026-01-08 23:57:00,4476.17,4476.93,4475.46,4476.46,250
2026-01-08 23:58:00,4476.3,4477.41,4475.93,4477.23,273
2026-01-08 23:59:00,4477.52,4477.52,4475.96,4476.07,269
2026-01-09 00:00:00,4476.04,4479.35,4476.04,4477.59,237
2026-01-09 00:01:00,4477.54,4478.36,4477.2,4477.71,169
2026-01-09 00:02:00,4477.76,4478.87,4477.64,4478.87,155
2026-01-09 00:03:00,4478.86,4479.17,4477.37,4478.87,188
2026-01-09 00:04:00,4478.74,4478.84,4478.05,4478.44,149
2026-01-09 00:05:00,4478.43,4478.65,4477.3,4477.34,105
2026-01-09 00:06:00,4477.51,4477.8,4477.51,4477.76,110
2026-01-09 00:07:00,4477.76,4478.45,4477.19,4478.42,122
2026-01-09 00:08:00,4478.39,4478.87,4477.16,4477.99,149
2026-01-09 00:09:00,4477.86,4479.19,4477.72,4479.19,119
2026-01-09 00:10:00,4479.24,4479.4,4478.02,4478.59,149
2026-01-09 00:11:00,4478.61,4478.82,4477.26,4477.61,142
2026-01-09 00:12:00,4477.67,4478.18,4477.49,4477.79,149
2026-01-09 00:13:00,4477.85,4477.95,4477.44,4477.82,143
2026-01-09 00:14:00,4477.86,4478.11,4477.75,4477.8,80
2026-01-09 00:15:00,4477.81,4478.56,4477.81,4477.89,98
2026-01-09 00:16:00,4477.92,4478.31,4477.44,4477.55,115
2026-01-09 00:17:00,4476.68,4476.92,4474.8,4475.52,167
2026-01-09 00:18:00,4475.56,4475.74,4474.46,4474.6,133
2026-01-09 00:19:00,4474.62,4474.79,4474.0,4474.15,128
2026-01-09 00:20:00,4474.26,4475.57,4474.18,4474.62,162
2026-01-09 00:21:00,4474.72,4475.4,4473.61,4473.65,124
2026-01-09 00:22:00,4473.7,4474.13,4472.64,4472.74,141
2026-01-09 00:23:00,4472.9,4474.42,4472.9,4474.18,154
2026-01-09 00:24:00,4474.22,4474.84,4474.16,4474.78,100
2026-01-09 00:25:00,4474.89,4475.05,4473.82,4474.16,131
2026-01-09 00:26:00,4474.14,4474.18,4473.29,4473.6,123
2026-01-09 00:27:00,4473.59,4473.86,4473.24,4473.47,87
2026-01-09 00:28:00,4473.51,4474.76,4473.04,4474.53,141
2026-01-09 00:29:00,4474.54,4475.39,4474.51,4475.01,146
2026-01-09 00:30:00,4475.01,4475.75,4474.4,4475.28,136
2026-01-09 00:31:00,4475.26,4475.76,4474.48,4474.79,126
2026-01-09 00:32:00,4474.76,4474.81,4473.94,4474.2,109
2026-01-09 00:33:00,4474.15,4474.15,4473.25,4473.51,104
2026-01-09 00:34:00,4473.42,4474.65,4473.21,4473.75,119
2026-01-09 00:35:00,4473.86,4474.82,4473.13,4473.27,166
2026-01-09 00:36:00,4473.44,4474.36,4473.44,4474.31,125
2026-01-09 00:37:00,4474.09,4474.09,4473.49,4473.59,91
2026-01-09 00:38:00,4473.48,4473.78,4473.29,4473.58,62
2026-01-09 00:39:00,4473.48,4473.59,4472.89,4472.93,107
2026-01-09 00:40:00,4473.15,4473.4,4472.86,4472.92,80
2026-01-09 00:41:00,4472.93,4473.29,4472.78,4473.1,90
2026-01-09 00:42:00,4473.17,4473.35,4472.7,4472.83,124
2026-01-09 00:43:00,4472.85,4474.18,4472.82,4474.18,114
2026-01-09 00:44:00,4474.35,4475.2,4474.11,4474.21,126
2026-01-09 00:45:00,4474.15,4475.2,4473.8,4474.68,113
2026-01-09 00:46:00,4474.67,4475.05,4474.26,4474.26,104
2026-01-09 00:47:00,4474.14,4474.55,4473.63,4474.53,124
2026-01-09 00:48:00,4474.54,4476.24,4474.49,4476.17,112
2026-01-09 00:49:00,4476.12,4476.69,4476.09,4476.54,93
2026-01-09 00:50:00,4475.67,4476.31,4475.61,4476.31,108
2026-01-09 00:51:00,4476.3,4476.97,4476.24,4476.83,56
2026-01-09 00:52:00,4476.8,4478.06,4476.8,4478.0,92
2026-01-09 00:53:00,4477.97,4478.5,4477.9,4478.43,86
2026-01-09 00:54:00,4478.28,4478.63,4477.23,4477.49,111
2026-01-09 00:55:00,4477.61,4477.91,4474.94,4476.85,131
2026-01-09 00:56:00,4476.82,4477.14,4476.57,4476.75,88
2026-01-09 00:57:00,4476.74,4477.37,4476.74,4477.29,113
2026-01-09 00:58:00,4477.44,4477.99,4477.3,4477.37,80
2026-01-09 02:01:00,4481.96,4483.08,4481.12,4482.25,158
2026-01-09 02:02:00,4482.24,4483.95,4479.58,4480.56,183
2026-01-09 02:03:00,4480.41,4480.89,4479.19,4479.19,90
2026-01-09 02:04:00,4479.28,4479.38,4477.12,4477.37,128
2026-01-09 02:05:00,4477.36,4477.56,4475.7,4477.1,173
2026-01-09 02:06:00,4477.15,4477.88,4476.1,4476.21,129
2026-01-09 02:07:00,4476.25,4478.5,4476.18,4477.01,154
2026-01-09 02:08:00,4477.02,4479.3,4477.02,4478.84,127
2026-01-09 02:09:00,4478.82,4479.92,4477.66,4478.14,108
2026-01-09 02:10:00,4478.2,4478.74,4477.85,4478.61,105
2026-01-09 02:11:00,4478.56,4478.96,4475.71,4476.19,113
2026-01-09 02:12:00,4476.2,4477.04,4476.06,4476.49,92
2026-01-09 02:13:00,4476.39,4476.47,4475.59,4475.93,108
2026-01-09 02:14:00,4475.98,4477.45,4475.98,4476.96,160
2026-01-09 02:15:00,4476.92,4477.68,4475.83,4476.0,125
2026-01-09 02:16:00,4476.01,4476.43,4475.37,4476.09,136
2026-01-09 02:17:00,4476.13,4476.16,4475.22,4475.51,88
2026-01-09 02:18:00,4475.46,4476.05,4475.45,4475.64,110
2026-01-09 02:19:00,4475.65,4476.23,4475.34,4475.52,110
2026-01-09 02:20:00,4475.29,4475.95,4475.16,4475.59,104
2026-01-09 02:21:00,4475.31,4475.79,4475.07,4475.79,103
2026-01-09 02:22:00,4475.96,4475.96,4475.09,4475.69,102
2026-01-09 02:23:00,4475.52,4476.15,4475.33,4475.52,81
2026-01-09 02:24:00,4475.5,4475.77,4475.03,4475.61,116
2026-01-09 02:25:00,4475.69,4476.59,4475.36,4476.59,179
2026-01-09 02:26:00,4476.58,4478.41,4475.97,4477.59,151
2026-01-09 02:27:00,4477.52,4478.19,4477.08,4477.37,128
2026-01-09 02:28:00,4477.33,4477.33,4476.6,4477.03,90
2026-01-09 02:29:00,4477.0,4477.43,4476.76,4476.98,78
2026-01-09 02:30:00,4477.03,4477.27,4476.5,4476.98,120
2026-01-09 02:31:00,4476.95,4476.95,4475.48,4476.1,107
2026-01-09 02:32:00,4476.38,4476.44,4475.82,4476.03,100
2026-01-09 02:33:00,4476.0,4476.29,4475.4,4475.4,86
2026-01-09 02:34:00,4475.49,4476.27,4475.41,4476.27,119
2026-01-09 02:35:00,4476.26,4476.46,4475.53,4475.55,92
2026-01-09 02:36:00,4475.65,4475.9,4475.41,4475.71,113
2026-01-09 02:37:00,4475.69,4476.21,4475.5,4475.68,92
2026-01-09 02:38:00,4475.64,4476.19,4475.46,4475.5,102
2026-01-09 02:39:00,4475.63,4476.7,4475.63,4476.52,117
2026-01-09 02:40:00,4476.56,4476.75,4476.3,4476.67,95
2026-01-09 02:41:00,4476.66,4476.66,4476.19,4476.19,73
2026-01-09 02:42:00,4476.14,4476.69,4476.14,4476.5,85
2026-01-09 02:43:00,4476.41,4476.54,4475.11,4475.51,111
2026-01-09 02:44:00,4475.51,4475.79,4475.33,4475.71,78
2026-01-09 02:45:00,4475.74,4475.91,4475.41,4475.57,68
2026-01-09 02:46:00,4475.51,4475.84,4475.44,4475.58,65
2026-01-09 02:47:00,4475.54,4475.61,4472.98,4472.98,39
2026-01-09 02:48:00,4473.16,4474.42,4472.87,4473.56,165
2026-01-09 02:49:00,4473.51,4473.69,4472.78,4473.59,88
2026-01-09 02:50:00,4473.71,4475.17,4473.71,4474.9,145
2026-01-09 02:51:00,4474.85,4476.07,4474.3,4476.07,94
2026-01-09 02:52:00,4476.21,4476.21,4475.01,4475.6,167
2026-01-09 02:53:00,4475.78,4476.12,4474.74,4475.67,158
2026-01-09 02:54:00,4475.66,4475.66,4473.97,4474.45,156
2026-01-09 02:55:00,4474.49,4474.98,4474.28,4474.65,116
2026-01-09 02:56:00,4474.64,4475.3,4474.25,4475.29,108
2026-01-09 02:57:00,4475.3,4475.96,4474.26,4474.35,138
2026-01-09 02:58:00,4474.35,4474.76,4474.35,4474.71,87
2026-01-09 02:59:00,4474.81,4475.56,4474.78,4475.53,71
2026-01-09 03:00:00,4475.7,4476.51,4474.83,4474.83,173
2026-01-09 03:01:00,4474.93,4474.93,4473.88,4474.34,104
2026-01-09 03:02:00,4474.61,4475.26,4474.13,4474.45,146
2026-01-09 03:03:00,4474.47,4474.91,4474.47,4474.85,61
2026-01-09 03:04:00,4474.85,4475.2,4474.69,4474.69,84
2026-01-09 03:05:00,4474.74,4476.05,4474.74,4475.58,75
2026-01-09 03:06:00,4475.66,4475.89,4474.15,4474.2,122
2026-01-09 03:07:00,4474.3,4475.16,4474.01,4475.06,96
2026-01-09 03:08:00,4475.11,4475.66,4475.11,4475.21,113
2026-01-09 03:09:00,4475.3,4476.02,4474.64,4475.97,111
2026-01-09 03:10:00,4475.98,4476.4,4475.89,4475.93,125
2026-01-09 03:11:00,4475.87,4476.23,4475.84,4476.23,103
2026-01-09 03:12:00,4476.23,4476.54,4473.78,4474.01,176
2026-01-09 03:13:00,4474.0,4474.0,4472.7,4472.7,128
2026-01-09 03:14:00,4472.75,4472.97,4471.62,4471.67,144
2026-01-09 03:15:00,4471.65,4472.13,4471.33,4471.85,164
2026-01-09 03:16:00,4471.86,4471.87,4471.07,4471.28,138
2026-01-09 03:17:00,4471.24,4472.77,4470.42,4472.52,149
2026-01-09 03:18:00,4472.49,4472.55,4471.55,4472.35,142
2026-01-09 03:19:00,4472.39,4472.44,4471.47,4471.8,138
2026-01-09 03:20:00,4471.79,4471.89,4469.97,4469.97,172
2026-01-09 03:21:00,4469.69,4470.5,4469.54,4470.09,170
2026-01-09 03:22:00,4470.24,4470.24,4469.08,4469.76,150
2026-01-09 03:23:00,4469.74,4469.88,4468.0,4468.32,179
2026-01-09 03:24:00,4468.36,4469.59,4468.28,4468.47,161
2026-01-09 03:25:00,4468.22,4468.22,4465.95,4467.26,202
2026-01-09 03:26:00,4467.36,4468.05,4465.38,4465.71,184
2026-01-09 03:27:00,4465.74,4466.33,4464.02,4464.59,226
2026-01-09 03:28:00,4464.57,4465.09,4463.54,4464.36,208
2026-01-09 03:29:00,4464.13,4465.74,4464.13,4465.74,129
2026-01-09 03:30:00,4465.69,4466.69,4465.65,4466.55,137
2026-01-09 03:31:00,4466.56,4466.59,4464.42,4464.96,192
2026-01-09 03:32:00,4464.97,4465.03,4464.29,4464.59,172
2026-01-09 03:33:00,4464.44,4465.44,4463.82,4465.44,191
2026-01-09 03:34:00,4465.38,4468.66,4465.38,4468.37,227
2026-01-09 03:35:00,4468.4,4468.4,4467.0,4467.43,162
2026-01-09 03:36:00,4466.95,4467.49,4466.14,4467.18,207
2026-01-09 03:37:00,4467.34,4467.55,4466.1,4466.94,204
2026-01-09 03:38:00,4466.99,4467.35,4466.66,4466.82,155
2026-01-09 03:39:00,4466.91,4467.58,4466.91,4467.41,136
2026-01-09 03:40:00,4467.53,4467.84,4467.08,4467.17,113
2026-01-09 03:41:00,4467.13,4467.45,4466.68,4467.02,135
2026-01-09 03:42:00,4467.06,4467.96,4466.79,4467.95,143
2026-01-09 03:43:00,4467.94,4467.95,4467.25,4467.52,105
2026-01-09 03:44:00,4467.45,4467.87,4467.22,4467.74,88
2026-01-09 03:45:00,4467.81,4467.81,4467.08,4467.49,112
2026-01-09 03:46:00,4467.48,4467.48,4466.46,4466.76,132
2026-01-09 03:47:00,4466.77,4467.24,4466.34,4466.53,112
2026-01-09 03:48:00,4466.5,4466.55,4464.13,4464.36,157
2026-01-09 03:49:00,4464.35,4465.07,4464.15,4464.47,168
2026-01-09 03:50:00,4464.52,4464.55,4462.4,4463.29,240
2026-01-09 03:51:00,4463.28,4464.44,4462.04,4462.15,176
2026-01-09 03:52:00,4462.23,4462.34,4461.34,4461.48,180
2026-01-09 03:53:00,4461.35,4461.81,4459.94,4461.32,211
2026-01-09 03:54:00,4461.28,4462.23,4461.28,4461.98,209
2026-01-09 03:55:00,4461.95,4463.09,4461.14,4461.39,225
2026-01-09 03:56:00,4461.35,4461.71,4460.7,4461.71,179
2026-01-09 03:57:00,4461.66,4462.02,4460.58,4461.97,223
2026-01-09 03:58:00,4462.12,4462.12,4461.27,4461.47,200
2026-01-09 03:59:00,4461.39,4461.5,4460.03,4461.32,261
2026-01-09 04:00:00,4462.82,4465.52,4459.84,4464.1,363
2026-01-09 04:01:00,4464.18,4465.19,4462.29,4462.32,328
2026-01-09 04:02:00,4462.38,4463.2,4460.25,4461.43,338
2026-01-09 04:03:00,4461.19,4463.14,4460.32,4462.17,336
2026-01-09 04:04:00,4462.26,4463.36,4458.57,4460.08,344
2026-01-09 04:05:00,4459.84,4459.88,4457.11,4457.21,330
2026-01-09 04:06:00,4456.89,4458.91,4456.86,4458.01,317
2026-01-09 04:07:00,4458.0,4458.52,4454.33,4454.67,336
2026-01-09 04:08:00,4454.41,4455.3,4452.91,4454.69,318
2026-01-09 04:09:00,4454.74,4458.27,4454.58,4458.15,303
2026-01-09 04:10:00,4458.2,4458.69,4455.31,4456.45,308
2026-01-09 04:11:00,4456.38,4458.64,4456.17,4457.5,272
2026-01-09 04:12:00,4457.56,4459.77,4456.99,4459.14,286
2026-01-09 04:13:00,4458.85,4458.97,4457.36,4458.68,287
2026-01-09 04:14:00,4458.56,4459.72,4458.44,4459.16,280
2026-01-09 04:15:00,4459.14,4461.33,4458.92,4460.86,309
2026-01-09 04:16:00,4460.73,4461.5,4458.24,4458.79,296
2026-01-09 04:17:00,4458.81,4459.89,4457.38,4458.09,281
2026-01-09 04:18:00,4458.04,4458.69,4455.95,4455.97,258
2026-01-09 04:19:00,4455.97,4456.61,4453.19,4453.4,300
2026-01-09 04:20:00,4453.43,4456.67,4453.07,4455.79,326
2026-01-09 04:21:00,4455.63,4457.04,4454.56,4455.78,307
2026-01-09 04:22:00,4455.7,4458.17,4455.11,4457.49,277
2026-01-09 04:23:00,4457.71,4457.98,4455.76,4456.04,271
2026-01-09 04:24:00,4456.03,4457.62,4455.78,4456.49,276
2026-01-09 04:25:00,4456.41,4458.92,4456.21,4458.92,260
2026-01-09 04:26:00,4459.1,4459.87,4457.98,4458.73,303
2026-01-09 04:27:00,4458.6,4459.08,4457.39,4458.53,258
2026-01-09 04:28:00,4458.53,4459.35,4457.26,4457.61,247
2026-01-09 04:29:00,4457.49,4458.26,4456.16,4457.38,243
2026-01-09 04:30:00,4457.25,4459.46,4457.25,4457.85,258
2026-01-09 04:31:00,4457.8,4457.93,4456.19,4457.31,272
2026-01-09 04:32:00,4457.45,4458.08,4456.34,4457.2,259
2026-01-09 04:33:00,4457.19,4459.17,4456.39,4458.23,244
2026-01-09 04:34:00,4458.22,4459.72,4457.87,4459.72,202
2026-01-09 04:35:00,4459.95,4460.07,4457.44,4457.74,243
2026-01-09 04:36:00,4457.75,4458.55,4456.26,4456.88,215
2026-01-09 04:37:00,4456.88,4457.43,4456.18,4456.96,243
2026-01-09 04:38:00,4457.17,4457.95,4456.48,4457.09,241
2026-01-09 04:39:00,4457.22,4458.19,4456.76,4458.18,203
2026-01-09 04:40:00,4458.12,4459.11,4457.13,4459.1,257
2026-01-09 04:41:00,4459.1,4461.05,4459.05,4460.6,248
2026-01-09 04:42:00,4460.63,4462.36,4460.63,4461.58,295
2026-01-09 04:43:00,4461.59,4462.86,4461.55,4462.09,274
2026-01-09 04:44:00,4462.09,4463.32,4461.88,4462.58,244
2026-01-09 04:45:00,4462.51,4464.27,4462.47,4464.08,269
2026-01-09 04:46:00,4464.03,4466.0,4464.03,4465.42,293
2026-01-09 04:47:00,4465.49,4465.49,4463.99,4465.01,272
2026-01-09 04:48:00,4465.02,4466.15,4464.86,4465.06,236
2026-01-09 04:49:00,4465.0,4465.21,4464.61,4464.74,210
2026-01-09 04:50:00,4464.77,4465.35,4462.68,4464.33,255
2026-01-09 04:51:00,4464.39,4466.64,4464.08,4466.49,262
2026-01-09 04:52:00,4466.56,4468.52,4466.42,4468.5,327
2026-01-09 04:53:00,4468.45,4468.52,4466.88,4467.86,281
2026-01-09 04:54:00,4467.79,4468.23,4466.85,4467.12,268
2026-01-09 04:55:00,4467.24,4468.21,4467.22,4468.08,213
2026-01-09 04:56:00,4468.05,4469.35,4467.79,4469.17,245
2026-01-09 04:57:00,4469.07,4469.6,4467.87,4467.89,205
2026-01-09 04:58:00,4467.62,4469.93,4467.61,4468.94,266
2026-01-09 04:59:00,4468.83,4469.54,4468.71,4468.97,197
2026-01-09 05:00:00,4468.87,4472.74,4468.87,4471.92,284
2026-01-09 05:01:00,4471.93,4474.23,4471.85,4473.95,297
2026-01-09 05:02:00,4473.97,4474.05,4472.64,4472.81,232
2026-01-09 05:03:00,4472.8,4474.6,4472.74,4474.35,273
2026-01-09 05:04:00,4474.25,4475.91,4474.25,4475.47,330
2026-01-09 05:05:00,4475.66,4476.48,4473.63,4474.36,268
2026-01-09 05:06:00,4474.41,4475.97,4474.19,4475.33,275
2026-01-09 05:07:00,4475.53,4476.36,4473.49,4474.32,288
2026-01-09 05:08:00,4474.35,4474.73,4472.71,4472.97,243
2026-01-09 05:09:00,4472.86,4474.2,4472.72,4474.02,248
2026-01-09 05:10:00,4474.07,4474.75,4473.08,4473.18,260
2026-01-09 05:11:00,4473.31,4474.03,4472.79,4472.81,278
2026-01-09 05:12:00,4472.8,4473.74,4471.27,4471.74,261
2026-01-09 05:13:00,4471.73,4472.52,4471.22,4472.31,229
2026-01-09 05:14:00,4472.41,4473.84,4471.86,4471.91,259
2026-01-09 05:15:00,4471.7,4471.7,4470.21,4470.81,203
2026-01-09 05:16:00,4470.84,4470.98,4470.01,4470.51,164
2026-01-09 05:17:00,4470.44,4471.61,4470.13,4471.11,164
2026-01-09 05:18:00,4471.27,4473.1,4470.6,4472.35,202
2026-01-09 05:19:00,4472.49,4472.49,4470.25,4470.58,120
2026-01-09 05:20:00,4470.63,4471.57,4470.18,4471.06,116
2026-01-09 05:21:00,4471.18,4471.62,4470.67,4471.62,104
2026-01-09 05:22:00,4471.77,4472.97,4471.23,4472.66,149
2026-01-09 05:23:00,4472.45,4474.34,4472.45,4473.06,198
2026-01-09 05:24:00,4472.83,4473.59,4472.34,4472.79,186
2026-01-09 05:25:00,4472.69,4472.69,4471.33,4471.96,138
2026-01-09 05:26:00,4471.99,4473.3,4471.96,4473.01,159
2026-01-09 05:27:00,4473.0,4473.0,4471.66,4471.71,132
2026-01-09 05:28:00,4472.09,4472.17,4471.01,4471.68,183
2026-01-09 05:29:00,4471.63,4472.4,4471.54,4472.26,146
2026-01-09 05:30:00,4472.25,4475.48,4471.55,4471.55,346
2026-01-09 05:31:00,4471.68,4472.04,4470.39,4470.61,238
2026-01-09 05:32:00,4470.74,4471.04,4468.31,4468.31,301
2026-01-09 05:33:00,4468.39,4470.52,4468.3,4470.18,247
2026-01-09 05:34:00,4470.16,4471.7,4470.06,4471.7,226
2026-01-09 05:35:00,4471.52,4472.1,4470.69,4472.1,240
2026-01-09 05:36:00,4472.1,4472.68,4471.39,4472.58,227
2026-01-09 05:37:00,4472.62,4472.62,4470.7,4470.86,233
2026-01-09 05:38:00,4470.69,4471.39,4469.83,4470.15,261
2026-01-09 05:39:00,4470.17,4470.47,4468.32,4468.73,222
2026-01-09 05:40:00,4468.73,4469.42,4468.38,4468.9,237
2026-01-09 05:41:00,4468.84,4470.6,4468.71,4470.59,214
2026-01-09 05:42:00,4470.51,4471.3,4470.04,4470.1,204
2026-01-09 05:43:00,4470.06,4471.22,4469.8,4471.22,221
2026-01-09 05:44:00,4471.23,4473.67,4471.06,4473.27,226
2026-01-09 05:45:00,4473.25,4473.58,4471.43,4471.81,224
2026-01-09 05:46:00,4471.78,4471.78,4469.76,4470.15,224
2026-01-09 05:47:00,4470.22,4471.17,4469.87,4470.65,233
2026-01-09 05:48:00,4471.0,4472.39,4471.0,4471.76,220
2026-01-09 05:49:00,4471.74,4471.98,4470.81,4471.08,235
2026-01-09 05:50:00,4471.09,4471.16,4469.92,4470.31,229
2026-01-09 05:51:00,4470.37,4470.87,4468.81,4469.03,236
2026-01-09 05:52:00,4469.13,4470.34,4469.1,4469.26,213
2026-01-09 05:53:00,4469.03,4469.35,4466.8,4467.35,278
2026-01-09 05:54:00,4467.3,4467.47,4465.55,4466.6,246
2026-01-09 05:55:00,4466.65,4468.59,4466.39,4468.12,222
2026-01-09 05:56:00,4468.06,4469.25,4467.66,4469.09,171
2026-01-09 05:57:00,4468.41,4469.92,4468.41,4469.92,196
2026-01-09 05:58:00,4470.2,4470.29,4469.67,4469.76,196
2026-01-09 05:59:00,4469.81,4470.49,4469.31,4469.55,193
2026-01-09 06:00:00,4469.5,4469.97,4467.77,4467.87,271
2026-01-09 06:01:00,4467.87,4469.0,4467.56,4467.72,274
2026-01-09 06:02:00,4467.7,4468.12,4467.14,4467.47,250
2026-01-09 06:03:00,4467.57,4468.18,4466.36,4467.15,232
2026-01-09 06:04:00,4467.02,4467.53,4466.32,4466.47,195
2026-01-09 06:05:00,4466.42,4466.47,4464.08,4465.44,225
2026-01-09 06:06:00,4465.49,4467.25,4464.94,4466.88,219
2026-01-09 06:07:00,4466.93,4467.0,4465.64,4466.2,228
2026-01-09 06:08:00,4466.19,4466.84,4465.74,4466.58,235
2026-01-09 06:09:00,4466.67,4466.9,4464.39,4465.16,237
2026-01-09 06:10:00,4465.33,4465.39,4463.75,4464.66,252
2026-01-09 06:11:00,4464.65,4464.65,4462.26,4462.72,268
2026-01-09 06:12:00,4462.73,4464.43,4462.65,4464.27,226
2026-01-09 06:13:00,4464.3,4464.49,4463.43,4464.12,248
2026-01-09 06:14:00,4464.11,4464.63,4463.42,4464.27,269
2026-01-09 06:15:00,4464.37,4464.88,4463.39,4463.98,247
2026-01-09 06:16:00,4463.91,4464.03,4463.02,4464.0,253
2026-01-09 06:17:00,4463.96,4464.23,4463.51,4463.77,238
2026-01-09 06:18:00,4463.88,4464.29,4462.13,4462.66,236
2026-01-09 06:19:00,4462.62,4465.16,4462.61,4464.71,219
2026-01-09 06:20:00,4464.73,4465.01,4464.1,4464.57,212
2026-01-09 06:21:00,4464.57,4466.38,4464.36,4465.62,220
2026-01-09 06:22:00,4465.52,4466.15,4462.12,4463.94,222
2026-01-09 06:23:00,4463.79,4463.8,4461.1,4461.81,251
2026-01-09 06:24:00,4461.71,4463.55,4461.02,4463.25,242
2026-01-09 06:25:00,4463.3,4464.36,4462.16,4463.12,205
2026-01-09 06:26:00,4463.67,4463.67,4462.31,4462.77,234
2026-01-09 06:27:00,4462.71,4462.74,4461.67,4461.78,207
2026-01-09 06:28:00,4461.79,4464.06,4461.74,4463.93,223
2026-01-09 06:29:00,4464.03,4464.03,4463.03,4463.49,256
2026-01-09 06:30:00,4463.48,4463.49,4461.46,4461.5,179
2026-01-09 06:31:00,4461.46,4461.84,4461.04,4461.64,163
2026-01-09 06:32:00,4461.66,4461.88,4460.5,4461.0,198
2026-01-09 06:33:00,4461.02,4462.85,4460.74,4462.85,183
2026-01-09 06:34:00,4462.86,4463.13,4461.99,4463.03,163
2026-01-09 06:35:00,4463.08,4463.42,4462.72,4463.42,104
2026-01-09 06:36:00,4463.44,4464.04,4463.44,4463.65,94
2026-01-09 06:37:00,4463.59,4464.76,4463.54,4464.69,142
2026-01-09 06:38:00,4464.68,4464.77,4464.19,4464.64,137
2026-01-09 06:39:00,4464.69,4465.22,4464.2,4465.13,142
2026-01-09 06:40:00,4465.01,4465.51,4463.57,4464.14,157
2026-01-09 06:41:00,4464.07,4464.38,4463.59,4463.6,110
2026-01-09 06:42:00,4463.72,4464.1,4463.64,4463.78,140
2026-01-09 06:43:00,4463.8,4464.28,4463.4,4463.77,119
2026-01-09 06:44:00,4463.75,4463.89,4463.25,4463.86,116
2026-01-09 06:45:00,4463.96,4465.81,4463.96,4465.34,145
2026-01-09 06:46:00,4465.39,4465.66,4464.79,4465.07,127
2026-01-09 06:47:00,4465.0,4465.16,4464.59,4465.06,121
2026-01-09 06:48:00,4465.16,4465.65,4465.16,4465.65,75
2026-01-09 06:49:00,4465.42,4465.58,4465.18,4465.53,76
2026-01-09 06:50:00,4465.54,4465.54,4464.45,4464.79,97
2026-01-09 06:51:00,4464.69,4464.84,4464.45,4464.48,77
2026-01-09 06:52:00,4464.44,4465.34,4464.17,4465.28,159
2026-01-09 06:53:00,4465.29,4465.29,4464.53,4464.71,147
2026-01-09 06:54:00,4464.74,4465.23,4464.51,4465.18,110
2026-01-09 06:55:00,4465.23,4465.7,4465.13,4465.68,124
2026-01-09 06:56:00,4465.69,4465.76,4465.21,4465.27,113
2026-01-09 06:57:00,4465.24,4465.61,4464.58,4464.74,124
2026-01-09 06:58:00,4464.75,4464.96,4464.72,4464.96,65
2026-01-09 06:59:00,4464.98,4465.21,4463.72,4464.02,152
2026-01-09 07:00:00,4463.98,4465.54,4463.91,4465.32,146
2026-01-09 07:01:00,4465.3,4465.3,4463.21,4463.29,138
2026-01-09 07:02:00,4463.3,4464.03,4463.3,4463.44,162
2026-01-09 07:03:00,4463.34,4463.56,4462.53,4463.48,169
2026-01-09 07:04:00,4463.46,4463.62,4462.73,4463.47,155
2026-01-09 07:05:00,4463.41,4464.18,4463.41,4463.68,127
2026-01-09 07:06:00,4463.68,4464.31,4463.64,4464.31,98
2026-01-09 07:07:00,4464.3,4464.74,4463.96,4464.57,94
2026-01-09 07:08:00,4464.56,4465.46,4464.52,4465.4,112
2026-01-09 07:09:00,4465.45,4465.53,4464.31,4465.3,131
2026-01-09 07:10:00,4465.15,4465.39,4464.79,4464.79,105
2026-01-09 07:11:00,4464.86,4465.14,4464.54,4464.54,115
2026-01-09 07:12:00,4464.48,4464.71,4463.42,4463.81,117
2026-01-09 07:13:00,4463.8,4464.08,4463.69,4463.97,104
2026-01-09 07:14:00,4464.01,4464.08,4462.4,4462.53,156
2026-01-09 07:15:00,4462.5,4462.77,4461.88,4461.98,137
2026-01-09 07:16:00,4461.99,4463.57,4461.65,4463.04,154
2026-01-09 07:17:00,4462.9,4462.9,4461.2,4461.53,165
2026-01-09 07:18:00,4461.55,4461.71,4460.68,4461.71,169
2026-01-09 07:19:00,4461.71,4461.71,4460.88,4460.99,133
2026-01-09 07:20:00,4460.94,4461.75,4460.9,4461.74,155
2026-01-09 07:21:00,4461.79,4462.94,4461.67,4462.72,172
2026-01-09 07:22:00,4462.72,4463.82,4462.52,4463.8,168
2026-01-09 07:23:00,4463.77,4463.82,4463.22,4463.49,141
2026-01-09 07:24:00,4463.45,4463.84,4463.41,4463.84,62
2026-01-09 07:25:00,4463.85,4463.88,4463.19,4463.46,129
2026-01-09 07:26:00,4463.47,4463.52,4463.22,4463.23,81
2026-01-09 07:27:00,4463.08,4463.31,4462.71,4463.22,102
2026-01-09 07:28:00,4463.29,4463.59,4463.2,4463.55,90
2026-01-09 07:29:00,4463.56,4463.76,4462.78,4462.78,146
2026-01-09 07:30:00,4462.77,4462.77,4461.9,4461.9,129
2026-01-09 07:31:00,4462.23,4464.08,4462.01,4463.56,172
2026-01-09 07:32:00,4463.49,4463.61,4463.38,4463.39,70
2026-01-09 07:33:00,4463.45,4463.63,4462.37,4462.38,131
2026-01-09 07:34:00,4462.38,4463.51,4462.35,4463.49,125
2026-01-09 07:35:00,4463.49,4464.43,4463.06,4463.58,125
2026-01-09 07:36:00,4463.54,4464.06,4462.55,4462.6,186
2026-01-09 07:37:00,4462.65,4463.02,4461.56,4462.05,155
2026-01-09 07:38:00,4462.04,4462.73,4462.01,4462.3,140
2026-01-09 07:39:00,4462.32,4462.32,4461.77,4461.93,116
2026-01-09 07:40:00,4461.84,4463.28,4461.83,4463.15,155
2026-01-09 07:41:00,4463.16,4463.98,4462.82,4463.9,150
2026-01-09 07:42:00,4463.86,4464.73,4463.48,4463.81,140
2026-01-09 07:43:00,4463.96,4463.96,4462.96,4463.4,149
2026-01-09 07:44:00,4463.34,4463.48,4462.89,4463.16,107
2026-01-09 07:45:00,4463.17,4463.26,4462.36,4462.36,96
2026-01-09 07:46:00,4462.3,4462.88,4462.27,4462.5,107
2026-01-09 07:47:00,4462.47,4462.99,4462.47,4462.99,108
2026-01-09 07:48:00,4462.86,4463.03,4462.26,4462.43,110
2026-01-09 07:49:00,4462.43,4463.12,4462.43,4463.04,153
2026-01-09 07:50:00,4463.02,4463.11,4462.49,4462.88,119
2026-01-09 07:51:00,4463.13,4463.13,4461.87,4462.25,167
2026-01-09 07:52:00,4462.26,4462.51,4462.11,4462.31,90
2026-01-09 07:53:00,4462.2,4464.35,4462.12,4464.01,175
2026-01-09 07:54:00,4464.02,4464.68,4463.94,4464.29,130
2026-01-09 07:55:00,4464.3,4464.81,4464.14,4464.63,102
2026-01-09 07:56:00,4464.68,4466.0,4464.68,4466.0,110
2026-01-09 07:57:00,4466.26,4466.87,4466.08,4466.23,131
2026-01-09 07:58:00,4466.24,4466.27,4465.49,4465.5,100
2026-01-09 07:59:00,4465.5,4465.91,4464.61,4464.72,113
2026-01-09 08:00:00,4464.33,4464.93,4463.84,4464.93,120
2026-01-09 08:01:00,4464.88,4465.75,4464.83,4465.73,118
2026-01-09 08:02:00,4465.64,4466.74,4465.64,4466.07,135
2026-01-09 08:03:00,4466.08,4466.11,4464.44,4464.45,127
2026-01-09 08:04:00,4464.36,4465.13,4464.31,4465.04,106
2026-01-09 08:05:00,4465.07,4465.68,4464.57,4465.68,138
2026-01-09 08:06:00,4465.68,4465.68,4464.22,4464.3,139
2026-01-09 08:07:00,4464.22,4464.44,4463.99,4464.11,116
2026-01-09 08:08:00,4464.36,4464.38,4463.04,4463.1,126
2026-01-09 08:09:00,4463.11,4463.71,4463.08,4463.23,106
2026-01-09 08:10:00,4463.35,4463.73,4462.94,4463.08,100
2026-01-09 08:11:00,4462.63,4462.7,4461.82,4462.2,181
2026-01-09 08:12:00,4462.12,4463.07,4461.77,4462.67,138
2026-01-09 08:13:00,4462.66,4463.71,4462.35,4463.44,114
2026-01-09 08:14:00,4463.34,4463.51,4463.08,4463.08,65
2026-01-09 08:15:00,4463.18,4463.18,4461.35,4461.5,127
2026-01-09 08:16:00,4461.45,4461.78,4460.11,4460.97,206
2026-01-09 08:17:00,4460.95,4461.91,4460.29,4461.81,188
2026-01-09 08:18:00,4461.86,4463.36,4460.88,4463.01,189
2026-01-09 08:19:00,4462.76,4463.73,4462.74,4463.69,95
2026-01-09 08:20:00,4463.7,4463.89,4463.18,4463.42,127
2026-01-09 08:21:00,4463.5,4463.86,4462.32,4462.4,128
2026-01-09 08:22:00,4462.43,4462.71,4461.9,4461.92,126
2026-01-09 08:23:00,4461.87,4462.34,4459.16,4459.74,213
2026-01-09 08:24:00,4459.69,4459.69,4458.24,4458.75,254
2026-01-09 08:25:00,4458.74,4461.81,4458.67,4461.77,216
2026-01-09 08:26:00,4461.74,4462.49,4461.31,4462.33,163
2026-01-09 08:27:00,4462.32,4464.18,4462.23,4463.84,150
2026-01-09 08:28:00,4463.83,4464.54,4463.49,4464.17,155
2026-01-09 08:29:00,4464.2,4464.96,4464.2,4464.61,158
2026-01-09 08:30:00,4464.66,4468.2,4464.66,4467.85,314
2026-01-09 08:31:00,4467.88,4469.25,4467.59,4468.61,283
2026-01-09 08:32:00,4468.65,4470.24,4468.38,4469.56,265
2026-01-09 08:33:00,4469.73,4469.75,4468.87,4469.21,204
2026-01-09 08:34:00,4469.26,4470.9,4468.92,4470.83,270
2026-01-09 08:35:00,4470.72,4471.69,4470.21,4471.48,288
2026-01-09 08:36:00,4471.35,4471.35,4469.09,4469.13,250
2026-01-09 08:37:00,4469.12,4469.32,4468.52,4469.13,257
2026-01-09 08:38:00,4469.22,4470.12,4468.53,4469.31,254
2026-01-09 08:39:00,4469.38,4470.11,4468.65,4470.04,268
2026-01-09 08:40:00,4470.38,4470.8,4469.05,4469.29,244
2026-01-09 08:41:00,4469.25,4469.68,4468.88,4469.5,207
2026-01-09 08:42:00,4469.51,4469.59,4467.1,4468.16,250
2026-01-09 08:43:00,4468.03,4468.64,4467.76,4468.0,227
2026-01-09 08:44:00,4468.1,4468.59,4466.27,4467.47,261
2026-01-09 08:45:00,4467.59,4468.32,4467.54,4468.19,224
2026-01-09 08:46:00,4468.2,4468.95,4466.26,4466.67,204
2026-01-09 08:47:00,4466.59,4466.7,4465.46,4466.6,227
2026-01-09 08:48:00,4466.55,4467.08,4465.94,4466.34,216
2026-01-09 08:49:00,4466.31,4466.67,4465.94,4466.27,217
2026-01-09 08:50:00,4466.35,4467.12,4465.9,4466.99,236
2026-01-09 08:51:00,4466.84,4468.47,4466.59,4468.45,290
2026-01-09 08:52:00,4468.43,4468.74,4468.08,4468.52,212
2026-01-09 08:53:00,4468.52,4468.78,4467.35,4467.49,232
2026-01-09 08:54:00,4467.43,4468.69,4467.43,4468.32,231
2026-01-09 08:55:00,4468.32,4468.97,4467.12,4467.37,289
2026-01-09 08:56:00,4467.34,4468.09,4466.43,4467.94,272
2026-01-09 08:57:00,4468.03,4468.2,4467.07,4467.2,240
2026-01-09 08:58:00,4467.2,4468.22,4467.2,4467.65,242
2026-01-09 08:59:00,4467.64,4469.35,4467.57,4468.05,232
2026-01-09 09:00:00,4468.59,4469.27,4467.6,4468.49,265
2026-01-09 09:01:00,4468.45,4470.85,4468.43,4469.86,240
2026-01-09 09:02:00,4469.79,4469.86,4468.89,4469.61,237
2026-01-09 09:03:00,4469.6,4470.84,4468.6,4470.71,205
2026-01-09 09:04:00,4470.84,4470.86,4469.74,4470.34,260
2026-01-09 09:05:00,4470.35,4470.85,4468.77,4469.14,239
2026-01-09 09:06:00,4469.06,4469.11,4467.71,4467.71,209
2026-01-09 09:07:00,4467.82,4467.82,4466.27,4466.51,222
2026-01-09 09:08:00,4466.45,4467.77,4466.22,4467.77,199
2026-01-09 09:09:00,4467.88,4468.2,4467.41,4467.89,146
2026-01-09 09:10:00,4467.84,4468.72,4467.65,4468.33,162
2026-01-09 09:11:00,4468.18,4468.45,4466.89,4467.03,170
2026-01-09 09:12:00,4466.87,4467.86,4466.52,4467.82,199
2026-01-09 09:13:00,4467.77,4467.82,4466.25,4466.93,189
2026-01-09 09:14:00,4466.79,4467.38,4466.05,4467.29,235
2026-01-09 09:15:00,4467.5,4467.5,4466.16,4467.21,197
2026-01-09 09:16:00,4467.36,4469.02,4467.28,4469.02,193
2026-01-09 09:17:00,4469.07,4470.09,4468.29,4469.25,204
2026-01-09 09:18:00,4469.2,4469.2,4466.75,4467.27,225
2026-01-09 09:19:00,4467.17,4468.44,4467.17,4468.28,154
2026-01-09 09:20:00,4468.23,4469.26,4467.42,4467.55,219
2026-01-09 09:21:00,4467.65,4467.87,4467.11,4467.12,177
2026-01-09 09:22:00,4467.07,4467.59,4466.82,4466.91,156
2026-01-09 09:23:00,4467.01,4467.11,4466.36,4466.9,162
2026-01-09 09:24:00,4466.86,4468.3,4466.61,4468.1,185
2026-01-09 09:25:00,4468.1,4470.86,4468.1,4470.76,204
2026-01-09 09:26:00,4470.81,4471.51,4470.26,4471.26,246
2026-01-09 09:27:00,4471.11,4472.44,4471.11,4471.68,180
2026-01-09 09:28:00,4471.73,4472.85,4471.72,4472.66,201
2026-01-09 09:29:00,4472.61,4473.51,4472.27,4473.51,146
2026-01-09 09:30:00,4473.52,4474.75,4473.52,4474.52,239
2026-01-09 09:31:00,4474.47,4474.61,4473.08,4473.99,214
2026-01-09 09:32:00,4474.04,4474.36,4473.48,4473.93,203
2026-01-09 09:33:00,4473.94,4474.49,4473.38,4474.36,218
2026-01-09 09:34:00,4474.38,4475.15,4473.71,4474.53,230
2026-01-09 09:35:00,4474.57,4474.67,4473.19,4474.37,238
2026-01-09 09:36:00,4474.36,4475.5,4474.25,4474.58,227
2026-01-09 09:37:00,4474.59,4474.59,4473.91,4474.24,214
2026-01-09 09:38:00,4474.2,4474.72,4473.61,4474.13,209
2026-01-09 09:39:00,4474.01,4475.31,4474.01,4474.96,162
2026-01-09 09:40:00,4474.97,4474.97,4474.04,4474.38,236
2026-01-09 09:41:00,4474.39,4475.29,4474.39,4475.1,234
2026-01-09 09:42:00,4475.01,4475.55,4474.91,4475.07,110
2026-01-09 09:43:00,4475.03,4475.12,4474.34,4475.12,141
2026-01-09 09:44:00,4475.02,4475.63,4474.56,4475.09,123
2026-01-09 09:45:00,4475.1,4475.75,4475.04,4475.61,170
2026-01-09 09:46:00,4475.58,4476.47,4475.04,4475.16,220
2026-01-09 09:47:00,4475.04,4476.1,4474.64,4475.81,214
2026-01-09 09:48:00,4476.03,4477.28,4474.93,4475.51,243
2026-01-09 09:49:00,4475.41,4476.42,4474.8,4475.37,182
2026-01-09 09:50:00,4475.26,4475.57,4473.86,4475.14,266
2026-01-09 09:51:00,4475.18,4475.22,4474.1,4475.04,233
2026-01-09 09:52:00,4475.05,4476.11,4474.95,4475.95,190
2026-01-09 09:53:00,4475.64,4475.96,4474.39,4474.54,229
2026-01-09 09:54:00,4474.56,4475.15,4473.8,4474.24,221
2026-01-09 09:55:00,4474.25,4474.48,4472.74,4474.11,271
2026-01-09 09:56:00,4474.18,4475.02,4473.54,4474.77,225
2026-01-09 09:57:00,4474.74,4475.11,4473.46,4473.98,266
2026-01-09 09:58:00,4473.91,4474.66,4473.86,4474.29,185
2026-01-09 09:59:00,4474.34,4474.42,4473.06,4474.16,230
2026-01-09 10:00:00,4474.15,4474.74,4473.42,4473.95,216
2026-01-09 10:01:00,4473.92,4474.06,4472.33,4472.47,183
2026-01-09 10:02:00,4472.49,4474.26,4471.37,4474.26,207
2026-01-09 10:03:00,4474.75,4475.41,4473.5,4473.7,175
2026-01-09 10:04:00,4473.75,4474.55,4472.82,4474.55,192
2026-01-09 10:05:00,4474.5,4475.27,4473.9,4473.97,213
2026-01-09 10:06:00,4473.95,4474.76,4473.5,4474.42,180
2026-01-09 10:07:00,4474.44,4474.75,4474.16,4474.66,144
2026-01-09 10:08:00,4474.8,4474.8,4473.78,4474.42,135
2026-01-09 10:09:00,4474.59,4474.84,4474.25,4474.64,179
2026-01-09 10:10:00,4474.72,4474.72,4473.53,4473.59,152
2026-01-09 10:11:00,4473.58,4473.58,4472.88,4472.88,120
2026-01-09 10:12:00,4472.63,4473.22,4472.59,4472.83,148
2026-01-09 10:13:00,4472.76,4472.98,4471.58,4471.58,107
2026-01-09 10:14:00,4471.69,4471.69,4470.73,4471.3,184
2026-01-09 10:15:00,4471.66,4472.38,4471.26,4472.14,144
2026-01-09 10:16:00,4472.15,4472.43,4471.37,4471.97,143
2026-01-09 10:17:00,4471.99,4472.77,4471.88,4472.0,142
2026-01-09 10:18:00,4472.03,4472.6,4470.77,4472.57,159
2026-01-09 10:19:00,4472.7,4473.09,4472.55,4472.67,144
2026-01-09 10:20:00,4472.61,4472.94,4471.7,4471.81,159
2026-01-09 10:21:00,4471.82,4472.5,4470.92,4472.18,204
2026-01-09 10:22:00,4472.21,4472.41,4471.94,4472.13,151
2026-01-09 10:23:00,4472.14,4472.16,4471.31,4471.86,158
2026-01-09 10:24:00,4471.89,4471.89,4469.77,4470.62,177
2026-01-09 10:25:00,4470.52,4470.54,4469.07,4469.38,205
2026-01-09 10:26:00,4469.42,4469.42,4468.73,4469.11,170
2026-01-09 10:27:00,4469.58,4471.06,4469.4,4470.39,171
2026-01-09 10:28:00,4470.43,4471.25,4470.39,4471.1,161
2026-01-09 10:29:00,4471.11,4471.11,4469.98,4470.35,130
2026-01-09 10:30:00,4470.76,4471.38,4469.68,4471.22,162
2026-01-09 10:31:00,4471.27,4471.49,4471.02,4471.3,107
2026-01-09 10:32:00,4471.4,4471.55,4471.06,4471.3,88
2026-01-09 10:33:00,4471.38,4471.38,4469.56,4469.79,99
2026-01-09 10:34:00,4469.79,4469.81,4469.2,4469.65,140
2026-01-09 10:35:00,4469.76,4470.0,4468.84,4469.94,142
2026-01-09 10:36:00,4470.02,4470.51,4469.77,4470.51,110
2026-01-09 10:37:00,4470.48,4472.11,4470.47,4471.82,148
2026-01-09 10:38:00,4471.74,4471.97,4471.19,4471.97,94
2026-01-09 10:39:00,4472.02,4472.4,4471.7,4471.98,97
2026-01-09 10:40:00,4471.93,4472.62,4471.2,4471.2,107
2026-01-09 10:41:00,4471.14,4471.74,4471.04,4471.38,87
2026-01-09 10:42:00,4471.48,4472.44,4471.37,4471.96,76
2026-01-09 10:43:00,4471.68,4472.95,4471.68,4472.43,123
2026-01-09 10:44:00,4472.35,4472.46,4471.27,4471.68,147
2026-01-09 10:45:00,4471.71,4472.17,4471.23,4471.91,153
2026-01-09 10:46:00,4472.13,4472.67,4470.94,4472.67,172
2026-01-09 10:47:00,4472.62,4473.01,4472.35,4472.35,114
2026-01-09 10:48:00,4472.5,4472.5,4471.32,4471.54,106
2026-01-09 10:49:00,4471.54,4472.29,4471.54,4472.06,122
2026-01-09 10:50:00,4472.01,4472.97,4472.01,4472.56,119
2026-01-09 10:51:00,4472.46,4472.46,4469.79,4471.41,179
2026-01-09 10:52:00,4471.41,4473.28,4470.99,4472.79,170
2026-01-09 10:53:00,4472.72,4473.43,4472.47,4473.01,110
2026-01-09 10:54:00,4472.92,4473.02,4471.83,4472.13,149
2026-01-09 10:55:00,4472.08,4472.44,4471.61,4471.93,150
2026-01-09 10:56:00,4471.91,4472.35,4471.6,4471.89,98
2026-01-09 10:57:00,4471.93,4472.18,4470.29,4470.53,116
2026-01-09 10:58:00,4470.53,4471.0,4469.5,4470.5,186
2026-01-09 10:59:00,4470.52,4470.8,4469.64,4470.26,168
2026-01-09 11:00:00,4470.31,4471.06,4469.33,4470.85,217
2026-01-09 11:01:00,4470.85,4471.64,4468.8,4469.06,187
2026-01-09 11:02:00,4469.16,4469.16,4466.36,4467.66,199
2026-01-09 11:03:00,4467.64,4470.52,4467.64,4469.78,187
2026-01-09 11:04:00,4469.64,4470.39,4469.19,4469.25,138
2026-01-09 11:05:00,4469.28,4473.81,4469.15,4473.57,211
2026-01-09 11:06:00,4473.65,4475.05,4473.37,4474.67,256
2026-01-09 11:07:00,4474.71,4476.38,4474.71,4476.23,197
2026-01-09 11:08:00,4476.13,4476.54,4474.06,4474.06,178
2026-01-09 11:09:00,4474.15,4474.43,4473.43,4473.97,167
2026-01-09 11:10:00,4474.09,4475.55,4473.72,4474.81,189
2026-01-09 11:11:00,4474.79,4475.75,4474.38,4475.4,139
2026-01-09 11:12:00,4475.51,4475.51,4474.37,4475.27,127
2026-01-09 11:13:00,4475.25,4476.85,4474.51,4474.51,172
2026-01-09 11:14:00,4474.52,4474.78,4473.62,4474.3,193
2026-01-09 11:15:00,4474.38,4474.66,4472.88,4473.85,185
2026-01-09 11:16:00,4473.77,4473.77,4472.89,4473.44,186
2026-01-09 11:17:00,4473.36,4473.82,4472.78,4473.45,205
2026-01-09 11:18:00,4473.43,4473.82,4472.68,4473.75,196
2026-01-09 11:19:00,4473.66,4473.97,4473.2,4473.88,167
2026-01-09 11:20:00,4473.83,4474.42,4473.23,4474.39,192
2026-01-09 11:21:00,4473.96,4474.36,4473.76,4474.21,156
2026-01-09 11:22:00,4474.24,4475.15,4473.41,4475.01,164
2026-01-09 11:23:00,4474.92,4474.92,4474.43,4474.61,140
2026-01-09 11:24:00,4474.79,4475.36,4474.04,4474.04,135
2026-01-09 11:25:00,4474.0,4474.88,4473.67,4473.72,142
2026-01-09 11:26:00,4473.58,4475.15,4473.33,4474.48,173
2026-01-09 11:27:00,4474.53,4475.27,4473.78,4473.82,168
2026-01-09 11:28:00,4473.8,4474.13,4473.48,4473.68,145
2026-01-09 11:29:00,4473.76,4473.9,4473.03,4473.3,100
2026-01-09 11:30:00,4473.27,4473.93,4471.43,4471.87,233
2026-01-09 11:31:00,4471.99,4472.34,4470.8,4470.95,187
2026-01-09 11:32:00,4470.97,4472.92,4470.97,4472.39,200
2026-01-09 11:33:00,4472.45,4472.63,4471.9,4472.38,140
2026-01-09 11:34:00,4472.39,4472.4,4470.35,4470.35,148
2026-01-09 11:35:00,4470.38,4470.38,4469.51,4469.65,132
2026-01-09 11:36:00,4469.53,4470.05,4469.18,4469.5,147
2026-01-09 11:37:00,4469.51,4469.64,4467.61,4468.75,211
2026-01-09 11:38:00,4468.74,4469.25,4467.45,4467.75,164
2026-01-09 11:39:00,4467.62,4468.03,4466.52,4466.75,192
2026-01-09 11:40:00,4466.22,4466.81,4465.63,4466.08,189
2026-01-09 11:41:00,4466.09,4467.17,4465.74,4466.32,159
2026-01-09 11:42:00,4466.27,4467.77,4465.93,4467.48,138
2026-01-09 11:43:00,4467.4,4468.24,4467.31,4467.87,183
2026-01-09 11:44:00,4467.88,4468.02,4466.7,4466.8,124
2026-01-09 11:45:00,4466.7,4468.16,4466.7,4467.38,146
2026-01-09 11:46:00,4467.37,4467.57,4466.51,4466.59,135
2026-01-09 11:47:00,4466.2,4466.23,4465.36,4465.71,127
2026-01-09 11:48:00,4465.71,4466.32,4465.47,4466.22,150
2026-01-09 11:49:00,4466.32,4467.31,4465.96,4466.97,144
2026-01-09 11:50:00,4467.01,4467.01,4465.88,4466.44,191
2026-01-09 11:51:00,4466.41,4466.56,4464.62,4465.29,198
2026-01-09 11:52:00,4465.19,4465.52,4464.24,4465.38,207
2026-01-09 11:53:00,4465.39,4465.58,4464.08,4464.31,169
2026-01-09 11:54:00,4464.42,4467.31,4464.42,4467.21,205
2026-01-09 11:55:00,4467.26,4468.24,4467.19,4468.14,178
2026-01-09 11:56:00,4468.19,4468.44,4467.57,4468.39,132
2026-01-09 11:57:00,4468.08,4468.3,4467.75,4467.79,184
2026-01-09 11:58:00,4467.74,4468.25,4467.58,4467.87,152
2026-01-09 11:59:00,4467.91,4468.57,4467.23,4468.46,159
2026-01-09 12:00:00,4468.43,4469.52,4468.43,4469.32,214
2026-01-09 12:01:00,4469.34,4469.92,4469.2,4469.39,235
2026-01-09 12:02:00,4469.37,4470.93,4469.37,4470.67,230
2026-01-09 12:03:00,4470.66,4470.76,4469.81,4470.3,168
2026-01-09 12:04:00,4470.29,4470.76,4470.05,4470.67,146
2026-01-09 12:05:00,4470.66,4472.16,4470.16,4471.87,185
2026-01-09 12:06:00,4471.85,4473.0,4471.85,4472.41,224
2026-01-09 12:07:00,4472.63,4473.0,4472.28,4472.71,189
2026-01-09 12:08:00,4472.73,4472.78,4471.35,4472.4,221
2026-01-09 12:09:00,4472.43,4472.75,4471.5,4471.5,155
2026-01-09 12:10:00,4471.82,4473.16,4471.63,4472.5,183
2026-01-09 12:11:00,4472.49,4473.83,4472.49,4473.83,193
2026-01-09 12:12:00,4473.79,4474.96,4473.69,4474.54,211
2026-01-09 12:13:00,4474.64,4474.68,4473.41,4474.33,212
2026-01-09 12:14:00,4474.36,4474.84,4474.24,4474.74,193
2026-01-09 12:15:00,4474.71,4475.16,4473.47,4473.73,251
2026-01-09 12:16:00,4473.88,4474.38,4473.45,4473.46,146
2026-01-09 12:17:00,4473.43,4474.33,4473.23,4474.25,117
2026-01-09 12:18:00,4474.08,4476.5,4474.07,4476.49,198
2026-01-09 12:19:00,4476.48,4476.58,4475.74,4475.8,171
2026-01-09 12:20:00,4475.79,4477.6,4475.78,4475.97,197
2026-01-09 12:21:00,4476.02,4476.86,4475.97,4476.64,190
2026-01-09 12:22:00,4476.56,4476.6,4475.56,4476.46,170
2026-01-09 12:23:00,4476.4,4476.4,4475.13,4475.29,175
2026-01-09 12:24:00,4475.33,4475.33,4474.74,4474.74,93
2026-01-09 12:25:00,4474.65,4475.16,4474.11,4475.14,156
2026-01-09 12:26:00,4474.97,4475.26,4474.28,4475.21,120
2026-01-09 12:27:00,4475.26,4475.67,4474.57,4475.0,128
2026-01-09 12:28:00,4475.09,4475.1,4474.07,4474.07,136
2026-01-09 12:29:00,4474.46,4474.55,4473.56,4473.81,147
2026-01-09 12:30:00,4473.91,4474.58,4473.49,4473.49,114
2026-01-09 12:31:00,4473.54,4474.9,4473.5,4474.9,134
2026-01-09 12:32:00,4474.91,4475.13,4473.29,4473.96,173
2026-01-09 12:33:00,4473.91,4474.03,4472.6,4472.76,166
2026-01-09 12:34:00,4472.8,4473.85,4472.8,4473.06,142
2026-01-09 12:35:00,4473.19,4473.28,4471.63,4471.71,171
2026-01-09 12:36:00,4471.79,4472.83,4471.75,4472.81,181
2026-01-09 12:37:00,4472.59,4472.7,4471.98,4472.28,120
2026-01-09 12:38:00,4472.27,4472.72,4471.8,4472.67,190
2026-01-09 12:39:00,4472.69,4473.09,4472.04,4473.07,145
2026-01-09 12:40:00,4473.1,4473.7,4472.96,4473.33,137
2026-01-09 12:41:00,4473.4,4473.4,4472.43,4472.44,180
2026-01-09 12:42:00,4472.43,4473.19,4472.43,4473.14,172
2026-01-09 12:43:00,4473.13,4473.14,4471.99,4472.49,137
2026-01-09 12:44:00,4472.43,4472.66,4471.64,4471.68,139
2026-01-09 12:45:00,4471.99,4472.42,4471.85,4472.42,122
2026-01-09 12:46:00,4472.44,4474.24,4471.93,4474.16,193
2026-01-09 12:47:00,4474.22,4474.32,4473.28,4473.49,207
2026-01-09 12:48:00,4473.5,4473.67,4472.99,4473.24,160
2026-01-09 12:49:00,4473.25,4473.57,4472.99,4473.38,126
2026-01-09 12:50:00,4473.43,4473.43,4472.7,4472.81,82
2026-01-09 12:51:00,4472.79,4472.79,4472.04,4472.54,124
2026-01-09 12:52:00,4472.55,4472.86,4472.27,4472.27,140
2026-01-09 12:53:00,4472.28,4472.45,4471.22,4471.58,167
2026-01-09 12:54:00,4471.6,4471.6,4470.78,4471.15,134
2026-01-09 12:55:00,4471.21,4471.95,4471.08,4471.89,114
2026-01-09 12:56:00,4471.86,4472.77,4471.79,4472.31,160
2026-01-09 12:57:00,4472.31,4472.31,4471.21,4471.31,147
2026-01-09 12:58:00,4471.88,4472.08,4471.23,4471.35,150
2026-01-09 12:59:00,4471.36,4471.37,4471.06,4471.2,74
2026-01-09 13:00:00,4471.17,4472.22,4470.9,4472.06,110
2026-01-09 13:01:00,4471.82,4472.04,4470.41,4470.8,196
2026-01-09 13:02:00,4470.8,4471.79,4470.8,4471.51,115
2026-01-09 13:03:00,4471.67,4472.05,4471.18,4471.65,86
2026-01-09 13:04:00,4471.35,4471.52,4470.52,4470.69,106
2026-01-09 13:05:00,4470.59,4471.53,4469.83,4471.51,153
2026-01-09 13:06:00,4471.4,4473.16,4471.4,4473.11,121
2026-01-09 13:07:00,4473.14,4473.39,4471.93,4472.02,136
2026-01-09 13:08:00,4471.86,4472.43,4471.79,4472.21,76
2026-01-09 13:09:00,4472.18,4473.92,4472.18,4473.8,132
2026-01-09 13:10:00,4473.81,4474.22,4473.58,4473.86,123
2026-01-09 13:11:00,4473.85,4473.85,4472.97,4473.48,67
2026-01-09 13:12:00,4473.47,4473.52,4472.79,4473.22,104
2026-01-09 13:13:00,4473.21,4473.41,4472.5,4472.5,56
2026-01-09 13:14:00,4472.6,4472.66,4472.03,4472.04,108
2026-01-09 13:15:00,4472.02,4472.2,4471.56,4472.05,119
2026-01-09 13:16:00,4472.03,4473.07,4472.03,4472.73,53
2026-01-09 13:17:00,4473.02,4473.06,4472.38,4472.55,54
2026-01-09 13:18:00,4472.62,4473.72,4472.53,4473.72,62
2026-01-09 13:19:00,4473.75,4473.75,4473.2,4473.69,117
2026-01-09 13:20:00,4473.34,4473.48,4472.7,4473.33,161
2026-01-09 13:21:00,4473.31,4473.82,4473.19,4473.45,110
2026-01-09 13:22:00,4473.41,4473.52,4472.77,4472.88,85
2026-01-09 13:23:00,4472.81,4472.96,4472.05,4472.91,100
2026-01-09 13:24:00,4472.88,4472.9,4471.17,4471.65,178
2026-01-09 13:25:00,4471.58,4471.9,4471.18,4471.36,123
2026-01-09 13:26:00,4471.36,4471.63,4470.09,4470.53,164
2026-01-09 13:27:00,4470.49,4470.58,4469.07,4469.18,149
2026-01-09 13:28:00,4469.16,4470.1,4469.16,4469.81,152
2026-01-09 13:29:00,4469.82,4469.94,4469.02,4469.02,125
2026-01-09 13:30:00,4468.96,4469.2,4468.43,4468.6,175
2026-01-09 13:31:00,4468.59,4468.63,4468.22,4468.38,151
2026-01-09 13:32:00,4468.36,4470.52,4468.24,4470.44,173
2026-01-09 13:33:00,4470.42,4472.09,4470.42,4472.08,176
2026-01-09 13:34:00,4472.15,4472.44,4470.4,4470.7,171
2026-01-09 13:35:00,4470.71,4470.83,4469.16,4469.78,148
2026-01-09 13:36:00,4469.79,4470.99,4469.15,4470.99,124
2026-01-09 13:37:00,4471.07,4471.13,4470.48,4470.48,124
2026-01-09 13:38:00,4470.43,4470.62,4470.15,4470.22,86
2026-01-09 13:39:00,4470.23,4470.66,4469.82,4470.6,95
2026-01-09 13:40:00,4470.53,4470.68,4470.4,4470.4,106
2026-01-09 13:41:00,4470.45,4470.47,4469.91,4470.03,124
2026-01-09 13:42:00,4469.97,4471.07,4469.9,4470.77,146
2026-01-09 13:43:00,4470.8,4471.06,4469.98,4470.17,158
2026-01-09 13:44:00,4470.17,4470.17,4469.25,4469.25,143
2026-01-09 13:45:00,4469.24,4469.24,4468.2,4468.53,150
2026-01-09 13:46:00,4468.33,4468.33,4467.73,4467.97,151
2026-01-09 13:47:00,4467.94,4467.99,4467.46,4467.69,173
2026-01-09 13:48:00,4467.7,4468.24,4467.35,4467.73,172
2026-01-09 13:49:00,4467.71,4468.64,4467.17,4468.64,167
2026-01-09 13:50:00,4468.63,4469.06,4468.05,4468.38,127
2026-01-09 13:51:00,4468.41,4468.93,4468.17,4468.7,141
2026-01-09 13:52:00,4468.72,4469.56,4468.17,4469.53,148
2026-01-09 13:53:00,4469.56,4470.72,4469.56,4470.67,110
2026-01-09 13:54:00,4470.72,4471.75,4470.72,4471.69,133
2026-01-09 13:55:00,4471.67,4471.93,4471.2,4471.2,117
2026-01-09 13:56:00,4471.14,4471.29,4470.55,4471.01,106
2026-01-09 13:57:00,4471.05,4471.49,4470.56,4471.31,126
2026-01-09 13:58:00,4471.28,4471.92,4471.24,4471.49,112
2026-01-09 13:59:00,4471.73,4472.79,4471.73,4472.59,148
2026-01-09 14:00:00,4472.7,4474.48,4472.7,4474.39,176
2026-01-09 14:01:00,4474.54,4474.75,4473.45,4473.45,179
2026-01-09 14:02:00,4473.21,4473.71,4472.85,4473.61,164
2026-01-09 14:03:00,4473.7,4474.68,4473.7,4474.46,161
2026-01-09 14:04:00,4474.48,4474.6,4473.32,4473.71,133
2026-01-09 14:05:00,4473.7,4474.14,4473.1,4473.22,102
2026-01-09 14:06:00,4473.24,4473.24,4472.15,4472.53,133
2026-01-09 14:07:00,4472.77,4472.77,4471.8,4471.91,110
2026-01-09 14:08:00,4472.07,4472.15,4471.51,4471.56,112
2026-01-09 14:09:00,4471.5,4471.5,4469.98,4470.26,159
2026-01-09 14:10:00,4470.27,4471.51,4470.15,4471.51,108
2026-01-09 14:11:00,4471.54,4471.99,4471.34,4471.97,138
2026-01-09 14:12:00,4471.98,4472.06,4471.56,4471.87,70
2026-01-09 14:13:00,4471.86,4471.87,4471.16,4471.67,94
2026-01-09 14:14:00,4471.66,4472.09,4471.36,4472.08,132
2026-01-09 14:15:00,4472.09,4472.17,4471.92,4472.01,76
2026-01-09 14:16:00,4472.07,4472.31,4472.01,4472.01,66
2026-01-09 14:17:00,4472.09,4472.55,4471.54,4471.72,112
2026-01-09 14:18:00,4471.7,4472.5,4471.7,4472.47,90
2026-01-09 14:19:00,4472.4,4472.9,4472.03,4472.25,95
2026-01-09 14:20:00,4472.27,4472.32,4471.59,4471.98,142
2026-01-09 14:21:00,4471.99,4472.95,4471.86,4472.48,129
2026-01-09 14:22:00,4472.49,4472.88,4471.97,4472.16,139
2026-01-09 14:23:00,4472.21,4472.59,4472.08,4472.47,117
2026-01-09 14:24:00,4472.48,4472.62,4471.76,4472.37,139
2026-01-09 14:25:00,4472.42,4472.58,4471.28,4471.57,116
2026-01-09 14:26:00,4471.58,4472.33,4471.58,4472.32,113
2026-01-09 14:27:00,4472.17,4472.17,4471.35,4471.77,116
2026-01-09 14:28:00,4471.87,4471.87,4470.99,4471.25,126
2026-01-09 14:29:00,4471.25,4471.27,4470.59,4470.69,166
2026-01-09 14:30:00,4470.7,4470.94,4470.34,4470.46,154
2026-01-09 14:31:00,4470.45,4470.5,4469.53,4469.54,100
2026-01-09 14:32:00,4469.47,4470.94,4469.31,4470.57,169
2026-01-09 14:33:00,4470.55,4470.78,4469.65,4470.2,160
2026-01-09 14:34:00,4470.26,4471.34,4469.97,4470.79,136
2026-01-09 14:35:00,4470.6,4470.96,4470.27,4470.55,117
2026-01-09 14:36:00,4470.53,4470.82,4470.12,4470.82,97
2026-01-09 14:37:00,4470.77,4470.97,4470.36,4470.54,104
2026-01-09 14:38:00,4470.5,4470.6,4469.63,4470.6,170
2026-01-09 14:39:00,4470.66,4471.88,4470.59,4471.88,125
2026-01-09 14:40:00,4471.88,4471.9,4470.87,4470.87,176
2026-01-09 14:41:00,4470.77,4470.83,4469.7,4469.96,163
2026-01-09 14:42:00,4469.94,4470.55,4469.33,4469.43,178
2026-01-09 14:43:00,4469.46,4471.18,4469.46,4470.52,216
2026-01-09 14:44:00,4470.53,4470.78,4470.25,4470.65,112
2026-01-09 14:45:00,4470.3,4470.63,4469.83,4470.18,132
2026-01-09 14:46:00,4470.14,4470.14,4468.74,4469.09,148
2026-01-09 14:47:00,4469.52,4470.63,4469.52,4470.3,182
2026-01-09 14:48:00,4470.29,4471.18,4470.13,4470.96,210
2026-01-09 14:49:00,4471.02,4472.41,4471.01,4472.34,155
2026-01-09 14:50:00,4472.4,4472.92,4472.4,4472.92,153
2026-01-09 14:51:00,4472.93,4472.97,4471.88,4472.8,128
2026-01-09 14:52:00,4472.82,4472.93,4471.7,4471.86,143
2026-01-09 14:53:00,4471.85,4472.52,4471.64,4471.94,142
2026-01-09 14:54:00,4471.95,4473.55,4471.94,4473.5,160
2026-01-09 14:55:00,4473.53,4473.75,4473.25,4473.74,137
2026-01-09 14:56:00,4473.72,4474.92,4473.72,4474.14,133
2026-01-09 14:57:00,4474.16,4474.94,4474.16,4474.4,142
2026-01-09 14:58:00,4474.43,4475.6,4474.01,4475.58,194
2026-01-09 14:59:00,4475.66,4476.18,4475.49,4475.49,231
2026-01-09 15:00:00,4475.43,4478.66,4475.43,4478.65,262
2026-01-09 15:01:00,4478.53,4478.76,4477.28,4477.61,253
2026-01-09 15:02:00,4477.66,4477.86,4476.87,4477.41,174
2026-01-09 15:03:00,4477.3,4477.66,4476.92,4477.2,162
2026-01-09 15:04:00,4477.25,4477.89,4477.12,4477.18,168
2026-01-09 15:05:00,4477.23,4479.76,4477.2,4479.74,208
2026-01-09 15:06:00,4479.76,4480.47,4479.37,4479.38,213
2026-01-09 15:07:00,4479.42,4479.46,4478.6,4478.87,195
2026-01-09 15:08:00,4478.9,4479.45,4477.9,4477.9,210
2026-01-09 15:09:00,4477.93,4478.7,4477.58,4477.63,213
2026-01-09 15:10:00,4477.6,4477.6,4476.46,4477.09,232
2026-01-09 15:11:00,4477.08,4477.26,4473.66,4473.88,242
2026-01-09 15:12:00,4473.94,4474.6,4472.64,4473.32,210
2026-01-09 15:13:00,4473.08,4473.74,4472.08,4473.74,193
2026-01-09 15:14:00,4473.37,4474.14,4473.12,4474.13,166
2026-01-09 15:15:00,4474.06,4474.8,4473.35,4473.82,226
2026-01-09 15:16:00,4473.8,4474.13,4473.19,4474.09,146
2026-01-09 15:17:00,4474.38,4474.63,4473.84,4473.97,177
2026-01-09 15:18:00,4474.26,4474.39,4473.7,4473.91,144
2026-01-09 15:19:00,4473.86,4473.93,4473.38,4473.69,112
2026-01-09 15:20:00,4473.54,4473.54,4471.27,4471.41,210
2026-01-09 15:21:00,4471.38,4471.38,4470.7,4470.98,194
2026-01-09 15:22:00,4470.8,4471.41,4470.67,4471.33,196
2026-01-09 15:23:00,4471.28,4471.69,4470.55,4470.73,182
2026-01-09 15:24:00,4470.72,4471.32,4470.17,4470.65,208
2026-01-09 15:25:00,4470.63,4471.23,4469.5,4469.82,234
2026-01-09 15:26:00,4469.81,4469.99,4467.8,4467.8,212
2026-01-09 15:27:00,4468.03,4468.17,4467.11,4468.03,264
2026-01-09 15:28:00,4469.61,4469.84,4468.2,4468.2,223
2026-01-09 15:29:00,4468.25,4468.94,4467.81,4467.81,202
2026-01-09 15:30:00,4467.77,4468.72,4466.85,4467.33,221
2026-01-09 15:31:00,4467.24,4467.25,4464.82,4465.08,232
2026-01-09 15:32:00,4465.04,4465.73,4464.9,4464.99,188
2026-01-09 15:33:00,4465.53,4465.53,4461.12,4464.13,290
2026-01-09 15:34:00,4464.19,4464.84,4463.44,4464.67,213
2026-01-09 15:35:00,4464.65,4466.21,4464.45,4465.01,258
2026-01-09 15:36:00,4465.12,4465.28,4463.28,4463.44,236
2026-01-09 15:37:00,4463.39,4465.0,4463.25,4464.4,187
2026-01-09 15:38:00,4464.39,4466.33,4464.38,4466.3,201
2026-01-09 15:39:00,4465.95,4466.4,4465.73,4465.96,159
2026-01-09 15:40:00,4465.97,4465.97,4465.35,4465.81,193
2026-01-09 15:41:00,4465.82,4466.41,4465.32,4465.83,218
2026-01-09 15:42:00,4465.81,4467.08,4465.3,4466.7,155
2026-01-09 15:43:00,4466.72,4466.97,4465.88,4466.24,227
2026-01-09 15:44:00,4466.08,4466.26,4464.34,4466.06,262
2026-01-09 15:45:00,4466.05,4467.09,4465.03,4467.08,202
2026-01-09 15:46:00,4467.03,4468.22,4466.47,4467.94,269
2026-01-09 15:47:00,4467.92,4468.01,4467.09,4467.66,206
2026-01-09 15:48:00,4467.93,4468.27,4467.29,4467.83,209
2026-01-09 15:49:00,4467.86,4468.15,4467.42,4467.68,202
2026-01-09 15:50:00,4467.62,4467.63,4466.92,4467.19,221
2026-01-09 15:51:00,4467.29,4467.29,4465.15,4466.0,199
2026-01-09 15:52:00,4466.1,4467.29,4465.99,4466.5,166
2026-01-09 15:53:00,4466.57,4466.81,4464.76,4465.63,223
2026-01-09 15:54:00,4465.34,4465.38,4463.76,4464.26,229
2026-01-09 15:55:00,4464.19,4465.67,4463.77,4465.51,196
2026-01-09 15:56:00,4465.54,4466.86,4464.85,4466.52,181
2026-01-09 15:57:00,4466.6,4467.84,4466.17,4466.55,162
2026-01-09 15:58:00,4466.57,4467.08,4466.4,4466.43,154
2026-01-09 15:59:00,4465.82,4467.31,4465.65,4466.09,219
2026-01-09 16:00:00,4466.11,4468.81,4464.34,4465.42,343
2026-01-09 16:01:00,4465.15,4468.62,4463.84,4468.51,340
2026-01-09 16:02:00,4468.46,4469.86,4468.05,4469.51,347
2026-01-09 16:03:00,4469.48,4470.38,4468.64,4468.67,320
2026-01-09 16:04:00,4468.77,4470.04,4467.97,4469.51,320
2026-01-09 16:05:00,4469.41,4472.19,4469.41,4472.19,304
2026-01-09 16:06:00,4472.2,4473.74,4472.13,4472.54,322
2026-01-09 16:07:00,4472.5,4473.42,4472.03,4472.32,289
2026-01-09 16:08:00,4472.37,4472.37,4469.48,4470.06,300
2026-01-09 16:09:00,4470.07,4470.94,4469.38,4469.83,290
2026-01-09 16:10:00,4469.82,4469.95,4467.83,4468.28,290
2026-01-09 16:11:00,4468.32,4470.44,4468.11,4470.01,295
2026-01-09 16:12:00,4469.98,4471.63,4469.55,4469.97,289
2026-01-09 16:13:00,4469.91,4469.91,4467.71,4468.51,278
2026-01-09 16:14:00,4468.5,4469.15,4466.61,4467.47,298
2026-01-09 16:15:00,4467.55,4467.64,4465.77,4466.9,265
2026-01-09 16:16:00,4466.82,4468.83,4465.77,4467.13,302
2026-01-09 16:17:00,4467.12,4468.72,4466.57,4468.52,302
2026-01-09 16:18:00,4468.68,4468.76,4466.43,4466.52,278
2026-01-09 16:19:00,4466.55,4467.24,4463.34,4463.54,271
2026-01-09 16:20:00,4463.63,4468.73,4462.27,4467.46,315
2026-01-09 16:21:00,4467.44,4470.18,4466.78,4469.66,305
2026-01-09 16:22:00,4469.74,4472.19,4469.19,4470.61,298
2026-01-09 16:23:00,4470.58,4471.78,4470.01,4471.78,322
2026-01-09 16:24:00,4471.88,4473.77,4471.59,4472.21,304
2026-01-09 16:25:00,4472.27,4474.56,4471.19,4474.42,307
2026-01-09 16:26:00,4474.43,4474.43,4472.39,4472.78,264
2026-01-09 16:27:00,4472.77,4473.41,4472.31,4473.0,204
2026-01-09 16:28:00,4472.97,4473.97,4470.83,4470.95,254
2026-01-09 16:29:00,4470.81,4473.23,4470.52,4473.21,237
2026-01-09 16:30:00,4473.02,4474.01,4459.36,4470.72,355
2026-01-09 16:31:00,4470.74,4479.03,4470.58,4476.93,343
2026-01-09 16:32:00,4476.95,4487.21,4476.57,4482.7,343
2026-01-09 16:33:00,4482.39,4486.54,4481.86,4484.52,355
2026-01-09 16:34:00,4484.55,4488.39,4482.09,4487.02,350
2026-01-09 16:35:00,4487.07,4488.68,4483.52,4483.52,364
2026-01-09 16:36:00,4483.36,4483.89,4479.18,4483.09,352
2026-01-09 16:37:00,4483.22,4489.37,4481.96,4488.64,346
2026-01-09 16:38:00,4489.01,4489.2,4485.25,4489.2,351
2026-01-09 16:39:00,4489.15,4489.15,4486.54,4488.55,331
2026-01-09 16:40:00,4488.53,4491.73,4486.24,4488.59,354
2026-01-09 16:41:00,4488.6,4489.18,4483.53,4485.8,351
2026-01-09 16:42:00,4485.3,4488.38,4483.59,4487.71,345
2026-01-09 16:43:00,4487.86,4488.91,4486.05,4488.11,350
2026-01-09 16:44:00,4488.11,4489.22,4486.37,4486.69,343
2026-01-09 16:45:00,4487.12,4488.41,4485.34,4487.15,341
2026-01-09 16:46:00,4487.14,4488.89,4485.06,4487.66,356
2026-01-09 16:47:00,4487.67,4488.19,4484.45,4484.73,338
2026-01-09 16:48:00,4484.58,4484.58,4481.78,4482.76,325
2026-01-09 16:49:00,4482.89,4485.11,4482.25,4483.46,334
2026-01-09 16:50:00,4483.49,4483.49,4479.12,4479.96,319
2026-01-09 16:51:00,4479.94,4482.42,4479.6,4479.6,330
2026-01-09 16:52:00,4479.94,4484.42,4479.01,4484.31,345
2026-01-09 16:53:00,4484.36,4484.96,4479.96,4480.98,312
2026-01-09 16:54:00,4480.91,4483.66,4480.75,4482.91,324
2026-01-09 16:55:00,4483.19,4484.75,4481.95,4484.72,291
2026-01-09 16:56:00,4484.6,4485.34,4482.26,4485.06,294
2026-01-09 16:57:00,4484.71,4485.22,4482.91,4483.77,316
2026-01-09 16:58:00,4483.57,4483.57,4480.26,4481.7,293
2026-01-09 16:59:00,4481.75,4482.83,4480.16,4482.75,290
2026-01-09 17:00:00,4481.89,4486.35,4481.49,4485.86,345
2026-01-09 17:01:00,4485.9,4488.1,4485.73,4486.47,311
2026-01-09 17:02:00,4487.0,4487.88,4486.52,4487.35,307
2026-01-09 17:03:00,4487.29,4487.42,4485.26,4485.42,324
2026-01-09 17:04:00,4485.34,4486.39,4484.58,4485.45,310
2026-01-09 17:05:00,4485.43,4485.67,4481.21,4481.25,344
2026-01-09 17:06:00,4481.3,4485.19,4480.63,4482.97,345
2026-01-09 17:07:00,4483.05,4486.87,4483.05,4485.88,324
2026-01-09 17:08:00,4485.82,4486.6,4483.33,4483.46,327
2026-01-09 17:09:00,4483.36,4487.28,4483.29,4487.02,320
2026-01-09 17:10:00,4486.94,4493.38,4486.41,4493.29,320
2026-01-09 17:11:00,4493.45,4496.53,4493.21,4494.15,357
2026-01-09 17:12:00,4494.39,4494.51,4492.63,4493.27,358
2026-01-09 17:13:00,4493.3,4493.62,4489.28,4490.46,347
2026-01-09 17:14:00,4490.35,4490.54,4486.73,4489.22,353
2026-01-09 17:15:00,4489.92,4492.6,4488.69,4488.92,350
2026-01-09 17:16:00,4488.89,4491.71,4488.36,4489.21,333
2026-01-09 17:17:00,4489.22,4489.22,4486.26,4488.24,344
2026-01-09 17:18:00,4487.69,4487.9,4483.66,4485.76,322
2026-01-09 17:19:00,4485.81,4488.32,4485.38,4487.1,333
2026-01-09 17:20:00,4487.14,4493.27,4487.02,4493.24,349
2026-01-09 17:21:00,4493.38,4493.63,4492.02,4492.97,336
2026-01-09 17:22:00,4492.94,4495.68,4492.05,4494.84,330
2026-01-09 17:23:00,4494.72,4495.58,4493.73,4495.34,335
2026-01-09 17:24:00,4495.36,4496.0,4493.82,4493.92,296
2026-01-09 17:25:00,4493.93,4495.4,4493.17,4494.41,307
2026-01-09 17:26:00,4494.4,4495.34,4493.84,4494.86,323
2026-01-09 17:27:00,4495.06,4495.34,4493.1,4494.79,288
2026-01-09 17:28:00,4494.89,4495.37,4492.76,4492.86,291
2026-01-09 17:29:00,4492.89,4494.79,4491.8,4494.45,313
2026-01-09 17:30:00,4493.34,4493.34,4487.57,4488.84,355
2026-01-09 17:31:00,4488.91,4489.68,4486.63,4489.68,353
2026-01-09 17:32:00,4489.48,4490.22,4483.48,4483.55,328
2026-01-09 17:33:00,4483.54,4486.28,4482.61,4484.13,335
2026-01-09 17:34:00,4484.08,4489.82,4483.6,4489.72,314
2026-01-09 17:35:00,4489.48,4495.81,4489.22,4494.82,343
2026-01-09 17:36:00,4494.86,4497.94,4494.86,4494.91,340
2026-01-09 17:37:00,4495.21,4497.46,4495.01,4496.74,344
2026-01-09 17:38:00,4496.94,4497.98,4494.99,4494.99,332
2026-01-09 17:39:00,4494.78,4496.33,4494.58,4495.93,340
2026-01-09 17:40:00,4496.01,4497.97,4493.03,4493.95,348
2026-01-09 17:41:00,4493.89,4496.33,4493.66,4493.66,317
2026-01-09 17:42:00,4493.86,4495.35,4491.9,4492.42,344
2026-01-09 17:43:00,4492.15,4492.17,4487.77,4488.17,356
2026-01-09 17:44:00,4488.12,4489.51,4486.29,4487.96,354
2026-01-09 17:45:00,4487.34,4488.4,4485.19,4486.62,366
2026-01-09 17:46:00,4486.86,4488.88,4485.2,4485.41,348
2026-01-09 17:47:00,4485.54,4487.14,4483.21,4484.87,348
2026-01-09 17:48:00,4484.9,4488.1,4484.36,4485.57,363
2026-01-09 17:49:00,4485.48,4485.48,4482.42,4485.13,363
2026-01-09 17:50:00,4485.33,4486.73,4480.29,4480.29,370
2026-01-09 17:51:00,4480.44,4486.3,4479.4,4486.03,346
2026-01-09 17:52:00,4486.53,4488.92,4485.24,4488.0,351
2026-01-09 17:53:00,4488.33,4489.42,4486.22,4489.27,360
2026-01-09 17:54:00,4489.43,4491.12,4489.13,4490.75,335
2026-01-09 17:55:00,4490.94,4493.51,4490.94,4493.16,350
2026-01-09 17:56:00,4492.96,4494.29,4492.09,4494.19,317
2026-01-09 17:57:00,4494.17,4494.66,4491.85,4492.55,313
2026-01-09 17:58:00,4492.6,4494.34,4491.12,4494.34,310
2026-01-09 17:59:00,4494.16,4495.38,4493.53,4494.56,276
2026-01-09 18:00:00,4494.75,4495.59,4492.5,4493.98,296
2026-01-09 18:01:00,4494.26,4496.01,4493.34,4493.43,342
2026-01-09 18:02:00,4493.45,4496.62,4492.28,4495.47,337
2026-01-09 18:03:00,4495.48,4497.07,4494.72,4497.04,346
2026-01-09 18:04:00,4497.26,4498.95,4493.3,4493.47,346
2026-01-09 18:05:00,4493.67,4494.05,4490.74,4492.26,354
2026-01-09 18:06:00,4492.25,4496.64,4492.25,4494.24,329
2026-01-09 18:07:00,4494.26,4496.55,4494.15,4495.27,359
2026-01-09 18:08:00,4494.86,4498.98,4494.21,4498.43,346
2026-01-09 18:09:00,4498.46,4500.31,4498.11,4499.84,332
2026-01-09 18:10:00,4499.32,4499.87,4495.85,4497.11,345
2026-01-09 18:11:00,4497.12,4497.72,4493.52,4494.75,339
2026-01-09 18:12:00,4494.73,4497.87,4494.34,4497.46,312
2026-01-09 18:13:00,4497.43,4499.25,4496.87,4496.91,321
2026-01-09 18:14:00,4497.09,4498.48,4496.21,4496.66,329
2026-01-09 18:15:00,4496.77,4497.41,4495.08,4495.78,337
2026-01-09 18:16:00,4495.87,4496.5,4493.63,4495.48,346
2026-01-09 18:17:00,4495.53,4495.56,4493.47,4494.57,327
2026-01-09 18:18:00,4494.47,4496.16,4493.68,4496.09,337
2026-01-09 18:19:00,4495.77,4499.58,4495.23,4499.38,340
2026-01-09 18:20:00,4499.6,4499.8,4495.37,4498.37,335
2026-01-09 18:21:00,4498.44,4502.21,4498.44,4501.87,342
2026-01-09 18:22:00,4501.6,4506.46,4501.6,4506.42,351
2026-01-09 18:23:00,4506.49,4508.79,4505.88,4508.47,338
2026-01-09 18:24:00,4508.37,4511.03,4508.34,4508.83,337
2026-01-09 18:25:00,4508.82,4509.43,4506.77,4506.77,341
2026-01-09 18:26:00,4507.03,4510.85,4506.06,4510.03,338
2026-01-09 18:27:00,4510.05,4510.6,4508.05,4508.46,321
2026-01-09 18:28:00,4508.52,4508.52,4505.67,4506.18,329
2026-01-09 18:29:00,4506.03,4506.03,4504.38,4505.46,290
2026-01-09 18:30:00,4505.45,4509.12,4505.45,4507.78,326
2026-01-09 18:31:00,4507.7,4511.75,4506.65,4511.29,322
2026-01-09 18:32:00,4511.41,4511.62,4508.85,4508.89,318
2026-01-09 18:33:00,4508.9,4509.99,4507.89,4509.18,298
2026-01-09 18:34:00,4508.85,4508.98,4505.51,4506.32,336
2026-01-09 18:35:00,4506.38,4510.26,4506.2,4508.62,306
2026-01-09 18:36:00,4508.61,4510.93,4508.61,4510.68,285
2026-01-09 18:37:00,4510.93,4512.84,4510.06,4511.85,294
2026-01-09 18:38:00,4511.88,4513.27,4511.84,4513.15,282
2026-01-09 18:39:00,4513.22,4515.76,4513.22,4515.63,342
2026-01-09 18:40:00,4515.68,4515.76,4513.46,4513.84,338
2026-01-09 18:41:00,4513.86,4516.09,4513.6,4515.78,337
2026-01-09 18:42:00,4515.93,4517.17,4513.91,4514.17,323
2026-01-09 18:43:00,4514.15,4515.14,4513.29,4513.74,298
2026-01-09 18:44:00,4513.69,4515.06,4513.27,4514.51,300
2026-01-09 18:45:00,4514.52,4514.87,4513.08,4514.14,301
2026-01-09 18:46:00,4514.0,4514.53,4511.89,4511.89,304
2026-01-09 18:47:00,4511.88,4511.88,4509.64,4510.85,325
2026-01-09 18:48:00,4510.78,4511.32,4508.66,4509.02,306
2026-01-09 18:49:00,4509.06,4511.08,4508.49,4510.96,282
2026-01-09 18:50:00,4510.97,4514.51,4510.96,4513.46,319
2026-01-09 18:51:00,4513.52,4514.47,4512.47,4512.92,325
2026-01-09 18:52:00,4512.97,4513.11,4510.95,4511.45,327
2026-01-09 18:53:00,4511.47,4511.71,4508.83,4509.55,313
2026-01-09 18:54:00,4509.56,4511.87,4509.47,4511.64,315
2026-01-09 18:55:00,4511.66,4512.67,4510.22,4510.49,311
2026-01-09 18:56:00,4510.78,4512.08,4509.87,4511.88,305
2026-01-09 18:57:00,4512.15,4513.99,4512.11,4513.82,325
2026-01-09 18:58:00,4513.9,4514.06,4511.83,4511.83,266
2026-01-09 18:59:00,4511.75,4512.82,4511.49,4512.33,286
2026-01-09 19:00:00,4512.88,4513.53,4511.25,4511.37,317
2026-01-09 19:01:00,4511.67,4514.06,4511.16,4512.52,300
2026-01-09 19:02:00,4512.53,4514.26,4511.58,4513.09,301
2026-01-09 19:03:00,4513.26,4513.41,4511.55,4512.48,302
2026-01-09 19:04:00,4512.43,4512.9,4511.11,4511.82,314
2026-01-09 19:05:00,4512.01,4512.55,4509.12,4510.35,307
2026-01-09 19:06:00,4510.36,4510.43,4508.0,4508.8,352
2026-01-09 19:07:00,4508.82,4508.87,4505.18,4506.52,331
2026-01-09 19:08:00,4506.45,4510.03,4505.91,4509.06,338
2026-01-09 19:09:00,4509.17,4509.52,4507.43,4507.46,306
2026-01-09 19:10:00,4507.52,4508.11,4505.51,4506.58,326
2026-01-09 19:11:00,4506.51,4506.51,4501.1,4502.08,346
2026-01-09 19:12:00,4501.99,4502.4,4499.97,4500.07,343
2026-01-09 19:13:00,4499.92,4502.93,4499.85,4502.93,338
2026-01-09 19:14:00,4502.79,4503.22,4500.28,4503.21,313
2026-01-09 19:15:00,4503.13,4506.37,4502.7,4506.36,326
2026-01-09 19:16:00,4506.26,4506.58,4503.96,4504.68,326
2026-01-09 19:17:00,4504.64,4506.12,4501.74,4501.76,311
2026-01-09 19:18:00,4501.75,4504.88,4501.75,4504.86,281
2026-01-09 19:19:00,4504.63,4506.68,4504.47,4506.64,286
2026-01-09 19:20:00,4506.78,4507.09,4505.35,4505.88,312
2026-01-09 19:21:00,4505.86,4506.67,4503.94,4505.85,312
2026-01-09 19:22:00,4505.87,4505.94,4503.16,4503.52,295
2026-01-09 19:23:00,4503.66,4504.08,4500.9,4501.31,297
2026-01-09 19:24:00,4501.27,4503.47,4500.64,4502.33,327
2026-01-09 19:25:00,4502.19,4502.57,4500.24,4501.28,307
2026-01-09 19:26:00,4501.21,4502.1,4500.51,4501.36,281
2026-01-09 19:27:00,4501.36,4503.36,4500.85,4503.09,307
2026-01-09 19:28:00,4503.15,4504.0,4502.74,4503.92,303
2026-01-09 19:29:00,4503.93,4505.63,4503.59,4503.74,266
2026-01-09 19:30:00,4503.78,4503.81,4501.82,4502.62,314
2026-01-09 19:31:00,4502.63,4503.25,4500.9,4501.37,294
2026-01-09 19:32:00,4501.36,4505.05,4501.34,4504.93,304
2026-01-09 19:33:00,4504.87,4505.47,4502.73,4502.74,267
2026-01-09 19:34:00,4502.7,4503.67,4502.43,4503.45,296
2026-01-09 19:35:00,4503.42,4504.9,4501.72,4504.87,260
2026-01-09 19:36:00,4504.8,4505.91,4504.41,4504.96,268
2026-01-09 19:37:00,4505.0,4506.83,4504.86,4506.81,248
2026-01-09 19:38:00,4506.86,4506.99,4503.99,4505.34,254
2026-01-09 19:39:00,4505.36,4505.44,4504.0,4505.08,221
2026-01-09 19:40:00,4505.15,4505.28,4503.26,4504.05,266
2026-01-09 19:41:00,4504.08,4504.08,4502.5,4503.25,236
2026-01-09 19:42:00,4503.28,4503.4,4502.29,4502.54,238
2026-01-09 19:43:00,4502.28,4503.78,4501.5,4503.38,272
2026-01-09 19:44:00,4503.44,4504.73,4502.87,4504.71,287
2026-01-09 19:45:00,4504.74,4505.36,4501.94,4502.43,276
2026-01-09 19:46:00,4502.44,4505.53,4502.24,4504.1,274
2026-01-09 19:47:00,4504.09,4504.67,4503.51,4503.75,233
2026-01-09 19:48:00,4503.71,4506.35,4503.18,4506.3,258
2026-01-09 19:49:00,4506.39,4506.63,4504.89,4505.32,279
2026-01-09 19:50:00,4505.34,4507.2,4505.34,4507.12,212
2026-01-09 19:51:00,4507.13,4507.37,4506.32,4507.05,234
2026-01-09 19:52:00,4506.79,4506.79,4505.38,4506.0,209
2026-01-09 19:53:00,4506.11,4506.33,4505.11,4505.55,215
2026-01-09 19:54:00,4505.62,4508.07,4505.31,4507.32,206
2026-01-09 19:55:00,4507.27,4507.27,4505.99,4506.56,270
2026-01-09 19:56:00,4506.51,4507.38,4506.17,4506.76,228
2026-01-09 19:57:00,4506.74,4507.44,4506.35,4506.75,236
2026-01-09 19:58:00,4506.74,4507.98,4506.71,4507.08,243
2026-01-09 19:59:00,4506.99,4507.06,4506.34,4506.47,189
2026-01-09 20:00:00,4507.57,4508.78,4507.37,4508.46,254
2026-01-09 20:01:00,4508.5,4510.72,4508.43,4509.44,302
2026-01-09 20:02:00,4509.43,4511.11,4508.32,4510.85,275
2026-01-09 20:03:00,4510.95,4511.39,4504.73,4505.02,276
2026-01-09 20:04:00,4504.98,4507.38,4504.59,4507.1,273
2026-01-09 20:05:00,4507.47,4507.78,4505.67,4506.44,288
2026-01-09 20:06:00,4506.57,4509.55,4506.36,4509.29,280
2026-01-09 20:07:00,4509.68,4510.15,4508.07,4508.07,265
2026-01-09 20:08:00,4508.12,4508.27,4507.03,4507.32,234
2026-01-09 20:09:00,4507.2,4508.6,4507.14,4508.6,241
2026-01-09 20:10:00,4509.01,4510.51,4508.71,4510.5,288
2026-01-09 20:11:00,4510.54,4510.54,4507.72,4507.78,256
2026-01-09 20:12:00,4507.73,4508.6,4507.72,4508.39,254
2026-01-09 20:13:00,4508.41,4508.94,4507.77,4508.86,238
2026-01-09 20:14:00,4509.34,4509.53,4508.22,4508.98,215
2026-01-09 20:15:00,4508.85,4508.85,4505.7,4506.46,265
2026-01-09 20:16:00,4506.46,4506.83,4505.64,4506.06,237
2026-01-09 20:17:00,4506.11,4506.71,4504.93,4506.11,324
2026-01-09 20:18:00,4506.07,4506.91,4505.26,4506.38,250
2026-01-09 20:19:00,4506.37,4507.46,4506.01,4506.83,259
2026-01-09 20:20:00,4506.84,4506.89,4505.25,4505.25,247
2026-01-09 20:21:00,4505.2,4505.92,4502.99,4503.19,286
2026-01-09 20:22:00,4503.18,4504.55,4502.97,4504.09,254
2026-01-09 20:23:00,4504.11,4504.11,4502.12,4503.09,263
2026-01-09 20:24:00,4503.07,4505.32,4502.53,4505.27,266
2026-01-09 20:25:00,4505.29,4505.68,4504.84,4505.23,252
2026-01-09 20:26:00,4505.13,4505.13,4503.28,4503.29,275
2026-01-09 20:27:00,4503.21,4504.17,4502.45,4503.7,233
2026-01-09 20:28:00,4503.73,4504.04,4502.7,4503.11,248
2026-01-09 20:29:00,4503.03,4504.15,4502.97,4503.87,215
2026-01-09 20:30:00,4503.84,4505.97,4503.38,4505.72,260
2026-01-09 20:31:00,4505.9,4507.45,4505.86,4507.43,286
2026-01-09 20:32:00,4507.45,4507.85,4507.17,4507.85,256
2026-01-09 20:33:00,4507.87,4509.93,4507.76,4509.93,242
2026-01-09 20:34:00,4509.83,4510.15,4507.92,4508.12,284
2026-01-09 20:35:00,4508.1,4508.27,4505.31,4506.32,299
2026-01-09 20:36:00,4506.3,4506.45,4505.26,4505.45,226
2026-01-09 20:37:00,4505.47,4506.95,4505.3,4506.26,250
2026-01-09 20:38:00,4506.22,4507.95,4506.15,4507.03,240
2026-01-09 20:39:00,4506.76,4507.21,4505.56,4506.14,252
2026-01-09 20:40:00,4506.11,4506.14,4503.61,4504.4,292
2026-01-09 20:41:00,4504.23,4505.36,4503.35,4505.33,241
2026-01-09 20:42:00,4505.32,4505.43,4502.72,4502.77,249
2026-01-09 20:43:00,4502.74,4503.16,4501.69,4501.73,246
2026-01-09 20:44:00,4501.71,4502.79,4501.25,4501.89,271
2026-01-09 20:45:00,4501.82,4502.0,4500.61,4501.42,273
2026-01-09 20:46:00,4501.41,4502.16,4500.4,4502.16,270
2026-01-09 20:47:00,4501.99,4503.16,4501.14,4501.36,260
2026-01-09 20:48:00,4501.34,4501.65,4497.72,4497.72,221
2026-01-09 20:49:00,4497.62,4497.91,4496.95,4497.64,299
2026-01-09 20:50:00,4497.7,4498.49,4496.72,4497.1,296
2026-01-09 20:51:00,4497.28,4497.49,4493.95,4494.3,309
2026-01-09 20:52:00,4494.19,4495.2,4493.62,4493.77,286
2026-01-09 20:53:00,4493.94,4494.52,4488.47,4489.27,326
2026-01-09 20:54:00,4489.28,4489.28,4485.87,4487.36,347
2026-01-09 20:55:00,4487.37,4488.25,4486.57,4487.35,302
2026-01-09 20:56:00,4487.03,4487.29,4482.04,4482.83,338
2026-01-09 20:57:00,4483.14,4486.65,4482.46,4486.55,336
2026-01-09 20:58:00,4486.57,4488.65,4486.51,4486.92,316
2026-01-09 20:59:00,4486.27,4486.53,4483.86,4484.57,301
2026-01-09 21:00:00,4484.47,4487.84,4483.08,4487.46,278
2026-01-09 21:01:00,4487.52,4488.25,4484.74,4485.82,263
2026-01-09 21:02:00,4485.87,4486.99,4483.96,4485.01,273
2026-01-09 21:03:00,4484.93,4486.62,4484.21,4484.4,269
2026-01-09 21:04:00,4484.35,4487.92,4484.3,4486.04,256
2026-01-09 21:05:00,4486.19,4491.15,4485.75,4490.89,312
2026-01-09 21:06:00,4490.85,4491.24,4489.81,4490.54,273
2026-01-09 21:07:00,4490.49,4491.54,4489.2,4490.26,265
2026-01-09 21:08:00,4490.16,4493.17,4489.85,4491.6,277
2026-01-09 21:09:00,4492.16,4492.37,4489.45,4489.45,282
2026-01-09 21:10:00,4489.15,4490.75,4488.16,4490.73,272
2026-01-09 21:11:00,4490.63,4490.85,4489.46,4489.93,264
2026-01-09 21:12:00,4489.84,4492.59,4489.77,4492.24,247
2026-01-09 21:13:00,4492.44,4492.44,4491.41,4491.99,242
2026-01-09 21:14:00,4491.95,4493.23,4491.75,4492.87,229
2026-01-09 21:15:00,4492.83,4493.5,4492.13,4492.82,247
2026-01-09 21:16:00,4492.85,4493.3,4491.46,4492.16,242
2026-01-09 21:17:00,4492.31,4494.24,4492.03,4494.12,251
2026-01-09 21:18:00,4494.18,4494.18,4491.38,4491.4,249
2026-01-09 21:19:00,4491.73,4492.39,4491.07,4492.02,234
2026-01-09 21:20:00,4492.08,4492.81,4489.81,4490.68,259
2026-01-09 21:21:00,4490.57,4493.27,4490.35,4493.27,287
2026-01-09 21:22:00,4493.29,4494.61,4493.11,4493.57,277
2026-01-09 21:23:00,4493.56,4493.56,4492.22,4492.69,252
2026-01-09 21:24:00,4492.81,4493.11,4490.27,4492.01,351
2026-01-09 21:25:00,4491.89,4493.65,4491.59,4492.0,292
2026-01-09 21:26:00,4492.03,4492.17,4490.65,4490.92,262
2026-01-09 21:27:00,4490.83,4492.03,4490.07,4490.86,294
2026-01-09 21:28:00,4490.73,4491.24,4489.75,4490.7,322
2026-01-09 21:29:00,4490.98,4492.19,4490.08,4491.44,346
2026-01-09 21:30:00,4491.2,4496.25,4491.2,4496.25,285
2026-01-09 21:31:00,4496.12,4497.35,4495.98,4496.66,259
2026-01-09 21:32:00,4496.77,4498.4,4496.67,4498.38,253
2026-01-09 21:33:00,4498.38,4499.76,4497.95,4499.65,255
2026-01-09 21:34:00,4499.67,4501.21,4499.54,4501.06,253
2026-01-09 21:35:00,4500.98,4502.25,4500.9,4501.7,246
2026-01-09 21:36:00,4501.78,4502.81,4501.57,4502.46,240
2026-01-09 21:37:00,4502.44,4504.17,4502.26,4503.48,233
2026-01-09 21:38:00,4503.5,4503.52,4501.9,4502.74,228
2026-01-09 21:39:00,4502.78,4503.98,4502.03,4503.78,252
2026-01-09 21:40:00,4503.83,4504.58,4503.36,4503.71,239
2026-01-09 21:41:00,4503.81,4504.34,4502.21,4502.97,246
2026-01-09 21:42:00,4503.15,4504.03,4503.03,4503.33,226
2026-01-09 21:43:00,4503.38,4503.56,4501.97,4502.11,190
2026-01-09 21:44:00,4502.06,4502.41,4501.49,4502.37,242
2026-01-09 21:45:00,4502.35,4502.89,4498.7,4498.72,286
2026-01-09 21:46:00,4498.75,4499.88,4497.73,4497.9,278
2026-01-09 21:47:00,4497.89,4498.21,4496.41,4497.5,264
2026-01-09 21:48:00,4497.54,4498.94,4497.33,4498.42,250
2026-01-09 21:49:00,4498.3,4498.6,4497.55,4498.6,166
2026-01-09 21:50:00,4498.47,4498.5,4495.81,4496.32,236
2026-01-09 21:51:00,4496.34,4497.27,4495.41,4496.13,236
2026-01-09 21:52:00,4496.1,4497.51,4496.09,4497.19,184
2026-01-09 21:53:00,4496.72,4496.8,4495.64,4495.78,212
2026-01-09 21:54:00,4495.73,4497.01,4495.43,4496.83,221
2026-01-09 21:55:00,4496.84,4496.88,4495.68,4495.83,187
2026-01-09 21:56:00,4495.81,4496.33,4495.54,4496.26,192
2026-01-09 21:57:00,4496.59,4498.53,4496.56,4497.28,241
2026-01-09 21:58:00,4497.26,4497.31,4496.26,4496.6,170
2026-01-09 21:59:00,4496.7,4497.3,4495.4,4496.25,230
2026-01-09 22:00:00,4496.14,4498.08,4496.14,4497.21,216
2026-01-09 22:01:00,4497.29,4497.87,4496.86,4497.18,165
2026-01-09 22:02:00,4497.19,4497.67,4496.03,4496.26,174
2026-01-09 22:03:00,4496.21,4497.29,4496.12,4496.44,170
2026-01-09 22:04:00,4496.47,4496.55,4494.2,4494.44,258
2026-01-09 22:05:00,4494.47,4495.46,4493.82,4494.78,254
2026-01-09 22:06:00,4494.67,4495.29,4492.82,4493.02,236
2026-01-09 22:07:00,4493.0,4494.98,4492.94,4494.75,239
2026-01-09 22:08:00,4494.67,4494.92,4493.16,4493.48,231
2026-01-09 22:09:00,4493.37,4494.86,4493.16,4494.54,213
2026-01-09 22:10:00,4494.57,4494.57,4494.04,4494.38,160
2026-01-09 22:11:00,4494.43,4496.66,4494.43,4496.26,255
2026-01-09 22:12:00,4496.15,4496.78,4495.61,4495.99,228
2026-01-09 22:13:00,4496.0,4497.39,4495.72,4497.33,204
2026-01-09 22:14:00,4497.3,4497.76,4496.52,4496.99,245
2026-01-09 22:15:00,4497.11,4498.58,4496.68,4498.39,201
2026-01-09 22:16:00,4498.38,4498.65,4498.0,4498.58,197
2026-01-09 22:17:00,4498.61,4499.33,4498.03,4499.29,208
2026-01-09 22:18:00,4499.31,4499.54,4498.78,4498.9,204
2026-01-09 22:19:00,4498.92,4498.93,4497.86,4498.02,151
2026-01-09 22:20:00,4497.86,4498.36,4497.85,4498.12,151
2026-01-09 22:21:00,4498.04,4498.3,4497.45,4497.89,102
2026-01-09 22:22:00,4497.9,4499.26,4497.9,4498.83,172
2026-01-09 22:23:00,4498.81,4500.27,4498.81,4500.27,177
2026-01-09 22:24:00,4500.29,4501.65,4500.24,4501.57,205
2026-01-09 22:25:00,4501.57,4501.69,4500.61,4501.0,196
2026-01-09 22:26:00,4501.05,4501.16,4500.27,4500.74,176
2026-01-09 22:27:00,4500.8,4500.89,4500.48,4500.5,131
2026-01-09 22:28:00,4500.57,4500.62,4499.46,4499.73,222
2026-01-09 22:29:00,4499.78,4500.51,4498.2,4498.7,258
2026-01-09 22:30:00,4498.75,4498.75,4496.04,4497.25,277
2026-01-09 22:31:00,4497.28,4498.87,4497.06,4498.4,180
2026-01-09 22:32:00,4498.19,4498.25,4496.79,4497.57,200
2026-01-09 22:33:00,4497.44,4498.16,4497.24,4497.83,167
2026-01-09 22:34:00,4497.84,4499.0,4497.84,4498.17,180
2026-01-09 22:35:00,4498.19,4498.45,4497.58,4498.01,134
2026-01-09 22:36:00,4497.98,4499.5,4497.98,4499.28,154
2026-01-09 22:37:00,4499.24,4499.38,4498.48,4498.65,127
2026-01-09 22:38:00,4498.7,4499.96,4498.11,4499.96,150
2026-01-09 22:39:00,4500.03,4500.24,4499.45,4499.78,157
2026-01-09 22:40:00,4499.75,4500.12,4499.16,4499.77,148
2026-01-09 22:41:00,4499.87,4500.27,4496.31,4496.74,181
2026-01-09 22:42:00,4496.55,4497.61,4496.33,4497.53,164
2026-01-09 22:43:00,4497.5,4497.6,4496.45,4497.05,148
2026-01-09 22:44:00,4497.1,4497.22,4496.42,4496.82,140
2026-01-09 22:45:00,4496.83,4498.11,4496.83,4498.03,107
2026-01-09 22:46:00,4498.04,4498.84,4497.56,4498.4,157
2026-01-09 22:47:00,4498.39,4500.01,4498.39,4499.86,147
2026-01-09 22:48:00,4499.9,4500.43,4499.4,4500.43,128
2026-01-09 22:49:00,4500.48,4500.98,4499.97,4500.8,165
2026-01-09 22:50:00,4500.75,4501.46,4500.75,4500.86,151
2026-01-09 22:51:00,4500.81,4500.97,4499.7,4500.49,173
2026-01-09 22:52:00,4500.66,4501.85,4500.29,4501.77,174
2026-01-09 22:53:00,4501.79,4501.87,4500.01,4500.36,182
2026-01-09 22:54:00,4500.38,4500.82,4499.82,4500.77,194
2026-01-09 22:55:00,4500.84,4501.17,4500.34,4500.55,147
2026-01-09 22:56:00,4500.54,4501.19,4500.54,4500.9,189
2026-01-09 22:57:00,4500.9,4500.9,4499.88,4500.36,186
2026-01-09 22:58:00,4500.27,4500.8,4500.15,4500.27,201
2026-01-09 22:59:00,4500.19,4500.19,4499.2,4499.48,180
2026-01-09 23:00:00,4498.71,4499.01,4497.87,4498.48,244
2026-01-09 23:01:00,4498.49,4500.97,4498.36,4500.5,212
2026-01-09 23:02:00,4500.4,4500.95,4500.04,4500.06,150
2026-01-09 23:03:00,4500.05,4501.36,4500.03,4501.32,224
2026-01-09 23:04:00,4501.37,4501.96,4501.23,4501.51,178
2026-01-09 23:05:00,4501.45,4501.88,4500.84,4500.95,198
2026-01-09 23:06:00,4500.97,4501.11,4499.63,4499.97,168
2026-01-09 23:07:00,4499.96,4501.04,4499.85,4500.94,165
2026-01-09 23:08:00,4500.96,4501.17,4500.26,4500.54,146
2026-01-09 23:09:00,4500.54,4500.73,4499.86,4500.61,158
2026-01-09 23:10:00,4500.56,4502.2,4500.33,4502.12,175
2026-01-09 23:11:00,4502.24,4503.87,4502.24,4503.87,169
2026-01-09 23:12:00,4503.86,4504.77,4503.75,4504.43,222
2026-01-09 23:13:00,4504.46,4507.1,4503.14,4505.48,266
2026-01-09 23:14:00,4505.44,4506.76,4505.17,4506.69,255
2026-01-09 23:15:00,4506.74,4509.15,4506.74,4508.6,276
2026-01-09 23:16:00,4508.61,4508.74,4507.72,4508.09,204
2026-01-09 23:17:00,4508.1,4509.18,4507.93,4509.17,200
2026-01-09 23:18:00,4509.18,4509.44,4508.03,4508.62,230
2026-01-09 23:19:00,4508.65,4508.93,4508.22,4508.55,177
2026-01-09 23:20:00,4508.3,4508.77,4503.54,4505.5,245
2026-01-09 23:21:00,4505.39,4506.21,4504.64,4506.09,227
2026-01-09 23:22:00,4506.12,4506.61,4505.63,4506.32,236
2026-01-09 23:23:00,4506.26,4507.11,4505.73,4507.04,200
2026-01-09 23:24:00,4507.01,4508.26,4507.0,4507.69,204
2026-01-09 23:25:00,4507.7,4507.71,4505.84,4506.19,259
2026-01-09 23:26:00,4506.18,4506.38,4505.56,4505.65,225
2026-01-09 23:27:00,4505.74,4506.25,4504.62,4504.64,207
2026-01-09 23:28:00,4504.93,4505.19,4503.7,4504.14,247
2026-01-09 23:29:00,4504.12,4505.56,4503.9,4505.53,208
2026-01-09 23:30:00,4505.63,4505.82,4503.65,4504.26,252
2026-01-09 23:31:00,4504.27,4504.36,4503.46,4504.18,253
2026-01-09 23:32:00,4504.87,4505.49,4504.36,4505.44,228
2026-01-09 23:33:00,4505.46,4505.46,4504.22,4505.26,205
2026-01-09 23:34:00,4505.25,4505.82,4504.74,4505.31,194
2026-01-09 23:35:00,4505.32,4506.04,4504.59,4504.63,185
2026-01-09 23:36:00,4504.71,4505.71,4504.57,4505.47,177
2026-01-09 23:37:00,4505.46,4505.53,4504.13,4504.34,169
2026-01-09 23:38:00,4504.4,4504.55,4503.38,4504.2,144
2026-01-09 23:39:00,4504.01,4504.76,4503.96,4504.43,155
2026-01-09 23:40:00,4504.42,4504.7,4503.89,4503.89,163
2026-01-09 23:41:00,4503.93,4504.62,4502.6,4503.03,182
2026-01-09 23:42:00,4503.12,4503.97,4502.78,4503.0,195
2026-01-09 23:43:00,4503.25,4503.49,4502.62,4502.74,169
2026-01-09 23:44:00,4502.8,4504.18,4502.57,4504.13,172
2026-01-09 23:45:00,4504.14,4505.04,4503.85,4504.32,201
2026-01-09 23:46:00,4504.37,4505.32,4504.17,4504.68,231
2026-01-09 23:47:00,4504.65,4505.16,4503.87,4504.77,182
2026-01-09 23:48:00,4504.79,4505.62,4504.68,4505.06,209
2026-01-09 23:49:00,4505.07,4505.1,4504.38,4504.76,227
2026-01-09 23:50:00,4504.48,4505.72,4504.39,4504.54,249
2026-01-09 23:51:00,4504.49,4506.68,4504.33,4506.68,215
2026-01-09 23:52:00,4506.97,4506.97,4504.96,4505.1,246
2026-01-09 23:53:00,4505.32,4506.37,4505.28,4505.86,252
2026-01-09 23:54:00,4505.87,4506.7,4505.44,4506.5,254
2026-01-09 23:55:00,4506.93,4507.91,4506.64,4507.5,256
2026-01-09 23:56:00,4507.58,4508.15,4507.44,4507.87,234
2026-01-09 23:57:00,4507.86,4508.79,4507.84,4508.78,247
2026-01-09 23:58:00,4508.77,4508.82,4507.66,4507.96,278
2026-01-09 23:59:00,4508.24,4510.15,4507.58,4507.58,282
2026-01-10 00:00:00,4507.36,4508.6,4506.64,4506.9,220
2026-01-10 00:01:00,4506.85,4507.07,4505.89,4506.66,146
2026-01-10 00:02:00,4506.46,4507.21,4506.36,4506.74,84
2026-01-10 00:03:00,4506.73,4507.22,4506.49,4506.5,94
2026-01-10 00:04:00,4506.51,4507.06,4506.35,4506.79,91
2026-01-10 00:05:00,4506.85,4507.5,4506.46,4507.08,88
2026-01-10 00:06:00,4507.01,4507.09,4506.38,4506.48,79
2026-01-10 00:07:00,4506.46,4507.19,4506.35,4506.95,69
2026-01-10 00:08:00,4506.89,4506.89,4505.95,4506.13,80
2026-01-10 00:09:00,4506.07,4506.13,4505.04,4505.34,82
2026-01-10 00:10:00,4505.28,4506.03,4505.28,4505.63,114
2026-01-10 00:11:00,4505.83,4506.53,4505.62,4506.39,82
2026-01-10 00:12:00,4506.35,4506.81,4506.23,4506.79,68
2026-01-10 00:13:00,4506.76,4507.96,4506.74,4507.89,117
2026-01-10 00:14:00,4507.88,4508.59,4507.8,4508.13,73
2026-01-10 00:15:00,4508.28,4508.84,4508.25,4508.7,82
2026-01-10 00:16:00,4508.79,4509.0,4507.8,4507.81,110
2026-01-10 00:17:00,4507.82,4507.84,4507.5,4507.83,66
2026-01-10 00:18:00,4508.15,4508.29,4507.79,4508.0,66
2026-01-10 00:19:00,4508.01,4509.93,4507.88,4509.93,70
2026-01-10 00:20:00,4509.92,4510.05,4509.42,4509.43,64
2026-01-10 00:21:00,4509.42,4509.87,4509.37,4509.87,103
2026-01-10 00:22:00,4509.9,4510.55,4509.88,4510.23,54
2026-01-10 00:23:00,4510.26,4510.31,4509.83,4509.95,70
2026-01-10 00:24:00,4509.91,4509.92,4509.32,4509.91,87
2026-01-10 00:25:00,4509.85,4510.13,4509.53,4509.95,69
2026-01-10 00:26:00,4510.01,4510.01,4509.39,4509.77,53
2026-01-10 00:27:00,4509.77,4510.03,4509.55,4509.95,31
2026-01-10 00:28:00,4509.86,4509.95,4509.5,4509.78,61
2026-01-10 00:29:00,4509.65,4509.71,4509.26,4509.71,100
2026-01-10 00:30:00,4509.8,4509.8,4508.19,4508.8,97
2026-01-10 00:31:00,4508.79,4508.83,4508.44,4508.6,65
2026-01-10 00:32:00,4508.61,4508.92,4508.4,4508.92,59
2026-01-10 00:33:00,4508.83,4509.24,4508.25,4508.3,91
2026-01-10 00:34:00,4508.57,4508.57,4507.72,4507.89,50
2026-01-10 00:35:00,4507.84,4507.84,4506.79,4506.98,80
2026-01-10 00:36:00,4507.0,4507.43,4506.41,4506.74,123
2026-01-10 00:37:00,4506.72,4507.83,4506.61,4507.58,118
2026-01-10 00:38:00,4507.68,4507.91,4507.28,4507.37,78
2026-01-10 00:39:00,4507.3,4507.55,4507.01,4507.54,66
2026-01-10 00:40:00,4507.55,4507.68,4507.27,4507.59,87
2026-01-10 00:41:00,4507.52,4507.53,4506.38,4506.78,92
2026-01-10 00:42:00,4506.85,4506.95,4505.99,4506.32,87
2026-01-10 00:43:00,4506.47,4506.53,4506.29,4506.38,69
2026-01-10 00:44:00,4506.64,4511.16,4506.37,4510.15,212
2026-01-10 00:45:00,4510.07,4510.48,4509.26,4510.25,123
2026-01-10 00:46:00,4510.31,4510.52,4509.91,4510.12,116
2026-01-10 00:47:00,4509.71,4509.71,4508.37,4509.52,148
2026-01-10 00:48:00,4509.55,4509.98,4509.23,4509.98,106
2026-01-10 00:49:00,4510.0,4510.44,4509.46,4510.33,148
2026-01-10 00:50:00,4510.29,4510.32,4508.43,4508.62,120
2026-01-10 00:51:00,4508.81,4509.39,4508.23,4509.39,93
2026-01-10 00:52:00,4509.5,4509.82,4509.15,4509.78,53
2026-01-10 00:53:00,4509.81,4510.54,4509.74,4510.15,72
2026-01-10 00:54:00,4510.0,4510.07,4509.4,4509.97,94
2026-01-10 00:55:00,4509.87,4510.11,4509.06,4509.78,97
2026-01-10 00:56:00,4509.91,4509.97,4508.34,4509.38,83
2026-01-12 02:01:00,4521.42,4521.71,4512.56,4516.45,306
2026-01-12 02:02:00,4516.21,4516.47,4514.08,4515.71,189
2026-01-12 02:03:00,4515.82,4519.69,4515.82,4519.64,145
2026-01-12 02:04:00,4519.61,4521.89,4519.04,4521.38,175
2026-01-12 02:05:00,4521.22,4523.66,4521.11,4523.66,243
2026-01-12 02:06:00,4523.38,4528.12,4523.38,4527.69,202
2026-01-12 02:07:00,4527.75,4529.08,4527.02,4528.82,175
2026-01-12 02:08:00,4528.75,4528.79,4524.99,4525.44,175
2026-01-12 02:09:00,4525.59,4528.93,4523.67,4528.93,238
2026-01-12 02:10:00,4528.95,4529.01,4526.04,4527.57,195
2026-01-12 02:11:00,4527.52,4527.76,4524.72,4524.74,191
2026-01-12 02:12:00,4524.41,4527.62,4523.19,4527.62,218
2026-01-12 02:13:00,4527.59,4529.03,4527.34,4528.42,217
2026-01-12 02:14:00,4528.4,4530.45,4528.34,4529.9,214
2026-01-12 02:15:00,4529.81,4530.85,4529.32,4529.4,201
2026-01-12 02:16:00,4529.72,4530.73,4529.43,4530.51,192
2026-01-12 02:17:00,4530.55,4530.71,4529.37,4529.85,123
2026-01-12 02:18:00,4529.85,4530.99,4529.85,4530.77,191
2026-01-12 02:19:00,4530.8,4533.48,4530.76,4532.86,252
2026-01-12 02:20:00,4532.78,4533.2,4531.91,4532.28,233
2026-01-12 02:21:00,4532.25,4532.84,4531.41,4532.84,195
2026-01-12 02:22:00,4532.79,4535.21,4532.74,4534.34,221
2026-01-12 02:23:00,4534.34,4534.34,4532.79,4534.2,246
2026-01-12 02:24:00,4534.21,4535.56,4534.05,4534.71,249
2026-01-12 02:25:00,4534.75,4534.93,4534.18,4534.8,230
2026-01-12 02:26:00,4535.02,4535.96,4534.27,4535.64,265
2026-01-12 02:27:00,4535.99,4536.39,4533.91,4534.0,253
2026-01-12 02:28:00,4534.15,4535.04,4533.73,4534.81,250
2026-01-12 02:29:00,4534.83,4538.47,4534.76,4537.82,221
2026-01-12 02:30:00,4537.59,4537.59,4534.61,4534.97,245
2026-01-12 02:31:00,4534.96,4538.63,4534.25,4538.63,260
2026-01-12 02:32:00,4538.56,4539.17,4538.24,4538.56,217
2026-01-12 02:33:00,4538.52,4539.2,4537.28,4538.03,231
2026-01-12 02:34:00,4538.02,4538.04,4535.51,4536.15,224
2026-01-12 02:35:00,4536.24,4536.56,4533.31,4533.76,262
2026-01-12 02:36:00,4533.77,4536.11,4533.77,4535.62,209
2026-01-12 02:37:00,4535.64,4536.11,4535.3,4535.8,128
2026-01-12 02:38:00,4535.79,4537.39,4535.25,4535.78,164
2026-01-12 02:39:00,4536.16,4536.48,4535.2,4535.2,147
2026-01-12 02:40:00,4535.25,4539.43,4535.18,4539.36,181
2026-01-12 02:41:00,4539.45,4542.82,4539.44,4542.59,260
2026-01-12 02:42:00,4542.61,4544.12,4542.61,4543.95,248
2026-01-12 02:43:00,4543.97,4544.98,4542.28,4542.38,220
2026-01-12 02:44:00,4542.39,4542.82,4541.58,4542.51,199
2026-01-12 02:45:00,4542.47,4543.26,4541.61,4542.58,182
2026-01-12 02:46:00,4542.68,4543.72,4542.01,4543.72,93
2026-01-12 02:47:00,4543.39,4543.95,4543.1,4543.21,93
2026-01-12 02:48:00,4541.92,4543.24,4540.49,4540.92,143
2026-01-12 02:49:00,4540.97,4541.91,4540.49,4540.65,179
2026-01-12 02:50:00,4540.61,4540.61,4538.81,4539.88,212
2026-01-12 02:51:00,4539.69,4542.13,4539.15,4542.13,190
2026-01-12 02:52:00,4542.16,4542.35,4540.35,4541.9,163
2026-01-12 02:53:00,4541.91,4543.44,4541.45,4543.21,106
2026-01-12 02:54:00,4543.23,4543.23,4541.33,4541.85,171
2026-01-12 02:55:00,4541.74,4542.05,4540.0,4540.03,184
2026-01-12 02:56:00,4539.98,4540.08,4538.46,4539.08,182
2026-01-12 02:57:00,4538.58,4539.55,4538.46,4539.43,109
2026-01-12 02:58:00,4539.36,4539.5,4538.6,4539.32,123
2026-01-12 02:59:00,4539.27,4540.39,4538.77,4540.12,158
2026-01-12 03:00:00,4540.14,4540.69,4536.35,4537.38,228
2026-01-12 03:01:00,4537.33,4539.73,4537.05,4539.37,222
2026-01-12 03:02:00,4539.14,4543.32,4537.93,4543.16,199
2026-01-12 03:03:00,4543.3,4543.3,4541.5,4543.21,229
2026-01-12 03:04:00,4543.42,4545.3,4542.82,4544.95,237
2026-01-12 03:05:00,4544.9,4547.24,4544.02,4547.19,261
2026-01-12 03:06:00,4547.26,4548.79,4546.88,4548.67,216
2026-01-12 03:07:00,4548.59,4549.98,4548.39,4548.51,228
2026-01-12 03:08:00,4548.43,4549.64,4548.16,4549.52,237
2026-01-12 03:09:00,4549.54,4550.69,4549.01,4550.15,221
2026-01-12 03:10:00,4550.13,4550.39,4548.28,4549.48,218
2026-01-12 03:11:00,4549.6,4550.25,4548.56,4548.56,165
2026-01-12 03:12:00,4548.44,4551.32,4548.44,4551.14,262
2026-01-12 03:13:00,4551.13,4552.28,4550.25,4552.27,266
2026-01-12 03:14:00,4552.28,4554.3,4552.02,4553.63,257
2026-01-12 03:15:00,4553.38,4553.75,4551.12,4553.75,255
2026-01-12 03:16:00,4553.74,4556.49,4553.74,4556.48,274
2026-01-12 03:17:00,4556.63,4560.64,4556.44,4560.04,304
2026-01-12 03:18:00,4559.74,4563.57,4559.06,4563.37,304
2026-01-12 03:19:00,4563.42,4563.71,4562.01,4563.62,261
2026-01-12 03:20:00,4563.65,4563.66,4561.97,4562.93,249
2026-01-12 03:21:00,4562.77,4564.72,4562.77,4563.91,221
2026-01-12 03:22:00,4564.01,4564.01,4560.15,4560.98,210
2026-01-12 03:23:00,4560.84,4561.07,4557.45,4558.14,236
2026-01-12 03:24:00,4558.16,4559.05,4556.72,4559.05,225
2026-01-12 03:25:00,4559.03,4561.57,4558.87,4561.32,263
2026-01-12 03:26:00,4561.37,4565.95,4561.37,4564.5,282
2026-01-12 03:27:00,4564.48,4564.95,4562.6,4563.13,228
2026-01-12 03:28:00,4563.07,4564.31,4562.58,4563.69,181
2026-01-12 03:29:00,4563.67,4565.31,4563.42,4564.7,218
2026-01-12 03:30:00,4564.59,4568.17,4562.38,4566.89,303
2026-01-12 03:31:00,4566.48,4567.93,4565.45,4567.37,250
2026-01-12 03:32:00,4567.48,4577.85,4567.21,4575.29,319
2026-01-12 03:33:00,4575.18,4576.08,4572.98,4576.07,328
2026-01-12 03:34:00,4576.31,4576.39,4573.69,4574.53,298
2026-01-12 03:35:00,4574.57,4576.42,4572.46,4576.18,259
2026-01-12 03:36:00,4576.22,4581.5,4575.29,4578.0,320
2026-01-12 03:37:00,4577.85,4582.86,4577.57,4582.45,349
2026-01-12 03:38:00,4582.49,4584.82,4580.5,4583.49,328
2026-01-12 03:39:00,4583.71,4586.9,4583.09,4586.54,300
2026-01-12 03:40:00,4586.61,4588.4,4584.59,4585.69,326
2026-01-12 03:41:00,4585.52,4585.91,4583.26,4584.71,296
2026-01-12 03:42:00,4584.75,4589.69,4583.78,4588.23,276
2026-01-12 03:43:00,4588.15,4590.97,4587.14,4590.59,327
2026-01-12 03:44:00,4590.21,4593.95,4590.21,4591.27,352
2026-01-12 03:45:00,4590.99,4593.83,4590.49,4590.49,320
2026-01-12 03:46:00,4590.9,4590.91,4588.11,4590.57,307
2026-01-12 03:47:00,4590.6,4595.57,4589.76,4594.97,335
2026-01-12 03:48:00,4594.89,4597.45,4593.58,4596.52,351
2026-01-12 03:49:00,4596.39,4596.39,4594.42,4595.27,296
2026-01-12 03:50:00,4595.42,4596.94,4593.88,4595.47,301
2026-01-12 03:51:00,4595.49,4597.25,4595.06,4596.22,276
2026-01-12 03:52:00,4596.1,4596.1,4591.54,4592.62,321
2026-01-12 03:53:00,4592.57,4596.4,4592.3,4596.01,314
2026-01-12 03:54:00,4596.17,4598.45,4592.42,4598.45,322
2026-01-12 03:55:00,4598.74,4601.15,4596.72,4597.48,325
2026-01-12 03:56:00,4597.56,4597.56,4591.49,4591.62,293
2026-01-12 03:57:00,4591.63,4591.63,4588.97,4589.22,337
2026-01-12 03:58:00,4589.18,4593.2,4589.09,4591.04,323
2026-01-12 03:59:00,4591.07,4591.51,4588.47,4588.84,298
2026-01-12 04:00:00,4588.87,4592.61,4583.74,4586.7,364
2026-01-12 04:01:00,4586.84,4594.88,4586.84,4591.42,361
2026-01-12 04:02:00,4591.39,4591.6,4584.6,4586.37,372
2026-01-12 04:03:00,4586.44,4588.1,4583.42,4584.43,342
2026-01-12 04:04:00,4585.43,4591.09,4585.35,4587.48,334
2026-01-12 04:05:00,4587.78,4591.72,4584.49,4584.99,366
2026-01-12 04:06:00,4584.79,4586.6,4582.04,4585.9,338
2026-01-12 04:07:00,4585.93,4589.46,4585.49,4586.74,357
2026-01-12 04:08:00,4586.65,4586.65,4581.28,4583.44,330
2026-01-12 04:09:00,4583.56,4587.88,4580.63,4586.32,340
2026-01-12 04:10:00,4586.26,4591.11,4586.26,4591.06,334
2026-01-12 04:11:00,4590.92,4590.92,4584.49,4584.69,364
2026-01-12 04:12:00,4584.72,4584.8,4582.01,4582.36,352
2026-01-12 04:13:00,4582.53,4583.78,4577.98,4581.99,348
2026-01-12 04:14:00,4581.87,4582.45,4580.38,4581.76,353
2026-01-12 04:15:00,4581.84,4584.12,4577.57,4578.29,325
2026-01-12 04:16:00,4577.89,4580.98,4576.34,4579.86,327
2026-01-12 04:17:00,4579.88,4579.9,4574.26,4577.37,343
2026-01-12 04:18:00,4577.32,4579.41,4575.99,4576.47,342
2026-01-12 04:19:00,4576.66,4577.82,4573.95,4575.06,360
2026-01-12 04:20:00,4574.83,4577.44,4574.65,4576.26,349
2026-01-12 04:21:00,4576.23,4580.1,4576.23,4576.8,349
2026-01-12 04:22:00,4577.16,4581.68,4574.51,4579.72,339
2026-01-12 04:23:00,4579.79,4579.79,4576.65,4579.24,344
2026-01-12 04:24:00,4579.66,4582.22,4578.71,4581.04,338
2026-01-12 04:25:00,4580.16,4582.03,4578.42,4579.17,353
2026-01-12 04:26:00,4578.88,4580.39,4578.04,4579.43,326
2026-01-12 04:27:00,4579.37,4579.98,4576.7,4576.7,298
2026-01-12 04:28:00,4576.71,4579.81,4575.83,4579.76,317
2026-01-12 04:29:00,4579.77,4583.2,4578.64,4582.71,325
2026-01-12 04:30:00,4583.03,4584.14,4581.16,4582.25,343
2026-01-12 04:31:00,4581.81,4583.48,4580.6,4583.43,338
2026-01-12 04:32:00,4583.1,4583.9,4580.29,4582.13,344
2026-01-12 04:33:00,4582.46,4584.2,4579.77,4579.77,332
2026-01-12 04:34:00,4580.53,4581.16,4577.5,4577.87,350
2026-01-12 04:35:00,4577.51,4578.3,4574.08,4575.34,348
2026-01-12 04:36:00,4575.52,4578.63,4575.24,4578.01,325
2026-01-12 04:37:00,4578.03,4580.37,4577.5,4579.91,321
2026-01-12 04:38:00,4579.83,4579.83,4574.25,4574.69,344
2026-01-12 04:39:00,4575.26,4579.37,4573.63,4579.01,337
2026-01-12 04:40:00,4579.1,4583.04,4578.33,4582.94,277
2026-01-12 04:41:00,4582.58,4582.58,4577.23,4577.29,306
2026-01-12 04:42:00,4577.86,4577.91,4572.32,4572.93,307
2026-01-12 04:43:00,4573.09,4575.35,4573.09,4574.12,322
2026-01-12 04:44:00,4574.06,4574.06,4571.79,4573.71,319
2026-01-12 04:45:00,4573.54,4577.7,4573.16,4577.2,290
2026-01-12 04:46:00,4577.01,4577.01,4575.04,4575.71,293
2026-01-12 04:47:00,4575.86,4576.67,4574.42,4575.09,271
2026-01-12 04:48:00,4575.06,4575.55,4573.66,4575.02,296
2026-01-12 04:49:00,4575.14,4576.78,4574.52,4574.87,274
2026-01-12 04:50:00,4574.86,4575.88,4573.66,4574.91,280
2026-01-12 04:51:00,4574.89,4577.35,4574.61,4574.79,294
2026-01-12 04:52:00,4574.72,4576.88,4574.72,4576.34,263
2026-01-12 04:53:00,4576.34,4578.93,4576.1,4578.93,321
2026-01-12 04:54:00,4578.81,4579.0,4575.97,4575.97,318
2026-01-12 04:55:00,4575.83,4576.48,4573.94,4575.01,323
2026-01-12 04:56:00,4575.08,4575.34,4572.22,4573.17,285
2026-01-12 04:57:00,4573.19,4574.82,4572.8,4573.81,257
2026-01-12 04:58:00,4573.82,4574.32,4573.18,4573.9,229
2026-01-12 04:59:00,4573.92,4573.97,4570.5,4570.55,286
2026-01-12 05:00:00,4569.79,4574.93,4569.46,4573.91,315
2026-01-12 05:01:00,4573.93,4574.15,4569.62,4570.0,326
2026-01-12 05:02:00,4570.0,4571.88,4569.64,4570.26,323
2026-01-12 05:03:00,4570.38,4570.9,4567.09,4567.22,348
2026-01-12 05:04:00,4568.09,4569.27,4565.45,4565.65,324
2026-01-12 05:05:00,4566.13,4569.7,4566.13,4569.59,317
2026-01-12 05:06:00,4569.79,4569.87,4566.94,4567.2,321
2026-01-12 05:07:00,4567.26,4569.23,4565.87,4566.44,290
2026-01-12 05:08:00,4565.98,4566.08,4562.2,4563.84,347
2026-01-12 05:09:00,4563.85,4568.26,4561.78,4568.26,341
2026-01-12 05:10:00,4567.69,4568.21,4566.05,4567.69,344
2026-01-12 05:11:00,4567.74,4568.08,4565.4,4566.34,305
2026-01-12 05:12:00,4566.27,4566.99,4565.68,4565.74,284
2026-01-12 05:13:00,4565.73,4567.68,4565.73,4567.4,317
2026-01-12 05:14:00,4567.45,4567.45,4566.03,4567.01,288
2026-01-12 05:15:00,4566.89,4568.36,4564.45,4565.43,261
2026-01-12 05:16:00,4565.69,4567.68,4565.63,4567.04,240
2026-01-12 05:17:00,4567.05,4569.11,4566.68,4568.6,220
2026-01-12 05:18:00,4568.61,4569.51,4567.54,4568.38,249
2026-01-12 05:19:00,4568.48,4568.97,4567.7,4568.46,200
2026-01-12 05:20:00,4568.44,4568.44,4566.79,4567.71,201
2026-01-12 05:21:00,4567.38,4570.19,4567.29,4569.94,237
2026-01-12 05:22:00,4569.85,4569.85,4566.62,4567.5,270
2026-01-12 05:23:00,4567.43,4569.8,4566.37,4568.76,240
2026-01-12 05:24:00,4568.68,4569.3,4567.34,4567.44,181
2026-01-12 05:25:00,4567.46,4568.62,4566.84,4568.4,235
2026-01-12 05:26:00,4568.41,4569.15,4566.74,4566.81,238
2026-01-12 05:27:00,4566.82,4569.5,4566.6,4569.27,214
2026-01-12 05:28:00,4569.26,4569.36,4567.91,4568.38,189
2026-01-12 05:29:00,4568.34,4568.71,4566.19,4566.22,215
2026-01-12 05:30:00,4566.36,4566.71,4563.64,4564.5,324
2026-01-12 05:31:00,4564.58,4565.55,4562.59,4565.36,337
2026-01-12 05:32:00,4565.45,4567.36,4564.87,4565.8,309
2026-01-12 05:33:00,4565.74,4569.31,4565.03,4569.1,294
2026-01-12 05:34:00,4569.06,4570.57,4568.31,4570.25,289
2026-01-12 05:35:00,4570.41,4570.41,4566.89,4567.79,274
2026-01-12 05:36:00,4567.79,4569.93,4566.81,4569.87,266
2026-01-12 05:37:00,4569.93,4571.93,4569.93,4570.75,286
2026-01-12 05:38:00,4571.13,4572.19,4570.13,4570.63,292
2026-01-12 05:39:00,4570.55,4574.04,4570.49,4573.57,298
2026-01-12 05:40:00,4573.59,4575.04,4573.59,4573.83,303
2026-01-12 05:41:00,4573.93,4574.46,4573.33,4574.45,299
2026-01-12 05:42:00,4574.46,4575.73,4573.78,4575.54,291
2026-01-12 05:43:00,4575.59,4576.59,4574.63,4576.44,274
2026-01-12 05:44:00,4576.36,4579.18,4576.25,4579.17,273
2026-01-12 05:45:00,4579.01,4579.99,4578.57,4579.69,253
2026-01-12 05:46:00,4579.69,4581.92,4579.43,4581.92,244
2026-01-12 05:47:00,4581.73,4582.09,4579.16,4579.49,289
2026-01-12 05:48:00,4579.42,4579.99,4576.27,4577.84,295
2026-01-12 05:49:00,4577.64,4579.11,4576.97,4578.07,257
2026-01-12 05:50:00,4577.67,4577.78,4575.71,4576.65,286
2026-01-12 05:51:00,4576.67,4578.26,4576.24,4576.48,267
2026-01-12 05:52:00,4576.46,4576.7,4574.62,4574.81,233
2026-01-12 05:53:00,4574.86,4576.51,4573.53,4576.06,258
2026-01-12 05:54:00,4576.01,4577.79,4575.38,4577.64,228
2026-01-12 05:55:00,4577.5,4577.5,4574.74,4574.99,275
2026-01-12 05:56:00,4574.97,4576.77,4574.97,4576.02,282
2026-01-12 05:57:00,4576.04,4578.32,4575.8,4577.84,259
2026-01-12 05:58:00,4577.72,4578.1,4577.15,4577.51,199
2026-01-12 05:59:00,4577.62,4577.67,4575.72,4577.52,218
2026-01-12 06:00:00,4577.46,4579.34,4577.46,4578.41,217
2026-01-12 06:01:00,4578.26,4579.03,4576.52,4576.52,187
2026-01-12 06:02:00,4576.65,4576.72,4575.11,4575.82,242
2026-01-12 06:03:00,4575.81,4576.74,4575.57,4576.69,259
2026-01-12 06:04:00,4576.67,4577.04,4576.27,4576.72,161
2026-01-12 06:05:00,4576.8,4580.5,4576.56,4580.07,251
2026-01-12 06:06:00,4580.17,4580.17,4577.49,4577.49,225
2026-01-12 06:07:00,4577.5,4578.47,4577.49,4578.47,190
2026-01-12 06:08:00,4578.78,4579.15,4577.39,4578.19,194
2026-01-12 06:09:00,4578.19,4578.8,4577.62,4577.69,198
2026-01-12 06:10:00,4577.45,4577.82,4576.31,4577.01,206
2026-01-12 06:11:00,4576.96,4577.55,4576.45,4577.27,158
2026-01-12 06:12:00,4577.17,4577.88,4576.9,4577.21,195
2026-01-12 06:13:00,4577.31,4577.56,4576.76,4577.28,175
2026-01-12 06:14:00,4577.29,4579.03,4576.4,4578.62,219
2026-01-12 06:15:00,4578.67,4580.36,4577.89,4578.37,220
2026-01-12 06:16:00,4578.36,4578.55,4577.44,4578.17,196
2026-01-12 06:17:00,4578.2,4579.3,4578.05,4578.87,225
2026-01-12 06:18:00,4578.86,4578.88,4577.84,4578.04,206
2026-01-12 06:19:00,4578.1,4579.25,4577.94,4578.03,208
2026-01-12 06:20:00,4578.04,4578.92,4576.99,4577.24,229
2026-01-12 06:21:00,4577.08,4577.72,4576.4,4576.47,204
2026-01-12 06:22:00,4576.47,4578.43,4576.37,4577.13,233
2026-01-12 06:23:00,4577.01,4577.45,4576.56,4576.99,222
2026-01-12 06:24:00,4577.01,4578.95,4576.51,4578.59,270
2026-01-12 06:25:00,4578.58,4579.74,4577.97,4579.29,243
2026-01-12 06:26:00,4579.37,4579.69,4578.54,4579.43,265
2026-01-12 06:27:00,4579.52,4580.06,4577.7,4580.06,243
2026-01-12 06:28:00,4580.12,4580.8,4578.77,4579.07,229
2026-01-12 06:29:00,4579.01,4581.21,4578.86,4581.13,247
2026-01-12 06:30:00,4581.15,4581.39,4578.9,4579.13,197
2026-01-12 06:31:00,4579.09,4579.19,4577.33,4578.47,250
2026-01-12 06:32:00,4578.41,4578.45,4576.27,4577.14,230
2026-01-12 06:33:00,4577.13,4577.8,4576.38,4576.56,245
2026-01-12 06:34:00,4576.49,4577.16,4576.34,4576.44,214
2026-01-12 06:35:00,4576.31,4577.46,4575.83,4577.04,183
2026-01-12 06:36:00,4577.08,4577.68,4576.68,4577.33,148
2026-01-12 06:37:00,4577.22,4577.22,4575.7,4576.01,187
2026-01-12 06:38:00,4576.04,4576.86,4575.72,4576.76,95
2026-01-12 06:39:00,4576.85,4576.85,4575.79,4576.83,135
2026-01-12 06:40:00,4576.84,4577.05,4576.55,4576.61,155
2026-01-12 06:41:00,4576.59,4576.91,4576.06,4576.49,129
2026-01-12 06:42:00,4576.42,4576.45,4575.03,4575.17,175
2026-01-12 06:43:00,4575.16,4575.45,4572.91,4572.99,189
2026-01-12 06:44:00,4572.89,4574.4,4572.6,4572.67,209
2026-01-12 06:45:00,4572.81,4573.77,4572.37,4573.7,198
2026-01-12 06:46:00,4573.71,4574.54,4573.44,4573.84,199
2026-01-12 06:47:00,4573.85,4573.85,4570.14,4570.24,200
2026-01-12 06:48:00,4570.25,4570.25,4568.85,4569.58,219
2026-01-12 06:49:00,4569.53,4571.45,4569.48,4570.9,197
2026-01-12 06:50:00,4570.89,4570.89,4567.86,4568.53,216
2026-01-12 06:51:00,4568.65,4569.72,4568.65,4569.56,119
2026-01-12 06:52:00,4569.57,4570.41,4568.4,4569.89,153
2026-01-12 06:53:00,4569.9,4572.83,4569.86,4572.66,190
2026-01-12 06:54:00,4572.73,4573.93,4572.65,4573.26,163
2026-01-12 06:55:00,4573.28,4573.99,4572.12,4572.37,159
2026-01-12 06:56:00,4572.15,4572.45,4570.2,4571.33,225
2026-01-12 06:57:00,4571.33,4571.46,4569.45,4569.45,172
2026-01-12 06:58:00,4569.42,4570.93,4569.42,4570.93,113
2026-01-12 06:59:00,4570.81,4570.95,4570.29,4570.72,105
2026-01-12 07:00:00,4570.74,4571.28,4569.62,4569.87,137
2026-01-12 07:01:00,4569.92,4570.05,4567.48,4567.68,181
2026-01-12 07:02:00,4568.03,4568.07,4565.77,4566.25,197
2026-01-12 07:03:00,4566.3,4567.3,4566.3,4566.36,200
2026-01-12 07:04:00,4566.53,4567.6,4566.28,4567.22,178
2026-01-12 07:05:00,4567.22,4567.24,4566.13,4567.11,159
2026-01-12 07:06:00,4567.07,4568.34,4566.4,4568.21,197
2026-01-12 07:07:00,4568.26,4568.26,4565.63,4567.44,168
2026-01-12 07:08:00,4567.45,4567.56,4566.71,4567.48,140
2026-01-12 07:09:00,4567.5,4568.66,4567.5,4568.27,171
2026-01-12 07:10:00,4568.28,4568.28,4567.17,4568.19,159
2026-01-12 07:11:00,4568.26,4568.51,4567.47,4567.7,127
2026-01-12 07:12:00,4567.92,4568.85,4567.52,4568.68,128
2026-01-12 07:13:00,4568.73,4568.75,4567.57,4567.6,172
2026-01-12 07:14:00,4567.61,4568.86,4567.45,4568.72,229
2026-01-12 07:15:00,4568.81,4569.84,4568.64,4569.59,200
2026-01-12 07:16:00,4569.56,4569.74,4568.79,4569.14,144
2026-01-12 07:17:00,4569.19,4569.47,4568.83,4569.14,142
2026-01-12 07:18:00,4569.16,4569.83,4568.75,4569.66,167
2026-01-12 07:19:00,4569.67,4571.6,4569.55,4571.27,186
2026-01-12 07:20:00,4571.26,4571.52,4570.49,4570.49,122
2026-01-12 07:21:00,4570.48,4570.72,4569.87,4570.46,171
2026-01-12 07:22:00,4570.47,4571.93,4570.47,4571.7,189
2026-01-12 07:23:00,4571.71,4572.16,4571.22,4571.22,159
2026-01-12 07:24:00,4571.17,4571.17,4569.67,4569.67,177
2026-01-12 07:25:00,4569.59,4569.7,4567.91,4567.92,182
2026-01-12 07:26:00,4568.05,4569.25,4568.0,4569.13,206
2026-01-12 07:27:00,4569.13,4569.91,4568.63,4569.55,144
2026-01-12 07:28:00,4569.56,4569.85,4569.27,4569.68,116
2026-01-12 07:29:00,4569.07,4569.07,4567.25,4568.57,163
2026-01-12 07:30:00,4568.51,4569.04,4567.39,4568.47,168
2026-01-12 07:31:00,4568.52,4569.81,4567.74,4567.74,188
2026-01-12 07:32:00,4567.7,4568.2,4565.82,4568.17,248
2026-01-12 07:33:00,4568.05,4568.87,4566.56,4566.62,206
2026-01-12 07:34:00,4566.97,4567.08,4563.78,4563.79,246
2026-01-12 07:35:00,4563.75,4565.53,4563.4,4565.14,266
2026-01-12 07:36:00,4565.16,4566.34,4564.82,4566.34,201
2026-01-12 07:37:00,4566.31,4567.28,4566.31,4567.16,250
2026-01-12 07:38:00,4567.35,4568.23,4566.32,4566.94,215
2026-01-12 07:39:00,4566.91,4566.93,4566.07,4566.07,169
2026-01-12 07:40:00,4565.99,4567.16,4565.89,4566.72,130
2026-01-12 07:41:00,4566.71,4566.96,4566.59,4566.92,58
2026-01-12 07:42:00,4566.76,4567.26,4566.66,4566.99,127
2026-01-12 07:43:00,4567.09,4568.27,4566.67,4568.1,182
2026-01-12 07:44:00,4568.12,4568.16,4567.45,4567.97,141
2026-01-12 07:45:00,4568.0,4569.12,4567.09,4568.73,174
2026-01-12 07:46:00,4568.75,4569.06,4568.07,4568.99,187
2026-01-12 07:47:00,4568.94,4569.08,4568.08,4568.38,134
2026-01-12 07:48:00,4568.55,4568.86,4568.14,4568.67,118
2026-01-12 07:49:00,4568.77,4570.11,4568.63,4569.38,135
2026-01-12 07:50:00,4569.42,4569.55,4568.85,4568.91,101
2026-01-12 07:51:00,4568.88,4569.09,4568.48,4568.48,118
2026-01-12 07:52:00,4568.47,4568.76,4567.83,4567.88,98
2026-01-12 07:53:00,4567.88,4568.07,4566.39,4567.14,135
2026-01-12 07:54:00,4567.03,4567.08,4566.5,4566.71,111
2026-01-12 07:55:00,4566.7,4566.99,4566.4,4566.49,141
2026-01-12 07:56:00,4566.46,4567.27,4566.17,4566.96,111
2026-01-12 07:57:00,4566.94,4567.85,4566.91,4567.48,125
2026-01-12 07:58:00,4567.52,4568.47,4567.36,4568.08,115
2026-01-12 07:59:00,4568.08,4568.91,4568.08,4568.47,94
2026-01-12 08:00:00,4568.5,4568.56,4566.09,4567.48,192
2026-01-12 08:01:00,4567.45,4567.88,4566.12,4567.31,239
2026-01-12 08:02:00,4567.51,4568.7,4567.5,4568.54,134
2026-01-12 08:03:00,4568.54,4568.95,4568.16,4568.95,217
2026-01-12 08:04:00,4568.78,4569.01,4567.94,4567.94,149
2026-01-12 08:05:00,4567.9,4568.71,4567.75,4568.25,158
2026-01-12 08:06:00,4568.24,4569.12,4567.32,4568.99,154
2026-01-12 08:07:00,4569.05,4570.24,4569.05,4569.34,166
2026-01-12 08:08:00,4569.28,4570.49,4569.26,4570.06,203
2026-01-12 08:09:00,4570.0,4570.33,4569.87,4570.25,137
2026-01-12 08:10:00,4570.2,4570.29,4569.95,4570.15,106
2026-01-12 08:11:00,4570.13,4570.35,4569.77,4569.98,92
2026-01-12 08:12:00,4569.86,4569.86,4568.17,4568.29,181
2026-01-12 08:13:00,4568.33,4571.54,4568.28,4571.42,164
2026-01-12 08:14:00,4571.51,4571.98,4570.13,4570.13,184
2026-01-12 08:15:00,4570.09,4570.32,4569.68,4570.16,177
2026-01-12 08:16:00,4570.03,4572.13,4570.03,4572.08,137
2026-01-12 08:17:00,4572.23,4573.18,4572.09,4572.71,150
2026-01-12 08:18:00,4572.71,4572.85,4571.7,4572.55,172
2026-01-12 08:19:00,4572.56,4572.91,4572.22,4572.39,125
2026-01-12 08:20:00,4572.42,4573.02,4572.13,4572.88,142
2026-01-12 08:21:00,4572.41,4572.89,4570.99,4572.83,174
2026-01-12 08:22:00,4572.74,4572.74,4571.21,4572.36,164
2026-01-12 08:23:00,4572.39,4573.16,4572.27,4572.64,141
2026-01-12 08:24:00,4572.64,4573.24,4572.44,4572.67,145
2026-01-12 08:25:00,4572.58,4572.91,4571.58,4571.81,128
2026-01-12 08:26:00,4571.86,4573.59,4571.83,4573.53,123
2026-01-12 08:27:00,4573.57,4573.88,4572.72,4572.87,110
2026-01-12 08:28:00,4572.81,4573.07,4571.97,4572.65,150
2026-01-12 08:29:00,4572.59,4572.81,4572.3,4572.49,104
2026-01-12 08:30:00,4572.2,4575.7,4569.73,4574.83,334
2026-01-12 08:31:00,4574.8,4574.8,4572.49,4573.12,288
2026-01-12 08:32:00,4573.25,4577.12,4572.95,4575.9,315
2026-01-12 08:33:00,4575.83,4578.39,4575.83,4577.82,284
2026-01-12 08:34:00,4577.81,4578.29,4576.89,4577.26,268
2026-01-12 08:35:00,4577.15,4577.45,4575.89,4576.75,237
2026-01-12 08:36:00,4576.73,4577.89,4576.65,4576.7,244
2026-01-12 08:37:00,4576.88,4576.88,4575.28,4575.83,237
2026-01-12 08:38:00,4575.76,4577.08,4575.58,4575.78,250
2026-01-12 08:39:00,4575.44,4578.34,4575.19,4578.05,266
2026-01-12 08:40:00,4578.05,4578.05,4576.66,4577.1,176
2026-01-12 08:41:00,4576.98,4580.1,4576.32,4580.04,259
2026-01-12 08:42:00,4580.06,4581.15,4579.41,4580.6,298
2026-01-12 08:43:00,4580.61,4581.09,4579.84,4580.89,297
2026-01-12 08:44:00,4580.8,4582.99,4580.8,4581.83,277
2026-01-12 08:45:00,4581.77,4583.88,4581.49,4582.94,323
2026-01-12 08:46:00,4582.97,4583.46,4580.85,4582.59,292
2026-01-12 08:47:00,4582.6,4584.36,4581.32,4583.96,305
2026-01-12 08:48:00,4584.06,4584.55,4582.64,4582.65,284
2026-01-12 08:49:00,4582.81,4584.87,4582.5,4584.12,271
2026-01-12 08:50:00,4584.11,4584.69,4583.6,4584.31,262
2026-01-12 08:51:00,4584.33,4584.34,4581.13,4581.61,311
2026-01-12 08:52:00,4581.64,4583.98,4581.09,4581.12,285
2026-01-12 08:53:00,4581.17,4581.4,4580.44,4580.95,232
2026-01-12 08:54:00,4581.32,4581.7,4580.13,4580.13,297
2026-01-12 08:55:00,4580.09,4580.42,4579.34,4579.58,220
2026-01-12 08:56:00,4579.61,4581.62,4579.57,4580.86,221
2026-01-12 08:57:00,4580.78,4581.32,4580.47,4580.93,251
2026-01-12 08:58:00,4580.95,4581.21,4579.53,4579.63,262
2026-01-12 08:59:00,4578.85,4581.24,4578.8,4580.87,243
2026-01-12 09:00:00,4580.91,4580.91,4578.82,4579.75,257
2026-01-12 09:01:00,4579.58,4579.98,4578.08,4578.1,246
2026-01-12 09:02:00,4578.31,4580.3,4578.27,4579.29,306
2026-01-12 09:03:00,4579.25,4579.61,4577.62,4577.63,244
2026-01-12 09:04:00,4577.62,4578.01,4576.87,4577.32,194
2026-01-12 09:05:00,4576.77,4576.84,4575.66,4576.02,202
2026-01-12 09:06:00,4576.29,4576.32,4574.78,4575.16,208
2026-01-12 09:07:00,4575.2,4575.63,4573.96,4574.34,207
2026-01-12 09:08:00,4574.32,4575.91,4574.25,4574.91,252
2026-01-12 09:09:00,4574.93,4576.65,4574.35,4575.45,287
2026-01-12 09:10:00,4575.46,4576.56,4574.9,4575.24,259
2026-01-12 09:11:00,4575.15,4575.15,4572.1,4572.53,256
2026-01-12 09:12:00,4572.52,4573.0,4571.59,4572.2,317
2026-01-12 09:13:00,4572.19,4572.99,4571.55,4572.92,274
2026-01-12 09:14:00,4572.85,4573.63,4572.51,4572.72,231
2026-01-12 09:15:00,4572.81,4572.89,4571.0,4571.02,231
2026-01-12 09:16:00,4571.06,4571.64,4569.62,4571.03,263
2026-01-12 09:17:00,4571.04,4571.66,4570.59,4571.26,209
2026-01-12 09:18:00,4571.32,4572.21,4570.77,4572.14,212
2026-01-12 09:19:00,4572.15,4572.61,4571.98,4572.55,220
2026-01-12 09:20:00,4572.6,4573.44,4572.36,4572.81,234
2026-01-12 09:21:00,4572.82,4574.31,4572.54,4574.11,241
2026-01-12 09:22:00,4574.24,4575.04,4574.21,4574.65,210
2026-01-12 09:23:00,4574.89,4575.26,4574.44,4574.98,155
2026-01-12 09:24:00,4575.16,4575.2,4573.84,4574.54,185
2026-01-12 09:25:00,4574.54,4575.84,4574.37,4575.8,204
2026-01-12 09:26:00,4575.81,4575.81,4574.93,4575.68,213
2026-01-12 09:27:00,4575.67,4575.74,4574.77,4575.38,211
2026-01-12 09:28:00,4575.66,4575.84,4574.32,4574.46,204
2026-01-12 09:29:00,4574.95,4575.26,4573.26,4573.67,254
2026-01-12 09:30:00,4573.64,4574.62,4573.59,4574.62,199
2026-01-12 09:31:00,4574.66,4575.46,4574.07,4574.12,194
2026-01-12 09:32:00,4574.09,4574.74,4573.82,4574.59,212
2026-01-12 09:33:00,4574.67,4575.31,4574.38,4575.02,170
2026-01-12 09:34:00,4574.89,4575.69,4574.43,4575.06,184
2026-01-12 09:35:00,4574.92,4576.07,4573.7,4574.24,270
2026-01-12 09:36:00,4574.27,4575.52,4574.24,4574.65,236
2026-01-12 09:37:00,4574.71,4574.71,4572.94,4573.84,231
2026-01-12 09:38:00,4573.85,4575.05,4573.66,4573.92,206
2026-01-12 09:39:00,4573.94,4574.01,4572.52,4573.12,197
2026-01-12 09:40:00,4573.17,4573.96,4572.69,4572.78,167
2026-01-12 09:41:00,4572.8,4572.8,4572.04,4572.65,211
2026-01-12 09:42:00,4572.66,4574.56,4572.39,4574.38,249
2026-01-12 09:43:00,4574.35,4574.93,4573.74,4574.93,246
2026-01-12 09:44:00,4574.97,4576.32,4574.38,4574.41,229
2026-01-12 09:45:00,4574.35,4574.63,4573.95,4574.47,219
2026-01-12 09:46:00,4574.41,4575.16,4574.18,4574.73,219
2026-01-12 09:47:00,4574.72,4575.35,4574.51,4574.95,219
2026-01-12 09:48:00,4574.99,4576.05,4574.15,4574.42,229
2026-01-12 09:49:00,4574.35,4575.13,4574.3,4574.51,188
2026-01-12 09:50:00,4574.75,4576.37,4574.36,4576.34,232
2026-01-12 09:51:00,4576.24,4576.96,4576.01,4576.07,180
2026-01-12 09:52:00,4576.01,4578.59,4576.01,4577.63,254
2026-01-12 09:53:00,4577.59,4579.79,4577.59,4579.49,258
2026-01-12 09:54:00,4579.5,4579.75,4578.02,4578.62,237
2026-01-12 09:55:00,4578.98,4578.98,4577.86,4578.15,216
2026-01-12 09:56:00,4578.29,4579.25,4578.1,4578.83,232
2026-01-12 09:57:00,4578.76,4578.87,4577.76,4578.01,201
2026-01-12 09:58:00,4578.04,4578.26,4577.84,4578.07,193
2026-01-12 09:59:00,4578.01,4578.45,4577.73,4578.45,180
2026-01-12 10:00:00,4578.77,4579.23,4577.22,4577.37,254
2026-01-12 10:01:00,4577.27,4577.43,4574.71,4575.79,246
2026-01-12 10:02:00,4575.76,4576.32,4575.05,4576.07,214
2026-01-12 10:03:00,4576.19,4577.1,4576.08,4576.81,185
2026-01-12 10:04:00,4576.73,4577.62,4576.3,4576.45,212
2026-01-12 10:05:00,4576.51,4576.77,4575.57,4576.36,216
2026-01-12 10:06:00,4576.44,4578.76,4575.88,4578.76,180
2026-01-12 10:07:00,4578.77,4579.13,4577.4,4578.23,176
2026-01-12 10:08:00,4578.28,4580.84,4578.12,4580.84,223
2026-01-12 10:09:00,4580.85,4582.77,4580.85,4581.94,221
2026-01-12 10:10:00,4582.28,4583.65,4581.67,4583.21,191
2026-01-12 10:11:00,4583.49,4583.49,4582.16,4582.6,206
2026-01-12 10:12:00,4582.56,4583.76,4581.39,4583.39,250
2026-01-12 10:13:00,4583.45,4583.62,4582.18,4582.2,205
2026-01-12 10:14:00,4582.06,4583.91,4581.96,4583.3,200
2026-01-12 10:15:00,4583.47,4585.23,4583.45,4584.73,253
2026-01-12 10:16:00,4584.71,4585.74,4584.11,4584.11,265
2026-01-12 10:17:00,4584.03,4585.48,4584.01,4585.04,207
2026-01-12 10:18:00,4584.98,4585.03,4582.92,4584.34,237
2026-01-12 10:19:00,4584.33,4585.95,4583.64,4585.84,221
2026-01-12 10:20:00,4585.83,4586.51,4585.16,4585.88,190
2026-01-12 10:21:00,4585.85,4585.85,4584.84,4585.3,162
2026-01-12 10:22:00,4585.45,4587.41,4585.45,4586.07,217
2026-01-12 10:23:00,4586.05,4586.93,4585.62,4586.93,225
2026-01-12 10:24:00,4586.88,4587.57,4584.01,4584.01,244
2026-01-12 10:25:00,4583.95,4585.02,4583.63,4583.83,240
2026-01-12 10:26:00,4583.84,4584.21,4581.87,4582.15,252
2026-01-12 10:27:00,4582.1,4582.16,4580.0,4580.83,253
2026-01-12 10:28:00,4580.76,4581.41,4578.83,4580.78,250
2026-01-12 10:29:00,4580.73,4581.86,4580.47,4581.5,175
2026-01-12 10:30:00,4581.71,4582.24,4581.36,4581.49,159
2026-01-12 10:31:00,4581.94,4582.51,4581.17,4581.72,204
2026-01-12 10:32:00,4581.74,4581.94,4580.35,4580.53,236
2026-01-12 10:33:00,4580.47,4581.13,4579.55,4580.49,215
2026-01-12 10:34:00,4580.47,4581.03,4579.53,4580.51,187
2026-01-12 10:35:00,4580.5,4580.84,4578.8,4580.22,216
2026-01-12 10:36:00,4579.99,4582.75,4579.99,4582.46,225
2026-01-12 10:37:00,4582.58,4584.33,4582.06,4584.32,206
2026-01-12 10:38:00,4584.32,4584.84,4584.21,4584.48,184
2026-01-12 10:39:00,4584.49,4585.42,4584.36,4584.43,190
2026-01-12 10:40:00,4584.29,4584.31,4580.28,4580.94,293
2026-01-12 10:41:00,4580.99,4581.66,4580.32,4580.99,256
2026-01-12 10:42:00,4580.99,4581.8,4580.43,4581.07,200
2026-01-12 10:43:00,4580.79,4583.43,4580.58,4583.11,204
2026-01-12 10:44:00,4583.23,4583.97,4583.23,4583.81,164
2026-01-12 10:45:00,4583.97,4584.82,4583.96,4584.77,131
2026-01-12 10:46:00,4584.79,4585.36,4583.27,4583.88,200
2026-01-12 10:47:00,4583.93,4585.28,4583.93,4584.68,153
2026-01-12 10:48:00,4584.73,4585.59,4584.48,4584.79,208
2026-01-12 10:49:00,4584.74,4585.48,4584.52,4585.2,176
2026-01-12 10:50:00,4585.26,4585.53,4584.24,4584.35,120
2026-01-12 10:51:00,4584.88,4585.5,4584.56,4584.99,122
2026-01-12 10:52:00,4585.09,4586.87,4584.84,4586.71,143
2026-01-12 10:53:00,4586.75,4587.04,4585.78,4586.21,184
2026-01-12 10:54:00,4586.22,4587.0,4585.8,4586.07,201
2026-01-12 10:55:00,4586.11,4586.79,4585.85,4586.79,175
2026-01-12 10:56:00,4587.24,4587.24,4586.23,4586.79,196
2026-01-12 10:57:00,4586.83,4589.3,4585.54,4588.86,216
2026-01-12 10:58:00,4589.04,4589.55,4588.73,4589.19,223
2026-01-12 10:59:00,4589.18,4589.26,4587.6,4587.71,139
2026-01-12 11:00:00,4587.6,4587.72,4585.35,4585.7,205
2026-01-12 11:01:00,4585.71,4588.06,4585.71,4588.06,252
2026-01-12 11:02:00,4588.08,4588.22,4587.12,4588.1,208
2026-01-12 11:03:00,4588.1,4589.44,4588.1,4588.95,196
2026-01-12 11:04:00,4588.62,4588.63,4586.65,4587.06,196
2026-01-12 11:05:00,4587.13,4587.39,4586.24,4586.64,213
2026-01-12 11:06:00,4586.06,4588.03,4586.06,4587.3,212
2026-01-12 11:07:00,4586.95,4587.41,4585.44,4586.22,205
2026-01-12 11:08:00,4586.17,4586.17,4585.37,4585.68,202
2026-01-12 11:09:00,4585.16,4585.16,4583.53,4583.79,255
2026-01-12 11:10:00,4583.81,4585.41,4582.67,4585.09,220
2026-01-12 11:11:00,4585.14,4585.37,4584.26,4585.07,191
2026-01-12 11:12:00,4585.09,4585.92,4584.2,4584.4,180
2026-01-12 11:13:00,4584.49,4585.16,4582.67,4582.67,188
2026-01-12 11:14:00,4582.63,4583.51,4582.11,4583.4,191
2026-01-12 11:15:00,4583.42,4583.42,4582.33,4582.33,217
2026-01-12 11:16:00,4582.45,4582.89,4579.51,4579.78,283
2026-01-12 11:17:00,4579.75,4581.95,4579.66,4580.95,312
2026-01-12 11:18:00,4580.97,4583.43,4580.43,4583.43,278
2026-01-12 11:19:00,4583.23,4583.48,4582.08,4583.39,152
2026-01-12 11:20:00,4583.49,4584.08,4582.03,4582.08,213
2026-01-12 11:21:00,4582.09,4583.06,4580.39,4582.04,255
2026-01-12 11:22:00,4582.01,4582.01,4580.86,4581.76,244
2026-01-12 11:23:00,4581.75,4582.71,4581.41,4582.66,184
2026-01-12 11:24:00,4582.67,4582.78,4582.33,4582.64,134
2026-01-12 11:25:00,4582.89,4584.21,4582.89,4583.16,200
2026-01-12 11:26:00,4583.09,4584.25,4583.01,4584.07,201
2026-01-12 11:27:00,4584.26,4584.49,4581.66,4582.05,216
2026-01-12 11:28:00,4582.1,4583.4,4581.36,4583.29,191
2026-01-12 11:29:00,4583.24,4584.36,4583.12,4583.59,181
2026-01-12 11:30:00,4583.68,4583.99,4581.91,4582.12,182
2026-01-12 11:31:00,4582.17,4584.41,4582.12,4583.5,192
2026-01-12 11:32:00,4583.61,4583.88,4582.73,4583.14,224
2026-01-12 11:33:00,4583.22,4583.66,4582.71,4583.03,161
2026-01-12 11:34:00,4583.08,4584.06,4583.08,4583.67,142
2026-01-12 11:35:00,4583.59,4584.66,4583.29,4583.69,149
2026-01-12 11:36:00,4583.59,4584.79,4583.5,4584.63,122
2026-01-12 11:37:00,4584.73,4586.35,4584.66,4586.19,173
2026-01-12 11:38:00,4586.25,4589.34,4586.25,4589.24,281
2026-01-12 11:39:00,4589.31,4589.55,4586.29,4586.84,268
2026-01-12 11:40:00,4586.85,4588.16,4586.65,4587.4,234
2026-01-12 11:41:00,4587.34,4587.43,4586.7,4587.43,205
2026-01-12 11:42:00,4587.44,4588.51,4587.44,4588.17,217
2026-01-12 11:43:00,4588.2,4588.51,4586.92,4587.05,226
2026-01-12 11:44:00,4587.04,4587.51,4585.65,4585.66,174
2026-01-12 11:45:00,4585.56,4586.36,4585.27,4586.32,212
2026-01-12 11:46:00,4586.31,4588.75,4586.31,4588.74,200
2026-01-12 11:47:00,4588.67,4593.02,4588.67,4592.94,261
2026-01-12 11:48:00,4592.99,4594.23,4592.99,4593.15,280
2026-01-12 11:49:00,4593.27,4595.19,4592.73,4594.26,312
2026-01-12 11:50:00,4594.25,4596.07,4593.61,4596.07,257
2026-01-12 11:51:00,4596.05,4598.31,4596.05,4597.88,242
2026-01-12 11:52:00,4597.84,4598.33,4596.18,4597.77,265
2026-01-12 11:53:00,4597.65,4598.34,4596.0,4596.07,263
2026-01-12 11:54:00,4596.01,4596.39,4595.36,4596.35,219
2026-01-12 11:55:00,4596.36,4597.65,4595.53,4595.54,225
2026-01-12 11:56:00,4595.5,4597.5,4594.46,4596.73,233
2026-01-12 11:57:00,4596.67,4597.79,4596.2,4596.41,187
2026-01-12 11:58:00,4596.39,4597.1,4596.19,4596.72,152
2026-01-12 11:59:00,4596.67,4597.28,4595.78,4596.88,177
2026-01-12 12:00:00,4597.04,4597.4,4595.83,4596.53,252
2026-01-12 12:01:00,4596.38,4596.8,4593.52,4594.51,271
2026-01-12 12:02:00,4594.66,4595.34,4594.25,4594.55,174
2026-01-12 12:03:00,4594.51,4597.06,4594.51,4596.74,221
2026-01-12 12:04:00,4596.65,4597.28,4594.45,4594.45,270
2026-01-12 12:05:00,4594.56,4595.37,4593.8,4594.38,245
2026-01-12 12:06:00,4594.35,4594.9,4593.67,4593.76,208
2026-01-12 12:07:00,4593.56,4595.06,4593.48,4594.05,167
2026-01-12 12:08:00,4594.06,4594.54,4593.59,4594.54,196
2026-01-12 12:09:00,4594.78,4596.05,4594.6,4595.22,193
2026-01-12 12:10:00,4595.25,4597.36,4595.16,4597.26,217
2026-01-12 12:11:00,4597.34,4597.5,4595.95,4596.45,211
2026-01-12 12:12:00,4596.4,4597.14,4595.67,4595.93,204
2026-01-12 12:13:00,4595.97,4597.7,4595.85,4597.54,184
2026-01-12 12:14:00,4597.55,4597.75,4596.52,4597.08,218
2026-01-12 12:15:00,4597.06,4597.09,4596.37,4597.09,168
2026-01-12 12:16:00,4597.14,4597.75,4596.94,4597.48,178
2026-01-12 12:17:00,4597.53,4597.78,4596.31,4596.39,198
2026-01-12 12:18:00,4596.57,4597.04,4596.33,4596.83,182
2026-01-12 12:19:00,4596.84,4597.08,4596.36,4596.62,194
2026-01-12 12:20:00,4596.64,4596.79,4595.55,4596.19,187
2026-01-12 12:21:00,4596.21,4597.3,4594.17,4597.26,240
2026-01-12 12:22:00,4597.32,4599.27,4597.3,4597.53,177
2026-01-12 12:23:00,4597.55,4598.85,4596.84,4597.04,223
2026-01-12 12:24:00,4597.09,4598.51,4597.04,4598.51,203
2026-01-12 12:25:00,4598.5,4599.25,4597.28,4597.28,183
2026-01-12 12:26:00,4597.32,4597.43,4596.4,4596.91,234
2026-01-12 12:27:00,4596.84,4597.15,4596.35,4596.91,197
2026-01-12 12:28:00,4596.93,4597.89,4596.93,4597.76,180
2026-01-12 12:29:00,4597.38,4597.38,4595.76,4596.6,212
2026-01-12 12:30:00,4596.6,4596.76,4594.83,4595.13,206
2026-01-12 12:31:00,4595.15,4596.56,4595.15,4595.98,167
2026-01-12 12:32:00,4595.88,4595.88,4594.58,4595.04,167
2026-01-12 12:33:00,4595.03,4597.07,4595.03,4595.94,194
2026-01-12 12:34:00,4595.95,4596.57,4595.32,4596.01,153
2026-01-12 12:35:00,4596.02,4596.8,4595.83,4595.84,108
2026-01-12 12:36:00,4595.89,4596.42,4594.58,4594.78,152
2026-01-12 12:37:00,4594.74,4595.16,4593.66,4594.22,229
2026-01-12 12:38:00,4594.25,4595.24,4594.09,4594.52,174
2026-01-12 12:39:00,4594.42,4594.68,4593.62,4593.71,154
2026-01-12 12:40:00,4593.71,4596.47,4593.64,4596.3,195
2026-01-12 12:41:00,4596.38,4596.91,4596.25,4596.27,139
2026-01-12 12:42:00,4596.16,4596.17,4595.12,4595.65,117
2026-01-12 12:43:00,4595.55,4596.02,4594.75,4595.48,148
2026-01-12 12:44:00,4595.42,4595.93,4595.03,4595.48,135
2026-01-12 12:45:00,4595.6,4595.65,4594.13,4594.77,232
2026-01-12 12:46:00,4594.67,4594.75,4593.87,4593.87,204
2026-01-12 12:47:00,4593.62,4594.19,4593.1,4593.61,192
2026-01-12 12:48:00,4593.41,4593.8,4592.54,4592.57,158
2026-01-12 12:49:00,4592.57,4592.99,4591.54,4592.0,186
2026-01-12 12:50:00,4592.01,4592.01,4590.12,4590.39,230
2026-01-12 12:51:00,4590.33,4591.56,4590.33,4591.29,188
2026-01-12 12:52:00,4591.23,4591.63,4590.77,4591.29,132
2026-01-12 12:53:00,4591.28,4591.79,4590.94,4590.98,143
2026-01-12 12:54:00,4590.98,4591.24,4590.17,4590.17,153
2026-01-12 12:55:00,4590.18,4591.1,4589.57,4590.84,177
2026-01-12 12:56:00,4590.85,4591.91,4590.33,4590.48,174
2026-01-12 12:57:00,4590.43,4591.35,4589.22,4590.57,208
2026-01-12 12:58:00,4590.61,4590.77,4588.55,4588.55,233
2026-01-12 12:59:00,4588.46,4589.44,4587.75,4589.15,177
2026-01-12 13:00:00,4589.14,4592.55,4589.14,4592.54,236
2026-01-12 13:01:00,4592.55,4593.44,4592.18,4593.19,183
2026-01-12 13:02:00,4593.2,4593.2,4591.03,4591.07,222
2026-01-12 13:03:00,4591.04,4592.42,4590.84,4590.88,134
2026-01-12 13:04:00,4590.9,4591.04,4589.84,4590.36,193
2026-01-12 13:05:00,4590.27,4591.0,4590.04,4590.95,159
2026-01-12 13:06:00,4591.0,4591.17,4590.44,4590.98,77
2026-01-12 13:07:00,4590.88,4590.88,4589.62,4589.77,90
2026-01-12 13:08:00,4589.29,4589.55,4586.85,4587.66,194
2026-01-12 13:09:00,4587.6,4587.95,4586.99,4586.99,177
2026-01-12 13:10:00,4587.0,4589.09,4585.87,4588.91,246
2026-01-12 13:11:00,4588.81,4588.9,4588.07,4588.23,148
2026-01-12 13:12:00,4588.27,4589.37,4587.42,4588.93,173
2026-01-12 13:13:00,4589.02,4590.65,4588.4,4590.64,163
2026-01-12 13:14:00,4590.62,4592.15,4589.84,4592.15,161
2026-01-12 13:15:00,4592.16,4592.54,4590.63,4590.99,148
2026-01-12 13:16:00,4590.9,4591.83,4590.65,4590.99,128
2026-01-12 13:17:00,4591.0,4591.11,4589.96,4589.96,129
2026-01-12 13:18:00,4590.07,4591.19,4589.79,4590.99,142
2026-01-12 13:19:00,4591.07,4591.21,4589.21,4589.27,116
2026-01-12 13:20:00,4588.98,4590.35,4588.98,4590.32,160
2026-01-12 13:21:00,4590.34,4590.34,4589.25,4589.26,160
2026-01-12 13:22:00,4589.23,4590.22,4588.92,4589.96,117
2026-01-12 13:23:00,4589.95,4590.15,4589.88,4590.12,87
2026-01-12 13:24:00,4590.26,4591.73,4590.22,4591.51,126
2026-01-12 13:25:00,4591.6,4592.34,4591.13,4592.25,102
2026-01-12 13:26:00,4592.1,4593.62,4592.07,4593.23,111
2026-01-12 13:27:00,4593.52,4593.75,4593.0,4593.33,94
2026-01-12 13:28:00,4593.23,4594.04,4593.23,4594.04,90
2026-01-12 13:29:00,4593.99,4594.06,4592.46,4592.46,90
2026-01-12 13:30:00,4592.63,4594.66,4590.38,4590.83,247
2026-01-12 13:31:00,4590.59,4591.6,4590.14,4590.48,238
2026-01-12 13:32:00,4590.51,4591.45,4588.5,4588.66,251
2026-01-12 13:33:00,4588.7,4589.69,4588.59,4588.88,186
2026-01-12 13:34:00,4588.98,4589.05,4586.85,4587.55,238
2026-01-12 13:35:00,4587.56,4589.75,4587.45,4588.2,236
2026-01-12 13:36:00,4588.07,4588.73,4588.03,4588.16,171
2026-01-12 13:37:00,4588.22,4589.18,4587.79,4588.84,202
2026-01-12 13:38:00,4588.83,4590.51,4588.67,4590.48,174
2026-01-12 13:39:00,4590.45,4592.03,4590.26,4591.97,199
2026-01-12 13:40:00,4591.99,4592.99,4591.99,4592.99,153
2026-01-12 13:41:00,4592.96,4593.82,4592.96,4593.82,110
2026-01-12 13:42:00,4592.97,4593.18,4591.72,4592.85,189
2026-01-12 13:43:00,4592.86,4592.99,4589.88,4589.88,186
2026-01-12 13:44:00,4589.89,4590.62,4589.81,4589.83,121
2026-01-12 13:45:00,4589.82,4591.36,4589.58,4591.14,120
2026-01-12 13:46:00,4590.92,4592.02,4590.84,4591.89,176
2026-01-12 13:47:00,4591.9,4592.34,4591.0,4591.57,160
2026-01-12 13:48:00,4591.54,4592.63,4591.17,4592.07,140
2026-01-12 13:49:00,4592.08,4593.14,4591.85,4592.37,152
2026-01-12 13:50:00,4592.69,4593.68,4592.61,4593.56,209
2026-01-12 13:51:00,4593.74,4593.85,4593.28,4593.61,143
2026-01-12 13:52:00,4593.44,4593.48,4592.78,4593.21,114
2026-01-12 13:53:00,4593.11,4593.76,4592.47,4593.74,136
2026-01-12 13:54:00,4593.69,4594.52,4593.25,4593.7,161
2026-01-12 13:55:00,4593.81,4594.1,4593.19,4593.59,156
2026-01-12 13:56:00,4593.56,4594.07,4593.05,4594.07,140
2026-01-12 13:57:00,4594.05,4595.21,4594.05,4595.09,184
2026-01-12 13:58:00,4595.15,4595.39,4594.59,4594.75,178
2026-01-12 13:59:00,4594.8,4594.91,4594.25,4594.25,88
2026-01-12 14:00:00,4594.2,4594.95,4592.5,4592.74,170
2026-01-12 14:01:00,4592.58,4593.28,4592.04,4593.16,162
2026-01-12 14:02:00,4593.05,4593.89,4592.65,4592.67,121
2026-01-12 14:03:00,4592.57,4593.18,4592.1,4592.21,115
2026-01-12 14:04:00,4592.22,4592.94,4591.89,4592.82,119
2026-01-12 14:05:00,4592.8,4593.09,4592.01,4592.55,124
2026-01-12 14:06:00,4592.5,4593.05,4592.5,4593.05,71
2026-01-12 14:07:00,4593.15,4593.47,4592.74,4592.9,75
2026-01-12 14:08:00,4592.94,4593.22,4592.49,4592.58,78
2026-01-12 14:09:00,4592.68,4592.95,4592.01,4592.18,112
2026-01-12 14:10:00,4592.13,4592.84,4591.35,4592.61,130
2026-01-12 14:11:00,4592.64,4592.64,4591.78,4591.94,148
2026-01-12 14:12:00,4591.77,4592.51,4591.68,4592.24,104
2026-01-12 14:13:00,4592.35,4592.93,4591.93,4592.49,121
2026-01-12 14:14:00,4592.39,4592.39,4590.57,4591.01,131
2026-01-12 14:15:00,4590.94,4591.08,4590.22,4591.01,156
2026-01-12 14:16:00,4591.19,4592.13,4590.92,4592.13,111
2026-01-12 14:17:00,4592.14,4593.98,4591.91,4593.47,175
2026-01-12 14:18:00,4593.51,4593.93,4590.87,4590.98,211
2026-01-12 14:19:00,4590.91,4590.91,4589.49,4589.75,197
2026-01-12 14:20:00,4589.75,4590.04,4588.73,4588.82,176
2026-01-12 14:21:00,4588.8,4588.8,4587.57,4588.17,202
2026-01-12 14:22:00,4588.14,4588.38,4587.43,4587.81,160
2026-01-12 14:23:00,4588.04,4588.3,4586.88,4587.46,205
2026-01-12 14:24:00,4587.17,4588.22,4586.55,4588.13,234
2026-01-12 14:25:00,4588.09,4588.09,4583.95,4583.95,256
2026-01-12 14:26:00,4583.86,4585.49,4583.86,4584.72,275
2026-01-12 14:27:00,4584.7,4586.94,4584.41,4586.03,226
2026-01-12 14:28:00,4586.02,4586.45,4585.59,4585.59,175
2026-01-12 14:29:00,4585.6,4585.79,4584.85,4585.21,214
2026-01-12 14:30:00,4585.22,4586.1,4584.41,4586.1,207
2026-01-12 14:31:00,4586.14,4586.74,4585.07,4585.88,214
2026-01-12 14:32:00,4585.86,4587.25,4585.71,4587.22,164
2026-01-12 14:33:00,4587.21,4587.46,4585.62,4586.4,195
2026-01-12 14:34:00,4586.3,4587.41,4585.14,4587.41,182
2026-01-12 14:35:00,4587.33,4588.05,4586.93,4587.69,220
2026-01-12 14:36:00,4587.61,4588.86,4587.19,4588.85,191
2026-01-12 14:37:00,4588.99,4589.42,4588.29,4588.39,153
2026-01-12 14:38:00,4588.41,4589.44,4588.08,4589.25,123
2026-01-12 14:39:00,4589.29,4590.14,4589.01,4590.14,149
2026-01-12 14:40:00,4590.1,4590.93,4589.53,4590.69,198
2026-01-12 14:41:00,4590.72,4591.13,4590.11,4590.55,217
2026-01-12 14:42:00,4590.69,4591.73,4590.59,4591.14,204
2026-01-12 14:43:00,4591.13,4591.51,4590.5,4590.78,174
2026-01-12 14:44:00,4590.73,4591.99,4590.66,4591.9,138
2026-01-12 14:45:00,4591.99,4592.03,4590.34,4590.34,188
2026-01-12 14:46:00,4590.33,4590.87,4589.92,4590.25,161
2026-01-12 14:47:00,4590.24,4590.3,4588.3,4588.37,135
2026-01-12 14:48:00,4588.43,4588.43,4587.42,4587.78,147
2026-01-12 14:49:00,4587.77,4587.79,4586.29,4586.29,192
2026-01-12 14:50:00,4586.28,4586.92,4585.68,4585.88,186
2026-01-12 14:51:00,4585.88,4586.02,4584.68,4584.68,193
2026-01-12 14:52:00,4584.8,4585.31,4584.6,4585.03,208
2026-01-12 14:53:00,4585.02,4585.45,4584.98,4585.22,138
2026-01-12 14:54:00,4585.21,4586.27,4584.77,4585.58,161
2026-01-12 14:55:00,4585.48,4585.71,4584.53,4584.68,192
2026-01-12 14:56:00,4584.69,4584.73,4581.85,4582.3,273
2026-01-12 14:57:00,4582.65,4583.01,4581.82,4582.97,225
2026-01-12 14:58:00,4582.94,4583.54,4582.27,4582.75,222
2026-01-12 14:59:00,4583.08,4585.18,4582.77,4585.16,214
2026-01-12 15:00:00,4584.58,4585.67,4583.47,4584.85,314
2026-01-12 15:01:00,4584.69,4585.73,4583.86,4585.7,249
2026-01-12 15:02:00,4585.69,4586.73,4584.22,4584.37,229
2026-01-12 15:03:00,4584.35,4585.31,4583.54,4584.93,253
2026-01-12 15:04:00,4584.92,4585.14,4584.1,4584.4,178
2026-01-12 15:05:00,4584.44,4585.19,4583.24,4583.64,189
2026-01-12 15:06:00,4583.63,4584.26,4582.81,4583.19,220
2026-01-12 15:07:00,4582.83,4584.34,4582.63,4583.09,227
2026-01-12 15:08:00,4583.05,4584.25,4579.75,4580.48,265
2026-01-12 15:09:00,4580.53,4582.67,4580.27,4581.13,215
2026-01-12 15:10:00,4581.13,4584.39,4581.13,4584.32,266
2026-01-12 15:11:00,4584.65,4585.32,4584.01,4584.49,233
2026-01-12 15:12:00,4584.48,4584.5,4582.22,4582.22,209
2026-01-12 15:13:00,4582.05,4582.52,4581.27,4582.43,212
2026-01-12 15:14:00,4583.36,4584.4,4582.19,4582.19,213
2026-01-12 15:15:00,4582.11,4582.61,4581.54,4582.19,199
2026-01-12 15:16:00,4582.19,4582.21,4580.63,4580.78,226
2026-01-12 15:17:00,4580.8,4582.2,4580.02,4580.32,232
2026-01-12 15:18:00,4580.33,4580.78,4579.07,4580.04,222
2026-01-12 15:19:00,4580.03,4581.3,4579.73,4580.77,179
2026-01-12 15:20:00,4580.46,4581.14,4579.87,4580.9,179
2026-01-12 15:21:00,4580.8,4582.44,4580.74,4582.12,225
2026-01-12 15:22:00,4581.83,4581.97,4579.58,4579.58,226
2026-01-12 15:23:00,4579.48,4581.49,4578.48,4581.48,227
2026-01-12 15:24:00,4581.54,4582.36,4580.85,4582.36,196
2026-01-12 15:25:00,4582.33,4582.89,4581.49,4581.49,174
2026-01-12 15:26:00,4581.77,4582.3,4580.68,4581.86,164
2026-01-12 15:27:00,4581.91,4582.71,4581.51,4581.77,196
2026-01-12 15:28:00,4581.73,4582.73,4581.72,4581.96,169
2026-01-12 15:29:00,4582.05,4582.81,4582.02,4582.72,89
2026-01-12 15:30:00,4583.02,4583.43,4582.65,4582.81,145
2026-01-12 15:31:00,4583.14,4583.24,4582.29,4583.18,134
2026-01-12 15:32:00,4583.21,4584.18,4583.11,4583.75,189
2026-01-12 15:33:00,4583.69,4584.74,4583.41,4584.42,220
2026-01-12 15:34:00,4584.41,4585.22,4584.41,4584.94,141
2026-01-12 15:35:00,4584.93,4585.81,4584.72,4585.19,131
2026-01-12 15:36:00,4585.1,4586.0,4583.91,4586.0,225
2026-01-12 15:37:00,4586.0,4586.11,4584.19,4584.82,194
2026-01-12 15:38:00,4584.75,4585.54,4584.59,4585.54,182
2026-01-12 15:39:00,4585.56,4585.59,4584.39,4584.97,205
2026-01-12 15:40:00,4584.86,4585.61,4584.72,4585.31,196
2026-01-12 15:41:00,4585.49,4585.67,4584.74,4585.51,205
2026-01-12 15:42:00,4585.55,4585.55,4584.42,4584.88,161
2026-01-12 15:43:00,4584.83,4585.75,4584.8,4585.69,170
2026-01-12 15:44:00,4585.7,4586.77,4585.69,4586.1,228
2026-01-12 15:45:00,4586.22,4586.69,4585.9,4586.06,209
2026-01-12 15:46:00,4586.04,4586.56,4585.4,4585.4,230
2026-01-12 15:47:00,4585.43,4586.74,4585.43,4586.25,232
2026-01-12 15:48:00,4586.26,4587.71,4585.3,4587.44,255
2026-01-12 15:49:00,4587.4,4587.41,4586.54,4586.8,205
2026-01-12 15:50:00,4586.62,4588.66,4586.59,4588.45,190
2026-01-12 15:51:00,4588.37,4589.35,4588.37,4589.09,242
2026-01-12 15:52:00,4589.22,4589.59,4588.84,4589.53,200
2026-01-12 15:53:00,4589.54,4589.66,4588.29,4588.85,213
2026-01-12 15:54:00,4588.87,4589.11,4588.26,4588.76,215
2026-01-12 15:55:00,4588.7,4589.46,4588.59,4588.87,233
2026-01-12 15:56:00,4588.93,4589.1,4587.53,4589.03,214
2026-01-12 15:57:00,4588.94,4589.09,4588.1,4588.68,194
2026-01-12 15:58:00,4588.67,4589.92,4588.61,4589.74,191
2026-01-12 15:59:00,4589.72,4590.54,4589.63,4590.41,230
2026-01-12 16:00:00,4590.46,4591.65,4588.66,4591.4,348
2026-01-12 16:01:00,4591.34,4592.89,4590.56,4592.62,327
2026-01-12 16:02:00,4592.56,4593.61,4590.71,4592.25,344
2026-01-12 16:03:00,4592.16,4595.4,4592.12,4595.2,341
2026-01-12 16:04:00,4595.19,4596.06,4593.25,4595.93,323
2026-01-12 16:05:00,4596.21,4597.71,4595.91,4597.37,330
2026-01-12 16:06:00,4597.61,4598.21,4596.48,4597.4,323
2026-01-12 16:07:00,4597.35,4601.13,4596.99,4600.9,320
2026-01-12 16:08:00,4600.81,4604.17,4600.39,4603.0,362
2026-01-12 16:09:00,4602.84,4603.43,4600.48,4601.16,334
2026-01-12 16:10:00,4601.08,4604.18,4601.08,4602.92,336
2026-01-12 16:11:00,4602.68,4604.76,4601.8,4603.46,321
2026-01-12 16:12:00,4603.38,4607.78,4602.1,4607.78,331
2026-01-12 16:13:00,4607.72,4609.36,4606.5,4608.0,335
2026-01-12 16:14:00,4607.96,4608.17,4605.26,4606.57,309
2026-01-12 16:15:00,4606.59,4610.13,4606.59,4610.01,300
2026-01-12 16:16:00,4609.77,4610.59,4609.17,4610.23,293
2026-01-12 16:17:00,4610.21,4610.49,4608.12,4608.75,306
2026-01-12 16:18:00,4608.79,4610.46,4607.85,4608.08,316
2026-01-12 16:19:00,4607.98,4609.15,4607.17,4608.7,300
2026-01-12 16:20:00,4608.49,4609.96,4607.23,4608.18,313
2026-01-12 16:21:00,4608.31,4608.31,4606.89,4606.89,324
2026-01-12 16:22:00,4606.88,4609.09,4606.82,4608.66,316
2026-01-12 16:23:00,4608.62,4610.93,4607.72,4610.67,287
2026-01-12 16:24:00,4610.73,4611.08,4608.89,4609.84,284
2026-01-12 16:25:00,4609.85,4610.98,4607.09,4607.29,299
2026-01-12 16:26:00,4607.62,4607.62,4605.56,4606.36,316
2026-01-12 16:27:00,4606.45,4606.45,4604.42,4605.35,311
2026-01-12 16:28:00,4605.21,4606.65,4605.0,4605.3,301
2026-01-12 16:29:00,4605.22,4605.82,4604.52,4605.02,320
2026-01-12 16:30:00,4605.78,4608.2,4605.78,4606.72,302
2026-01-12 16:31:00,4606.75,4608.37,4605.92,4608.37,252
2026-01-12 16:32:00,4608.37,4608.42,4606.93,4607.89,285
2026-01-12 16:33:00,4607.98,4608.79,4607.2,4607.68,240
2026-01-12 16:34:00,4607.44,4609.24,4605.96,4608.96,274
2026-01-12 16:35:00,4609.16,4609.16,4607.59,4608.57,223
2026-01-12 16:36:00,4607.95,4609.78,4607.68,4608.72,303
2026-01-12 16:37:00,4608.76,4609.56,4608.01,4608.05,255
2026-01-12 16:38:00,4608.04,4609.13,4607.37,4608.99,263
2026-01-12 16:39:00,4609.05,4610.94,4608.75,4610.47,270
2026-01-12 16:40:00,4610.45,4613.22,4610.24,4612.28,298
2026-01-12 16:41:00,4612.32,4612.37,4606.36,4607.02,303
2026-01-12 16:42:00,4606.89,4609.13,4606.45,4607.29,296
2026-01-12 16:43:00,4607.34,4610.67,4607.32,4610.25,289
2026-01-12 16:44:00,4610.3,4610.62,4608.93,4609.08,285
2026-01-12 16:45:00,4609.2,4610.38,4607.96,4608.84,295
2026-01-12 16:46:00,4608.89,4610.49,4608.89,4609.85,299
2026-01-12 16:47:00,4610.04,4613.24,4609.06,4613.23,277
2026-01-12 16:48:00,4613.21,4614.47,4611.72,4612.5,296
2026-01-12 16:49:00,4612.6,4615.08,4612.6,4614.36,229
2026-01-12 16:50:00,4614.41,4616.31,4613.97,4615.69,246
2026-01-12 16:51:00,4615.79,4618.14,4615.79,4618.14,296
2026-01-12 16:52:00,4618.16,4618.43,4616.6,4617.38,270
2026-01-12 16:53:00,4617.46,4618.27,4617.15,4618.27,250
2026-01-12 16:54:00,4618.3,4619.89,4618.28,4619.61,286
2026-01-12 16:55:00,4619.68,4620.28,4618.44,4619.39,304
2026-01-12 16:56:00,4619.45,4619.7,4617.45,4617.95,292
2026-01-12 16:57:00,4618.24,4618.7,4616.52,4617.76,273
2026-01-12 16:58:00,4617.71,4617.71,4615.96,4616.37,299
2026-01-12 16:59:00,4616.33,4616.67,4615.79,4615.82,219
2026-01-12 17:00:00,4615.99,4617.12,4612.08,4612.08,318
2026-01-12 17:01:00,4612.14,4614.42,4611.85,4612.3,329
2026-01-12 17:02:00,4612.34,4612.78,4606.79,4606.94,341
2026-01-12 17:03:00,4606.97,4606.97,4599.27,4599.27,358
2026-01-12 17:04:00,4599.16,4604.51,4598.38,4600.28,356
2026-01-12 17:05:00,4600.23,4604.35,4599.61,4602.72,337
2026-01-12 17:06:00,4602.55,4602.55,4599.06,4602.36,342
2026-01-12 17:07:00,4602.37,4604.1,4600.15,4600.77,342
2026-01-12 17:08:00,4600.93,4602.75,4597.86,4599.13,349
2026-01-12 17:09:00,4599.21,4601.47,4598.72,4598.8,340
2026-01-12 17:10:00,4598.5,4598.5,4592.62,4596.39,350
2026-01-12 17:11:00,4596.76,4598.59,4595.05,4597.97,344
2026-01-12 17:12:00,4597.78,4598.46,4595.32,4595.32,342
2026-01-12 17:13:00,4595.4,4597.45,4594.47,4594.89,321
2026-01-12 17:14:00,4594.96,4597.4,4593.64,4596.33,342
2026-01-12 17:15:00,4596.01,4596.46,4590.66,4592.33,339
2026-01-12 17:16:00,4592.41,4595.58,4590.66,4593.75,328
2026-01-12 17:17:00,4593.73,4596.2,4593.24,4596.16,335
2026-01-12 17:18:00,4596.12,4598.67,4595.44,4598.38,320
2026-01-12 17:19:00,4598.36,4598.56,4595.73,4596.83,319
2026-01-12 17:20:00,4596.83,4598.85,4596.77,4598.25,321
2026-01-12 17:21:00,4598.17,4599.51,4597.07,4598.79,323
2026-01-12 17:22:00,4598.94,4599.31,4592.55,4595.24,349
2026-01-12 17:23:00,4594.58,4597.56,4594.04,4596.72,344
2026-01-12 17:24:00,4596.17,4597.72,4595.65,4596.92,339
2026-01-12 17:25:00,4597.0,4597.71,4588.05,4588.07,345
2026-01-12 17:26:00,4588.23,4590.54,4586.9,4587.81,354
2026-01-12 17:27:00,4587.88,4588.12,4585.06,4586.98,347
2026-01-12 17:28:00,4587.29,4591.85,4586.68,4591.85,338
2026-01-12 17:29:00,4592.3,4593.14,4587.2,4587.22,323
2026-01-12 17:30:00,4586.57,4592.4,4585.63,4591.04,365
2026-01-12 17:31:00,4591.01,4597.83,4590.18,4597.71,353
2026-01-12 17:32:00,4597.9,4600.4,4597.9,4599.21,351
2026-01-12 17:33:00,4599.26,4601.07,4597.46,4598.74,342
2026-01-12 17:34:00,4598.23,4598.23,4594.02,4598.16,348
2026-01-12 17:35:00,4598.21,4599.01,4592.48,4592.48,354
2026-01-12 17:36:00,4592.44,4598.55,4592.3,4598.55,349
2026-01-12 17:37:00,4598.39,4598.54,4595.26,4596.34,362
2026-01-12 17:38:00,4596.29,4605.28,4596.19,4605.22,351
2026-01-12 17:39:00,4605.26,4611.42,4605.13,4610.73,359
2026-01-12 17:40:00,4610.82,4610.9,4606.78,4607.1,351
2026-01-12 17:41:00,4606.97,4609.65,4605.86,4608.61,361
2026-01-12 17:42:00,4608.58,4609.95,4606.08,4607.49,357
2026-01-12 17:43:00,4607.56,4608.59,4603.3,4603.3,344
2026-01-12 17:44:00,4603.32,4605.13,4601.82,4603.97,355
2026-01-12 17:45:00,4604.18,4604.41,4600.07,4601.24,365
2026-01-12 17:46:00,4601.27,4603.38,4598.68,4598.98,357
2026-01-12 17:47:00,4599.13,4602.09,4598.4,4598.56,358
2026-01-12 17:48:00,4598.68,4601.38,4597.43,4599.9,354
2026-01-12 17:49:00,4599.41,4602.22,4598.39,4601.9,333
2026-01-12 17:50:00,4601.6,4603.4,4599.01,4602.36,357
2026-01-12 17:51:00,4602.52,4606.96,4602.08,4605.47,341
2026-01-12 17:52:00,4605.34,4605.45,4602.97,4605.28,336
2026-01-12 17:53:00,4605.31,4608.07,4605.16,4607.52,339
2026-01-12 17:54:00,4607.55,4607.9,4604.67,4604.67,333
2026-01-12 17:55:00,4604.65,4606.2,4602.14,4603.68,338
2026-01-12 17:56:00,4603.56,4603.86,4601.94,4602.98,315
2026-01-12 17:57:00,4602.83,4604.22,4602.11,4604.08,319
2026-01-12 17:58:00,4604.94,4604.94,4600.7,4601.28,332
2026-01-12 17:59:00,4600.95,4604.82,4600.89,4602.27,323
2026-01-12 18:00:00,4602.01,4607.16,4602.01,4605.98,333
2026-01-12 18:01:00,4606.27,4609.9,4606.25,4609.22,310
2026-01-12 18:02:00,4609.28,4612.01,4607.91,4612.01,319
2026-01-12 18:03:00,4611.9,4613.04,4611.04,4611.93,349
2026-01-12 18:04:00,4611.9,4612.0,4605.73,4607.14,344
2026-01-12 18:05:00,4607.36,4611.02,4605.96,4610.75,348
2026-01-12 18:06:00,4610.8,4614.62,4609.74,4614.6,343
2026-01-12 18:07:00,4614.62,4616.79,4614.62,4615.73,334
2026-01-12 18:08:00,4615.85,4616.29,4614.29,4616.18,332
2026-01-12 18:09:00,4616.15,4617.86,4615.6,4616.02,324
2026-01-12 18:10:00,4614.92,4617.93,4614.92,4616.6,315
2026-01-12 18:11:00,4616.67,4617.77,4615.23,4615.23,323
2026-01-12 18:12:00,4615.32,4618.75,4614.55,4618.6,323
2026-01-12 18:13:00,4618.66,4618.98,4616.71,4616.77,327
2026-01-12 18:14:00,4616.78,4619.22,4616.14,4617.6,320
2026-01-12 18:15:00,4617.57,4618.92,4615.83,4615.83,345
2026-01-12 18:16:00,4616.11,4616.39,4612.77,4614.49,346
2026-01-12 18:17:00,4614.28,4615.92,4613.24,4614.22,320
2026-01-12 18:18:00,4614.32,4615.29,4613.34,4614.9,322
2026-01-12 18:19:00,4615.02,4616.21,4613.98,4614.36,285
2026-01-12 18:20:00,4614.8,4614.96,4612.74,4613.65,320
2026-01-12 18:21:00,4613.69,4615.26,4611.81,4612.03,344
2026-01-12 18:22:00,4611.84,4614.71,4610.47,4614.71,351
2026-01-12 18:23:00,4614.76,4618.17,4614.61,4617.69,301
2026-01-12 18:24:00,4617.68,4618.5,4617.24,4617.71,282
2026-01-12 18:25:00,4618.0,4619.97,4617.67,4619.67,303
2026-01-12 18:26:00,4619.59,4622.18,4619.53,4619.74,329
2026-01-12 18:27:00,4619.87,4620.55,4616.95,4618.63,319
2026-01-12 18:28:00,4618.64,4620.05,4617.91,4618.38,301
2026-01-12 18:29:00,4618.52,4620.68,4617.94,4619.79,258
2026-01-12 18:30:00,4619.84,4621.35,4618.91,4619.24,315
2026-01-12 18:31:00,4619.43,4619.86,4618.54,4619.08,308
2026-01-12 18:32:00,4619.23,4620.6,4618.73,4620.1,279
2026-01-12 18:33:00,4619.97,4623.08,4619.97,4622.98,319
2026-01-12 18:34:00,4623.01,4624.73,4622.45,4622.99,296
2026-01-12 18:35:00,4623.01,4625.18,4622.99,4624.31,311
2026-01-12 18:36:00,4624.37,4625.57,4623.34,4625.2,289
2026-01-12 18:37:00,4625.18,4627.44,4623.21,4624.16,312
2026-01-12 18:38:00,4624.18,4625.97,4622.7,4625.16,326
2026-01-12 18:39:00,4625.11,4626.71,4623.74,4626.63,292
2026-01-12 18:40:00,4626.62,4627.5,4622.17,4622.37,304
2026-01-12 18:41:00,4622.23,4624.3,4622.15,4623.39,309
2026-01-12 18:42:00,4623.63,4625.32,4623.46,4625.07,296
2026-01-12 18:43:00,4625.07,4626.19,4624.6,4626.03,283
2026-01-12 18:44:00,4626.09,4626.15,4623.7,4623.7,292
2026-01-12 18:45:00,4623.52,4624.44,4622.28,4624.1,288
2026-01-12 18:46:00,4624.07,4624.81,4620.04,4620.04,292
2026-01-12 18:47:00,4620.05,4621.92,4619.16,4621.58,311
2026-01-12 18:48:00,4621.64,4622.35,4620.61,4620.79,305
2026-01-12 18:49:00,4620.96,4623.05,4620.96,4622.1,302
2026-01-12 18:50:00,4621.91,4622.13,4619.32,4619.8,305
2026-01-12 18:51:00,4619.64,4622.78,4619.6,4622.29,266
2026-01-12 18:52:00,4622.31,4622.56,4620.97,4621.64,262
2026-01-12 18:53:00,4621.75,4621.91,4620.15,4620.72,262
2026-01-12 18:54:00,4620.83,4621.88,4619.77,4621.2,243
2026-01-12 18:55:00,4620.97,4621.1,4618.07,4619.52,315
2026-01-12 18:56:00,4619.56,4622.42,4619.56,4620.28,308
2026-01-12 18:57:00,4620.18,4622.31,4619.73,4621.3,302
2026-01-12 18:58:00,4621.4,4622.73,4620.74,4621.55,281
2026-01-12 18:59:00,4621.44,4622.61,4621.17,4621.34,303
2026-01-12 19:00:00,4621.33,4622.99,4620.99,4622.64,275
2026-01-12 19:01:00,4622.56,4623.01,4620.53,4620.74,274
2026-01-12 19:02:00,4620.69,4620.83,4617.63,4618.31,287
2026-01-12 19:03:00,4618.32,4619.89,4617.51,4619.84,283
2026-01-12 19:04:00,4620.05,4623.86,4619.49,4623.65,260
2026-01-12 19:05:00,4623.67,4624.08,4622.67,4623.34,292
2026-01-12 19:06:00,4623.35,4624.72,4623.25,4624.53,269
2026-01-12 19:07:00,4624.39,4624.75,4623.03,4624.55,280
2026-01-12 19:08:00,4624.51,4624.78,4622.9,4624.01,268
2026-01-12 19:09:00,4624.1,4624.86,4623.96,4624.71,210
2026-01-12 19:10:00,4624.73,4625.08,4624.36,4624.7,240
2026-01-12 19:11:00,4624.66,4624.91,4623.94,4624.18,216
2026-01-12 19:12:00,4624.11,4624.98,4622.58,4624.6,280
2026-01-12 19:13:00,4624.57,4628.53,4624.39,4628.38,281
2026-01-12 19:14:00,4628.36,4629.62,4627.98,4629.08,316
2026-01-12 19:15:00,4629.04,4629.35,4626.75,4628.27,309
2026-01-12 19:16:00,4628.29,4629.87,4628.29,4629.56,277
2026-01-12 19:17:00,4629.42,4629.97,4629.1,4629.86,267
2026-01-12 19:18:00,4629.84,4630.17,4627.25,4627.51,296
2026-01-12 19:19:00,4627.48,4628.41,4626.86,4628.21,310
2026-01-12 19:20:00,4628.19,4629.78,4628.07,4629.53,284
2026-01-12 19:21:00,4629.58,4629.62,4627.16,4627.31,288
2026-01-12 19:22:00,4627.31,4628.74,4627.27,4627.89,286
2026-01-12 19:23:00,4627.91,4627.95,4624.71,4625.14,239
2026-01-12 19:24:00,4625.04,4625.05,4622.31,4624.34,283
2026-01-12 19:25:00,4624.37,4624.63,4622.36,4622.43,273
2026-01-12 19:26:00,4622.44,4622.44,4619.78,4621.49,257
2026-01-12 19:27:00,4621.38,4623.07,4620.72,4621.58,232
2026-01-12 19:28:00,4621.65,4622.45,4621.28,4621.36,244
2026-01-12 19:29:00,4621.41,4621.61,4619.81,4620.05,227
2026-01-12 19:30:00,4620.01,4622.03,4619.99,4620.97,253
2026-01-12 19:31:00,4620.87,4622.49,4620.52,4622.19,272
2026-01-12 19:32:00,4622.21,4622.33,4620.81,4621.16,252
2026-01-12 19:33:00,4621.24,4622.84,4619.45,4622.75,244
2026-01-12 19:34:00,4622.82,4622.95,4621.34,4621.39,286
2026-01-12 19:35:00,4621.48,4623.0,4619.84,4619.92,270
2026-01-12 19:36:00,4619.91,4620.57,4616.39,4616.64,297
2026-01-12 19:37:00,4616.6,4616.89,4615.0,4615.68,286
2026-01-12 19:38:00,4615.71,4615.84,4613.42,4614.7,307
2026-01-12 19:39:00,4614.66,4615.54,4613.18,4613.18,267
2026-01-12 19:40:00,4613.21,4613.69,4608.01,4608.42,333
2026-01-12 19:41:00,4608.1,4612.18,4607.91,4611.61,334
2026-01-12 19:42:00,4611.57,4612.99,4610.77,4611.19,311
2026-01-12 19:43:00,4611.12,4611.99,4610.59,4611.36,296
2026-01-12 19:44:00,4611.33,4613.58,4610.94,4611.99,304
2026-01-12 19:45:00,4612.28,4615.29,4612.0,4615.15,311
2026-01-12 19:46:00,4615.25,4615.98,4614.23,4614.4,245
2026-01-12 19:47:00,4614.2,4617.1,4614.2,4615.23,272
2026-01-12 19:48:00,4615.21,4617.09,4614.97,4616.44,301
2026-01-12 19:49:00,4616.41,4616.63,4615.22,4615.84,236
2026-01-12 19:50:00,4615.78,4618.4,4615.78,4616.16,284
2026-01-12 19:51:00,4616.2,4617.51,4615.8,4616.86,281
2026-01-12 19:52:00,4616.82,4617.3,4616.28,4616.62,206
2026-01-12 19:53:00,4616.58,4618.28,4616.49,4618.05,224
2026-01-12 19:54:00,4618.13,4618.32,4616.95,4616.98,200
2026-01-12 19:55:00,4616.99,4617.01,4615.35,4616.38,216
2026-01-12 19:56:00,4616.34,4616.97,4615.47,4615.68,204
2026-01-12 19:57:00,4615.69,4616.55,4615.56,4615.93,212
2026-01-12 19:58:00,4615.46,4617.56,4614.8,4617.23,233
2026-01-12 19:59:00,4617.36,4617.36,4615.66,4616.92,230
2026-01-12 20:00:00,4616.87,4617.88,4615.78,4617.86,230
2026-01-12 20:01:00,4617.97,4618.0,4616.22,4617.54,248
2026-01-12 20:02:00,4617.56,4618.21,4617.13,4617.96,224
2026-01-12 20:03:00,4617.93,4618.42,4616.1,4618.22,228
2026-01-12 20:04:00,4618.18,4618.36,4615.86,4615.86,210
2026-01-12 20:05:00,4616.11,4616.83,4615.47,4616.11,236
2026-01-12 20:06:00,4616.21,4617.47,4616.04,4616.04,174
2026-01-12 20:07:00,4616.09,4616.94,4615.39,4616.21,244
2026-01-12 20:08:00,4616.23,4616.46,4614.43,4614.99,263
2026-01-12 20:09:00,4615.11,4615.54,4613.61,4614.16,215
2026-01-12 20:10:00,4614.06,4616.94,4614.02,4615.66,232
2026-01-12 20:11:00,4615.57,4616.05,4614.35,4615.1,264
2026-01-12 20:12:00,4615.08,4616.19,4614.17,4615.94,222
2026-01-12 20:13:00,4615.92,4616.68,4615.38,4616.07,240
2026-01-12 20:14:00,4616.19,4616.77,4615.35,4615.46,211
2026-01-12 20:15:00,4615.51,4616.78,4615.3,4615.69,155
2026-01-12 20:16:00,4615.59,4616.3,4615.56,4616.3,154
2026-01-12 20:17:00,4616.45,4617.28,4616.14,4617.25,156
2026-01-12 20:18:00,4617.15,4618.44,4615.7,4615.89,231
2026-01-12 20:19:00,4615.86,4616.82,4615.71,4615.71,226
2026-01-12 20:20:00,4615.75,4616.45,4613.95,4614.26,248
2026-01-12 20:21:00,4614.2,4614.73,4612.15,4614.38,266
2026-01-12 20:22:00,4614.14,4616.03,4612.5,4616.03,280
2026-01-12 20:23:00,4616.05,4617.67,4615.67,4616.82,292
2026-01-12 20:24:00,4616.93,4616.93,4615.38,4616.33,244
2026-01-12 20:25:00,4616.22,4617.76,4616.06,4617.43,258
2026-01-12 20:26:00,4617.4,4617.41,4615.47,4616.02,243
2026-01-12 20:27:00,4616.02,4616.6,4615.55,4616.1,225
2026-01-12 20:28:00,4616.09,4617.1,4615.9,4616.81,218
2026-01-12 20:29:00,4616.78,4616.87,4615.49,4616.35,228
2026-01-12 20:30:00,4616.36,4616.4,4614.74,4615.89,251
2026-01-12 20:31:00,4615.78,4616.93,4615.64,4616.29,224
2026-01-12 20:32:00,4616.25,4616.77,4615.56,4616.28,220
2026-01-12 20:33:00,4616.26,4616.33,4614.86,4615.29,227
2026-01-12 20:34:00,4615.27,4615.68,4613.09,4613.27,258
2026-01-12 20:35:00,4613.26,4614.11,4610.67,4611.46,313
2026-01-12 20:36:00,4611.42,4613.37,4610.76,4611.93,298
2026-01-12 20:37:00,4611.78,4613.63,4611.66,4613.38,258
2026-01-12 20:38:00,4613.34,4614.66,4612.86,4614.17,226
2026-01-12 20:39:00,4614.74,4615.46,4613.12,4613.45,162
2026-01-12 20:40:00,4613.56,4613.84,4612.12,4612.49,236
2026-01-12 20:41:00,4612.6,4613.14,4611.9,4612.18,269
2026-01-12 20:42:00,4612.19,4614.82,4612.19,4613.94,258
2026-01-12 20:43:00,4613.95,4614.25,4612.99,4613.9,220
2026-01-12 20:44:00,4613.94,4613.94,4612.3,4613.2,244
2026-01-12 20:45:00,4613.24,4614.55,4613.24,4614.54,234
2026-01-12 20:46:00,4614.59,4616.91,4614.59,4616.66,214
2026-01-12 20:47:00,4616.59,4617.45,4616.56,4617.23,238
2026-01-12 20:48:00,4617.17,4618.54,4617.17,4617.87,223
2026-01-12 20:49:00,4617.89,4618.58,4616.76,4617.42,244
2026-01-12 20:50:00,4617.43,4617.92,4616.87,4617.31,241
2026-01-12 20:51:00,4617.27,4618.48,4616.74,4618.48,224
2026-01-12 20:52:00,4618.49,4620.46,4617.18,4617.89,288
2026-01-12 20:53:00,4618.06,4618.49,4617.4,4618.07,270
2026-01-12 20:54:00,4618.08,4618.99,4617.24,4617.39,246
2026-01-12 20:55:00,4617.28,4620.03,4617.25,4619.17,294
2026-01-12 20:56:00,4619.02,4620.16,4617.35,4617.92,274
2026-01-12 20:57:00,4617.91,4619.1,4617.17,4617.85,266
2026-01-12 20:58:00,4617.83,4618.47,4616.9,4616.92,214
2026-01-12 20:59:00,4617.02,4617.65,4616.2,4616.38,212
2026-01-12 21:00:00,4615.96,4618.0,4615.45,4616.31,260
2026-01-12 21:01:00,4616.46,4617.77,4616.46,4617.77,236
2026-01-12 21:02:00,4617.95,4618.48,4615.21,4616.43,276
2026-01-12 21:03:00,4616.42,4616.67,4615.44,4615.79,225
2026-01-12 21:04:00,4615.93,4616.39,4615.13,4615.45,246
2026-01-12 21:05:00,4615.2,4617.05,4614.72,4616.85,261
2026-01-12 21:06:00,4616.85,4617.33,4615.04,4615.29,272
2026-01-12 21:07:00,4615.2,4615.82,4615.0,4615.06,225
2026-01-12 21:08:00,4615.02,4615.59,4613.68,4614.89,295
2026-01-12 21:09:00,4614.76,4615.33,4614.19,4614.9,243
2026-01-12 21:10:00,4614.95,4615.8,4614.35,4614.7,222
2026-01-12 21:11:00,4614.63,4614.84,4612.91,4612.97,251
2026-01-12 21:12:00,4612.96,4614.01,4612.41,4612.71,219
2026-01-12 21:13:00,4612.66,4612.79,4609.96,4609.97,274
2026-01-12 21:14:00,4609.9,4610.96,4608.5,4608.5,273
2026-01-12 21:15:00,4607.75,4608.45,4606.94,4607.46,286
2026-01-12 21:16:00,4607.44,4607.44,4603.52,4603.94,313
2026-01-12 21:17:00,4603.76,4605.5,4603.05,4604.45,304
2026-01-12 21:18:00,4604.26,4604.26,4602.22,4603.56,312
2026-01-12 21:19:00,4603.62,4604.85,4601.91,4602.75,308
2026-01-12 21:20:00,4602.97,4604.92,4601.85,4604.62,299
2026-01-12 21:21:00,4604.4,4606.7,4603.6,4606.18,311
2026-01-12 21:22:00,4606.37,4607.89,4606.17,4607.2,271
2026-01-12 21:23:00,4607.13,4607.37,4604.23,4605.03,317
2026-01-12 21:24:00,4604.47,4606.07,4602.76,4604.96,326
2026-01-12 21:25:00,4604.86,4605.84,4602.76,4603.35,300
2026-01-12 21:26:00,4603.37,4603.37,4600.68,4601.62,326
2026-01-12 21:27:00,4601.45,4604.77,4601.33,4603.39,304
2026-01-12 21:28:00,4603.35,4604.43,4602.97,4604.43,274
2026-01-12 21:29:00,4604.63,4605.79,4603.73,4605.68,338
2026-01-12 21:30:00,4605.7,4606.82,4604.46,4604.61,271
2026-01-12 21:31:00,4604.54,4604.97,4603.13,4604.43,246
2026-01-12 21:32:00,4604.41,4606.04,4604.39,4605.8,234
2026-01-12 21:33:00,4605.79,4608.97,4605.79,4608.77,232
2026-01-12 21:34:00,4608.75,4610.86,4608.65,4610.14,276
2026-01-12 21:35:00,4610.06,4610.06,4607.33,4607.98,283
2026-01-12 21:36:00,4607.96,4609.13,4607.32,4608.62,219
2026-01-12 21:37:00,4608.55,4609.81,4607.95,4609.72,165
2026-01-12 21:38:00,4609.73,4610.36,4609.6,4609.98,182
2026-01-12 21:39:00,4609.93,4610.26,4609.41,4610.13,182
2026-01-12 21:40:00,4610.11,4610.73,4609.9,4610.17,188
2026-01-12 21:41:00,4610.34,4610.41,4608.68,4609.03,174
2026-01-12 21:42:00,4609.04,4609.5,4608.83,4609.39,230
2026-01-12 21:43:00,4609.4,4609.45,4608.62,4608.96,184
2026-01-12 21:44:00,4608.81,4608.83,4605.28,4605.94,252
2026-01-12 21:45:00,4606.03,4608.7,4605.79,4608.7,234
2026-01-12 21:46:00,4608.67,4609.74,4608.3,4609.25,186
2026-01-12 21:47:00,4609.24,4609.25,4606.13,4606.13,174
2026-01-12 21:48:00,4606.04,4607.38,4605.91,4607.36,168
2026-01-12 21:49:00,4607.35,4607.51,4606.58,4606.6,152
2026-01-12 21:50:00,4606.59,4606.8,4605.08,4605.52,188
2026-01-12 21:51:00,4605.48,4606.15,4603.69,4606.09,226
2026-01-12 21:52:00,4606.12,4606.12,4605.23,4605.44,218
2026-01-12 21:53:00,4605.42,4606.87,4605.24,4606.44,171
2026-01-12 21:54:00,4606.59,4607.04,4605.81,4606.97,165
2026-01-12 21:55:00,4606.92,4609.23,4606.79,4608.72,154
2026-01-12 21:56:00,4608.62,4608.67,4607.73,4608.19,129
2026-01-12 21:57:00,4608.14,4609.41,4607.74,4609.25,111
2026-01-12 21:58:00,4609.3,4610.12,4609.3,4609.94,121
2026-01-12 21:59:00,4609.89,4611.19,4609.67,4610.86,204
2026-01-12 22:00:00,4610.87,4611.29,4610.28,4610.44,193
2026-01-12 22:01:00,4610.14,4610.74,4609.27,4609.66,175
2026-01-12 22:02:00,4609.86,4610.23,4609.55,4609.63,201
2026-01-12 22:03:00,4609.52,4610.16,4609.0,4609.8,189
2026-01-12 22:04:00,4609.79,4609.79,4609.09,4609.09,190
2026-01-12 22:05:00,4609.09,4610.67,4608.76,4610.62,177
2026-01-12 22:06:00,4610.74,4611.08,4609.56,4610.22,199
2026-01-12 22:07:00,4610.54,4611.38,4610.48,4610.75,147
2026-01-12 22:08:00,4610.78,4611.41,4610.58,4611.4,153
2026-01-12 22:09:00,4611.41,4612.37,4611.41,4612.18,156
2026-01-12 22:10:00,4612.08,4613.52,4612.08,4613.1,190
2026-01-12 22:11:00,4613.61,4614.34,4613.42,4614.34,163
2026-01-12 22:12:00,4614.36,4614.75,4613.36,4613.64,155
2026-01-12 22:13:00,4613.62,4614.07,4612.52,4613.32,235
2026-01-12 22:14:00,4613.33,4614.1,4613.29,4613.78,238
2026-01-12 22:15:00,4613.84,4614.37,4613.36,4613.37,233
2026-01-12 22:16:00,4613.68,4615.01,4613.52,4614.96,221
2026-01-12 22:17:00,4614.88,4614.92,4614.18,4614.78,179
2026-01-12 22:18:00,4614.78,4615.03,4614.25,4614.43,161
2026-01-12 22:19:00,4614.4,4614.79,4614.05,4614.55,126
2026-01-12 22:20:00,4614.4,4614.52,4613.18,4613.86,190
2026-01-12 22:21:00,4613.83,4614.04,4612.89,4613.12,221
2026-01-12 22:22:00,4613.16,4614.81,4612.74,4614.58,212
2026-01-12 22:23:00,4614.62,4614.62,4613.04,4613.15,236
2026-01-12 22:24:00,4613.24,4614.87,4612.89,4614.75,232
2026-01-12 22:25:00,4614.69,4614.69,4613.62,4614.36,230
2026-01-12 22:26:00,4614.55,4615.98,4614.41,4614.8,256
2026-01-12 22:27:00,4614.82,4615.23,4613.96,4614.17,223
2026-01-12 22:28:00,4614.09,4615.96,4614.07,4615.56,240
2026-01-12 22:29:00,4615.61,4617.23,4615.32,4616.78,263
2026-01-12 22:30:00,4616.95,4617.98,4616.91,4617.53,280
2026-01-12 22:31:00,4617.49,4618.89,4617.45,4618.62,243
2026-01-12 22:32:00,4618.56,4618.61,4616.71,4616.73,196
2026-01-12 22:33:00,4616.78,4616.95,4616.14,4616.73,218
2026-01-12 22:34:00,4616.8,4616.85,4615.96,4616.14,193
2026-01-12 22:35:00,4616.19,4617.28,4616.19,4616.8,214
2026-01-12 22:36:00,4616.87,4616.87,4615.87,4616.02,211
2026-01-12 22:37:00,4616.15,4616.15,4615.32,4615.84,214
2026-01-12 22:38:00,4615.82,4616.46,4615.81,4616.18,163
2026-01-12 22:39:00,4616.17,4616.38,4615.79,4616.34,188
2026-01-12 22:40:00,4616.33,4616.92,4616.33,4616.68,166
2026-01-12 22:41:00,4616.67,4617.02,4616.58,4616.95,118
2026-01-12 22:42:00,4616.94,4616.98,4614.29,4615.14,196
2026-01-12 22:43:00,4615.13,4616.36,4615.13,4616.36,202
2026-01-12 22:44:00,4616.35,4616.93,4615.94,4616.33,144
2026-01-12 22:45:00,4616.3,4616.86,4614.73,4615.17,250
2026-01-12 22:46:00,4615.2,4615.82,4614.82,4615.48,208
2026-01-12 22:47:00,4615.5,4615.5,4614.04,4614.61,179
2026-01-12 22:48:00,4614.6,4614.66,4613.52,4614.65,185
2026-01-12 22:49:00,4614.76,4614.76,4613.02,4613.1,179
2026-01-12 22:50:00,4613.12,4613.47,4611.76,4611.76,221
2026-01-12 22:51:00,4611.7,4611.9,4610.84,4611.55,253
2026-01-12 22:52:00,4611.54,4613.88,4611.45,4613.75,251
2026-01-12 22:53:00,4613.77,4614.24,4613.06,4613.36,266
2026-01-12 22:54:00,4613.35,4613.35,4612.74,4612.88,201
2026-01-12 22:55:00,4612.85,4612.88,4610.62,4610.88,201
2026-01-12 22:56:00,4611.06,4611.26,4609.3,4610.17,225
2026-01-12 22:57:00,4609.98,4610.63,4609.24,4609.95,226
2026-01-12 22:58:00,4610.02,4611.07,4609.47,4610.81,192
2026-01-12 22:59:00,4610.79,4611.6,4610.52,4611.09,220
2026-01-12 23:00:00,4611.15,4611.64,4609.23,4609.23,200
2026-01-12 23:01:00,4609.14,4609.85,4607.57,4607.76,248
2026-01-12 23:02:00,4607.72,4607.72,4606.45,4606.52,272
2026-01-12 23:03:00,4606.51,4606.72,4604.9,4606.11,283
2026-01-12 23:04:00,4606.08,4606.22,4603.51,4604.06,248
2026-01-12 23:05:00,4603.94,4605.12,4603.94,4604.9,242
2026-01-12 23:06:00,4604.89,4605.03,4602.03,4602.34,231
2026-01-12 23:07:00,4602.63,4603.78,4602.05,4603.26,288
2026-01-12 23:08:00,4603.3,4604.44,4601.22,4602.18,227
2026-01-12 23:09:00,4602.15,4602.15,4600.17,4600.48,284
2026-01-12 23:10:00,4600.39,4601.79,4600.31,4601.48,231
2026-01-12 23:11:00,4601.54,4603.71,4601.08,4603.71,246
2026-01-12 23:12:00,4603.74,4604.14,4601.82,4603.04,252
2026-01-12 23:13:00,4602.98,4602.98,4600.83,4601.23,283
2026-01-12 23:14:00,4601.21,4602.84,4600.67,4602.71,272
2026-01-12 23:15:00,4602.82,4604.1,4602.12,4602.32,283
2026-01-12 23:16:00,4602.33,4602.68,4599.74,4602.68,292
2026-01-12 23:17:00,4602.81,4604.31,4601.75,4601.94,262
2026-01-12 23:18:00,4601.96,4602.67,4601.45,4602.61,264
2026-01-12 23:19:00,4603.32,4603.59,4600.34,4601.55,310
2026-01-12 23:20:00,4601.59,4602.81,4600.03,4602.55,322
2026-01-12 23:21:00,4602.52,4602.52,4600.43,4601.45,301
2026-01-12 23:22:00,4601.44,4601.71,4600.38,4601.11,254
2026-01-12 23:23:00,4600.98,4602.13,4600.89,4600.96,234
2026-01-12 23:24:00,4600.9,4602.52,4600.89,4602.49,222
2026-01-12 23:25:00,4602.48,4603.49,4601.71,4602.96,180
2026-01-12 23:26:00,4602.97,4603.81,4602.58,4603.45,193
2026-01-12 23:27:00,4603.19,4604.16,4602.63,4602.73,216
2026-01-12 23:28:00,4602.69,4603.62,4602.21,4602.4,247
2026-01-12 23:29:00,4602.38,4602.85,4602.22,4602.43,197
2026-01-12 23:30:00,4602.54,4603.69,4601.22,4603.5,271
2026-01-12 23:31:00,4603.52,4604.42,4603.23,4603.81,216
2026-01-12 23:32:00,4603.74,4604.6,4603.37,4603.68,258
2026-01-12 23:33:00,4603.77,4604.36,4603.13,4604.28,212
2026-01-12 23:34:00,4604.25,4604.25,4602.72,4602.72,208
2026-01-12 23:35:00,4602.71,4602.75,4601.35,4602.52,202
2026-01-12 23:36:00,4602.53,4603.02,4601.9,4603.0,158
2026-01-12 23:37:00,4603.01,4603.76,4602.94,4603.59,228
2026-01-12 23:38:00,4603.55,4604.34,4603.5,4604.3,130
2026-01-12 23:39:00,4604.31,4604.78,4601.7,4602.03,224
2026-01-12 23:40:00,4601.87,4602.84,4601.24,4601.25,250
2026-01-12 23:41:00,4601.19,4602.0,4599.9,4600.26,238
2026-01-12 23:42:00,4600.22,4600.22,4595.74,4596.57,259
2026-01-12 23:43:00,4596.37,4597.29,4594.61,4594.61,279
2026-01-12 23:44:00,4594.59,4594.85,4592.45,4592.62,285
2026-01-12 23:45:00,4593.09,4594.52,4592.57,4593.97,288
2026-01-12 23:46:00,4593.93,4593.93,4591.88,4592.48,257
2026-01-12 23:47:00,4592.58,4594.74,4592.06,4594.47,262
2026-01-12 23:48:00,4594.48,4594.61,4593.59,4594.33,246
2026-01-12 23:49:00,4594.51,4594.67,4593.17,4593.17,252
2026-01-12 23:50:00,4592.99,4594.7,4592.99,4594.25,264
2026-01-12 23:51:00,4594.23,4596.67,4593.97,4596.64,248
2026-01-12 23:52:00,4596.6,4596.67,4595.49,4596.47,252
2026-01-12 23:53:00,4596.43,4596.68,4595.64,4596.65,235
2026-01-12 23:54:00,4596.7,4598.64,4596.61,4598.13,258
2026-01-12 23:55:00,4597.78,4597.78,4595.19,4596.61,283
2026-01-12 23:56:00,4596.62,4598.5,4596.59,4597.9,290
2026-01-12 23:57:00,4597.89,4598.94,4597.61,4598.92,246
2026-01-12 23:58:00,4599.04,4599.25,4595.1,4595.12,321
2026-01-12 23:59:00,4594.88,4594.88,4591.51,4593.5,331
2026-01-13 00:00:00,4593.59,4595.66,4593.2,4593.54,172
2026-01-13 00:01:00,4593.59,4594.52,4592.69,4593.17,167
2026-01-13 00:02:00,4593.26,4593.53,4591.52,4591.61,192
2026-01-13 00:03:00,4591.63,4592.87,4591.28,4592.37,210
2026-01-13 00:04:00,4592.37,4592.69,4591.56,4592.18,151
2026-01-13 00:05:00,4592.19,4594.02,4592.03,4593.47,128
2026-01-13 00:06:00,4593.49,4594.4,4592.99,4594.39,135
2026-01-13 00:07:00,4594.43,4596.54,4594.43,4596.42,167
2026-01-13 00:08:00,4596.4,4596.92,4595.46,4596.19,112
2026-01-13 00:09:00,4596.29,4596.42,4595.25,4595.91,131
2026-01-13 00:10:00,4595.98,4596.05,4593.19,4594.25,209
2026-01-13 00:11:00,4594.43,4595.07,4592.02,4592.17,189
2026-01-13 00:12:00,4592.19,4593.11,4591.8,4592.85,198
2026-01-13 00:13:00,4592.93,4593.01,4592.39,4592.74,127
2026-01-13 00:14:00,4592.78,4593.14,4592.64,4592.78,126
2026-01-13 00:15:00,4592.73,4593.96,4592.7,4593.32,124
2026-01-13 00:16:00,4593.35,4593.35,4591.88,4592.55,109
2026-01-13 00:17:00,4592.71,4593.09,4591.77,4591.87,146
2026-01-13 00:18:00,4591.82,4592.8,4591.65,4591.94,181
2026-01-13 00:19:00,4591.92,4593.15,4591.1,4592.92,177
2026-01-13 00:20:00,4593.06,4593.68,4593.06,4593.44,83
2026-01-13 00:21:00,4593.6,4594.28,4593.6,4593.77,158
2026-01-13 00:22:00,4593.89,4593.91,4592.78,4592.86,124
2026-01-13 00:23:00,4592.96,4593.24,4592.77,4593.15,94
2026-01-13 00:24:00,4593.1,4593.8,4592.85,4593.54,76
2026-01-13 00:25:00,4593.46,4593.88,4593.14,4593.57,116
2026-01-13 00:26:00,4593.25,4593.82,4593.14,4593.37,80
2026-01-13 00:27:00,4593.43,4593.67,4593.36,4593.47,70
2026-01-13 00:28:00,4593.67,4594.07,4593.55,4593.81,84
2026-01-13 00:29:00,4593.91,4593.92,4593.34,4593.78,98
2026-01-13 00:30:00,4593.87,4595.17,4593.74,4594.95,116
2026-01-13 00:31:00,4594.99,4595.0,4594.48,4594.6,84
2026-01-13 00:32:00,4594.62,4594.72,4594.36,4594.64,126
2026-01-13 00:33:00,4594.74,4594.74,4594.08,4594.2,80
2026-01-13 00:34:00,4594.19,4594.52,4594.11,4594.29,56
2026-01-13 00:35:00,4594.25,4594.3,4593.34,4594.0,96
2026-01-13 00:36:00,4594.1,4594.21,4593.59,4593.89,86
2026-01-13 00:37:00,4593.84,4593.86,4592.8,4592.8,77
2026-01-13 00:38:00,4592.81,4593.79,4592.43,4593.69,85
2026-01-13 00:39:00,4593.5,4593.65,4592.96,4593.02,50
2026-01-13 00:40:00,4593.0,4593.04,4591.49,4591.56,96
2026-01-13 00:41:00,4591.53,4592.17,4591.49,4591.68,90
2026-01-13 00:42:00,4591.67,4591.88,4591.45,4591.54,52
2026-01-13 00:43:00,4591.4,4592.13,4590.93,4591.08,112
2026-01-13 00:44:00,4591.3,4591.84,4590.07,4590.4,98
2026-01-13 00:45:00,4590.49,4591.22,4590.46,4591.21,110
2026-01-13 00:46:00,4591.27,4591.77,4590.18,4590.88,156
2026-01-13 00:47:00,4590.81,4591.51,4589.28,4591.03,205
2026-01-13 00:48:00,4591.05,4591.41,4590.53,4591.26,132
2026-01-13 00:49:00,4591.24,4593.83,4591.12,4593.82,137
2026-01-13 00:50:00,4593.6,4594.15,4593.13,4593.13,117
2026-01-13 00:51:00,4593.03,4593.59,4592.23,4592.28,99
2026-01-13 00:52:00,4592.18,4592.84,4591.91,4592.84,109
2026-01-13 00:53:00,4592.65,4592.91,4592.45,4592.91,84
2026-01-13 00:54:00,4593.02,4593.23,4592.28,4592.28,96
2026-01-13 00:55:00,4592.52,4594.67,4592.41,4594.17,122
2026-01-13 00:56:00,4594.14,4595.49,4593.95,4595.36,148
2026-01-13 00:57:00,4595.14,4597.07,4595.14,4596.87,171
2026-01-13 00:58:00,4596.77,4597.62,4596.48,4597.44,163
2026-01-13 02:01:00,4607.13,4607.36,4599.8,4602.59,236
2026-01-13 02:02:00,4602.57,4603.65,4601.66,4603.29,145
2026-01-13 02:03:00,4603.07,4603.07,4598.74,4599.41,177
2026-01-13 02:04:00,4599.39,4599.82,4596.77,4596.77,152
2026-01-13 02:05:00,4596.78,4597.42,4593.36,4594.23,166
2026-01-13 02:06:00,4594.38,4594.38,4592.44,4592.65,182
2026-01-13 02:07:00,4592.71,4593.69,4592.54,4592.74,89
2026-01-13 02:08:00,4592.65,4593.74,4592.04,4593.64,108
2026-01-13 02:09:00,4593.64,4594.23,4592.97,4593.83,127
2026-01-13 02:10:00,4593.72,4593.9,4590.65,4590.81,193
2026-01-13 02:11:00,4590.82,4591.69,4586.7,4587.08,235
2026-01-13 02:12:00,4586.93,4587.14,4578.01,4580.45,304
2026-01-13 02:13:00,4580.83,4583.16,4579.9,4583.11,265
2026-01-13 02:14:00,4583.16,4584.9,4579.2,4579.2,268
2026-01-13 02:15:00,4578.63,4582.67,4578.42,4581.56,308
2026-01-13 02:16:00,4581.82,4587.47,4581.18,4585.98,280
2026-01-13 02:17:00,4586.32,4586.86,4584.67,4586.18,256
2026-01-13 02:18:00,4586.13,4586.8,4584.13,4584.22,208
2026-01-13 02:19:00,4584.5,4585.06,4583.76,4583.76,194
2026-01-13 02:20:00,4583.77,4585.88,4583.54,4585.86,216
2026-01-13 02:21:00,4585.81,4585.93,4583.12,4583.43,294
2026-01-13 02:22:00,4583.42,4586.55,4582.65,4586.55,278
2026-01-13 02:23:00,4586.53,4587.24,4584.62,4586.98,229
2026-01-13 02:24:00,4586.57,4588.27,4586.46,4587.85,201
2026-01-13 02:25:00,4587.85,4588.33,4587.43,4587.85,193
2026-01-13 02:26:00,4587.74,4588.75,4586.55,4588.24,188
2026-01-13 02:27:00,4588.23,4588.24,4587.48,4587.88,208
2026-01-13 02:28:00,4587.77,4588.16,4584.55,4584.6,212
2026-01-13 02:29:00,4584.37,4585.57,4584.35,4584.52,205
2026-01-13 02:30:00,4585.22,4586.38,4584.15,4586.38,202
2026-01-13 02:31:00,4586.19,4586.83,4585.16,4585.16,209
2026-01-13 02:32:00,4585.27,4585.54,4584.24,4584.52,201
2026-01-13 02:33:00,4584.46,4587.6,4584.39,4587.56,193
2026-01-13 02:34:00,4587.49,4590.07,4587.44,4590.04,227
2026-01-13 02:35:00,4590.02,4590.09,4588.15,4588.25,237
2026-01-13 02:36:00,4588.23,4588.23,4585.75,4587.81,255
2026-01-13 02:37:00,4587.7,4589.05,4586.5,4588.01,232
2026-01-13 02:38:00,4587.96,4588.13,4586.87,4587.08,214
2026-01-13 02:39:00,4587.07,4587.74,4586.47,4587.28,187
2026-01-13 02:40:00,4587.32,4589.79,4587.11,4588.91,221
2026-01-13 02:41:00,4588.97,4588.97,4587.65,4588.43,168
2026-01-13 02:42:00,4588.3,4588.5,4587.3,4587.62,133
2026-01-13 02:43:00,4587.51,4587.51,4586.08,4586.53,146
2026-01-13 02:44:00,4586.46,4586.88,4585.96,4586.0,148
2026-01-13 02:45:00,4586.17,4589.98,4586.17,4589.07,211
2026-01-13 02:46:00,4589.12,4589.32,4586.18,4587.82,178
2026-01-13 02:47:00,4587.82,4588.9,4587.78,4588.44,126
2026-01-13 02:48:00,4588.42,4589.42,4587.7,4589.09,132
2026-01-13 02:49:00,4589.08,4589.98,4588.02,4589.72,164
2026-01-13 02:50:00,4589.61,4589.66,4588.64,4589.51,154
2026-01-13 02:51:00,4589.37,4594.08,4589.37,4593.93,232
2026-01-13 02:52:00,4594.11,4594.54,4592.15,4592.91,186
2026-01-13 02:53:00,4593.36,4593.42,4591.4,4591.41,189
2026-01-13 02:54:00,4591.42,4592.3,4590.7,4591.14,180
2026-01-13 02:55:00,4590.88,4593.07,4590.88,4592.52,220
2026-01-13 02:56:00,4592.61,4595.53,4592.3,4595.53,194
2026-01-13 02:57:00,4595.52,4599.05,4594.92,4597.22,249
2026-01-13 02:58:00,4597.24,4597.24,4594.29,4595.78,206
2026-01-13 02:59:00,4595.9,4599.45,4595.9,4598.99,225
2026-01-13 03:00:00,4599.3,4599.41,4597.52,4598.64,221
2026-01-13 03:01:00,4598.65,4599.15,4596.42,4599.11,228
2026-01-13 03:02:00,4598.93,4598.93,4597.29,4598.02,197
2026-01-13 03:03:00,4597.45,4597.76,4596.3,4596.39,206
2026-01-13 03:04:00,4596.47,4596.97,4593.76,4594.72,181
2026-01-13 03:05:00,4594.76,4596.04,4594.43,4594.61,208
2026-01-13 03:06:00,4594.62,4595.31,4593.35,4595.04,187
2026-01-13 03:07:00,4595.06,4596.45,4594.08,4594.26,212
2026-01-13 03:08:00,4594.09,4594.43,4593.2,4594.05,188
2026-01-13 03:09:00,4593.91,4593.91,4592.6,4592.76,206
2026-01-13 03:10:00,4592.88,4593.38,4592.1,4593.38,158
2026-01-13 03:11:00,4593.54,4594.44,4593.04,4594.27,156
2026-01-13 03:12:00,4594.33,4594.74,4592.8,4592.92,129
2026-01-13 03:13:00,4592.97,4594.1,4592.9,4593.21,154
2026-01-13 03:14:00,4593.26,4593.6,4592.83,4592.96,115
2026-01-13 03:15:00,4593.02,4593.7,4592.04,4593.7,128
2026-01-13 03:16:00,4593.8,4594.01,4593.34,4593.66,79
2026-01-13 03:17:00,4593.38,4595.48,4593.38,4595.43,124
2026-01-13 03:18:00,4595.48,4595.91,4594.68,4595.64,171
2026-01-13 03:19:00,4595.54,4595.54,4594.32,4594.68,115
2026-01-13 03:20:00,4594.69,4595.36,4594.31,4595.21,117
2026-01-13 03:21:00,4595.16,4595.32,4594.63,4594.73,71
2026-01-13 03:22:00,4594.68,4594.68,4591.9,4591.9,102
2026-01-13 03:23:00,4591.89,4592.02,4590.91,4591.39,137
2026-01-13 03:24:00,4591.31,4592.79,4591.07,4592.62,126
2026-01-13 03:25:00,4592.57,4592.57,4591.32,4591.32,81
2026-01-13 03:26:00,4591.47,4591.52,4591.07,4591.38,78
2026-01-13 03:27:00,4591.32,4591.59,4591.02,4591.57,83
2026-01-13 03:28:00,4591.47,4591.64,4589.79,4589.98,154
2026-01-13 03:29:00,4589.9,4590.01,4588.19,4588.34,178
2026-01-13 03:30:00,4588.29,4589.39,4587.2,4589.24,203
2026-01-13 03:31:00,4589.29,4590.74,4588.9,4590.37,176
2026-01-13 03:32:00,4590.39,4590.44,4589.0,4589.12,139
2026-01-13 03:33:00,4589.1,4589.78,4588.42,4589.02,180
2026-01-13 03:34:00,4588.93,4588.93,4587.73,4587.79,152
2026-01-13 03:35:00,4587.94,4588.52,4587.44,4587.44,137
2026-01-13 03:36:00,4587.51,4587.97,4586.48,4586.48,198
2026-01-13 03:37:00,4586.46,4587.36,4585.51,4585.64,204
2026-01-13 03:38:00,4585.64,4586.3,4584.53,4584.65,178
2026-01-13 03:39:00,4584.69,4586.16,4584.63,4585.18,208
2026-01-13 03:40:00,4585.17,4586.5,4585.17,4585.83,196
2026-01-13 03:41:00,4585.81,4586.21,4585.59,4586.12,156
2026-01-13 03:42:00,4586.07,4586.33,4585.23,4585.45,125
2026-01-13 03:43:00,4585.46,4586.27,4585.22,4586.21,147
2026-01-13 03:44:00,4586.22,4586.36,4585.97,4586.32,140
2026-01-13 03:45:00,4586.34,4588.71,4586.34,4588.19,199
2026-01-13 03:46:00,4588.16,4590.81,4588.16,4589.86,206
2026-01-13 03:47:00,4589.89,4590.09,4589.01,4589.27,152
2026-01-13 03:48:00,4589.2,4589.43,4588.19,4588.19,158
2026-01-13 03:49:00,4588.41,4588.95,4587.49,4588.91,135
2026-01-13 03:50:00,4588.92,4589.01,4587.91,4588.09,159
2026-01-13 03:51:00,4588.08,4589.88,4588.08,4589.82,157
2026-01-13 03:52:00,4589.78,4589.96,4588.84,4588.91,126
2026-01-13 03:53:00,4588.88,4590.16,4588.46,4590.15,132
2026-01-13 03:54:00,4590.17,4590.7,4589.56,4589.96,201
2026-01-13 03:55:00,4590.14,4591.24,4590.14,4591.1,203
2026-01-13 03:56:00,4591.08,4591.08,4590.21,4590.64,157
2026-01-13 03:57:00,4590.73,4592.0,4590.73,4592.0,152
2026-01-13 03:58:00,4592.01,4592.05,4591.37,4591.99,160
2026-01-13 03:59:00,4591.96,4592.08,4586.89,4587.27,258
2026-01-13 04:00:00,4587.3,4588.27,4583.75,4588.27,362
2026-01-13 04:01:00,4587.68,4589.13,4584.81,4586.35,349
2026-01-13 04:02:00,4586.52,4587.94,4582.4,4582.7,354
2026-01-13 04:03:00,4582.75,4587.02,4582.75,4585.67,337
2026-01-13 04:04:00,4585.56,4585.7,4581.6,4583.21,311
2026-01-13 04:05:00,4583.31,4585.94,4582.74,4583.88,312
2026-01-13 04:06:00,4583.96,4588.68,4583.8,4588.55,320
2026-01-13 04:07:00,4588.59,4589.56,4586.56,4586.99,350
2026-01-13 04:08:00,4586.98,4593.34,4586.78,4592.53,320
2026-01-13 04:09:00,4592.33,4592.33,4588.4,4588.5,311
2026-01-13 04:10:00,4588.43,4593.61,4588.29,4593.45,316
2026-01-13 04:11:00,4593.57,4595.41,4592.98,4595.27,289
2026-01-13 04:12:00,4595.45,4595.65,4593.76,4594.11,290
2026-01-13 04:13:00,4594.3,4595.55,4594.02,4594.4,318
2026-01-13 04:14:00,4594.35,4594.99,4591.9,4592.38,306
2026-01-13 04:15:00,4592.39,4595.54,4592.18,4594.16,288
2026-01-13 04:16:00,4594.18,4594.18,4591.13,4591.16,260
2026-01-13 04:17:00,4591.25,4591.25,4588.1,4588.38,264
2026-01-13 04:18:00,4588.29,4588.78,4584.87,4585.28,271
2026-01-13 04:19:00,4585.23,4587.71,4584.91,4586.78,265
2026-01-13 04:20:00,4586.87,4587.11,4585.16,4585.91,265
2026-01-13 04:21:00,4586.46,4589.38,4586.43,4588.59,217
2026-01-13 04:22:00,4588.81,4589.21,4587.03,4587.33,258
2026-01-13 04:23:00,4587.18,4589.22,4587.18,4588.45,198
2026-01-13 04:24:00,4588.45,4588.87,4587.3,4587.3,200
2026-01-13 04:25:00,4587.24,4587.84,4586.11,4587.46,248
2026-01-13 04:26:00,4587.87,4588.4,4584.36,4584.79,237
2026-01-13 04:27:00,4585.06,4586.05,4583.32,4583.69,237
2026-01-13 04:28:00,4584.47,4584.47,4582.29,4582.93,284
2026-01-13 04:29:00,4582.97,4583.7,4581.65,4581.75,244
2026-01-13 04:30:00,4581.99,4582.56,4579.86,4580.58,295
2026-01-13 04:31:00,4580.53,4580.54,4577.07,4577.11,268
2026-01-13 04:32:00,4577.17,4579.29,4575.67,4578.9,321
2026-01-13 04:33:00,4578.76,4578.95,4575.88,4577.35,322
2026-01-13 04:34:00,4577.18,4578.0,4576.31,4577.07,333
2026-01-13 04:35:00,4577.29,4578.8,4576.91,4578.73,295
2026-01-13 04:36:00,4578.58,4581.69,4578.58,4581.69,319
2026-01-13 04:37:00,4581.57,4582.43,4580.69,4580.75,333
2026-01-13 04:38:00,4580.73,4582.09,4580.73,4581.94,268
2026-01-13 04:39:00,4581.95,4585.04,4581.74,4584.86,260
2026-01-13 04:40:00,4585.01,4587.04,4583.42,4585.96,305
2026-01-13 04:41:00,4585.84,4587.08,4583.69,4583.87,307
2026-01-13 04:42:00,4583.91,4584.34,4581.96,4584.33,295
2026-01-13 04:43:00,4584.29,4585.01,4582.45,4583.22,299
2026-01-13 04:44:00,4583.22,4584.47,4582.9,4583.19,281
2026-01-13 04:45:00,4583.13,4585.92,4582.65,4585.17,300
2026-01-13 04:46:00,4585.24,4585.24,4581.71,4581.71,288
2026-01-13 04:47:00,4581.72,4584.3,4581.04,4584.3,273
2026-01-13 04:48:00,4584.28,4584.64,4581.29,4582.36,295
2026-01-13 04:49:00,4582.38,4583.46,4581.42,4581.75,273
2026-01-13 04:50:00,4581.74,4583.21,4581.46,4582.73,302
2026-01-13 04:51:00,4582.71,4583.38,4581.79,4581.95,254
2026-01-13 04:52:00,4582.1,4582.99,4581.27,4582.21,245
2026-01-13 04:53:00,4582.17,4583.03,4580.9,4581.3,286
2026-01-13 04:54:00,4581.38,4581.82,4579.77,4580.35,293
2026-01-13 04:55:00,4580.33,4581.7,4579.74,4580.64,277
2026-01-13 04:56:00,4580.65,4581.77,4580.18,4581.11,234
2026-01-13 04:57:00,4581.01,4582.18,4580.63,4582.17,209
2026-01-13 04:58:00,4582.16,4582.26,4578.63,4578.87,240
2026-01-13 04:59:00,4578.69,4580.26,4577.64,4577.84,294
2026-01-13 05:00:00,4577.55,4582.05,4576.71,4581.92,262
2026-01-13 05:01:00,4581.97,4582.18,4578.96,4580.38,291
2026-01-13 05:02:00,4580.37,4585.19,4580.01,4584.93,304
2026-01-13 05:03:00,4584.96,4586.24,4583.63,4584.6,297
2026-01-13 05:04:00,4584.63,4585.92,4584.63,4584.94,273
2026-01-13 05:05:00,4584.8,4587.37,4584.8,4587.21,268
2026-01-13 05:06:00,4587.24,4588.52,4586.65,4588.46,258
2026-01-13 05:07:00,4588.47,4590.58,4587.89,4590.44,304
2026-01-13 05:08:00,4590.42,4590.44,4588.84,4588.94,268
2026-01-13 05:09:00,4588.92,4588.92,4586.86,4587.95,260
2026-01-13 05:10:00,4587.93,4589.02,4587.85,4588.6,253
2026-01-13 05:11:00,4588.57,4588.6,4586.78,4587.25,274
2026-01-13 05:12:00,4587.37,4587.37,4585.82,4585.83,246
2026-01-13 05:13:00,4585.68,4587.15,4584.82,4586.84,245
2026-01-13 05:14:00,4586.83,4587.12,4585.65,4586.45,254
2026-01-13 05:15:00,4586.44,4587.07,4584.71,4584.82,232
2026-01-13 05:16:00,4584.76,4585.45,4584.05,4584.46,232
2026-01-13 05:17:00,4584.41,4586.03,4584.27,4585.75,174
2026-01-13 05:18:00,4585.67,4585.67,4584.4,4585.29,212
2026-01-13 05:19:00,4585.3,4585.51,4584.78,4585.51,184
2026-01-13 05:20:00,4585.29,4585.3,4584.32,4585.01,222
2026-01-13 05:21:00,4584.93,4585.31,4584.41,4584.82,201
2026-01-13 05:22:00,4584.6,4586.89,4584.49,4586.78,170
2026-01-13 05:23:00,4586.77,4586.77,4585.08,4585.97,180
2026-01-13 05:24:00,4586.1,4587.1,4585.95,4587.1,208
2026-01-13 05:25:00,4587.18,4587.33,4585.62,4585.7,186
2026-01-13 05:26:00,4585.7,4585.74,4584.46,4584.6,202
2026-01-13 05:27:00,4584.71,4585.34,4584.53,4584.6,191
2026-01-13 05:28:00,4584.57,4585.36,4584.4,4584.56,183
2026-01-13 05:29:00,4584.59,4584.59,4583.57,4583.77,185
2026-01-13 05:30:00,4583.05,4585.66,4582.2,4585.52,268
2026-01-13 05:31:00,4585.55,4587.83,4585.14,4587.42,262
2026-01-13 05:32:00,4587.44,4588.77,4587.34,4587.42,287
2026-01-13 05:33:00,4587.41,4589.36,4587.41,4588.02,292
2026-01-13 05:34:00,4587.91,4588.03,4586.44,4586.53,268
2026-01-13 05:35:00,4586.49,4586.84,4585.74,4586.6,264
2026-01-13 05:36:00,4586.32,4587.4,4585.69,4585.69,271
2026-01-13 05:37:00,4585.69,4587.86,4585.6,4587.7,253
2026-01-13 05:38:00,4587.62,4588.57,4587.36,4587.4,268
2026-01-13 05:39:00,4587.42,4588.56,4587.12,4588.25,242
2026-01-13 05:40:00,4588.44,4589.67,4588.44,4589.1,280
2026-01-13 05:41:00,4589.15,4590.23,4588.64,4588.83,253
2026-01-13 05:42:00,4588.79,4589.46,4586.95,4587.14,282
2026-01-13 05:43:00,4587.32,4588.01,4586.76,4587.78,288
2026-01-13 05:44:00,4587.78,4589.58,4587.68,4589.25,284
2026-01-13 05:45:00,4589.0,4592.37,4589.0,4592.21,269
2026-01-13 05:46:00,4592.13,4594.12,4591.83,4593.08,295
2026-01-13 05:47:00,4592.83,4593.45,4592.31,4592.83,278
2026-01-13 05:48:00,4592.78,4593.1,4591.42,4591.94,247
2026-01-13 05:49:00,4591.85,4592.74,4591.7,4591.91,256
2026-01-13 05:50:00,4591.99,4594.89,4591.99,4594.48,269
2026-01-13 05:51:00,4594.55,4595.04,4593.08,4593.08,235
2026-01-13 05:52:00,4592.98,4594.29,4592.68,4593.87,218
2026-01-13 05:53:00,4593.88,4594.3,4593.18,4594.26,177
2026-01-13 05:54:00,4594.25,4594.25,4593.19,4593.51,166
2026-01-13 05:55:00,4593.38,4594.62,4593.38,4594.32,200
2026-01-13 05:56:00,4594.04,4594.86,4593.6,4593.66,179
2026-01-13 05:57:00,4593.51,4593.82,4592.33,4593.39,182
2026-01-13 05:58:00,4593.38,4593.86,4592.62,4592.75,175
2026-01-13 05:59:00,4592.57,4594.53,4592.45,4594.2,215
2026-01-13 06:00:00,4594.05,4594.15,4592.77,4593.41,222
2026-01-13 06:01:00,4593.16,4595.47,4593.16,4595.24,242
2026-01-13 06:02:00,4595.31,4596.17,4594.17,4594.29,241
2026-01-13 06:03:00,4594.28,4595.5,4594.02,4595.21,213
2026-01-13 06:04:00,4595.35,4596.24,4595.12,4595.3,239
2026-01-13 06:05:00,4595.34,4596.28,4595.34,4595.5,155
2026-01-13 06:06:00,4595.6,4595.84,4594.77,4594.94,200
2026-01-13 06:07:00,4594.95,4595.59,4594.86,4595.28,190
2026-01-13 06:08:00,4595.25,4596.78,4595.25,4596.25,229
2026-01-13 06:09:00,4596.22,4596.73,4595.08,4595.29,222
2026-01-13 06:10:00,4595.34,4597.25,4595.34,4596.71,209
2026-01-13 06:11:00,4596.62,4597.66,4596.44,4597.5,150
2026-01-13 06:12:00,4597.45,4599.63,4597.32,4597.9,258
2026-01-13 06:13:00,4597.83,4598.19,4597.28,4597.71,206
2026-01-13 06:14:00,4597.64,4597.91,4597.31,4597.91,176
2026-01-13 06:15:00,4597.79,4597.86,4597.15,4597.15,168
2026-01-13 06:16:00,4597.1,4597.42,4596.42,4596.59,162
2026-01-13 06:17:00,4596.5,4597.24,4596.16,4596.77,232
2026-01-13 06:18:00,4596.88,4597.73,4596.81,4597.59,184
2026-01-13 06:19:00,4597.94,4597.98,4596.13,4596.76,167
2026-01-13 06:20:00,4596.76,4598.27,4596.76,4598.13,178
2026-01-13 06:21:00,4598.08,4598.7,4597.46,4598.14,213
2026-01-13 06:22:00,4598.09,4598.23,4597.2,4597.49,161
2026-01-13 06:23:00,4597.44,4597.63,4596.67,4596.72,179
2026-01-13 06:24:00,4596.62,4596.82,4595.81,4595.93,190
2026-01-13 06:25:00,4595.73,4596.75,4595.31,4596.01,224
2026-01-13 06:26:00,4596.02,4596.96,4595.76,4596.86,215
2026-01-13 06:27:00,4596.86,4596.96,4595.74,4596.02,184
2026-01-13 06:28:00,4595.97,4596.26,4595.24,4595.38,232
2026-01-13 06:29:00,4595.32,4596.24,4594.76,4595.67,221
2026-01-13 06:30:00,4595.5,4596.09,4595.5,4595.65,152
2026-01-13 06:31:00,4596.05,4596.05,4594.78,4595.32,141
2026-01-13 06:32:00,4595.52,4595.88,4595.23,4595.31,132
2026-01-13 06:33:00,4595.31,4595.78,4595.26,4595.36,93
2026-01-13 06:34:00,4595.31,4595.56,4594.88,4595.24,82
2026-01-13 06:35:00,4595.29,4596.54,4595.24,4596.53,123
2026-01-13 06:36:00,4596.62,4596.86,4596.17,4596.38,108
2026-01-13 06:37:00,4596.51,4596.87,4596.28,4596.78,76
2026-01-13 06:38:00,4596.77,4597.49,4596.76,4597.49,145
2026-01-13 06:39:00,4597.46,4598.02,4596.78,4597.36,202
2026-01-13 06:40:00,4597.42,4597.42,4596.41,4596.41,173
2026-01-13 06:41:00,4596.22,4596.27,4594.73,4596.16,193
2026-01-13 06:42:00,4596.01,4596.46,4595.78,4595.78,125
2026-01-13 06:43:00,4595.75,4596.2,4595.21,4595.41,78
2026-01-13 06:44:00,4595.4,4595.43,4593.48,4593.8,146
2026-01-13 06:45:00,4593.87,4595.19,4593.39,4595.08,192
2026-01-13 06:46:00,4595.12,4595.12,4593.91,4594.25,144
2026-01-13 06:47:00,4594.26,4594.26,4593.36,4593.61,143
2026-01-13 06:48:00,4593.48,4593.8,4593.08,4593.6,153
2026-01-13 06:49:00,4593.5,4594.06,4592.86,4593.48,124
2026-01-13 06:50:00,4593.53,4593.98,4592.8,4592.88,128
2026-01-13 06:51:00,4592.93,4593.07,4592.81,4593.01,69
2026-01-13 06:52:00,4592.99,4593.03,4592.56,4592.99,72
2026-01-13 06:53:00,4592.96,4593.02,4592.54,4592.86,80
2026-01-13 06:54:00,4592.76,4593.88,4592.76,4593.66,111
2026-01-13 06:55:00,4593.7,4594.28,4593.43,4594.25,154
2026-01-13 06:56:00,4594.2,4595.02,4594.2,4594.35,149
2026-01-13 06:57:00,4594.26,4594.5,4593.4,4593.98,116
2026-01-13 06:58:00,4594.01,4594.01,4593.05,4593.05,87
2026-01-13 06:59:00,4593.15,4594.38,4593.15,4594.16,114
2026-01-13 07:00:00,4594.1,4595.02,4593.94,4594.16,143
2026-01-13 07:01:00,4594.19,4596.33,4594.19,4596.21,138
2026-01-13 07:02:00,4596.16,4596.16,4595.12,4595.53,117
2026-01-13 07:03:00,4595.43,4595.92,4595.37,4595.58,117
2026-01-13 07:04:00,4595.53,4595.57,4594.49,4594.96,181
2026-01-13 07:05:00,4594.91,4596.57,4594.72,4596.26,103
2026-01-13 07:06:00,4596.11,4596.21,4595.35,4595.35,109
2026-01-13 07:07:00,4595.28,4595.71,4595.05,4595.41,94
2026-01-13 07:08:00,4595.43,4596.19,4595.16,4596.18,91
2026-01-13 07:09:00,4596.19,4596.51,4596.0,4596.06,95
2026-01-13 07:10:00,4595.96,4596.22,4595.76,4595.81,77
2026-01-13 07:11:00,4595.91,4597.02,4595.85,4596.46,111
2026-01-13 07:12:00,4596.56,4596.56,4596.08,4596.18,52
2026-01-13 07:13:00,4596.18,4597.84,4596.18,4597.8,148
2026-01-13 07:14:00,4597.77,4598.02,4597.37,4597.68,182
2026-01-13 07:15:00,4597.65,4598.63,4597.63,4598.52,170
2026-01-13 07:16:00,4598.37,4598.61,4597.3,4598.61,129
2026-01-13 07:17:00,4598.61,4598.61,4597.79,4597.96,80
2026-01-13 07:18:00,4597.92,4598.13,4597.32,4597.52,127
2026-01-13 07:19:00,4597.5,4599.16,4597.11,4598.91,198
2026-01-13 07:20:00,4598.88,4599.5,4598.49,4599.18,171
2026-01-13 07:21:00,4599.19,4599.4,4598.41,4599.14,118
2026-01-13 07:22:00,4598.96,4599.51,4598.59,4598.72,110
2026-01-13 07:23:00,4598.72,4599.29,4598.19,4598.4,136
2026-01-13 07:24:00,4598.25,4598.81,4597.76,4597.79,117
2026-01-13 07:25:00,4597.8,4598.24,4597.54,4597.85,87
2026-01-13 07:26:00,4597.91,4597.91,4596.71,4596.76,81
2026-01-13 07:27:00,4596.74,4597.23,4596.74,4596.83,87
2026-01-13 07:28:00,4597.11,4597.24,4596.55,4597.04,110
2026-01-13 07:29:00,4597.09,4598.15,4597.06,4597.36,72
2026-01-13 07:30:00,4597.24,4597.79,4596.62,4597.47,118
2026-01-13 07:31:00,4597.48,4597.56,4596.92,4597.16,114
2026-01-13 07:32:00,4597.21,4597.44,4597.08,4597.38,60
2026-01-13 07:33:00,4597.17,4597.5,4596.72,4596.82,128
2026-01-13 07:34:00,4596.87,4597.13,4595.63,4595.87,92
2026-01-13 07:35:00,4595.68,4595.85,4594.97,4595.3,117
2026-01-13 07:36:00,4595.25,4595.43,4595.07,4595.28,69
2026-01-13 07:37:00,4595.33,4596.14,4595.24,4595.72,125
2026-01-13 07:38:00,4595.71,4596.18,4595.42,4595.59,108
2026-01-13 07:39:00,4595.58,4595.91,4594.6,4595.59,97
2026-01-13 07:40:00,4595.56,4597.41,4595.56,4597.21,102
2026-01-13 07:41:00,4597.16,4597.36,4596.28,4596.5,131
2026-01-13 07:42:00,4596.35,4596.97,4596.35,4596.55,100
2026-01-13 07:43:00,4596.57,4597.44,4595.87,4597.44,125
2026-01-13 07:44:00,4597.58,4599.81,4597.51,4598.82,157
2026-01-13 07:45:00,4598.67,4598.72,4597.56,4597.61,79
2026-01-13 07:46:00,4597.66,4598.8,4597.61,4598.78,119
2026-01-13 07:47:00,4598.76,4598.89,4597.74,4598.84,112
2026-01-13 07:48:00,4598.85,4599.4,4598.53,4598.81,108
2026-01-13 07:49:00,4598.91,4599.15,4598.0,4598.48,86
2026-01-13 07:50:00,4598.05,4598.2,4596.92,4597.4,129
2026-01-13 07:51:00,4597.15,4597.19,4596.1,4596.1,106
2026-01-13 07:52:00,4596.15,4597.05,4596.11,4596.86,71
2026-01-13 07:53:00,4596.82,4597.36,4596.43,4596.69,155
2026-01-13 07:54:00,4596.74,4597.61,4596.59,4597.45,65
2026-01-13 07:55:00,4597.35,4598.02,4597.35,4597.92,48
2026-01-13 07:56:00,4597.82,4598.25,4597.78,4597.97,96
2026-01-13 07:57:00,4598.01,4598.29,4597.74,4597.97,132
2026-01-13 07:58:00,4597.92,4597.94,4597.18,4597.23,99
2026-01-13 07:59:00,4597.21,4597.22,4596.15,4596.47,79
2026-01-13 08:00:00,4596.27,4598.34,4596.27,4597.38,155
2026-01-13 08:01:00,4597.39,4597.92,4597.28,4597.82,213
2026-01-13 08:02:00,4597.92,4597.93,4596.77,4597.43,119
2026-01-13 08:03:00,4597.34,4597.63,4597.1,4597.1,116
2026-01-13 08:04:00,4597.15,4597.31,4597.07,4597.18,48
2026-01-13 08:05:00,4596.79,4597.05,4592.94,4593.56,158
2026-01-13 08:06:00,4593.65,4594.17,4591.8,4593.76,237
2026-01-13 08:07:00,4593.74,4594.42,4593.53,4594.29,94
2026-01-13 08:08:00,4594.2,4595.66,4594.2,4595.45,109
2026-01-13 08:09:00,4595.44,4595.6,4593.52,4594.18,140
2026-01-13 08:10:00,4594.03,4594.28,4592.49,4592.59,155
2026-01-13 08:11:00,4592.34,4593.66,4592.05,4593.27,156
2026-01-13 08:12:00,4593.25,4594.47,4593.25,4594.24,150
2026-01-13 08:13:00,4594.24,4595.37,4594.24,4594.57,154
2026-01-13 08:14:00,4594.72,4594.87,4593.99,4594.33,100
2026-01-13 08:15:00,4594.43,4596.4,4594.38,4596.38,123
2026-01-13 08:16:00,4596.39,4596.39,4595.35,4595.35,142
2026-01-13 08:17:00,4595.24,4595.31,4594.74,4595.02,147
2026-01-13 08:18:00,4594.97,4595.59,4594.9,4595.41,64
2026-01-13 08:19:00,4595.4,4595.61,4594.8,4595.19,122
2026-01-13 08:20:00,4594.94,4595.73,4594.85,4595.47,113
2026-01-13 08:21:00,4595.42,4596.06,4595.42,4596.02,98
2026-01-13 08:22:00,4595.9,4596.07,4595.49,4595.94,68
2026-01-13 08:23:00,4595.98,4597.39,4595.96,4597.13,99
2026-01-13 08:24:00,4597.23,4598.12,4597.22,4598.12,126
2026-01-13 08:25:00,4598.07,4598.88,4598.06,4598.79,113
2026-01-13 08:26:00,4598.8,4599.52,4598.75,4599.4,115
2026-01-13 08:27:00,4599.35,4599.57,4598.94,4599.53,80
2026-01-13 08:28:00,4599.52,4600.99,4599.33,4600.91,166
2026-01-13 08:29:00,4600.96,4601.49,4600.42,4601.37,154
2026-01-13 08:30:00,4601.45,4602.13,4596.04,4596.04,320
2026-01-13 08:31:00,4596.05,4596.05,4590.34,4590.46,341
2026-01-13 08:32:00,4590.56,4590.56,4588.52,4588.94,328
2026-01-13 08:33:00,4588.84,4588.96,4585.67,4586.41,334
2026-01-13 08:34:00,4586.53,4590.97,4585.81,4590.88,321
2026-01-13 08:35:00,4590.88,4591.75,4588.21,4588.41,326
2026-01-13 08:36:00,4588.4,4590.55,4588.4,4589.45,284
2026-01-13 08:37:00,4589.5,4590.67,4586.25,4586.79,285
2026-01-13 08:38:00,4586.77,4589.83,4586.73,4588.99,269
2026-01-13 08:39:00,4589.09,4590.68,4589.09,4590.61,265
2026-01-13 08:40:00,4590.61,4591.22,4589.31,4590.52,226
2026-01-13 08:41:00,4590.72,4591.54,4589.69,4590.95,240
2026-01-13 08:42:00,4591.25,4594.27,4591.21,4594.23,262
2026-01-13 08:43:00,4594.36,4594.6,4593.58,4594.24,268
2026-01-13 08:44:00,4594.23,4594.88,4592.96,4594.33,283
2026-01-13 08:45:00,4594.24,4596.04,4593.93,4593.93,269
2026-01-13 08:46:00,4593.92,4594.29,4593.34,4593.62,246
2026-01-13 08:47:00,4593.45,4594.1,4592.33,4593.77,255
2026-01-13 08:48:00,4593.76,4593.8,4592.74,4592.74,199
2026-01-13 08:49:00,4593.0,4594.01,4592.76,4593.17,202
2026-01-13 08:50:00,4593.09,4593.18,4591.19,4591.65,287
2026-01-13 08:51:00,4591.64,4592.48,4591.29,4592.38,247
2026-01-13 08:52:00,4592.53,4594.63,4592.48,4594.2,243
2026-01-13 08:53:00,4594.28,4595.27,4594.24,4594.94,253
2026-01-13 08:54:00,4594.78,4595.3,4593.23,4593.4,216
2026-01-13 08:55:00,4593.3,4593.82,4592.42,4593.23,242
2026-01-13 08:56:00,4593.23,4594.11,4592.63,4593.17,277
2026-01-13 08:57:00,4593.15,4593.91,4592.51,4593.81,235
2026-01-13 08:58:00,4593.82,4593.97,4592.53,4593.26,226
2026-01-13 08:59:00,4593.13,4593.23,4592.11,4592.12,218
2026-01-13 09:00:00,4592.1,4592.1,4590.4,4591.24,289
2026-01-13 09:01:00,4591.29,4591.36,4590.21,4590.21,269
2026-01-13 09:02:00,4590.14,4590.9,4589.71,4589.91,260
2026-01-13 09:03:00,4589.89,4590.93,4589.48,4590.48,239
2026-01-13 09:04:00,4590.39,4591.69,4589.91,4591.39,226
2026-01-13 09:05:00,4591.4,4592.31,4590.8,4591.3,227
2026-01-13 09:06:00,4591.28,4591.28,4590.19,4590.25,195
2026-01-13 09:07:00,4590.2,4590.2,4588.94,4590.19,232
2026-01-13 09:08:00,4590.24,4590.3,4588.44,4589.39,270
2026-01-13 09:09:00,4589.6,4589.6,4588.13,4588.74,251
2026-01-13 09:10:00,4588.76,4591.2,4588.08,4591.11,301
2026-01-13 09:11:00,4591.15,4591.15,4589.25,4589.47,264
2026-01-13 09:12:00,4589.7,4591.1,4589.53,4590.38,256
2026-01-13 09:13:00,4590.49,4590.49,4589.09,4589.43,229
2026-01-13 09:14:00,4589.42,4590.91,4589.15,4590.21,271
2026-01-13 09:15:00,4590.27,4590.38,4588.01,4588.01,287
2026-01-13 09:16:00,4587.8,4588.86,4587.34,4588.44,273
2026-01-13 09:17:00,4588.43,4590.17,4588.43,4588.68,230
2026-01-13 09:18:00,4588.56,4589.36,4587.87,4587.94,239
2026-01-13 09:19:00,4587.96,4588.99,4587.88,4588.67,203
2026-01-13 09:20:00,4588.64,4590.75,4587.95,4590.21,245
2026-01-13 09:21:00,4590.27,4590.63,4589.05,4589.16,196
2026-01-13 09:22:00,4589.15,4589.16,4586.78,4587.14,172
2026-01-13 09:23:00,4587.06,4587.06,4584.79,4585.67,258
2026-01-13 09:24:00,4585.63,4587.47,4585.58,4586.78,236
2026-01-13 09:25:00,4586.43,4586.91,4586.2,4586.39,192
2026-01-13 09:26:00,4586.45,4586.52,4585.15,4585.82,271
2026-01-13 09:27:00,4585.85,4586.58,4584.85,4585.46,235
2026-01-13 09:28:00,4585.53,4585.88,4583.32,4583.61,274
2026-01-13 09:29:00,4583.6,4584.91,4582.82,4584.81,234
2026-01-13 09:30:00,4584.8,4585.71,4583.96,4583.96,230
2026-01-13 09:31:00,4584.04,4585.17,4583.94,4584.61,262
2026-01-13 09:32:00,4584.62,4585.98,4582.85,4582.9,245
2026-01-13 09:33:00,4582.95,4582.95,4579.68,4579.83,308
2026-01-13 09:34:00,4579.86,4583.9,4579.11,4583.73,274
2026-01-13 09:35:00,4583.81,4584.46,4580.13,4580.17,284
2026-01-13 09:36:00,4580.17,4580.28,4578.22,4579.26,279
2026-01-13 09:37:00,4579.22,4579.22,4577.16,4577.19,286
2026-01-13 09:38:00,4577.32,4578.94,4576.87,4578.94,303
2026-01-13 09:39:00,4579.05,4579.26,4577.85,4577.87,277
2026-01-13 09:40:00,4577.88,4577.9,4575.38,4576.61,300
2026-01-13 09:41:00,4576.74,4577.19,4573.74,4574.87,272
2026-01-13 09:42:00,4574.88,4576.34,4574.69,4575.05,265
2026-01-13 09:43:00,4575.4,4576.29,4574.27,4574.66,288
2026-01-13 09:44:00,4574.65,4577.73,4574.65,4575.9,319
2026-01-13 09:45:00,4575.92,4577.62,4575.37,4577.47,257
2026-01-13 09:46:00,4577.55,4578.09,4575.96,4576.11,206
2026-01-13 09:47:00,4576.06,4578.13,4575.49,4578.13,260
2026-01-13 09:48:00,4578.34,4578.64,4577.65,4578.54,274
2026-01-13 09:49:00,4578.45,4580.17,4578.4,4579.71,247
2026-01-13 09:50:00,4579.74,4581.88,4579.74,4581.85,252
2026-01-13 09:51:00,4581.81,4582.64,4581.78,4582.02,216
2026-01-13 09:52:00,4582.11,4582.5,4581.42,4582.39,238
2026-01-13 09:53:00,4582.34,4583.41,4581.94,4582.05,264
2026-01-13 09:54:00,4581.94,4581.96,4580.25,4580.35,246
2026-01-13 09:55:00,4580.06,4581.08,4578.8,4579.85,292
2026-01-13 09:56:00,4579.86,4581.08,4579.86,4581.05,226
2026-01-13 09:57:00,4580.98,4581.82,4580.87,4581.5,206
2026-01-13 09:58:00,4581.45,4581.79,4581.08,4581.13,194
2026-01-13 09:59:00,4581.15,4581.88,4580.81,4581.39,262
2026-01-13 10:00:00,4581.69,4583.29,4579.88,4580.07,201
2026-01-13 10:01:00,4579.77,4581.18,4579.72,4580.98,199
2026-01-13 10:02:00,4580.96,4580.96,4579.07,4579.77,173
2026-01-13 10:03:00,4579.74,4580.59,4579.45,4580.45,198
2026-01-13 10:04:00,4580.55,4581.97,4580.55,4581.64,110
2026-01-13 10:05:00,4581.69,4583.09,4581.64,4582.51,120
2026-01-13 10:06:00,4582.56,4584.08,4582.09,4584.08,124
2026-01-13 10:07:00,4584.13,4584.48,4583.72,4584.26,109
2026-01-13 10:08:00,4584.19,4584.96,4583.8,4584.63,150
2026-01-13 10:09:00,4584.64,4585.35,4584.17,4584.56,177
2026-01-13 10:10:00,4584.61,4584.83,4584.14,4584.78,102
2026-01-13 10:11:00,4584.76,4585.21,4584.09,4584.2,110
2026-01-13 10:12:00,4584.26,4585.08,4584.17,4584.98,137
2026-01-13 10:13:00,4584.97,4585.0,4584.12,4584.64,141
2026-01-13 10:14:00,4584.65,4584.99,4584.32,4584.69,106
2026-01-13 10:15:00,4584.76,4584.76,4584.04,4584.29,110
2026-01-13 10:16:00,4584.24,4584.57,4581.92,4582.03,201
2026-01-13 10:17:00,4582.15,4583.09,4581.31,4581.37,179
2026-01-13 10:18:00,4581.65,4583.25,4581.18,4583.09,184
2026-01-13 10:19:00,4583.1,4583.15,4580.78,4581.2,167
2026-01-13 10:20:00,4581.15,4581.15,4579.64,4579.82,196
2026-01-13 10:21:00,4579.85,4581.9,4579.85,4581.85,208
2026-01-13 10:22:00,4581.84,4582.28,4578.9,4579.01,240
2026-01-13 10:23:00,4578.97,4580.23,4578.97,4579.38,188
2026-01-13 10:24:00,4579.42,4581.4,4579.42,4581.05,143
2026-01-13 10:25:00,4581.08,4583.95,4580.98,4583.95,148
2026-01-13 10:26:00,4584.0,4584.2,4582.97,4584.0,129
2026-01-13 10:27:00,4583.99,4584.3,4583.74,4584.0,149
2026-01-13 10:28:00,4583.9,4584.48,4583.58,4583.97,114
2026-01-13 10:29:00,4583.98,4584.96,4583.58,4584.01,150
2026-01-13 10:30:00,4583.83,4587.06,4583.78,4585.29,217
2026-01-13 10:31:00,4585.36,4585.46,4584.38,4584.78,245
2026-01-13 10:32:00,4584.84,4586.22,4583.78,4584.23,172
2026-01-13 10:33:00,4584.18,4584.58,4583.73,4584.06,153
2026-01-13 10:34:00,4584.09,4585.41,4584.01,4585.27,143
2026-01-13 10:35:00,4585.48,4586.19,4585.22,4585.28,156
2026-01-13 10:36:00,4585.28,4585.28,4584.6,4584.65,117
2026-01-13 10:37:00,4584.68,4585.21,4583.98,4584.99,206
2026-01-13 10:38:00,4585.13,4585.19,4583.46,4584.63,226
2026-01-13 10:39:00,4584.61,4585.06,4584.22,4584.96,140
2026-01-13 10:40:00,4585.08,4585.3,4582.08,4582.16,211
2026-01-13 10:41:00,4582.17,4582.43,4580.09,4580.25,178
2026-01-13 10:42:00,4580.28,4581.99,4579.83,4580.2,234
2026-01-13 10:43:00,4580.19,4580.75,4580.05,4580.66,162
2026-01-13 10:44:00,4580.64,4581.41,4579.6,4580.31,184
2026-01-13 10:45:00,4580.29,4580.71,4579.66,4579.66,173
2026-01-13 10:46:00,4579.62,4580.14,4577.97,4578.41,164
2026-01-13 10:47:00,4578.46,4579.04,4578.09,4578.18,150
2026-01-13 10:48:00,4578.1,4578.77,4578.04,4578.39,141
2026-01-13 10:49:00,4578.34,4579.55,4578.27,4578.98,191
2026-01-13 10:50:00,4578.99,4578.99,4578.04,4578.71,190
2026-01-13 10:51:00,4578.7,4580.4,4578.68,4579.88,178
2026-01-13 10:52:00,4579.8,4580.39,4578.44,4578.59,138
2026-01-13 10:53:00,4578.8,4579.07,4578.34,4578.85,192
2026-01-13 10:54:00,4578.79,4578.86,4577.58,4577.64,161
2026-01-13 10:55:00,4577.72,4577.96,4577.45,4577.76,177
2026-01-13 10:56:00,4577.74,4579.32,4577.74,4578.96,171
2026-01-13 10:57:00,4578.86,4580.43,4578.66,4580.28,166
2026-01-13 10:58:00,4580.27,4582.02,4580.27,4581.9,227
2026-01-13 10:59:00,4581.99,4582.42,4580.48,4580.62,207
2026-01-13 11:00:00,4580.64,4582.17,4579.67,4580.48,220
2026-01-13 11:01:00,4580.9,4581.65,4579.89,4580.51,200
2026-01-13 11:02:00,4580.43,4582.42,4580.31,4582.37,212
2026-01-13 11:03:00,4582.38,4583.98,4582.11,4583.85,232
2026-01-13 11:04:00,4583.69,4585.37,4583.69,4585.05,218
2026-01-13 11:05:00,4585.03,4586.89,4585.01,4586.28,206
2026-01-13 11:06:00,4586.24,4587.7,4586.15,4586.53,226
2026-01-13 11:07:00,4586.49,4587.45,4586.13,4586.33,168
2026-01-13 11:08:00,4586.26,4586.82,4585.15,4585.67,175
2026-01-13 11:09:00,4585.79,4587.85,4585.71,4587.26,209
2026-01-13 11:10:00,4587.27,4589.45,4587.1,4589.43,164
2026-01-13 11:11:00,4589.96,4591.63,4589.88,4591.61,257
2026-01-13 11:12:00,4591.58,4591.59,4588.88,4589.52,176
2026-01-13 11:13:00,4589.51,4589.64,4588.2,4588.2,221
2026-01-13 11:14:00,4587.88,4588.38,4587.6,4587.79,173
2026-01-13 11:15:00,4587.82,4587.88,4585.17,4585.34,207
2026-01-13 11:16:00,4585.44,4586.38,4584.97,4585.5,203
2026-01-13 11:17:00,4585.48,4586.77,4585.36,4586.34,224
2026-01-13 11:18:00,4586.33,4587.5,4586.1,4587.16,180
2026-01-13 11:19:00,4587.12,4587.59,4586.97,4587.24,174
2026-01-13 11:20:00,4587.29,4589.7,4587.29,4589.66,199
2026-01-13 11:21:00,4589.75,4589.75,4588.44,4588.49,173
2026-01-13 11:22:00,4588.55,4588.62,4587.37,4587.38,201
2026-01-13 11:23:00,4587.34,4587.88,4586.69,4587.88,197
2026-01-13 11:24:00,4587.87,4589.5,4587.67,4589.39,186
2026-01-13 11:25:00,4589.42,4590.24,4589.05,4590.03,197
2026-01-13 11:26:00,4590.1,4591.65,4590.1,4590.98,226
2026-01-13 11:27:00,4591.12,4592.53,4590.84,4590.97,251
2026-01-13 11:28:00,4590.91,4590.91,4588.77,4589.38,213
2026-01-13 11:29:00,4589.52,4590.7,4589.52,4590.01,191
2026-01-13 11:30:00,4590.27,4590.27,4589.17,4590.15,156
2026-01-13 11:31:00,4590.2,4592.71,4589.81,4592.57,238
2026-01-13 11:32:00,4592.64,4593.36,4591.52,4592.96,243
2026-01-13 11:33:00,4592.97,4593.27,4591.98,4592.14,260
2026-01-13 11:34:00,4591.94,4593.72,4590.6,4593.64,232
2026-01-13 11:35:00,4593.59,4596.94,4593.59,4596.28,238
2026-01-13 11:36:00,4596.38,4596.47,4594.99,4595.86,183
2026-01-13 11:37:00,4595.91,4596.09,4594.92,4595.35,156
2026-01-13 11:38:00,4595.4,4596.36,4594.9,4595.43,181
2026-01-13 11:39:00,4595.33,4595.75,4594.84,4595.32,181
2026-01-13 11:40:00,4595.3,4596.2,4595.07,4595.64,194
2026-01-13 11:41:00,4595.71,4595.71,4592.7,4592.85,194
2026-01-13 11:42:00,4592.83,4594.48,4592.75,4593.69,234
2026-01-13 11:43:00,4593.7,4595.55,4593.62,4594.24,159
2026-01-13 11:44:00,4594.25,4594.75,4593.48,4593.58,173
2026-01-13 11:45:00,4593.85,4594.2,4592.43,4592.48,224
2026-01-13 11:46:00,4592.46,4593.37,4592.46,4593.32,154
2026-01-13 11:47:00,4593.46,4594.13,4592.53,4594.0,143
2026-01-13 11:48:00,4594.02,4595.41,4593.82,4594.71,165
2026-01-13 11:49:00,4594.5,4594.57,4593.39,4593.83,182
2026-01-13 11:50:00,4593.85,4593.85,4592.79,4593.5,175
2026-01-13 11:51:00,4593.53,4594.34,4593.49,4593.51,138
2026-01-13 11:52:00,4593.43,4594.4,4592.8,4594.36,172
2026-01-13 11:53:00,4594.38,4594.38,4593.21,4593.28,112
2026-01-13 11:54:00,4593.23,4593.46,4592.78,4593.27,141
2026-01-13 11:55:00,4593.25,4593.35,4592.45,4592.45,182
2026-01-13 11:56:00,4592.46,4592.56,4591.87,4592.45,223
2026-01-13 11:57:00,4592.43,4593.03,4591.93,4592.11,190
2026-01-13 11:58:00,4591.92,4592.57,4591.86,4592.51,159
2026-01-13 11:59:00,4592.52,4593.17,4592.34,4592.77,175
2026-01-13 12:00:00,4592.73,4593.75,4592.35,4593.26,195
2026-01-13 12:01:00,4593.36,4594.27,4592.64,4593.13,204
2026-01-13 12:02:00,4592.97,4593.33,4592.14,4592.14,193
2026-01-13 12:03:00,4591.94,4592.0,4589.65,4591.06,233
2026-01-13 12:04:00,4590.98,4591.43,4589.73,4591.13,230
2026-01-13 12:05:00,4591.09,4591.99,4590.76,4591.73,132
2026-01-13 12:06:00,4591.79,4593.42,4591.79,4593.4,156
2026-01-13 12:07:00,4593.54,4593.81,4592.82,4592.99,143
2026-01-13 12:08:00,4593.02,4595.67,4592.99,4595.19,163
2026-01-13 12:09:00,4595.06,4595.38,4594.58,4594.87,132
2026-01-13 12:10:00,4594.98,4595.0,4593.78,4594.47,114
2026-01-13 12:11:00,4594.52,4594.98,4594.08,4594.4,180
2026-01-13 12:12:00,4594.38,4594.96,4594.11,4594.29,146
2026-01-13 12:13:00,4594.28,4595.04,4594.22,4595.0,162
2026-01-13 12:14:00,4594.99,4595.08,4594.02,4594.05,108
2026-01-13 12:15:00,4593.97,4594.58,4593.75,4594.58,126
2026-01-13 12:16:00,4594.59,4595.1,4593.95,4594.47,148
2026-01-13 12:17:00,4594.49,4594.49,4593.41,4594.0,158
2026-01-13 12:18:00,4594.01,4594.01,4591.69,4591.81,187
2026-01-13 12:19:00,4591.82,4592.7,4591.61,4592.62,159
2026-01-13 12:20:00,4592.54,4592.93,4591.91,4592.41,128
2026-01-13 12:21:00,4592.57,4592.88,4591.87,4591.92,133
2026-01-13 12:22:00,4592.02,4592.15,4591.64,4592.05,128
2026-01-13 12:23:00,4592.02,4592.6,4591.62,4591.95,104
2026-01-13 12:24:00,4591.79,4591.94,4589.85,4589.97,123
2026-01-13 12:25:00,4590.01,4590.04,4589.16,4589.17,192
2026-01-13 12:26:00,4589.18,4589.56,4588.53,4588.87,167
2026-01-13 12:27:00,4588.82,4589.83,4588.04,4589.61,170
2026-01-13 12:28:00,4589.72,4589.88,4589.32,4589.87,139
2026-01-13 12:29:00,4589.87,4590.02,4589.1,4589.24,91
2026-01-13 12:30:00,4589.22,4590.02,4589.15,4589.42,141
2026-01-13 12:31:00,4589.4,4590.13,4589.4,4589.83,154
2026-01-13 12:32:00,4589.79,4589.94,4588.71,4589.09,142
2026-01-13 12:33:00,4589.18,4589.39,4588.46,4588.98,146
2026-01-13 12:34:00,4589.03,4589.88,4588.8,4589.29,129
2026-01-13 12:35:00,4589.33,4589.87,4589.2,4589.3,113
2026-01-13 12:36:00,4589.3,4589.3,4588.67,4588.97,115
2026-01-13 12:37:00,4588.96,4589.9,4588.32,4589.76,181
2026-01-13 12:38:00,4589.72,4590.4,4589.41,4590.28,229
2026-01-13 12:39:00,4590.25,4590.36,4589.42,4590.29,121
2026-01-13 12:40:00,4590.34,4590.86,4589.67,4590.0,272
2026-01-13 12:41:00,4590.13,4590.38,4588.5,4588.54,249
2026-01-13 12:42:00,4588.55,4588.94,4586.71,4588.92,200
2026-01-13 12:43:00,4589.1,4590.55,4589.06,4590.55,126
2026-01-13 12:44:00,4590.51,4592.06,4590.51,4590.75,231
2026-01-13 12:45:00,4590.68,4590.94,4589.46,4590.48,208
2026-01-13 12:46:00,4590.55,4590.81,4589.61,4589.98,206
2026-01-13 12:47:00,4589.91,4589.91,4588.73,4588.73,118
2026-01-13 12:48:00,4588.69,4588.85,4587.57,4588.39,189
2026-01-13 12:49:00,4588.57,4589.18,4587.99,4588.13,187
2026-01-13 12:50:00,4588.15,4588.53,4587.83,4588.33,141
2026-01-13 12:51:00,4588.39,4588.4,4587.83,4588.06,141
2026-01-13 12:52:00,4588.07,4588.45,4586.93,4586.93,149
2026-01-13 12:53:00,4586.98,4587.28,4586.33,4586.71,146
2026-01-13 12:54:00,4586.7,4586.7,4585.96,4585.99,155
2026-01-13 12:55:00,4585.95,4586.49,4585.79,4586.33,137
2026-01-13 12:56:00,4586.32,4587.51,4586.27,4587.25,158
2026-01-13 12:57:00,4587.23,4587.27,4585.86,4586.03,166
2026-01-13 12:58:00,4586.01,4586.47,4585.77,4586.27,134
2026-01-13 12:59:00,4586.3,4587.5,4586.09,4586.09,159
2026-01-13 13:00:00,4586.1,4586.4,4585.18,4586.04,148
2026-01-13 13:01:00,4586.15,4586.95,4585.27,4586.71,142
2026-01-13 13:02:00,4586.75,4586.75,4586.05,4586.22,149
2026-01-13 13:03:00,4586.23,4586.25,4583.85,4584.43,153
2026-01-13 13:04:00,4584.51,4584.52,4582.87,4582.95,188
2026-01-13 13:05:00,4582.9,4584.2,4582.87,4584.02,180
2026-01-13 13:06:00,4583.97,4584.06,4582.62,4584.06,168
2026-01-13 13:07:00,4584.05,4584.05,4582.93,4583.44,117
2026-01-13 13:08:00,4583.48,4583.5,4582.66,4583.09,150
2026-01-13 13:09:00,4583.06,4583.68,4582.89,4583.68,139
2026-01-13 13:10:00,4583.63,4583.67,4582.38,4583.22,147
2026-01-13 13:11:00,4583.26,4583.26,4581.41,4581.89,219
2026-01-13 13:12:00,4581.91,4581.97,4580.44,4581.82,151
2026-01-13 13:13:00,4581.83,4581.88,4581.33,4581.88,150
2026-01-13 13:14:00,4581.88,4584.2,4581.88,4583.61,216
2026-01-13 13:15:00,4583.6,4583.6,4582.37,4582.37,179
2026-01-13 13:16:00,4582.43,4582.43,4581.39,4581.39,150
2026-01-13 13:17:00,4581.39,4583.08,4580.99,4581.96,209
2026-01-13 13:18:00,4581.92,4583.21,4581.65,4583.21,200
2026-01-13 13:19:00,4583.16,4583.61,4582.72,4583.53,147
2026-01-13 13:20:00,4583.48,4584.7,4583.48,4584.18,178
2026-01-13 13:21:00,4584.24,4585.43,4583.92,4585.42,144
2026-01-13 13:22:00,4585.61,4586.41,4584.5,4584.52,205
2026-01-13 13:23:00,4584.55,4584.76,4583.04,4583.49,130
2026-01-13 13:24:00,4583.6,4583.97,4583.49,4583.91,85
2026-01-13 13:25:00,4583.94,4586.06,4583.89,4586.04,164
2026-01-13 13:26:00,4585.92,4586.23,4585.56,4585.71,116
2026-01-13 13:27:00,4585.53,4586.02,4585.53,4586.0,150
2026-01-13 13:28:00,4586.04,4586.09,4585.26,4585.56,141
2026-01-13 13:29:00,4585.52,4585.57,4584.59,4584.77,149
2026-01-13 13:30:00,4584.57,4584.57,4582.13,4582.27,153
2026-01-13 13:31:00,4581.87,4583.44,4581.8,4583.13,143
2026-01-13 13:32:00,4583.11,4583.91,4582.68,4583.35,153
2026-01-13 13:33:00,4583.22,4583.86,4583.2,4583.26,130
2026-01-13 13:34:00,4583.29,4583.53,4583.12,4583.28,83
2026-01-13 13:35:00,4583.37,4583.64,4582.34,4582.49,135
2026-01-13 13:36:00,4582.49,4582.72,4581.92,4582.63,131
2026-01-13 13:37:00,4582.69,4583.62,4581.98,4583.58,141
2026-01-13 13:38:00,4583.5,4584.9,4583.5,4584.9,173
2026-01-13 13:39:00,4584.97,4585.31,4584.89,4585.04,138
2026-01-13 13:40:00,4585.11,4586.44,4585.07,4586.16,171
2026-01-13 13:41:00,4586.19,4586.19,4585.1,4585.82,174
2026-01-13 13:42:00,4585.87,4588.25,4585.83,4588.11,193
2026-01-13 13:43:00,4588.08,4588.39,4586.99,4587.89,193
2026-01-13 13:44:00,4587.86,4587.93,4586.91,4587.21,143
2026-01-13 13:45:00,4587.23,4587.23,4586.38,4587.01,110
2026-01-13 13:46:00,4587.02,4587.02,4586.04,4586.34,102
2026-01-13 13:47:00,4586.41,4586.6,4585.99,4586.11,106
2026-01-13 13:48:00,4586.03,4586.33,4586.0,4586.21,94
2026-01-13 13:49:00,4586.23,4586.35,4586.0,4586.06,112
2026-01-13 13:50:00,4586.02,4586.04,4584.86,4584.89,132
2026-01-13 13:51:00,4584.88,4585.65,4584.85,4585.45,109
2026-01-13 13:52:00,4585.48,4586.86,4585.21,4586.69,157
2026-01-13 13:53:00,4586.68,4587.25,4586.08,4586.11,194
2026-01-13 13:54:00,4586.1,4586.32,4585.88,4586.05,162
2026-01-13 13:55:00,4586.01,4586.74,4585.93,4586.08,144
2026-01-13 13:56:00,4586.0,4586.12,4585.58,4586.11,148
2026-01-13 13:57:00,4585.71,4586.4,4585.55,4586.2,127
2026-01-13 13:58:00,4586.41,4586.77,4585.67,4585.8,176
2026-01-13 13:59:00,4585.82,4586.39,4585.59,4586.36,122
2026-01-13 14:00:00,4586.42,4588.6,4586.39,4587.99,161
2026-01-13 14:01:00,4587.97,4588.88,4587.95,4588.88,127
2026-01-13 14:02:00,4588.86,4588.87,4587.62,4588.62,144
2026-01-13 14:03:00,4588.61,4588.61,4587.31,4587.31,135
2026-01-13 14:04:00,4587.34,4587.38,4586.19,4586.23,149
2026-01-13 14:05:00,4586.21,4587.19,4586.21,4587.06,161
2026-01-13 14:06:00,4587.14,4587.14,4586.57,4587.04,109
2026-01-13 14:07:00,4587.05,4587.08,4586.32,4586.81,128
2026-01-13 14:08:00,4586.75,4586.99,4586.53,4586.63,83
2026-01-13 14:09:00,4586.64,4586.66,4585.84,4586.01,146
2026-01-13 14:10:00,4585.48,4586.19,4585.41,4586.18,135
2026-01-13 14:11:00,4586.23,4586.33,4585.6,4585.84,137
2026-01-13 14:12:00,4585.95,4587.07,4585.9,4586.98,148
2026-01-13 14:13:00,4586.96,4586.96,4585.96,4585.98,136
2026-01-13 14:14:00,4585.97,4585.98,4584.9,4584.9,142
2026-01-13 14:15:00,4584.83,4584.83,4583.37,4583.37,161
2026-01-13 14:16:00,4583.32,4585.14,4582.2,4584.82,204
2026-01-13 14:17:00,4584.78,4585.33,4583.99,4585.33,216
2026-01-13 14:18:00,4585.34,4586.36,4583.6,4584.51,264
2026-01-13 14:19:00,4584.5,4584.88,4583.56,4584.48,148
2026-01-13 14:20:00,4584.36,4586.42,4584.36,4585.47,186
2026-01-13 14:21:00,4585.49,4585.49,4584.63,4584.81,189
2026-01-13 14:22:00,4584.84,4585.71,4584.83,4585.6,176
2026-01-13 14:23:00,4585.57,4585.57,4584.98,4585.24,160
2026-01-13 14:24:00,4585.23,4585.65,4585.02,4585.34,162
2026-01-13 14:25:00,4585.35,4586.65,4585.3,4586.06,162
2026-01-13 14:26:00,4586.1,4587.33,4585.81,4587.1,107
2026-01-13 14:27:00,4587.19,4589.07,4587.19,4587.51,262
2026-01-13 14:28:00,4587.4,4588.44,4587.19,4587.19,272
2026-01-13 14:29:00,4586.77,4586.95,4585.42,4586.86,214
2026-01-13 14:30:00,4586.7,4586.7,4586.0,4586.31,87
2026-01-13 14:31:00,4586.58,4586.99,4586.55,4586.66,132
2026-01-13 14:32:00,4586.67,4586.88,4586.27,4586.29,68
2026-01-13 14:33:00,4586.38,4586.38,4585.45,4586.01,119
2026-01-13 14:34:00,4585.87,4586.68,4585.6,4586.53,127
2026-01-13 14:35:00,4586.6,4586.6,4585.9,4586.37,87
2026-01-13 14:36:00,4586.43,4586.59,4585.66,4585.67,83
2026-01-13 14:37:00,4585.51,4585.9,4585.14,4585.24,128
2026-01-13 14:38:00,4585.29,4586.55,4585.22,4586.15,130
2026-01-13 14:39:00,4586.1,4586.78,4586.04,4586.34,147
2026-01-13 14:40:00,4586.3,4586.77,4585.82,4586.53,148
2026-01-13 14:41:00,4586.54,4587.65,4585.96,4587.65,93
2026-01-13 14:42:00,4587.62,4588.5,4587.62,4588.5,194
2026-01-13 14:43:00,4588.49,4589.05,4588.49,4588.93,154
2026-01-13 14:44:00,4588.94,4589.82,4588.64,4589.82,123
2026-01-13 14:45:00,4589.85,4591.34,4589.84,4590.24,231
2026-01-13 14:46:00,4590.28,4590.41,4589.43,4589.74,185
2026-01-13 14:47:00,4589.73,4589.73,4587.56,4587.58,194
2026-01-13 14:48:00,4587.48,4589.02,4587.36,4588.85,171
2026-01-13 14:49:00,4588.88,4589.08,4588.48,4588.52,88
2026-01-13 14:50:00,4588.71,4590.08,4588.67,4590.08,158
2026-01-13 14:51:00,4590.11,4590.49,4590.04,4590.27,111
2026-01-13 14:52:00,4590.29,4591.65,4590.27,4591.65,168
2026-01-13 14:53:00,4591.66,4592.07,4587.86,4588.91,191
2026-01-13 14:54:00,4588.92,4588.92,4586.51,4586.87,185
2026-01-13 14:55:00,4586.68,4588.91,4586.23,4587.53,225
2026-01-13 14:56:00,4587.48,4587.59,4586.4,4587.13,147
2026-01-13 14:57:00,4587.18,4588.34,4587.0,4588.33,157
2026-01-13 14:58:00,4588.32,4588.62,4588.02,4588.16,120
2026-01-13 14:59:00,4588.15,4588.69,4587.95,4588.56,137
2026-01-13 15:00:00,4588.57,4589.1,4587.34,4587.67,242
2026-01-13 15:01:00,4587.8,4588.42,4587.33,4588.39,169
2026-01-13 15:02:00,4588.34,4588.61,4587.85,4588.04,156
2026-01-13 15:03:00,4588.08,4588.23,4587.3,4587.79,190
2026-01-13 15:04:00,4587.86,4587.98,4587.3,4587.77,120
2026-01-13 15:05:00,4587.76,4587.85,4586.2,4586.52,149
2026-01-13 15:06:00,4586.53,4586.76,4585.28,4586.19,177
2026-01-13 15:07:00,4586.15,4586.2,4585.06,4585.06,107
2026-01-13 15:08:00,4584.94,4585.6,4584.85,4585.18,125
2026-01-13 15:09:00,4585.15,4585.94,4585.09,4585.79,158
2026-01-13 15:10:00,4585.72,4586.19,4584.73,4584.92,189
2026-01-13 15:11:00,4584.78,4584.78,4583.86,4583.96,225
2026-01-13 15:12:00,4584.29,4584.46,4583.18,4584.09,179
2026-01-13 15:13:00,4584.32,4584.52,4583.78,4583.9,143
2026-01-13 15:14:00,4583.87,4584.14,4583.31,4583.59,140
2026-01-13 15:15:00,4583.6,4583.81,4583.18,4583.51,120
2026-01-13 15:16:00,4583.65,4584.5,4583.38,4583.81,141
2026-01-13 15:17:00,4583.84,4584.47,4583.76,4584.46,110
2026-01-13 15:18:00,4584.47,4584.69,4584.06,4584.22,110
2026-01-13 15:19:00,4584.37,4584.62,4583.79,4583.89,129
2026-01-13 15:20:00,4583.81,4583.94,4583.73,4583.88,118
2026-01-13 15:21:00,4583.77,4584.06,4582.42,4583.01,154
2026-01-13 15:22:00,4582.99,4582.99,4580.64,4580.92,199
2026-01-13 15:23:00,4580.92,4581.22,4579.69,4579.82,231
2026-01-13 15:24:00,4579.79,4580.51,4579.46,4579.74,185
2026-01-13 15:25:00,4579.65,4579.87,4579.35,4579.79,206
2026-01-13 15:26:00,4579.75,4579.79,4579.44,4579.73,163
2026-01-13 15:27:00,4579.74,4580.85,4578.88,4579.38,170
2026-01-13 15:28:00,4579.39,4579.87,4577.89,4579.86,240
2026-01-13 15:29:00,4579.86,4581.06,4579.86,4580.53,193
2026-01-13 15:30:00,4580.54,4580.99,4579.76,4579.92,207
2026-01-13 15:31:00,4579.93,4580.82,4579.75,4580.43,169
2026-01-13 15:32:00,4580.25,4580.52,4579.4,4580.22,167
2026-01-13 15:33:00,4580.1,4580.27,4579.78,4580.06,104
2026-01-13 15:34:00,4580.25,4580.69,4579.9,4580.18,181
2026-01-13 15:35:00,4580.2,4582.98,4579.96,4582.86,184
2026-01-13 15:36:00,4582.98,4583.51,4582.78,4583.4,139
2026-01-13 15:37:00,4583.41,4584.36,4583.39,4584.25,148
2026-01-13 15:38:00,4584.22,4584.69,4584.19,4584.64,152
2026-01-13 15:39:00,4584.59,4584.59,4583.25,4583.92,153
2026-01-13 15:40:00,4583.86,4584.64,4583.86,4584.54,145
2026-01-13 15:41:00,4584.51,4585.11,4584.34,4584.83,135
2026-01-13 15:42:00,4584.6,4584.8,4583.75,4584.16,117
2026-01-13 15:43:00,4584.11,4585.84,4584.07,4585.84,125
2026-01-13 15:44:00,4585.76,4586.23,4585.73,4585.85,117
2026-01-13 15:45:00,4585.89,4586.77,4585.52,4586.47,153
2026-01-13 15:46:00,4586.53,4587.31,4586.24,4587.31,98
2026-01-13 15:47:00,4587.34,4588.66,4587.21,4588.66,144
2026-01-13 15:48:00,4588.61,4589.25,4588.26,4588.61,183
2026-01-13 15:49:00,4588.69,4589.95,4588.62,4589.95,139
2026-01-13 15:50:00,4589.86,4590.42,4589.29,4590.31,188
2026-01-13 15:51:00,4590.26,4591.36,4590.13,4591.36,169
2026-01-13 15:52:00,4591.34,4593.53,4591.34,4591.78,201
2026-01-13 15:53:00,4591.79,4592.06,4590.55,4591.44,235
2026-01-13 15:54:00,4591.46,4591.49,4590.28,4591.19,170
2026-01-13 15:55:00,4591.15,4592.39,4591.13,4592.12,187
2026-01-13 15:56:00,4592.1,4592.39,4591.74,4592.14,198
2026-01-13 15:57:00,4592.19,4592.33,4591.42,4591.68,192
2026-01-13 15:58:00,4591.72,4592.7,4591.72,4592.54,173
2026-01-13 15:59:00,4592.5,4595.15,4592.45,4593.25,324
2026-01-13 16:00:00,4593.89,4595.19,4591.81,4591.88,342
2026-01-13 16:01:00,4591.93,4595.15,4590.72,4595.15,325
2026-01-13 16:02:00,4595.6,4595.82,4593.9,4594.92,325
2026-01-13 16:03:00,4594.96,4596.59,4592.27,4592.65,323
2026-01-13 16:04:00,4592.47,4594.64,4592.15,4594.26,306
2026-01-13 16:05:00,4594.17,4595.01,4593.66,4594.68,309
2026-01-13 16:06:00,4594.51,4595.05,4594.01,4594.35,265
2026-01-13 16:07:00,4594.45,4596.8,4594.35,4595.88,281
2026-01-13 16:08:00,4595.87,4597.73,4595.87,4597.45,309
2026-01-13 16:09:00,4597.61,4598.6,4596.61,4598.59,305
2026-01-13 16:10:00,4598.41,4598.7,4596.71,4597.94,303
2026-01-13 16:11:00,4598.17,4601.11,4598.17,4600.82,308
2026-01-13 16:12:00,4600.81,4604.12,4600.57,4603.96,257
2026-01-13 16:13:00,4604.1,4606.3,4603.09,4604.51,349
2026-01-13 16:14:00,4604.52,4604.69,4601.48,4602.79,300
2026-01-13 16:15:00,4602.75,4604.15,4601.43,4604.14,313
2026-01-13 16:16:00,4604.15,4605.58,4602.3,4602.3,352
2026-01-13 16:17:00,4602.28,4602.48,4600.54,4600.73,306
2026-01-13 16:18:00,4600.66,4602.73,4600.57,4602.5,286
2026-01-13 16:19:00,4602.51,4602.51,4600.84,4601.67,264
2026-01-13 16:20:00,4602.03,4603.22,4599.64,4601.93,321
2026-01-13 16:21:00,4601.82,4604.65,4601.11,4604.2,312
2026-01-13 16:22:00,4604.31,4604.54,4602.65,4604.54,275
2026-01-13 16:23:00,4604.63,4605.07,4603.27,4604.11,315
2026-01-13 16:24:00,4603.82,4606.43,4603.1,4605.2,323
2026-01-13 16:25:00,4605.27,4605.28,4600.29,4601.58,343
2026-01-13 16:26:00,4601.62,4604.54,4599.77,4604.14,276
2026-01-13 16:27:00,4604.15,4604.69,4602.92,4603.07,231
2026-01-13 16:28:00,4603.08,4603.25,4600.89,4601.47,260
2026-01-13 16:29:00,4601.47,4602.14,4600.48,4601.21,241
2026-01-13 16:30:00,4601.51,4614.42,4601.51,4611.57,361
2026-01-13 16:31:00,4611.72,4611.77,4605.83,4608.1,337
2026-01-13 16:32:00,4608.06,4611.63,4605.92,4611.43,330
2026-01-13 16:33:00,4611.55,4613.63,4611.22,4612.39,339
2026-01-13 16:34:00,4612.36,4613.96,4611.17,4613.37,352
2026-01-13 16:35:00,4613.56,4616.26,4612.67,4614.67,356
2026-01-13 16:36:00,4614.66,4614.66,4611.62,4612.77,359
2026-01-13 16:37:00,4612.88,4613.29,4610.37,4612.52,344
2026-01-13 16:38:00,4612.53,4614.52,4609.44,4611.7,342
2026-01-13 16:39:00,4612.06,4614.87,4610.62,4614.08,341
2026-01-13 16:40:00,4614.09,4614.61,4612.8,4612.95,350
2026-01-13 16:41:00,4613.03,4617.5,4612.79,4617.5,344
2026-01-13 16:42:00,4617.57,4618.4,4616.68,4616.74,327
2026-01-13 16:43:00,4616.78,4619.24,4615.93,4618.92,333
2026-01-13 16:44:00,4619.07,4620.34,4617.55,4617.92,318
2026-01-13 16:45:00,4617.86,4620.09,4617.2,4619.39,346
2026-01-13 16:46:00,4619.26,4621.07,4616.36,4616.5,343
2026-01-13 16:47:00,4616.2,4616.99,4615.73,4615.97,333
2026-01-13 16:48:00,4615.98,4616.93,4615.04,4616.38,330
2026-01-13 16:49:00,4616.67,4617.82,4615.85,4617.6,286
2026-01-13 16:50:00,4617.86,4618.37,4616.19,4617.83,314
2026-01-13 16:51:00,4617.8,4618.98,4615.21,4615.43,303
2026-01-13 16:52:00,4615.45,4615.45,4612.87,4613.09,284
2026-01-13 16:53:00,4613.1,4615.29,4612.6,4615.08,288
2026-01-13 16:54:00,4615.17,4615.36,4612.46,4613.24,280
2026-01-13 16:55:00,4613.32,4613.32,4610.79,4612.33,301
2026-01-13 16:56:00,4611.88,4612.2,4607.03,4607.56,324
2026-01-13 16:57:00,4607.86,4609.72,4607.36,4607.93,337
2026-01-13 16:58:00,4607.79,4611.93,4607.37,4611.92,337
2026-01-13 16:59:00,4611.82,4612.56,4610.71,4611.53,299
2026-01-13 17:00:00,4611.37,4611.81,4609.5,4609.69,318
2026-01-13 17:01:00,4609.89,4613.05,4609.6,4611.83,314
2026-01-13 17:02:00,4611.82,4612.0,4609.1,4609.13,298
2026-01-13 17:03:00,4609.21,4612.65,4609.21,4612.0,286
2026-01-13 17:04:00,4611.97,4612.93,4611.4,4611.4,270
2026-01-13 17:05:00,4610.9,4613.76,4610.71,4613.05,304
2026-01-13 17:06:00,4613.25,4613.29,4611.15,4611.89,316
2026-01-13 17:07:00,4611.88,4615.68,4611.57,4615.58,318
2026-01-13 17:08:00,4616.4,4616.7,4615.55,4615.77,296
2026-01-13 17:09:00,4615.74,4615.74,4614.18,4614.27,311
2026-01-13 17:10:00,4614.34,4614.49,4612.06,4612.23,322
2026-01-13 17:11:00,4612.19,4616.77,4611.91,4616.53,321
2026-01-13 17:12:00,4616.96,4617.57,4615.6,4616.02,293
2026-01-13 17:13:00,4616.05,4617.8,4615.53,4615.94,290
2026-01-13 17:14:00,4615.64,4619.02,4614.4,4618.72,317
2026-01-13 17:15:00,4618.67,4618.85,4615.58,4616.23,314
2026-01-13 17:16:00,4616.24,4616.61,4614.61,4614.83,295
2026-01-13 17:17:00,4615.01,4617.73,4615.01,4616.4,284
2026-01-13 17:18:00,4616.32,4617.49,4615.75,4617.08,302
2026-01-13 17:19:00,4616.95,4617.04,4614.5,4614.5,303
2026-01-13 17:20:00,4614.42,4616.67,4614.42,4615.97,319
2026-01-13 17:21:00,4615.96,4619.22,4615.85,4618.1,282
2026-01-13 17:22:00,4618.07,4622.25,4617.26,4622.25,297
2026-01-13 17:23:00,4622.5,4622.5,4619.91,4621.81,318
2026-01-13 17:24:00,4621.99,4623.46,4621.53,4622.53,294
2026-01-13 17:25:00,4622.15,4622.75,4621.28,4621.45,283
2026-01-13 17:26:00,4621.29,4621.29,4619.92,4620.43,265
2026-01-13 17:27:00,4620.47,4621.85,4619.75,4621.79,302
2026-01-13 17:28:00,4621.76,4621.83,4619.0,4620.95,312
2026-01-13 17:29:00,4620.84,4621.08,4618.05,4618.05,308
2026-01-13 17:30:00,4618.66,4621.16,4614.56,4615.34,363
2026-01-13 17:31:00,4615.49,4620.68,4615.14,4619.76,351
2026-01-13 17:32:00,4619.79,4620.46,4613.43,4613.95,341
2026-01-13 17:33:00,4613.88,4616.35,4611.63,4613.97,341
2026-01-13 17:34:00,4614.23,4616.06,4613.59,4615.03,333
2026-01-13 17:35:00,4615.3,4617.69,4615.06,4616.59,347
2026-01-13 17:36:00,4616.62,4619.76,4615.19,4619.55,351
2026-01-13 17:37:00,4619.7,4620.59,4617.04,4617.85,344
2026-01-13 17:38:00,4617.92,4618.16,4613.17,4615.09,341
2026-01-13 17:39:00,4615.18,4618.74,4614.75,4617.01,339
2026-01-13 17:40:00,4617.05,4617.98,4615.89,4617.8,347
2026-01-13 17:41:00,4618.25,4620.57,4616.91,4620.48,341
2026-01-13 17:42:00,4620.28,4621.76,4617.06,4620.87,353
2026-01-13 17:43:00,4620.98,4623.29,4620.08,4623.09,345
2026-01-13 17:44:00,4622.93,4626.01,4622.87,4625.78,345
2026-01-13 17:45:00,4625.69,4627.86,4624.74,4627.58,358
2026-01-13 17:46:00,4627.39,4629.34,4626.53,4628.78,333
2026-01-13 17:47:00,4628.92,4633.26,4628.78,4632.57,343
2026-01-13 17:48:00,4632.63,4633.81,4631.01,4631.01,347
2026-01-13 17:49:00,4630.92,4634.16,4630.13,4633.69,352
2026-01-13 17:50:00,4633.71,4634.59,4630.58,4631.79,349
2026-01-13 17:51:00,4631.7,4632.48,4630.17,4630.9,345
2026-01-13 17:52:00,4631.04,4631.14,4625.47,4625.76,345
2026-01-13 17:53:00,4626.3,4628.16,4625.28,4626.75,337
2026-01-13 17:54:00,4626.73,4626.95,4622.92,4624.22,351
2026-01-13 17:55:00,4624.3,4626.07,4623.5,4624.27,342
2026-01-13 17:56:00,4624.2,4625.47,4623.05,4623.87,345
2026-01-13 17:57:00,4623.91,4629.47,4623.61,4628.93,339
2026-01-13 17:58:00,4628.94,4632.0,4628.65,4631.9,326
2026-01-13 17:59:00,4631.78,4633.02,4628.47,4629.95,350
2026-01-13 18:00:00,4629.64,4630.28,4624.42,4624.42,343
2026-01-13 18:01:00,4625.1,4627.22,4621.83,4621.99,341
2026-01-13 18:02:00,4622.07,4622.07,4617.95,4620.32,346
2026-01-13 18:03:00,4620.36,4620.44,4615.32,4615.38,353
2026-01-13 18:04:00,4615.53,4619.26,4613.99,4619.23,346
2026-01-13 18:05:00,4619.51,4621.37,4618.13,4621.12,331
2026-01-13 18:06:00,4621.1,4622.49,4618.8,4619.7,349
2026-01-13 18:07:00,4619.67,4622.19,4618.74,4620.0,348
2026-01-13 18:08:00,4620.1,4620.15,4616.97,4617.36,336
2026-01-13 18:09:00,4617.41,4620.24,4617.19,4619.33,327
2026-01-13 18:10:00,4619.61,4620.85,4617.88,4620.79,352
2026-01-13 18:11:00,4620.88,4623.58,4620.88,4622.41,340
2026-01-13 18:12:00,4622.15,4623.59,4619.9,4622.97,323
2026-01-13 18:13:00,4623.01,4624.43,4623.01,4623.46,321
2026-01-13 18:14:00,4623.51,4624.04,4620.48,4621.46,335
2026-01-13 18:15:00,4621.29,4623.33,4618.85,4618.85,334
2026-01-13 18:16:00,4618.8,4619.24,4615.97,4617.05,335
2026-01-13 18:17:00,4617.06,4617.59,4609.5,4609.5,352
2026-01-13 18:18:00,4609.65,4609.65,4603.44,4604.16,357
2026-01-13 18:19:00,4603.72,4607.88,4603.44,4606.73,350
2026-01-13 18:20:00,4606.94,4607.27,4601.84,4601.84,352
2026-01-13 18:21:00,4601.7,4606.97,4601.7,4606.68,362
2026-01-13 18:22:00,4606.67,4610.74,4606.56,4609.04,348
2026-01-13 18:23:00,4608.79,4609.72,4600.95,4602.45,353
2026-01-13 18:24:00,4602.1,4604.59,4601.27,4604.06,342
2026-01-13 18:25:00,4604.18,4607.07,4603.48,4605.48,344
2026-01-13 18:26:00,4605.34,4608.94,4604.67,4607.09,360
2026-01-13 18:27:00,4607.16,4608.38,4605.62,4608.04,335
2026-01-13 18:28:00,4607.99,4610.74,4606.99,4610.74,327
2026-01-13 18:29:00,4610.37,4610.8,4608.62,4608.81,307
2026-01-13 18:30:00,4608.9,4611.01,4605.55,4609.8,350
2026-01-13 18:31:00,4609.79,4611.52,4609.21,4611.42,321
2026-01-13 18:32:00,4611.44,4613.03,4610.15,4612.28,317
2026-01-13 18:33:00,4612.3,4613.64,4611.18,4613.03,314
2026-01-13 18:34:00,4612.93,4613.99,4611.27,4612.54,316
2026-01-13 18:35:00,4612.59,4613.34,4609.79,4610.96,333
2026-01-13 18:36:00,4610.9,4611.9,4607.37,4611.89,330
2026-01-13 18:37:00,4611.89,4612.45,4607.2,4607.2,308
2026-01-13 18:38:00,4607.15,4610.49,4605.18,4610.49,320
2026-01-13 18:39:00,4610.42,4612.0,4609.11,4609.31,300
2026-01-13 18:40:00,4609.3,4609.95,4606.88,4608.68,344
2026-01-13 18:41:00,4608.79,4609.83,4606.36,4609.36,328
2026-01-13 18:42:00,4609.5,4612.94,4608.71,4612.75,311
2026-01-13 18:43:00,4612.66,4615.19,4612.44,4613.99,313
2026-01-13 18:44:00,4613.85,4616.28,4612.81,4614.77,316
2026-01-13 18:45:00,4614.55,4615.67,4614.08,4614.81,315
2026-01-13 18:46:00,4614.76,4617.44,4614.57,4617.27,310
2026-01-13 18:47:00,4617.31,4618.07,4616.31,4616.89,299
2026-01-13 18:48:00,4616.85,4617.45,4615.75,4617.32,294
2026-01-13 18:49:00,4617.4,4617.47,4615.5,4615.5,287
2026-01-13 18:50:00,4615.38,4617.82,4615.09,4616.93,315
2026-01-13 18:51:00,4616.94,4617.26,4612.92,4615.08,298
2026-01-13 18:52:00,4615.49,4618.45,4615.49,4618.24,306
2026-01-13 18:53:00,4618.31,4619.27,4616.75,4616.77,289
2026-01-13 18:54:00,4616.48,4617.14,4615.31,4615.67,301
2026-01-13 18:55:00,4615.74,4616.19,4614.76,4614.91,312
2026-01-13 18:56:00,4614.97,4618.76,4614.97,4617.88,277
2026-01-13 18:57:00,4617.91,4619.37,4617.4,4618.57,289
2026-01-13 18:58:00,4618.55,4620.06,4618.08,4619.12,279
2026-01-13 18:59:00,4619.16,4620.69,4618.71,4619.18,270
2026-01-13 19:00:00,4619.01,4620.49,4618.74,4620.41,270
2026-01-13 19:01:00,4620.44,4620.76,4617.72,4617.88,296
2026-01-13 19:02:00,4617.79,4618.57,4616.43,4616.5,316
2026-01-13 19:03:00,4616.51,4617.32,4615.4,4616.68,286
2026-01-13 19:04:00,4616.64,4617.13,4612.62,4612.68,282
2026-01-13 19:05:00,4612.69,4614.47,4612.52,4613.39,289
2026-01-13 19:06:00,4612.74,4613.24,4608.93,4609.65,328
2026-01-13 19:07:00,4609.68,4611.65,4608.55,4610.57,321
2026-01-13 19:08:00,4610.52,4611.12,4608.58,4610.47,328
2026-01-13 19:09:00,4610.46,4610.46,4606.68,4607.42,312
2026-01-13 19:10:00,4607.4,4609.49,4606.89,4608.29,293
2026-01-13 19:11:00,4608.33,4609.43,4607.66,4608.57,290
2026-01-13 19:12:00,4608.87,4613.44,4608.81,4613.08,314
2026-01-13 19:13:00,4613.02,4613.95,4612.29,4612.83,309
2026-01-13 19:14:00,4612.82,4613.17,4611.77,4612.41,302
2026-01-13 19:15:00,4612.39,4612.79,4610.86,4611.05,300
2026-01-13 19:16:00,4611.08,4612.79,4611.08,4612.61,297
2026-01-13 19:17:00,4612.58,4612.86,4609.95,4610.54,293
2026-01-13 19:18:00,4610.8,4610.82,4608.46,4608.89,326
2026-01-13 19:19:00,4608.81,4609.83,4606.9,4609.53,296
2026-01-13 19:20:00,4609.57,4610.52,4608.71,4609.83,290
2026-01-13 19:21:00,4609.82,4609.89,4605.84,4606.08,287
2026-01-13 19:22:00,4605.96,4606.0,4604.01,4604.92,316
2026-01-13 19:23:00,4604.88,4607.67,4604.4,4606.62,302
2026-01-13 19:24:00,4606.56,4606.66,4604.26,4606.08,302
2026-01-13 19:25:00,4605.98,4606.45,4603.17,4603.71,314
2026-01-13 19:26:00,4603.69,4603.69,4602.21,4602.26,310
2026-01-13 19:27:00,4602.21,4602.58,4594.06,4594.32,352
2026-01-13 19:28:00,4594.67,4596.11,4592.89,4595.96,346
2026-01-13 19:29:00,4596.3,4599.09,4596.3,4598.45,340
2026-01-13 19:30:00,4598.62,4601.97,4596.95,4601.97,320
2026-01-13 19:31:00,4602.01,4604.65,4601.83,4604.64,333
2026-01-13 19:32:00,4604.71,4606.09,4603.66,4605.85,295
2026-01-13 19:33:00,4606.01,4606.09,4604.58,4604.84,304
2026-01-13 19:34:00,4604.78,4606.67,4604.63,4605.69,283
2026-01-13 19:35:00,4605.92,4606.38,4602.36,4602.91,295
2026-01-13 19:36:00,4603.07,4603.81,4602.37,4602.79,279
2026-01-13 19:37:00,4602.96,4603.9,4601.28,4603.88,305
2026-01-13 19:38:00,4603.87,4606.84,4603.79,4605.71,273
2026-01-13 19:39:00,4605.69,4607.21,4605.61,4607.07,248
2026-01-13 19:40:00,4607.51,4608.42,4606.27,4607.83,304
2026-01-13 19:41:00,4607.78,4608.58,4607.37,4608.33,238
2026-01-13 19:42:00,4608.47,4609.4,4608.37,4608.37,248
2026-01-13 19:43:00,4608.6,4608.75,4607.0,4607.56,271
2026-01-13 19:44:00,4607.73,4609.26,4607.01,4608.85,267
2026-01-13 19:45:00,4608.77,4609.01,4607.42,4608.73,280
2026-01-13 19:46:00,4608.67,4610.73,4608.62,4610.41,244
2026-01-13 19:47:00,4610.47,4612.02,4610.35,4611.94,301
2026-01-13 19:48:00,4611.85,4611.85,4610.36,4610.85,243
2026-01-13 19:49:00,4610.71,4611.76,4610.71,4610.96,242
2026-01-13 19:50:00,4611.0,4611.84,4610.49,4611.77,244
2026-01-13 19:51:00,4611.68,4612.22,4611.57,4612.2,280
2026-01-13 19:52:00,4612.08,4612.24,4610.49,4610.73,247
2026-01-13 19:53:00,4610.82,4611.97,4610.05,4610.82,239
2026-01-13 19:54:00,4610.89,4613.41,4610.89,4612.74,245
2026-01-13 19:55:00,4612.86,4613.21,4611.04,4611.19,298
2026-01-13 19:56:00,4611.2,4612.75,4611.2,4612.75,224
2026-01-13 19:57:00,4612.65,4613.74,4612.65,4613.16,249
2026-01-13 19:58:00,4613.21,4613.91,4613.11,4613.36,268
2026-01-13 19:59:00,4613.46,4613.93,4613.16,4613.44,217
2026-01-13 20:00:00,4613.61,4615.5,4613.56,4614.46,270
2026-01-13 20:01:00,4614.54,4615.02,4613.53,4614.14,234
2026-01-13 20:02:00,4614.15,4615.57,4613.91,4615.49,238
2026-01-13 20:03:00,4615.52,4615.53,4614.62,4615.53,223
2026-01-13 20:04:00,4615.54,4615.98,4613.34,4613.48,256
2026-01-13 20:05:00,4613.5,4614.52,4611.77,4611.88,283
2026-01-13 20:06:00,4611.87,4612.3,4610.85,4611.83,283
2026-01-13 20:07:00,4611.79,4613.6,4611.79,4612.75,275
2026-01-13 20:08:00,4612.74,4614.7,4612.3,4613.3,257
2026-01-13 20:09:00,4613.37,4613.37,4610.91,4611.35,246
2026-01-13 20:10:00,4610.98,4611.82,4610.62,4610.81,221
2026-01-13 20:11:00,4610.84,4611.47,4609.52,4609.66,266
2026-01-13 20:12:00,4609.61,4610.52,4608.78,4608.84,217
2026-01-13 20:13:00,4608.98,4609.1,4606.89,4607.23,270
2026-01-13 20:14:00,4607.25,4608.38,4606.5,4608.37,267
2026-01-13 20:15:00,4608.35,4609.45,4607.73,4607.74,240
2026-01-13 20:16:00,4607.79,4608.73,4606.36,4607.94,266
2026-01-13 20:17:00,4608.13,4608.48,4607.63,4607.84,264
2026-01-13 20:18:00,4607.83,4609.96,4607.83,4609.49,205
2026-01-13 20:19:00,4609.4,4610.76,4609.38,4610.41,223
2026-01-13 20:20:00,4610.32,4611.28,4610.27,4611.21,219
2026-01-13 20:21:00,4611.22,4611.23,4609.45,4610.06,221
2026-01-13 20:22:00,4610.05,4611.74,4609.68,4609.68,217
2026-01-13 20:23:00,4609.42,4611.69,4609.42,4611.67,215
2026-01-13 20:24:00,4611.64,4612.55,4611.63,4612.21,197
2026-01-13 20:25:00,4611.95,4612.0,4607.5,4608.14,268
2026-01-13 20:26:00,4608.11,4608.11,4606.63,4607.68,260
2026-01-13 20:27:00,4607.79,4609.51,4607.65,4609.17,220
2026-01-13 20:28:00,4609.14,4611.08,4608.54,4610.82,219
2026-01-13 20:29:00,4610.59,4610.6,4609.38,4609.78,201
2026-01-13 20:30:00,4609.74,4609.74,4608.55,4609.22,270
2026-01-13 20:31:00,4609.26,4610.74,4603.21,4609.09,308
2026-01-13 20:32:00,4608.89,4611.02,4608.38,4610.02,275
2026-01-13 20:33:00,4609.98,4610.36,4608.73,4608.79,264
2026-01-13 20:34:00,4608.75,4609.97,4607.19,4609.96,278
2026-01-13 20:35:00,4609.94,4609.94,4607.92,4609.28,286
2026-01-13 20:36:00,4609.26,4611.96,4609.25,4611.67,223
2026-01-13 20:37:00,4611.65,4611.85,4610.19,4610.5,252
2026-01-13 20:38:00,4609.93,4610.38,4607.84,4608.78,267
2026-01-13 20:39:00,4608.82,4609.95,4607.89,4609.77,282
2026-01-13 20:40:00,4609.7,4610.39,4608.71,4609.9,261
2026-01-13 20:41:00,4609.85,4610.28,4608.35,4609.95,266
2026-01-13 20:42:00,4609.93,4610.29,4606.42,4607.5,308
2026-01-13 20:43:00,4607.56,4607.65,4605.25,4605.61,302
2026-01-13 20:44:00,4605.4,4605.89,4604.1,4604.6,324
2026-01-13 20:45:00,4604.39,4607.04,4604.38,4605.53,306
2026-01-13 20:46:00,4605.68,4606.87,4605.01,4605.75,308
2026-01-13 20:47:00,4605.53,4605.85,4602.96,4604.01,310
2026-01-13 20:48:00,4604.0,4605.08,4602.92,4603.77,283
2026-01-13 20:49:00,4603.51,4604.14,4601.71,4602.12,327
2026-01-13 20:50:00,4602.16,4602.22,4600.82,4601.31,303
2026-01-13 20:51:00,4601.2,4601.91,4599.87,4600.5,286
2026-01-13 20:52:00,4600.47,4600.68,4598.73,4598.81,308
2026-01-13 20:53:00,4598.65,4599.51,4597.26,4598.23,324
2026-01-13 20:54:00,4597.76,4600.34,4597.16,4600.34,306
2026-01-13 20:55:00,4600.52,4600.58,4595.4,4595.54,312
2026-01-13 20:56:00,4595.48,4596.17,4593.51,4594.82,339
2026-01-13 20:57:00,4594.75,4596.08,4593.51,4594.45,326
2026-01-13 20:58:00,4594.4,4595.07,4587.05,4588.32,341
2026-01-13 20:59:00,4588.35,4590.72,4586.67,4590.29,341
2026-01-13 21:00:00,4590.17,4591.25,4588.81,4590.42,342
2026-01-13 21:01:00,4590.33,4593.88,4590.25,4591.03,332
2026-01-13 21:02:00,4591.45,4593.82,4591.04,4592.38,341
2026-01-13 21:03:00,4592.06,4592.3,4586.48,4587.99,349
2026-01-13 21:04:00,4588.0,4591.44,4586.92,4588.7,333
2026-01-13 21:05:00,4588.49,4590.35,4587.05,4588.19,346
2026-01-13 21:06:00,4588.07,4590.64,4587.35,4590.51,345
2026-01-13 21:07:00,4590.5,4593.83,4590.27,4593.69,351
2026-01-13 21:08:00,4593.7,4593.84,4591.31,4592.87,323
2026-01-13 21:09:00,4592.81,4594.38,4592.77,4592.86,309
2026-01-13 21:10:00,4592.92,4594.11,4591.32,4593.02,338
2026-01-13 21:11:00,4593.05,4593.71,4591.16,4591.54,319
2026-01-13 21:12:00,4591.56,4593.82,4591.31,4593.19,318
2026-01-13 21:13:00,4593.33,4593.6,4592.66,4593.1,249
2026-01-13 21:14:00,4593.07,4594.39,4592.19,4594.38,291
2026-01-13 21:15:00,4594.4,4595.04,4593.63,4593.68,296
2026-01-13 21:16:00,4593.71,4593.71,4591.2,4591.68,297
2026-01-13 21:17:00,4591.7,4592.63,4589.88,4590.28,306
2026-01-13 21:18:00,4590.12,4590.95,4588.57,4588.57,340
2026-01-13 21:19:00,4588.25,4588.67,4583.98,4586.12,334
2026-01-13 21:20:00,4586.42,4588.7,4584.47,4587.64,336
2026-01-13 21:21:00,4587.44,4587.62,4581.2,4582.37,350
2026-01-13 21:22:00,4582.42,4586.74,4582.34,4586.62,331
2026-01-13 21:23:00,4586.58,4589.21,4586.12,4588.35,310
2026-01-13 21:24:00,4588.04,4588.91,4585.3,4588.19,344
2026-01-13 21:25:00,4588.64,4590.95,4588.29,4590.86,316
2026-01-13 21:26:00,4590.84,4591.71,4590.0,4591.55,318
2026-01-13 21:27:00,4591.54,4592.66,4590.96,4591.22,299
2026-01-13 21:28:00,4591.19,4591.73,4588.94,4589.5,338
2026-01-13 21:29:00,4589.71,4591.91,4589.07,4591.7,334
2026-01-13 21:30:00,4591.66,4592.23,4589.87,4591.62,322
2026-01-13 21:31:00,4591.79,4594.75,4591.25,4594.67,299
2026-01-13 21:32:00,4594.59,4594.76,4592.61,4592.87,293
2026-01-13 21:33:00,4592.94,4594.49,4592.79,4594.21,235
2026-01-13 21:34:00,4594.41,4594.89,4591.71,4593.33,300
2026-01-13 21:35:00,4593.51,4596.48,4593.35,4595.16,291
2026-01-13 21:36:00,4595.15,4596.85,4594.6,4596.14,313
2026-01-13 21:37:00,4596.12,4596.65,4595.38,4596.65,256
2026-01-13 21:38:00,4596.63,4597.99,4596.08,4597.06,296
2026-01-13 21:39:00,4597.07,4599.65,4597.07,4599.38,285
2026-01-13 21:40:00,4599.38,4599.78,4598.29,4599.55,268
2026-01-13 21:41:00,4599.53,4599.93,4598.78,4599.58,280
2026-01-13 21:42:00,4599.49,4599.82,4598.65,4599.16,302
2026-01-13 21:43:00,4599.14,4600.06,4599.14,4599.15,242
2026-01-13 21:44:00,4599.46,4600.75,4599.42,4600.32,272
2026-01-13 21:45:00,4600.33,4601.03,4599.98,4600.32,271
2026-01-13 21:46:00,4600.33,4601.7,4599.7,4601.7,271
2026-01-13 21:47:00,4601.98,4601.99,4600.86,4601.89,254
2026-01-13 21:48:00,4601.87,4601.87,4599.95,4600.32,250
2026-01-13 21:49:00,4600.27,4601.08,4599.62,4599.96,292
2026-01-13 21:50:00,4599.93,4599.99,4598.33,4598.68,267
2026-01-13 21:51:00,4598.6,4599.71,4597.77,4599.66,305
2026-01-13 21:52:00,4599.69,4599.69,4598.6,4599.57,268
2026-01-13 21:53:00,4599.52,4600.3,4598.07,4598.27,239
2026-01-13 21:54:00,4598.3,4600.05,4598.27,4599.54,257
2026-01-13 21:55:00,4599.49,4599.49,4597.51,4597.96,238
2026-01-13 21:56:00,4597.96,4597.96,4595.96,4597.05,297
2026-01-13 21:57:00,4596.99,4597.15,4595.62,4596.28,300
2026-01-13 21:58:00,4596.22,4596.94,4595.08,4595.15,282
2026-01-13 21:59:00,4595.18,4595.75,4594.12,4594.12,270
2026-01-13 22:00:00,4594.1,4594.2,4591.98,4593.03,293
2026-01-13 22:01:00,4593.05,4593.3,4589.18,4589.66,319
2026-01-13 22:02:00,4589.58,4590.36,4587.78,4588.55,326
2026-01-13 22:03:00,4588.47,4588.47,4584.23,4586.38,343
2026-01-13 22:04:00,4586.27,4588.7,4585.8,4587.41,324
2026-01-13 22:05:00,4587.61,4589.81,4586.28,4589.47,290
2026-01-13 22:06:00,4589.49,4589.73,4587.79,4589.73,311
2026-01-13 22:07:00,4589.68,4592.22,4589.56,4592.11,311
2026-01-13 22:08:00,4592.09,4594.12,4591.6,4593.98,281
2026-01-13 22:09:00,4594.08,4594.52,4592.89,4593.43,270
2026-01-13 22:10:00,4592.98,4593.2,4590.98,4591.41,273
2026-01-13 22:11:00,4591.33,4594.6,4591.2,4594.51,276
2026-01-13 22:12:00,4594.44,4595.03,4592.64,4592.73,251
2026-01-13 22:13:00,4592.76,4594.32,4592.76,4593.85,251
2026-01-13 22:14:00,4593.86,4595.76,4593.3,4595.67,245
2026-01-13 22:15:00,4595.64,4597.19,4595.13,4597.03,241
2026-01-13 22:16:00,4596.97,4597.09,4584.82,4588.53,307
2026-01-13 22:17:00,4588.46,4591.12,4587.93,4590.87,308
2026-01-13 22:18:00,4590.48,4590.48,4586.31,4587.53,274
2026-01-13 22:19:00,4587.49,4592.49,4587.49,4591.11,232
2026-01-13 22:20:00,4591.27,4592.46,4591.14,4592.31,250
2026-01-13 22:21:00,4592.55,4592.93,4591.6,4592.3,244
2026-01-13 22:22:00,4592.25,4593.33,4592.25,4592.96,227
2026-01-13 22:23:00,4593.02,4593.36,4591.46,4591.84,244
2026-01-13 22:24:00,4591.9,4593.15,4591.15,4592.64,243
2026-01-13 22:25:00,4592.7,4593.63,4592.7,4593.14,215
2026-01-13 22:26:00,4593.26,4595.08,4593.26,4594.12,269
2026-01-13 22:27:00,4594.02,4594.02,4592.69,4593.28,200
2026-01-13 22:28:00,4593.35,4594.27,4592.81,4593.32,230
2026-01-13 22:29:00,4593.38,4593.51,4592.65,4593.39,200
2026-01-13 22:30:00,4593.3,4594.4,4593.12,4593.99,271
2026-01-13 22:31:00,4594.57,4594.7,4593.59,4593.92,223
2026-01-13 22:32:00,4594.0,4594.07,4592.57,4592.87,236
2026-01-13 22:33:00,4592.82,4595.24,4592.59,4595.15,218
2026-01-13 22:34:00,4594.91,4596.74,4594.42,4596.16,255
2026-01-13 22:35:00,4596.0,4596.0,4593.09,4594.14,260
2026-01-13 22:36:00,4594.22,4594.93,4593.13,4594.62,251
2026-01-13 22:37:00,4594.61,4596.27,4594.53,4595.02,256
2026-01-13 22:38:00,4595.04,4597.91,4594.81,4597.77,245
2026-01-13 22:39:00,4597.76,4598.33,4597.17,4598.22,195
2026-01-13 22:40:00,4598.23,4598.76,4597.41,4597.77,232
2026-01-13 22:41:00,4597.82,4597.88,4595.62,4595.62,252
2026-01-13 22:42:00,4595.66,4595.87,4594.55,4594.9,271
2026-01-13 22:43:00,4594.91,4595.73,4593.79,4595.4,250
2026-01-13 22:44:00,4595.36,4595.93,4594.5,4595.93,237
2026-01-13 22:45:00,4596.06,4596.06,4592.93,4593.47,281
2026-01-13 22:46:00,4593.38,4594.58,4590.75,4590.85,257
2026-01-13 22:47:00,4591.15,4592.29,4590.77,4592.29,262
2026-01-13 22:48:00,4592.28,4592.28,4590.66,4591.81,274
2026-01-13 22:49:00,4591.93,4593.41,4591.12,4592.52,256
2026-01-13 22:50:00,4592.6,4594.44,4592.32,4593.52,236
2026-01-13 22:51:00,4593.51,4595.96,4593.21,4595.42,255
2026-01-13 22:52:00,4595.46,4595.81,4594.71,4595.1,201
2026-01-13 22:53:00,4595.11,4595.19,4593.65,4593.68,225
2026-01-13 22:54:00,4593.7,4595.98,4593.7,4595.83,205
2026-01-13 22:55:00,4595.87,4598.57,4595.83,4598.24,223
2026-01-13 22:56:00,4598.25,4598.36,4597.13,4598.15,214
2026-01-13 22:57:00,4598.2,4599.05,4597.93,4598.38,180
2026-01-13 22:58:00,4598.34,4598.84,4597.75,4597.75,185
2026-01-13 22:59:00,4597.76,4597.98,4596.93,4597.54,214
2026-01-13 23:00:00,4597.77,4597.83,4595.28,4596.57,287
2026-01-13 23:01:00,4596.53,4596.84,4595.49,4595.86,193
2026-01-13 23:02:00,4595.88,4595.88,4593.94,4595.67,284
2026-01-13 23:03:00,4595.58,4595.58,4590.43,4591.45,282
2026-01-13 23:04:00,4591.38,4592.4,4590.59,4592.3,235
2026-01-13 23:05:00,4592.23,4593.18,4590.33,4593.18,239
2026-01-13 23:06:00,4593.01,4594.18,4592.42,4593.85,228
2026-01-13 23:07:00,4593.87,4594.34,4591.78,4591.78,208
2026-01-13 23:08:00,4591.88,4593.08,4591.86,4592.07,196
2026-01-13 23:09:00,4592.01,4593.0,4591.79,4592.17,201
2026-01-13 23:10:00,4592.25,4592.58,4591.74,4592.38,198
2026-01-13 23:11:00,4592.43,4593.62,4592.3,4593.31,176
2026-01-13 23:12:00,4593.3,4594.3,4592.59,4593.25,187
2026-01-13 23:13:00,4593.2,4594.13,4592.89,4593.6,214
2026-01-13 23:14:00,4593.55,4594.1,4592.64,4592.89,208
2026-01-13 23:15:00,4593.01,4593.15,4591.01,4591.01,232
2026-01-13 23:16:00,4590.98,4594.4,4590.83,4594.4,234
2026-01-13 23:17:00,4594.57,4595.25,4594.26,4594.47,237
2026-01-13 23:18:00,4594.48,4594.7,4593.65,4594.53,248
2026-01-13 23:19:00,4594.61,4594.79,4593.97,4594.68,235
2026-01-13 23:20:00,4594.85,4595.26,4593.89,4594.36,240
2026-01-13 23:21:00,4594.34,4594.34,4591.9,4591.9,270
2026-01-13 23:22:00,4591.81,4594.17,4591.45,4594.0,250
2026-01-13 23:23:00,4593.64,4593.72,4592.33,4592.84,241
2026-01-13 23:24:00,4592.68,4593.64,4591.99,4592.89,258
2026-01-13 23:25:00,4593.01,4593.77,4592.77,4593.07,206
2026-01-13 23:26:00,4593.1,4593.46,4592.03,4593.46,222
2026-01-13 23:27:00,4593.49,4593.49,4587.92,4589.1,254
2026-01-13 23:28:00,4589.3,4590.19,4588.57,4588.57,251
2026-01-13 23:29:00,4588.58,4589.08,4587.89,4589.04,244
2026-01-13 23:30:00,4588.95,4589.19,4587.61,4588.39,266
2026-01-13 23:31:00,4588.23,4588.26,4584.53,4585.01,299
2026-01-13 23:32:00,4584.65,4584.71,4580.74,4581.17,301
2026-01-13 23:33:00,4580.72,4583.63,4577.09,4577.21,308
2026-01-13 23:34:00,4577.3,4577.66,4571.06,4572.23,354
2026-01-13 23:35:00,4572.27,4576.1,4569.9,4576.1,340
2026-01-13 23:36:00,4576.2,4578.72,4575.64,4576.52,325
2026-01-13 23:37:00,4576.41,4578.88,4575.48,4578.71,309
2026-01-13 23:38:00,4578.72,4579.49,4576.97,4578.7,304
2026-01-13 23:39:00,4578.66,4579.0,4574.21,4576.52,285
2026-01-13 23:40:00,4576.53,4585.41,4574.9,4582.78,311
2026-01-13 23:41:00,4582.88,4584.77,4581.44,4584.36,296
2026-01-13 23:42:00,4584.3,4585.25,4584.13,4585.18,294
2026-01-13 23:43:00,4585.26,4586.58,4585.15,4586.51,256
2026-01-13 23:44:00,4587.08,4587.36,4584.95,4585.05,257
2026-01-13 23:45:00,4585.19,4585.6,4583.54,4585.5,253
2026-01-13 23:46:00,4585.39,4586.41,4584.73,4586.25,278
2026-01-13 23:47:00,4586.35,4588.84,4585.65,4588.75,266
2026-01-13 23:48:00,4588.66,4588.77,4587.31,4588.1,306
2026-01-13 23:49:00,4588.21,4589.29,4587.94,4589.0,280
2026-01-13 23:50:00,4588.87,4589.29,4587.81,4588.36,299
2026-01-13 23:51:00,4588.63,4588.89,4587.68,4587.95,241
2026-01-13 23:52:00,4587.91,4588.74,4586.36,4586.52,280
2026-01-13 23:53:00,4586.43,4586.43,4583.4,4584.3,281
2026-01-13 23:54:00,4584.34,4586.6,4583.38,4586.6,282
2026-01-13 23:55:00,4586.38,4586.38,4583.91,4584.77,291
2026-01-13 23:56:00,4584.8,4584.81,4582.46,4583.2,315
2026-01-13 23:57:00,4583.26,4586.52,4583.22,4586.14,324
2026-01-13 23:58:00,4586.1,4586.86,4585.78,4586.23,292
2026-01-13 23:59:00,4586.19,4586.51,4585.18,4586.03,293
2026-01-14 00:00:00,4586.57,4589.28,4586.55,4586.91,264
2026-01-14 00:01:00,4586.92,4587.08,4586.28,4586.97,156
2026-01-14 00:02:00,4586.95,4587.2,4585.7,4585.91,167
2026-01-14 00:03:00,4586.05,4586.75,4585.19,4586.75,137
2026-01-14 00:04:00,4586.72,4587.74,4586.25,4587.64,155
2026-01-14 00:05:00,4587.56,4588.33,4587.36,4587.52,153
2026-01-14 00:06:00,4587.57,4587.9,4587.25,4587.44,122
2026-01-14 00:07:00,4587.19,4587.39,4586.27,4586.57,116
2026-01-14 00:08:00,4586.4,4587.51,4586.4,4587.09,112
2026-01-14 00:09:00,4586.64,4586.7,4586.16,4586.28,103
2026-01-14 00:10:00,4586.35,4587.02,4586.28,4586.72,92
2026-01-14 00:11:00,4586.7,4586.7,4586.46,4586.66,60
2026-01-14 00:12:00,4586.61,4586.85,4586.04,4586.81,86
2026-01-14 00:13:00,4586.71,4587.35,4586.55,4586.55,106
2026-01-14 00:14:00,4586.6,4586.6,4583.45,4583.6,196
2026-01-14 00:15:00,4583.64,4583.7,4582.92,4583.44,128
2026-01-14 00:16:00,4583.57,4584.92,4583.42,4584.19,165
2026-01-14 00:17:00,4584.21,4585.85,4583.84,4585.48,175
2026-01-14 00:18:00,4585.63,4586.72,4585.54,4586.41,100
2026-01-14 00:19:00,4586.42,4586.82,4586.04,4586.04,129
2026-01-14 00:20:00,4586.03,4586.85,4585.81,4586.84,125
2026-01-14 00:21:00,4587.17,4587.48,4586.41,4586.81,123
2026-01-14 00:22:00,4586.59,4587.02,4585.75,4586.88,143
2026-01-14 00:23:00,4586.44,4586.91,4586.08,4586.91,142
2026-01-14 00:24:00,4586.94,4586.94,4586.47,4586.87,95
2026-01-14 00:25:00,4586.9,4587.56,4586.59,4587.55,144
2026-01-14 00:26:00,4587.58,4588.58,4587.52,4588.41,125
2026-01-14 00:27:00,4588.46,4589.43,4588.46,4589.06,150
2026-01-14 00:28:00,4589.07,4589.07,4587.58,4587.97,142
2026-01-14 00:29:00,4587.99,4588.01,4586.8,4587.9,152
2026-01-14 00:30:00,4587.79,4588.37,4587.65,4588.34,150
2026-01-14 00:31:00,4588.38,4588.4,4585.95,4586.82,125
2026-01-14 00:32:00,4586.61,4588.51,4586.26,4587.53,180
2026-01-14 00:33:00,4587.58,4588.05,4587.35,4588.03,50
2026-01-14 00:34:00,4587.99,4588.11,4586.95,4587.12,83
2026-01-14 00:35:00,4587.22,4589.41,4586.77,4587.69,149
2026-01-14 00:36:00,4587.75,4588.22,4587.3,4588.11,110
2026-01-14 00:37:00,4588.1,4588.25,4585.73,4587.11,144
2026-01-14 00:38:00,4587.09,4588.87,4587.09,4588.54,121
2026-01-14 00:39:00,4588.53,4588.66,4587.42,4587.68,122
2026-01-14 00:40:00,4587.71,4588.69,4587.43,4588.69,76
2026-01-14 00:41:00,4588.66,4588.89,4586.54,4588.89,129
2026-01-14 00:42:00,4588.74,4589.13,4587.27,4588.75,125
2026-01-14 00:43:00,4588.76,4588.94,4587.61,4587.77,102
2026-01-14 00:44:00,4587.77,4589.17,4587.5,4589.05,62
2026-01-14 00:45:00,4589.5,4589.76,4587.76,4588.95,166
2026-01-14 00:46:00,4588.77,4589.74,4587.79,4589.48,120
2026-01-14 00:47:00,4589.41,4589.55,4587.73,4587.99,74
2026-01-14 00:48:00,4587.99,4588.12,4587.45,4587.92,100
2026-01-14 00:49:00,4587.92,4588.04,4587.46,4587.92,100
2026-01-14 00:50:00,4588.0,4588.12,4587.18,4587.54,103
2026-01-14 00:51:00,4587.53,4587.91,4587.39,4587.39,81
2026-01-14 00:52:00,4587.42,4587.76,4587.42,4587.65,52
2026-01-14 00:53:00,4587.67,4587.69,4587.09,4587.39,52
2026-01-14 00:54:00,4587.38,4587.78,4586.98,4587.13,81
2026-01-14 00:55:00,4587.25,4587.51,4586.35,4586.59,78
2026-01-14 00:56:00,4586.59,4587.01,4586.57,4586.79,72
2026-01-14 00:57:00,4586.84,4586.92,4586.06,4586.43,48
2026-01-14 00:58:00,4586.51,4586.75,4585.94,4586.37,47
2026-01-14 02:01:00,4592.09,4592.18,4589.42,4592.07,170
2026-01-14 02:02:00,4592.05,4592.58,4591.78,4592.37,183
2026-01-14 02:03:00,4592.29,4592.42,4591.22,4592.42,109
2026-01-14 02:04:00,4592.17,4592.35,4591.62,4591.8,79
2026-01-14 02:05:00,4591.42,4592.43,4591.42,4591.94,118
2026-01-14 02:06:00,4591.93,4591.93,4591.65,4591.68,93
2026-01-14 02:07:00,4591.83,4594.82,4591.79,4594.79,175
2026-01-14 02:08:00,4594.82,4595.19,4593.39,4593.39,166
2026-01-14 02:09:00,4593.43,4593.55,4592.13,4592.8,187
2026-01-14 02:10:00,4592.83,4594.2,4592.83,4593.89,180
2026-01-14 02:11:00,4593.94,4594.45,4593.58,4593.63,126
2026-01-14 02:12:00,4593.82,4594.24,4593.39,4593.93,111
2026-01-14 02:13:00,4593.75,4595.68,4593.46,4595.57,128
2026-01-14 02:14:00,4595.4,4595.88,4594.92,4595.88,160
2026-01-14 02:15:00,4595.89,4596.77,4595.39,4596.04,194
2026-01-14 02:16:00,4596.04,4596.28,4593.48,4593.9,158
2026-01-14 02:17:00,4593.8,4593.8,4592.95,4593.57,104
2026-01-14 02:18:00,4593.72,4595.54,4593.72,4595.53,83
2026-01-14 02:19:00,4595.43,4595.43,4594.51,4594.85,81
2026-01-14 02:20:00,4595.13,4595.94,4595.05,4595.54,80
2026-01-14 02:21:00,4595.49,4595.6,4594.89,4595.08,110
2026-01-14 02:22:00,4594.98,4595.23,4594.37,4594.74,97
2026-01-14 02:23:00,4594.72,4595.44,4594.36,4595.29,102
2026-01-14 02:24:00,4595.24,4596.34,4594.85,4596.33,91
2026-01-14 02:25:00,4596.39,4597.77,4596.19,4597.38,193
2026-01-14 02:26:00,4597.38,4597.7,4596.72,4597.1,140
2026-01-14 02:27:00,4597.05,4597.67,4597.03,4597.6,160
2026-01-14 02:28:00,4597.11,4597.11,4596.35,4596.42,147
2026-01-14 02:29:00,4596.37,4597.19,4596.07,4597.13,142
2026-01-14 02:30:00,4597.09,4597.09,4595.73,4596.23,198
2026-01-14 02:31:00,4596.15,4596.51,4595.71,4595.92,150
2026-01-14 02:32:00,4595.84,4595.88,4594.79,4594.84,176
2026-01-14 02:33:00,4594.85,4595.92,4594.62,4595.46,157
2026-01-14 02:34:00,4595.47,4596.81,4595.44,4595.65,146
2026-01-14 02:35:00,4595.64,4596.32,4595.64,4596.12,122
2026-01-14 02:36:00,4596.12,4596.36,4594.81,4595.05,134
2026-01-14 02:37:00,4595.12,4595.49,4594.96,4595.13,131
2026-01-14 02:38:00,4595.32,4595.59,4594.87,4595.0,157
2026-01-14 02:39:00,4595.06,4596.59,4594.83,4596.59,131
2026-01-14 02:40:00,4596.6,4596.6,4595.05,4595.05,183
2026-01-14 02:41:00,4594.99,4595.31,4594.11,4595.09,188
2026-01-14 02:42:00,4594.95,4594.95,4593.15,4594.29,134
2026-01-14 02:43:00,4594.26,4595.32,4594.21,4594.23,140
2026-01-14 02:44:00,4594.15,4594.78,4594.15,4594.34,94
2026-01-14 02:45:00,4594.37,4595.38,4594.06,4594.06,135
2026-01-14 02:46:00,4594.04,4595.26,4593.72,4595.26,134
2026-01-14 02:47:00,4595.35,4595.89,4594.99,4595.74,119
2026-01-14 02:48:00,4595.72,4595.77,4595.21,4595.58,102
2026-01-14 02:49:00,4595.68,4596.21,4595.43,4596.16,96
2026-01-14 02:50:00,4595.98,4596.28,4595.91,4596.07,86
2026-01-14 02:51:00,4596.12,4596.12,4594.44,4594.91,69
2026-01-14 02:52:00,4594.86,4596.23,4594.86,4596.08,94
2026-01-14 02:53:00,4596.13,4596.31,4595.99,4596.21,58
2026-01-14 02:54:00,4596.25,4597.43,4596.19,4597.18,82
2026-01-14 02:55:00,4597.17,4598.51,4597.17,4598.35,163
2026-01-14 02:56:00,4598.34,4598.65,4598.11,4598.58,138
2026-01-14 02:57:00,4598.57,4598.57,4597.54,4597.54,136
2026-01-14 02:58:00,4597.49,4597.69,4596.98,4597.53,146
2026-01-14 02:59:00,4597.51,4597.58,4596.87,4597.01,135
2026-01-14 03:00:00,4597.02,4599.1,4597.02,4598.54,210
2026-01-14 03:01:00,4598.58,4600.43,4598.07,4599.97,214
2026-01-14 03:02:00,4599.96,4600.36,4599.62,4600.26,139
2026-01-14 03:03:00,4600.22,4602.31,4600.08,4602.17,150
2026-01-14 03:04:00,4602.27,4603.53,4601.78,4603.42,179
2026-01-14 03:05:00,4603.43,4604.32,4602.2,4603.15,202
2026-01-14 03:06:00,4603.18,4604.26,4603.05,4603.92,141
2026-01-14 03:07:00,4604.1,4607.15,4603.93,4606.25,240
2026-01-14 03:08:00,4606.2,4607.72,4605.63,4607.31,174
2026-01-14 03:09:00,4607.36,4607.67,4605.74,4606.61,207
2026-01-14 03:10:00,4606.63,4606.82,4605.62,4605.88,221
2026-01-14 03:11:00,4606.05,4606.84,4605.65,4606.17,208
2026-01-14 03:12:00,4606.16,4606.83,4605.69,4605.95,179
2026-01-14 03:13:00,4605.99,4606.26,4605.45,4605.81,149
2026-01-14 03:14:00,4605.76,4605.76,4604.73,4605.2,131
2026-01-14 03:15:00,4605.15,4606.73,4604.95,4606.3,163
2026-01-14 03:16:00,4606.34,4607.46,4605.93,4605.95,137
2026-01-14 03:17:00,4605.85,4606.62,4605.85,4606.35,106
2026-01-14 03:18:00,4606.25,4606.35,4605.63,4605.95,127
2026-01-14 03:19:00,4605.85,4605.86,4605.3,4605.52,123
2026-01-14 03:20:00,4605.6,4605.94,4605.45,4605.77,115
2026-01-14 03:21:00,4605.72,4605.72,4604.1,4605.28,149
2026-01-14 03:22:00,4605.28,4605.34,4603.99,4604.32,144
2026-01-14 03:23:00,4604.27,4604.39,4603.14,4603.97,182
2026-01-14 03:24:00,4603.87,4604.35,4603.04,4603.61,155
2026-01-14 03:25:00,4603.56,4604.07,4603.29,4604.02,144
2026-01-14 03:26:00,4604.17,4609.27,4604.16,4609.27,227
2026-01-14 03:27:00,4609.31,4610.32,4607.03,4607.1,226
2026-01-14 03:28:00,4607.12,4608.84,4607.12,4608.42,223
2026-01-14 03:29:00,4608.37,4609.97,4608.32,4609.68,175
2026-01-14 03:30:00,4609.91,4610.17,4607.75,4610.04,207
2026-01-14 03:31:00,4610.14,4610.14,4607.9,4608.36,224
2026-01-14 03:32:00,4608.37,4609.08,4608.3,4609.01,208
2026-01-14 03:33:00,4609.05,4610.07,4608.59,4609.47,223
2026-01-14 03:34:00,4609.5,4609.57,4608.55,4608.56,184
2026-01-14 03:35:00,4608.34,4608.38,4607.05,4607.56,183
2026-01-14 03:36:00,4607.79,4608.65,4607.39,4608.34,162
2026-01-14 03:37:00,4608.22,4608.73,4607.84,4608.48,181
2026-01-14 03:38:00,4608.51,4609.1,4607.71,4608.93,200
2026-01-14 03:39:00,4608.88,4608.89,4607.17,4607.96,141
2026-01-14 03:40:00,4607.98,4608.6,4607.59,4607.95,136
2026-01-14 03:41:00,4607.78,4610.5,4607.78,4610.5,158
2026-01-14 03:42:00,4610.62,4610.62,4608.85,4609.22,177
2026-01-14 03:43:00,4609.27,4609.34,4608.52,4609.21,173
2026-01-14 03:44:00,4609.24,4609.37,4608.55,4608.63,143
2026-01-14 03:45:00,4608.65,4608.82,4605.49,4605.9,211
2026-01-14 03:46:00,4606.0,4606.75,4605.5,4606.75,275
2026-01-14 03:47:00,4606.72,4606.87,4605.78,4606.09,242
2026-01-14 03:48:00,4606.02,4606.46,4605.15,4605.29,219
2026-01-14 03:49:00,4605.28,4605.57,4604.86,4605.26,182
2026-01-14 03:50:00,4605.15,4605.76,4604.72,4605.76,183
2026-01-14 03:51:00,4605.77,4607.28,4605.74,4607.11,264
2026-01-14 03:52:00,4606.89,4607.26,4605.87,4606.37,215
2026-01-14 03:53:00,4606.38,4606.43,4605.56,4606.16,203
2026-01-14 03:54:00,4606.28,4606.54,4605.87,4606.12,215
2026-01-14 03:55:00,4605.88,4606.93,4605.61,4606.73,208
2026-01-14 03:56:00,4606.72,4606.83,4606.22,4606.62,209
2026-01-14 03:57:00,4606.63,4607.84,4606.56,4607.59,221
2026-01-14 03:58:00,4607.51,4607.85,4606.93,4607.46,195
2026-01-14 03:59:00,4607.57,4610.44,4607.57,4608.95,269
2026-01-14 04:00:00,4609.15,4613.75,4606.2,4613.61,353
2026-01-14 04:01:00,4613.35,4614.07,4611.2,4613.95,345
2026-01-14 04:02:00,4614.18,4615.69,4613.44,4614.25,330
2026-01-14 04:03:00,4614.19,4615.03,4611.99,4613.73,318
2026-01-14 04:04:00,4613.84,4615.57,4612.61,4615.3,317
2026-01-14 04:05:00,4615.32,4615.77,4611.83,4612.42,299
2026-01-14 04:06:00,4612.38,4616.09,4612.15,4614.78,299
2026-01-14 04:07:00,4614.93,4615.95,4611.72,4612.18,322
2026-01-14 04:08:00,4612.1,4613.5,4611.5,4613.5,307
2026-01-14 04:09:00,4613.41,4614.51,4611.59,4611.6,283
2026-01-14 04:10:00,4611.39,4613.94,4610.6,4613.94,285
2026-01-14 04:11:00,4613.89,4615.83,4613.25,4615.71,282
2026-01-14 04:12:00,4615.55,4615.7,4614.07,4614.9,308
2026-01-14 04:13:00,4614.94,4617.04,4614.47,4616.45,270
2026-01-14 04:14:00,4616.42,4616.73,4615.22,4615.49,263
2026-01-14 04:15:00,4615.44,4615.89,4613.27,4615.68,257
2026-01-14 04:16:00,4615.73,4617.18,4614.97,4616.26,261
2026-01-14 04:17:00,4616.2,4618.15,4616.2,4617.46,235
2026-01-14 04:18:00,4617.41,4617.6,4616.37,4616.67,239
2026-01-14 04:19:00,4616.5,4618.1,4616.32,4617.17,195
2026-01-14 04:20:00,4617.11,4618.19,4615.97,4616.27,239
2026-01-14 04:21:00,4616.33,4616.6,4615.06,4615.09,239
2026-01-14 04:22:00,4615.14,4616.08,4614.38,4614.52,204
2026-01-14 04:23:00,4614.67,4615.08,4613.64,4613.77,216
2026-01-14 04:24:00,4613.72,4613.99,4612.12,4612.36,229
2026-01-14 04:25:00,4612.33,4614.07,4611.95,4614.01,221
2026-01-14 04:26:00,4613.95,4616.23,4613.91,4616.18,180
2026-01-14 04:27:00,4616.27,4616.48,4614.28,4615.04,189
2026-01-14 04:28:00,4615.09,4615.59,4614.43,4614.54,168
2026-01-14 04:29:00,4614.69,4615.01,4614.03,4614.72,192
2026-01-14 04:30:00,4614.62,4615.11,4613.61,4614.26,268
2026-01-14 04:31:00,4614.35,4615.17,4613.67,4614.55,216
2026-01-14 04:32:00,4614.54,4616.65,4614.54,4615.86,216
2026-01-14 04:33:00,4615.9,4616.27,4615.1,4615.59,207
2026-01-14 04:34:00,4615.5,4615.82,4614.82,4615.07,176
2026-01-14 04:35:00,4614.59,4616.41,4614.22,4616.41,226
2026-01-14 04:36:00,4616.41,4616.72,4615.96,4616.16,219
2026-01-14 04:37:00,4616.35,4618.32,4616.0,4618.12,224
2026-01-14 04:38:00,4618.15,4618.15,4616.98,4617.07,236
2026-01-14 04:39:00,4617.12,4618.16,4616.78,4617.88,257
2026-01-14 04:40:00,4617.89,4618.78,4616.46,4616.56,256
2026-01-14 04:41:00,4616.64,4616.82,4615.51,4615.9,227
2026-01-14 04:42:00,4616.0,4616.33,4614.81,4615.11,204
2026-01-14 04:43:00,4615.12,4615.74,4614.55,4614.97,259
2026-01-14 04:44:00,4615.13,4616.12,4614.42,4614.69,322
2026-01-14 04:45:00,4614.72,4617.05,4614.72,4616.08,245
2026-01-14 04:46:00,4616.06,4616.56,4615.17,4615.5,246
2026-01-14 04:47:00,4614.71,4615.59,4614.0,4615.44,243
2026-01-14 04:48:00,4615.2,4618.13,4613.62,4613.62,289
2026-01-14 04:49:00,4613.91,4614.63,4613.53,4613.73,250
2026-01-14 04:50:00,4613.72,4614.69,4613.5,4614.41,258
2026-01-14 04:51:00,4614.33,4615.96,4614.33,4614.64,293
2026-01-14 04:52:00,4614.62,4618.14,4614.62,4617.69,313
2026-01-14 04:53:00,4617.8,4619.61,4617.8,4619.04,289
2026-01-14 04:54:00,4618.97,4619.64,4618.69,4619.47,236
2026-01-14 04:55:00,4619.39,4619.63,4618.72,4618.72,188
2026-01-14 04:56:00,4618.81,4619.65,4618.7,4619.2,212
2026-01-14 04:57:00,4619.25,4619.71,4618.84,4619.07,254
2026-01-14 04:58:00,4619.06,4619.96,4618.93,4619.36,245
2026-01-14 04:59:00,4619.48,4619.82,4618.77,4619.2,206
2026-01-14 05:00:00,4619.25,4619.96,4616.96,4617.62,260
2026-01-14 05:01:00,4617.49,4618.8,4616.96,4617.75,236
2026-01-14 05:02:00,4617.8,4619.44,4617.5,4619.42,252
2026-01-14 05:03:00,4619.44,4620.66,4618.6,4619.01,265
2026-01-14 05:04:00,4618.98,4619.0,4617.22,4618.14,236
2026-01-14 05:05:00,4618.16,4620.43,4617.99,4619.9,229
2026-01-14 05:06:00,4619.89,4620.33,4619.03,4619.92,223
2026-01-14 05:07:00,4619.94,4620.18,4618.36,4618.54,232
2026-01-14 05:08:00,4618.54,4619.44,4616.1,4616.56,279
2026-01-14 05:09:00,4616.16,4617.52,4614.21,4614.7,287
2026-01-14 05:10:00,4614.68,4617.43,4614.51,4617.28,258
2026-01-14 05:11:00,4617.35,4618.64,4616.35,4618.45,225
2026-01-14 05:12:00,4618.5,4619.43,4618.06,4618.6,229
2026-01-14 05:13:00,4618.49,4618.64,4617.7,4618.19,207
2026-01-14 05:14:00,4618.14,4618.62,4617.13,4618.24,218
2026-01-14 05:15:00,4618.33,4618.37,4617.09,4617.22,218
2026-01-14 05:16:00,4617.59,4617.82,4616.59,4617.17,217
2026-01-14 05:17:00,4617.1,4619.0,4617.1,4618.71,189
2026-01-14 05:18:00,4618.6,4619.18,4618.16,4618.28,188
2026-01-14 05:19:00,4618.23,4618.68,4617.75,4617.89,126
2026-01-14 05:20:00,4618.09,4619.56,4617.89,4618.51,130
2026-01-14 05:21:00,4618.85,4620.46,4618.68,4620.01,125
2026-01-14 05:22:00,4620.09,4620.3,4619.38,4619.94,140
2026-01-14 05:23:00,4619.89,4620.35,4618.74,4619.95,196
2026-01-14 05:24:00,4619.94,4621.16,4619.73,4620.81,165
2026-01-14 05:25:00,4620.84,4620.96,4620.17,4620.23,137
2026-01-14 05:26:00,4620.23,4621.1,4619.73,4620.54,172
2026-01-14 05:27:00,4620.61,4621.1,4620.41,4620.48,127
2026-01-14 05:28:00,4620.51,4620.68,4620.22,4620.31,146
2026-01-14 05:29:00,4620.29,4620.57,4619.74,4619.95,166
2026-01-14 05:30:00,4620.1,4620.77,4618.09,4618.6,270
2026-01-14 05:31:00,4618.54,4621.59,4618.06,4621.15,247
2026-01-14 05:32:00,4621.04,4622.62,4621.04,4621.54,187
2026-01-14 05:33:00,4621.5,4622.01,4619.65,4619.92,226
2026-01-14 05:34:00,4619.85,4620.1,4618.85,4618.99,274
2026-01-14 05:35:00,4619.0,4619.86,4618.55,4619.1,261
2026-01-14 05:36:00,4619.16,4619.68,4618.66,4619.65,223
2026-01-14 05:37:00,4619.7,4621.12,4619.23,4620.69,272
2026-01-14 05:38:00,4620.75,4622.16,4620.69,4621.75,256
2026-01-14 05:39:00,4621.73,4622.1,4621.07,4621.09,184
2026-01-14 05:40:00,4621.08,4622.09,4621.0,4621.88,179
2026-01-14 05:41:00,4621.78,4622.11,4621.02,4622.11,182
2026-01-14 05:42:00,4622.09,4622.29,4621.0,4621.35,235
2026-01-14 05:43:00,4621.36,4621.86,4620.88,4621.22,235
2026-01-14 05:44:00,4621.23,4621.89,4621.02,4621.32,215
2026-01-14 05:45:00,4621.4,4621.4,4618.2,4618.99,260
2026-01-14 05:46:00,4618.98,4620.81,4618.95,4620.6,271
2026-01-14 05:47:00,4620.53,4623.41,4620.38,4623.02,226
2026-01-14 05:48:00,4622.98,4623.66,4622.12,4622.19,221
2026-01-14 05:49:00,4622.23,4622.68,4621.53,4621.77,233
2026-01-14 05:50:00,4621.56,4622.09,4619.68,4620.13,223
2026-01-14 05:51:00,4620.09,4621.0,4620.03,4620.51,158
2026-01-14 05:52:00,4620.48,4621.28,4619.62,4620.33,229
2026-01-14 05:53:00,4620.37,4620.43,4619.29,4619.49,229
2026-01-14 05:54:00,4619.82,4621.22,4619.82,4620.03,227
2026-01-14 05:55:00,4620.08,4621.45,4619.86,4621.18,217
2026-01-14 05:56:00,4621.13,4622.04,4620.78,4621.41,197
2026-01-14 05:57:00,4621.44,4621.86,4621.23,4621.52,158
2026-01-14 05:58:00,4621.43,4621.44,4620.65,4620.69,190
2026-01-14 05:59:00,4620.59,4620.76,4619.97,4620.45,188
2026-01-14 06:00:00,4620.2,4622.22,4620.2,4622.22,221
2026-01-14 06:01:00,4622.27,4622.72,4621.64,4621.87,197
2026-01-14 06:02:00,4621.81,4622.04,4621.26,4621.68,216
2026-01-14 06:03:00,4621.66,4622.35,4621.38,4621.46,213
2026-01-14 06:04:00,4621.48,4622.18,4621.23,4622.05,214
2026-01-14 06:05:00,4622.04,4622.16,4621.31,4621.4,171
2026-01-14 06:06:00,4621.44,4622.31,4620.72,4622.07,260
2026-01-14 06:07:00,4622.16,4622.16,4620.37,4620.47,250
2026-01-14 06:08:00,4620.48,4620.87,4619.43,4620.0,267
2026-01-14 06:09:00,4620.03,4621.12,4618.86,4618.86,264
2026-01-14 06:10:00,4618.79,4619.76,4618.3,4618.34,254
2026-01-14 06:11:00,4618.41,4619.13,4617.56,4618.65,270
2026-01-14 06:12:00,4618.5,4619.3,4618.16,4619.22,248
2026-01-14 06:13:00,4619.29,4620.18,4618.94,4618.94,189
2026-01-14 06:14:00,4618.91,4619.21,4617.66,4618.08,253
2026-01-14 06:15:00,4618.17,4619.61,4617.62,4618.73,256
2026-01-14 06:16:00,4618.53,4619.88,4618.49,4619.77,232
2026-01-14 06:17:00,4619.5,4619.85,4618.84,4618.99,226
2026-01-14 06:18:00,4619.27,4620.1,4618.05,4619.91,194
2026-01-14 06:19:00,4619.93,4621.6,4619.93,4620.9,220
2026-01-14 06:20:00,4620.78,4621.2,4620.34,4620.48,197
2026-01-14 06:21:00,4620.49,4621.2,4619.56,4620.09,213
2026-01-14 06:22:00,4619.99,4620.2,4619.18,4619.19,182
2026-01-14 06:23:00,4618.9,4619.74,4618.64,4618.86,167
2026-01-14 06:24:00,4618.84,4619.2,4618.79,4618.8,145
2026-01-14 06:25:00,4618.85,4619.67,4618.18,4618.38,213
2026-01-14 06:26:00,4618.39,4619.09,4617.76,4618.19,258
2026-01-14 06:27:00,4618.25,4619.13,4617.42,4617.43,252
2026-01-14 06:28:00,4617.44,4617.53,4615.83,4615.92,293
2026-01-14 06:29:00,4615.87,4615.9,4613.37,4615.11,325
2026-01-14 06:30:00,4615.05,4616.83,4614.9,4616.16,188
2026-01-14 06:31:00,4616.21,4618.26,4616.14,4618.26,189
2026-01-14 06:32:00,4618.13,4619.21,4618.13,4619.11,143
2026-01-14 06:33:00,4619.16,4620.87,4619.16,4620.64,170
2026-01-14 06:34:00,4620.5,4621.11,4620.5,4621.11,88
2026-01-14 06:35:00,4620.97,4622.22,4620.48,4622.12,129
2026-01-14 06:36:00,4622.16,4623.11,4621.98,4622.88,104
2026-01-14 06:37:00,4622.92,4623.27,4622.81,4623.11,165
2026-01-14 06:38:00,4623.06,4623.31,4622.76,4622.76,98
2026-01-14 06:39:00,4622.69,4625.55,4622.69,4624.54,197
2026-01-14 06:40:00,4624.43,4624.43,4622.77,4623.42,153
2026-01-14 06:41:00,4623.43,4623.49,4622.52,4622.52,178
2026-01-14 06:42:00,4622.53,4623.4,4622.53,4623.14,142
2026-01-14 06:43:00,4623.0,4623.61,4622.79,4623.57,137
2026-01-14 06:44:00,4623.41,4624.62,4623.23,4624.16,197
2026-01-14 06:45:00,4623.85,4624.54,4623.28,4624.44,218
2026-01-14 06:46:00,4624.49,4624.93,4623.91,4624.13,171
2026-01-14 06:47:00,4624.13,4624.35,4623.45,4623.45,193
2026-01-14 06:48:00,4623.46,4624.2,4623.41,4624.02,209
2026-01-14 06:49:00,4623.94,4624.08,4623.47,4623.9,176
2026-01-14 06:50:00,4623.91,4624.86,4623.91,4624.01,162
2026-01-14 06:51:00,4623.96,4626.1,4623.9,4626.05,202
2026-01-14 06:52:00,4626.08,4626.42,4625.19,4625.93,202
2026-01-14 06:53:00,4626.0,4626.48,4625.85,4626.38,137
2026-01-14 06:54:00,4626.4,4627.59,4626.22,4627.48,211
2026-01-14 06:55:00,4627.48,4627.74,4625.76,4625.81,207
2026-01-14 06:56:00,4625.73,4626.13,4625.43,4626.07,227
2026-01-14 06:57:00,4626.1,4629.5,4625.7,4629.32,218
2026-01-14 06:58:00,4629.47,4629.79,4628.5,4628.83,175
2026-01-14 06:59:00,4629.02,4629.08,4628.07,4628.18,202
2026-01-14 07:00:00,4628.12,4628.77,4627.89,4628.63,171
2026-01-14 07:01:00,4628.52,4629.33,4627.95,4627.95,183
2026-01-14 07:02:00,4628.05,4629.88,4628.05,4628.89,238
2026-01-14 07:03:00,4628.93,4629.99,4628.75,4629.87,200
2026-01-14 07:04:00,4629.77,4629.8,4628.78,4628.92,221
2026-01-14 07:05:00,4628.92,4629.23,4628.19,4628.23,153
2026-01-14 07:06:00,4628.19,4628.61,4627.76,4627.86,187
2026-01-14 07:07:00,4627.85,4628.61,4627.61,4628.21,144
2026-01-14 07:08:00,4628.2,4628.7,4628.0,4628.19,195
2026-01-14 07:09:00,4628.21,4628.47,4627.76,4628.07,162
2026-01-14 07:10:00,4627.97,4628.57,4627.23,4627.72,246
2026-01-14 07:11:00,4627.64,4627.69,4626.77,4627.48,200
2026-01-14 07:12:00,4627.57,4627.92,4627.27,4627.72,226
2026-01-14 07:13:00,4627.71,4628.12,4627.05,4627.39,182
2026-01-14 07:14:00,4627.4,4627.94,4627.36,4627.42,92
2026-01-14 07:15:00,4627.38,4629.22,4627.32,4629.21,127
2026-01-14 07:16:00,4629.24,4629.9,4629.24,4629.5,260
2026-01-14 07:17:00,4629.46,4630.0,4629.12,4629.12,185
2026-01-14 07:18:00,4629.04,4629.74,4628.69,4628.96,183
2026-01-14 07:19:00,4628.98,4629.28,4628.54,4628.66,178
2026-01-14 07:20:00,4628.67,4628.7,4627.95,4628.54,173
2026-01-14 07:21:00,4628.43,4628.54,4627.31,4627.31,158
2026-01-14 07:22:00,4627.13,4627.34,4626.61,4627.15,197
2026-01-14 07:23:00,4627.05,4627.05,4626.23,4626.68,148
2026-01-14 07:24:00,4626.67,4627.02,4626.26,4627.02,154
2026-01-14 07:25:00,4627.03,4627.41,4626.58,4626.71,137
2026-01-14 07:26:00,4626.76,4626.77,4626.1,4626.29,163
2026-01-14 07:27:00,4626.39,4626.75,4626.12,4626.2,158
2026-01-14 07:28:00,4626.1,4626.48,4625.96,4626.06,136
2026-01-14 07:29:00,4626.01,4626.48,4625.27,4626.48,169
2026-01-14 07:30:00,4626.44,4626.55,4625.93,4626.23,99
2026-01-14 07:31:00,4626.22,4626.39,4625.41,4626.28,178
2026-01-14 07:32:00,4626.38,4627.42,4626.38,4627.32,138
2026-01-14 07:33:00,4627.56,4628.03,4627.37,4627.82,102
2026-01-14 07:34:00,4627.73,4628.5,4627.59,4628.37,107
2026-01-14 07:35:00,4628.56,4629.09,4627.87,4628.96,136
2026-01-14 07:36:00,4628.87,4629.4,4628.72,4629.21,137
2026-01-14 07:37:00,4629.18,4629.82,4629.11,4629.51,140
2026-01-14 07:38:00,4629.49,4629.8,4628.67,4628.67,113
2026-01-14 07:39:00,4628.65,4628.93,4628.61,4628.81,123
2026-01-14 07:40:00,4628.75,4628.79,4628.11,4628.67,110
2026-01-14 07:41:00,4628.67,4629.1,4628.59,4628.8,121
2026-01-14 07:42:00,4628.78,4628.78,4628.5,4628.61,84
2026-01-14 07:43:00,4628.7,4628.77,4628.03,4628.04,108
2026-01-14 07:44:00,4628.06,4628.2,4627.94,4628.06,62
2026-01-14 07:45:00,4627.96,4628.05,4626.89,4628.05,129
2026-01-14 07:46:00,4628.01,4629.42,4627.74,4627.74,188
2026-01-14 07:47:00,4627.94,4627.94,4627.31,4627.42,124
2026-01-14 07:48:00,4627.64,4628.92,4627.33,4628.8,140
2026-01-14 07:49:00,4628.8,4629.73,4628.8,4629.2,148
2026-01-14 07:50:00,4629.16,4629.4,4628.51,4628.6,148
2026-01-14 07:51:00,4628.61,4629.78,4628.21,4629.38,151
2026-01-14 07:52:00,4629.31,4630.2,4629.3,4630.02,132
2026-01-14 07:53:00,4630.04,4630.31,4629.08,4629.65,180
2026-01-14 07:54:00,4629.56,4629.89,4629.5,4629.58,120
2026-01-14 07:55:00,4629.58,4630.31,4629.36,4629.58,140
2026-01-14 07:56:00,4629.56,4629.79,4628.27,4628.44,135
2026-01-14 07:57:00,4628.43,4628.8,4627.82,4628.08,232
2026-01-14 07:58:00,4628.03,4629.07,4627.77,4628.45,178
2026-01-14 07:59:00,4628.43,4629.58,4628.17,4629.27,164
2026-01-14 08:00:00,4629.14,4631.04,4629.14,4630.56,212
2026-01-14 08:01:00,4630.43,4637.98,4630.43,4637.92,259
2026-01-14 08:02:00,4637.57,4639.12,4635.38,4638.47,302
2026-01-14 08:03:00,4638.43,4639.44,4638.26,4638.45,233
2026-01-14 08:04:00,4638.44,4639.4,4637.32,4638.76,253
2026-01-14 08:05:00,4638.66,4638.8,4636.28,4636.9,239
2026-01-14 08:06:00,4636.75,4636.75,4634.84,4634.87,205
2026-01-14 08:07:00,4634.84,4637.41,4634.48,4636.4,205
2026-01-14 08:08:00,4636.45,4637.06,4635.76,4635.94,149
2026-01-14 08:09:00,4635.89,4635.99,4635.02,4635.14,135
2026-01-14 08:10:00,4635.01,4635.89,4634.33,4635.78,192
2026-01-14 08:11:00,4635.88,4636.07,4634.45,4634.91,160
2026-01-14 08:12:00,4634.94,4634.95,4633.53,4633.89,208
2026-01-14 08:13:00,4633.76,4634.29,4633.15,4634.29,188
2026-01-14 08:14:00,4634.31,4634.46,4633.81,4634.03,178
2026-01-14 08:15:00,4634.0,4635.25,4633.7,4634.4,170
2026-01-14 08:16:00,4634.32,4634.6,4633.89,4634.39,126
2026-01-14 08:17:00,4634.28,4634.53,4633.17,4633.48,188
2026-01-14 08:18:00,4633.48,4633.48,4632.81,4632.82,211
2026-01-14 08:19:00,4632.81,4632.98,4632.05,4632.8,220
2026-01-14 08:20:00,4632.78,4633.95,4632.75,4633.08,185
2026-01-14 08:21:00,4633.09,4633.54,4631.48,4631.61,250
2026-01-14 08:22:00,4631.58,4632.13,4631.02,4632.11,208
2026-01-14 08:23:00,4632.08,4632.19,4631.67,4632.16,149
2026-01-14 08:24:00,4632.15,4633.73,4631.86,4633.73,152
2026-01-14 08:25:00,4633.69,4634.29,4633.27,4633.41,188
2026-01-14 08:26:00,4633.27,4633.27,4632.63,4632.74,167
2026-01-14 08:27:00,4632.74,4633.57,4632.47,4632.47,187
2026-01-14 08:28:00,4632.58,4635.07,4632.58,4635.05,234
2026-01-14 08:29:00,4635.06,4635.37,4633.96,4634.16,244
2026-01-14 08:30:00,4634.17,4634.81,4631.88,4633.57,350
2026-01-14 08:31:00,4633.39,4636.97,4633.39,4636.84,309
2026-01-14 08:32:00,4636.75,4637.11,4635.21,4636.87,312
2026-01-14 08:33:00,4636.88,4638.8,4636.75,4638.8,289
2026-01-14 08:34:00,4639.03,4639.51,4637.42,4638.32,313
2026-01-14 08:35:00,4638.39,4638.5,4635.53,4635.99,290
2026-01-14 08:36:00,4636.05,4637.62,4636.05,4637.06,254
2026-01-14 08:37:00,4637.26,4637.98,4637.02,4637.52,253
2026-01-14 08:38:00,4637.48,4637.89,4635.66,4636.51,276
2026-01-14 08:39:00,4636.42,4637.38,4636.33,4636.93,265
2026-01-14 08:40:00,4636.88,4638.33,4636.54,4636.86,253
2026-01-14 08:41:00,4636.86,4637.55,4635.99,4636.0,261
2026-01-14 08:42:00,4636.02,4637.68,4635.16,4637.24,250
2026-01-14 08:43:00,4637.19,4638.96,4636.48,4636.88,269
2026-01-14 08:44:00,4636.83,4638.04,4636.18,4636.23,243
2026-01-14 08:45:00,4636.29,4637.51,4635.97,4636.69,234
2026-01-14 08:46:00,4636.6,4636.6,4634.84,4635.37,211
2026-01-14 08:47:00,4635.45,4638.04,4634.91,4637.96,242
2026-01-14 08:48:00,4637.83,4638.61,4637.42,4638.35,249
2026-01-14 08:49:00,4638.46,4639.42,4638.29,4639.42,272
2026-01-14 08:50:00,4639.41,4639.41,4636.13,4636.51,273
2026-01-14 08:51:00,4636.56,4636.78,4634.08,4635.52,294
2026-01-14 08:52:00,4635.43,4638.05,4635.06,4637.1,240
2026-01-14 08:53:00,4637.16,4637.26,4635.95,4635.95,206
2026-01-14 08:54:00,4636.0,4636.34,4633.62,4634.09,253
2026-01-14 08:55:00,4634.25,4634.3,4629.78,4629.78,318
2026-01-14 08:56:00,4629.82,4629.82,4625.23,4626.9,362
2026-01-14 08:57:00,4626.72,4627.39,4618.08,4618.75,355
2026-01-14 08:58:00,4618.8,4624.72,4618.11,4621.88,366
2026-01-14 08:59:00,4621.69,4622.81,4618.1,4619.71,340
2026-01-14 09:00:00,4619.15,4623.11,4618.48,4619.49,344
2026-01-14 09:01:00,4619.41,4622.99,4619.05,4622.69,337
2026-01-14 09:02:00,4622.59,4625.09,4621.98,4622.54,320
2026-01-14 09:03:00,4622.5,4625.24,4620.28,4625.16,325
2026-01-14 09:04:00,4625.26,4626.95,4624.32,4626.79,306
2026-01-14 09:05:00,4627.21,4627.34,4625.55,4627.34,298
2026-01-14 09:06:00,4627.47,4629.07,4626.47,4626.65,319
2026-01-14 09:07:00,4626.7,4626.7,4623.39,4625.22,298
2026-01-14 09:08:00,4625.13,4626.75,4625.02,4625.73,302
2026-01-14 09:09:00,4625.44,4626.87,4624.74,4626.03,282
2026-01-14 09:10:00,4626.17,4627.68,4625.75,4626.67,290
2026-01-14 09:11:00,4626.68,4629.15,4625.09,4629.03,295
2026-01-14 09:12:00,4628.88,4633.21,4628.88,4632.33,328
2026-01-14 09:13:00,4632.48,4633.32,4632.07,4633.15,308
2026-01-14 09:14:00,4633.36,4635.12,4632.93,4633.47,291
2026-01-14 09:15:00,4633.5,4633.83,4632.85,4633.08,297
2026-01-14 09:16:00,4633.17,4633.47,4631.81,4632.47,278
2026-01-14 09:17:00,4632.65,4634.39,4632.32,4633.7,310
2026-01-14 09:18:00,4633.81,4634.09,4632.86,4633.85,248
2026-01-14 09:19:00,4633.8,4634.11,4632.76,4632.76,255
2026-01-14 09:20:00,4632.92,4633.35,4632.07,4632.5,275
2026-01-14 09:21:00,4632.58,4632.97,4630.91,4631.15,258
2026-01-14 09:22:00,4631.22,4632.43,4631.04,4632.19,283
2026-01-14 09:23:00,4632.15,4633.78,4631.82,4633.35,252
2026-01-14 09:24:00,4633.36,4634.8,4632.67,4634.69,231
2026-01-14 09:25:00,4634.58,4635.21,4633.19,4633.41,273
2026-01-14 09:26:00,4633.44,4634.58,4633.17,4634.1,266
2026-01-14 09:27:00,4634.02,4634.72,4632.67,4632.67,261
2026-01-14 09:28:00,4632.68,4634.01,4632.4,4633.55,227
2026-01-14 09:29:00,4633.61,4633.61,4632.38,4632.83,285
2026-01-14 09:30:00,4632.84,4633.19,4631.14,4632.16,302
2026-01-14 09:31:00,4632.21,4632.48,4628.52,4630.1,318
2026-01-14 09:32:00,4630.24,4630.43,4628.82,4629.17,270
2026-01-14 09:33:00,4629.02,4629.53,4627.56,4627.65,291
2026-01-14 09:34:00,4627.6,4628.74,4626.19,4626.41,293
2026-01-14 09:35:00,4626.39,4627.87,4625.97,4627.87,295
2026-01-14 09:36:00,4627.79,4629.32,4627.36,4629.25,277
2026-01-14 09:37:00,4629.26,4630.11,4628.68,4629.2,266
2026-01-14 09:38:00,4629.13,4630.18,4628.36,4629.78,279
2026-01-14 09:39:00,4629.84,4630.9,4628.56,4629.2,263
2026-01-14 09:40:00,4629.23,4629.87,4628.44,4629.31,300
2026-01-14 09:41:00,4629.3,4630.98,4629.3,4629.7,281
2026-01-14 09:42:00,4629.8,4629.8,4628.54,4629.43,227
2026-01-14 09:43:00,4629.82,4631.77,4629.3,4631.43,259
2026-01-14 09:44:00,4631.41,4632.08,4630.68,4630.72,220
2026-01-14 09:45:00,4630.75,4632.82,4630.75,4632.62,233
2026-01-14 09:46:00,4632.66,4634.74,4632.66,4634.33,268
2026-01-14 09:47:00,4634.37,4634.51,4633.45,4634.16,257
2026-01-14 09:48:00,4634.2,4634.66,4632.58,4632.88,247
2026-01-14 09:49:00,4632.79,4632.83,4631.65,4631.88,238
2026-01-14 09:50:00,4631.63,4632.87,4631.36,4632.87,255
2026-01-14 09:51:00,4632.88,4633.18,4630.95,4631.5,254
2026-01-14 09:52:00,4631.61,4631.63,4630.57,4631.42,251
2026-01-14 09:53:00,4631.52,4633.0,4631.27,4632.91,204
2026-01-14 09:54:00,4632.81,4633.65,4632.36,4633.62,232
2026-01-14 09:55:00,4633.57,4634.51,4633.12,4633.82,222
2026-01-14 09:56:00,4633.88,4634.69,4633.88,4634.08,266
2026-01-14 09:57:00,4634.0,4635.37,4633.88,4634.85,255
2026-01-14 09:58:00,4635.28,4636.5,4634.19,4636.21,284
2026-01-14 09:59:00,4636.2,4637.18,4635.76,4637.18,229
2026-01-14 10:00:00,4637.91,4638.34,4632.64,4632.73,318
2026-01-14 10:01:00,4632.6,4634.7,4632.6,4634.34,271
2026-01-14 10:02:00,4634.51,4635.26,4634.37,4634.88,235
2026-01-14 10:03:00,4634.88,4635.93,4634.29,4635.39,242
2026-01-14 10:04:00,4635.47,4635.88,4634.33,4634.47,190
2026-01-14 10:05:00,4634.98,4634.98,4633.61,4633.8,196
2026-01-14 10:06:00,4634.56,4634.8,4632.52,4633.12,204
2026-01-14 10:07:00,4633.14,4633.78,4632.73,4633.18,189
2026-01-14 10:08:00,4633.17,4633.47,4632.98,4633.1,140
2026-01-14 10:09:00,4633.04,4633.22,4632.0,4632.08,158
2026-01-14 10:10:00,4632.05,4633.42,4632.03,4632.49,133
2026-01-14 10:11:00,4632.5,4632.71,4631.62,4631.75,109
2026-01-14 10:12:00,4631.65,4633.5,4631.58,4633.22,123
2026-01-14 10:13:00,4633.27,4634.23,4632.95,4633.53,166
2026-01-14 10:14:00,4633.58,4633.58,4632.32,4632.86,138
2026-01-14 10:15:00,4632.94,4633.69,4632.13,4633.67,202
2026-01-14 10:16:00,4633.68,4635.07,4633.52,4635.02,158
2026-01-14 10:17:00,4635.04,4635.36,4634.05,4635.21,218
2026-01-14 10:18:00,4635.17,4635.69,4634.92,4635.05,164
2026-01-14 10:19:00,4635.05,4635.05,4634.44,4634.87,143
2026-01-14 10:20:00,4634.86,4635.21,4634.2,4634.54,202
2026-01-14 10:21:00,4634.4,4634.57,4633.53,4633.61,216
2026-01-14 10:22:00,4633.51,4636.6,4633.51,4636.6,172
2026-01-14 10:23:00,4636.65,4638.8,4636.63,4637.52,244
2026-01-14 10:24:00,4637.57,4638.0,4637.18,4638.0,236
2026-01-14 10:25:00,4638.01,4638.42,4636.78,4637.62,148
2026-01-14 10:26:00,4637.68,4639.12,4637.63,4638.93,190
2026-01-14 10:27:00,4639.03,4639.57,4638.0,4638.42,198
2026-01-14 10:28:00,4638.33,4638.93,4637.12,4638.3,243
2026-01-14 10:29:00,4638.36,4638.36,4637.0,4637.19,174
2026-01-14 10:30:00,4636.96,4637.12,4634.8,4636.31,235
2026-01-14 10:31:00,4636.41,4636.55,4635.5,4636.02,220
2026-01-14 10:32:00,4635.97,4635.97,4634.01,4635.58,223
2026-01-14 10:33:00,4635.43,4636.13,4635.18,4635.99,162
2026-01-14 10:34:00,4636.0,4636.82,4635.88,4636.35,151
2026-01-14 10:35:00,4636.15,4638.21,4636.1,4637.62,141
2026-01-14 10:36:00,4637.67,4637.89,4637.21,4637.26,90
2026-01-14 10:37:00,4637.2,4637.83,4637.2,4637.55,82
2026-01-14 10:38:00,4637.44,4637.52,4636.89,4637.02,82
2026-01-14 10:39:00,4637.05,4637.15,4636.18,4636.64,125
2026-01-14 10:40:00,4636.61,4636.91,4636.11,4636.11,115
2026-01-14 10:41:00,4636.21,4636.45,4635.2,4636.42,119
2026-01-14 10:42:00,4636.46,4637.3,4636.36,4637.3,122
2026-01-14 10:43:00,4637.29,4638.38,4637.07,4637.2,182
2026-01-14 10:44:00,4637.05,4637.83,4636.31,4636.63,134
2026-01-14 10:45:00,4636.68,4637.66,4635.5,4635.57,145
2026-01-14 10:46:00,4635.67,4635.95,4634.49,4635.0,134
2026-01-14 10:47:00,4635.02,4635.39,4634.74,4634.97,108
2026-01-14 10:48:00,4634.92,4635.89,4634.65,4635.64,153
2026-01-14 10:49:00,4635.68,4636.38,4635.02,4636.24,173
2026-01-14 10:50:00,4636.14,4636.95,4635.83,4636.95,84
2026-01-14 10:51:00,4636.71,4636.98,4635.35,4635.42,98
2026-01-14 10:52:00,4635.47,4635.67,4634.28,4634.57,139
2026-01-14 10:53:00,4634.52,4634.74,4634.29,4634.45,104
2026-01-14 10:54:00,4634.5,4634.66,4633.53,4634.05,135
2026-01-14 10:55:00,4634.06,4634.06,4633.03,4633.92,155
2026-01-14 10:56:00,4633.84,4634.02,4633.29,4633.53,150
2026-01-14 10:57:00,4633.55,4633.56,4632.49,4632.98,208
2026-01-14 10:58:00,4632.99,4633.3,4632.68,4632.72,179
2026-01-14 10:59:00,4632.96,4633.77,4632.47,4632.54,193
2026-01-14 11:00:00,4632.49,4632.8,4630.67,4631.47,245
2026-01-14 11:01:00,4631.43,4633.55,4631.12,4632.9,265
2026-01-14 11:02:00,4632.92,4633.55,4632.8,4633.47,208
2026-01-14 11:03:00,4633.68,4634.0,4632.23,4633.74,256
2026-01-14 11:04:00,4633.84,4633.84,4631.13,4631.2,213
2026-01-14 11:05:00,4631.2,4631.59,4626.2,4626.24,280
2026-01-14 11:06:00,4625.95,4628.57,4624.79,4628.22,307
2026-01-14 11:07:00,4628.18,4629.05,4627.27,4628.35,207
2026-01-14 11:08:00,4628.61,4629.68,4626.33,4627.34,205
2026-01-14 11:09:00,4627.05,4627.45,4624.36,4624.36,264
2026-01-14 11:10:00,4624.27,4627.26,4623.57,4626.8,260
2026-01-14 11:11:00,4626.78,4627.15,4624.32,4625.98,241
2026-01-14 11:12:00,4626.08,4627.54,4625.84,4626.45,186
2026-01-14 11:13:00,4626.33,4627.66,4624.7,4627.57,206
2026-01-14 11:14:00,4627.56,4627.72,4626.76,4627.4,197
2026-01-14 11:15:00,4627.43,4627.69,4626.72,4627.55,171
2026-01-14 11:16:00,4627.62,4627.62,4626.65,4626.95,172
2026-01-14 11:17:00,4626.93,4627.14,4624.41,4624.97,209
2026-01-14 11:18:00,4625.02,4627.16,4625.02,4626.19,216
2026-01-14 11:19:00,4626.22,4626.58,4624.79,4625.01,215
2026-01-14 11:20:00,4625.0,4625.23,4624.04,4624.66,210
2026-01-14 11:21:00,4624.28,4627.43,4622.8,4625.81,285
2026-01-14 11:22:00,4625.91,4626.45,4624.78,4626.4,260
2026-01-14 11:23:00,4626.36,4628.74,4626.36,4628.35,226
2026-01-14 11:24:00,4628.32,4628.34,4627.28,4627.69,248
2026-01-14 11:25:00,4627.75,4627.92,4623.97,4623.97,273
2026-01-14 11:26:00,4624.08,4624.71,4622.92,4624.71,266
2026-01-14 11:27:00,4624.7,4624.89,4622.27,4623.47,279
2026-01-14 11:28:00,4623.21,4624.75,4621.99,4624.75,283
2026-01-14 11:29:00,4625.11,4625.75,4624.52,4625.01,220
2026-01-14 11:30:00,4625.0,4627.26,4624.47,4627.26,231
2026-01-14 11:31:00,4627.28,4627.66,4626.32,4626.4,216
2026-01-14 11:32:00,4626.42,4626.99,4625.95,4626.63,214
2026-01-14 11:33:00,4626.55,4627.56,4626.51,4627.21,207
2026-01-14 11:34:00,4627.12,4629.66,4627.06,4629.66,242
2026-01-14 11:35:00,4629.72,4630.82,4629.04,4630.82,180
2026-01-14 11:36:00,4630.83,4630.83,4628.58,4629.09,248
2026-01-14 11:37:00,4629.13,4630.49,4628.53,4629.8,222
2026-01-14 11:38:00,4629.81,4630.24,4628.63,4628.71,205
2026-01-14 11:39:00,4628.77,4630.99,4628.77,4630.99,198
2026-01-14 11:40:00,4630.87,4631.31,4629.96,4631.26,168
2026-01-14 11:41:00,4631.3,4631.69,4630.65,4631.35,205
2026-01-14 11:42:00,4631.45,4631.7,4630.38,4630.84,198
2026-01-14 11:43:00,4630.9,4632.11,4630.9,4632.01,202
2026-01-14 11:44:00,4632.1,4632.62,4631.62,4632.36,199
2026-01-14 11:45:00,4632.08,4633.47,4631.62,4633.42,194
2026-01-14 11:46:00,4633.41,4635.72,4633.05,4635.69,256
2026-01-14 11:47:00,4635.75,4637.92,4635.57,4637.51,242
2026-01-14 11:48:00,4637.36,4637.36,4635.13,4636.18,277
2026-01-14 11:49:00,4635.79,4636.75,4635.31,4635.31,208
2026-01-14 11:50:00,4635.42,4636.08,4634.86,4635.68,212
2026-01-14 11:51:00,4635.66,4636.4,4635.53,4635.89,175
2026-01-14 11:52:00,4635.91,4636.08,4635.3,4635.34,168
2026-01-14 11:53:00,4635.31,4635.91,4635.3,4635.55,154
2026-01-14 11:54:00,4635.48,4635.62,4633.57,4634.17,266
2026-01-14 11:55:00,4634.82,4635.2,4634.3,4634.95,266
2026-01-14 11:56:00,4634.96,4635.04,4634.13,4634.23,184
2026-01-14 11:57:00,4634.21,4634.3,4633.69,4633.84,261
2026-01-14 11:58:00,4633.82,4634.37,4632.78,4634.28,209
2026-01-14 11:59:00,4634.17,4634.92,4633.51,4634.87,193
2026-01-14 12:00:00,4634.69,4634.87,4633.82,4634.62,246
2026-01-14 12:01:00,4634.29,4634.59,4633.26,4634.02,264
2026-01-14 12:02:00,4633.99,4634.83,4633.88,4634.49,162
2026-01-14 12:03:00,4634.42,4634.51,4633.94,4633.97,198
2026-01-14 12:04:00,4633.87,4634.49,4633.37,4634.46,154
2026-01-14 12:05:00,4634.43,4636.5,4634.43,4636.46,236
2026-01-14 12:06:00,4636.54,4636.54,4635.64,4636.17,217
2026-01-14 12:07:00,4636.15,4636.86,4635.56,4636.77,194
2026-01-14 12:08:00,4636.85,4637.5,4636.85,4637.3,164
2026-01-14 12:09:00,4637.25,4638.61,4636.97,4638.03,204
2026-01-14 12:10:00,4637.99,4638.12,4635.46,4636.41,211
2026-01-14 12:11:00,4636.37,4637.7,4636.16,4637.63,162
2026-01-14 12:12:00,4637.59,4638.77,4637.48,4638.48,143
2026-01-14 12:13:00,4638.44,4639.16,4638.19,4638.79,192
2026-01-14 12:14:00,4638.71,4638.93,4638.39,4638.39,222
2026-01-14 12:15:00,4638.51,4638.75,4637.83,4637.83,215
2026-01-14 12:16:00,4637.84,4638.78,4637.84,4638.6,195
2026-01-14 12:17:00,4638.58,4639.16,4638.16,4638.38,186
2026-01-14 12:18:00,4638.37,4638.63,4637.69,4638.18,261
2026-01-14 12:19:00,4638.2,4639.46,4638.0,4639.03,208
2026-01-14 12:20:00,4639.0,4639.29,4638.2,4638.79,201
2026-01-14 12:21:00,4638.71,4639.17,4638.23,4638.4,184
2026-01-14 12:22:00,4638.34,4638.34,4636.37,4637.64,211
2026-01-14 12:23:00,4637.65,4637.65,4636.62,4637.09,175
2026-01-14 12:24:00,4637.08,4637.33,4636.63,4637.29,153
2026-01-14 12:25:00,4637.26,4637.94,4636.7,4636.74,137
2026-01-14 12:26:00,4636.73,4637.4,4636.48,4636.8,174
2026-01-14 12:27:00,4636.84,4637.95,4636.82,4637.42,164
2026-01-14 12:28:00,4637.38,4637.7,4636.95,4637.7,175
2026-01-14 12:29:00,4637.51,4637.53,4636.83,4637.44,173
2026-01-14 12:30:00,4637.47,4637.68,4636.93,4637.35,148
2026-01-14 12:31:00,4637.38,4637.53,4636.24,4637.02,171
2026-01-14 12:32:00,4637.01,4637.11,4635.76,4635.76,152
2026-01-14 12:33:00,4635.72,4635.9,4634.8,4634.81,144
2026-01-14 12:34:00,4634.76,4634.94,4633.79,4633.89,185
2026-01-14 12:35:00,4633.82,4633.82,4631.01,4631.45,215
2026-01-14 12:36:00,4631.44,4632.49,4630.65,4631.82,273
2026-01-14 12:37:00,4631.8,4632.74,4631.79,4632.12,151
2026-01-14 12:38:00,4632.26,4632.52,4630.02,4630.29,218
2026-01-14 12:39:00,4630.28,4631.7,4630.15,4630.19,185
2026-01-14 12:40:00,4630.2,4630.54,4629.43,4630.17,191
2026-01-14 12:41:00,4629.62,4629.65,4627.29,4627.46,233
2026-01-14 12:42:00,4627.43,4629.14,4627.36,4628.86,192
2026-01-14 12:43:00,4628.91,4629.6,4628.45,4628.57,177
2026-01-14 12:44:00,4628.56,4628.58,4627.59,4627.75,205
2026-01-14 12:45:00,4627.68,4628.19,4627.1,4627.64,196
2026-01-14 12:46:00,4627.65,4628.16,4627.11,4628.04,207
2026-01-14 12:47:00,4628.08,4628.6,4627.54,4627.83,224
2026-01-14 12:48:00,4627.96,4630.03,4627.94,4628.97,251
2026-01-14 12:49:00,4628.94,4629.98,4628.62,4629.51,177
2026-01-14 12:50:00,4629.8,4631.82,4629.68,4631.51,207
2026-01-14 12:51:00,4631.5,4631.6,4628.82,4628.82,158
2026-01-14 12:52:00,4628.97,4630.22,4628.68,4629.96,155
2026-01-14 12:53:00,4629.98,4629.98,4628.41,4629.0,160
2026-01-14 12:54:00,4629.03,4629.77,4628.83,4629.61,177
2026-01-14 12:55:00,4629.59,4630.19,4627.96,4628.69,192
2026-01-14 12:56:00,4628.73,4629.64,4628.68,4629.41,134
2026-01-14 12:57:00,4629.33,4630.83,4629.33,4630.14,237
2026-01-14 12:58:00,4630.1,4630.64,4629.88,4630.4,205
2026-01-14 12:59:00,4630.37,4630.98,4630.17,4630.49,253
2026-01-14 13:00:00,4630.49,4631.08,4628.46,4628.57,231
2026-01-14 13:01:00,4628.6,4629.4,4627.84,4629.13,210
2026-01-14 13:02:00,4629.19,4630.45,4629.19,4630.08,177
2026-01-14 13:03:00,4630.06,4630.67,4629.57,4629.57,189
2026-01-14 13:04:00,4629.56,4630.89,4629.21,4630.89,197
2026-01-14 13:05:00,4630.9,4632.04,4630.57,4632.04,169
2026-01-14 13:06:00,4631.81,4632.43,4631.11,4631.62,207
2026-01-14 13:07:00,4631.68,4632.11,4630.93,4630.93,175
2026-01-14 13:08:00,4630.86,4630.86,4629.22,4629.56,150
2026-01-14 13:09:00,4629.55,4630.04,4629.53,4629.93,147
2026-01-14 13:10:00,4629.96,4629.97,4628.19,4629.62,200
2026-01-14 13:11:00,4629.63,4629.95,4629.61,4629.84,140
2026-01-14 13:12:00,4629.85,4631.44,4629.85,4631.31,189
2026-01-14 13:13:00,4631.42,4632.02,4630.0,4630.08,175
2026-01-14 13:14:00,4629.9,4631.97,4629.79,4631.7,203
2026-01-14 13:15:00,4631.99,4633.93,4631.99,4633.53,207
2026-01-14 13:16:00,4633.57,4634.07,4633.19,4633.89,223
2026-01-14 13:17:00,4633.85,4634.49,4633.64,4634.09,174
2026-01-14 13:18:00,4633.99,4634.53,4633.54,4633.92,156
2026-01-14 13:19:00,4633.94,4634.87,4633.94,4634.75,129
2026-01-14 13:20:00,4634.81,4635.2,4634.29,4634.35,187
2026-01-14 13:21:00,4634.36,4634.67,4633.47,4633.5,189
2026-01-14 13:22:00,4633.47,4636.01,4633.3,4635.27,185
2026-01-14 13:23:00,4635.29,4635.65,4633.72,4633.98,217
2026-01-14 13:24:00,4633.97,4634.02,4632.17,4632.68,217
2026-01-14 13:25:00,4633.01,4634.61,4632.71,4634.5,222
2026-01-14 13:26:00,4634.49,4635.81,4634.44,4635.61,193
2026-01-14 13:27:00,4635.63,4636.69,4635.54,4636.69,183
2026-01-14 13:28:00,4636.75,4636.94,4635.99,4636.42,182
2026-01-14 13:29:00,4636.39,4636.67,4634.88,4634.99,203
2026-01-14 13:30:00,4634.94,4635.18,4632.33,4632.95,262
2026-01-14 13:31:00,4632.98,4634.11,4632.47,4633.99,252
2026-01-14 13:32:00,4634.05,4634.24,4633.51,4633.95,198
2026-01-14 13:33:00,4633.9,4634.65,4633.57,4634.43,216
2026-01-14 13:34:00,4634.15,4635.52,4633.94,4635.11,199
2026-01-14 13:35:00,4634.81,4636.02,4634.55,4634.55,188
2026-01-14 13:36:00,4634.57,4634.96,4633.52,4634.44,189
2026-01-14 13:37:00,4634.75,4636.02,4634.69,4635.72,149
2026-01-14 13:38:00,4635.82,4636.16,4635.19,4635.86,164
2026-01-14 13:39:00,4635.94,4636.71,4635.45,4636.49,200
2026-01-14 13:40:00,4636.49,4636.83,4635.99,4636.69,165
2026-01-14 13:41:00,4636.72,4637.37,4636.66,4636.92,168
2026-01-14 13:42:00,4636.95,4638.02,4636.84,4637.93,196
2026-01-14 13:43:00,4637.96,4638.19,4636.27,4636.85,259
2026-01-14 13:44:00,4636.82,4637.09,4635.57,4635.57,196
2026-01-14 13:45:00,4635.73,4636.54,4635.73,4636.15,231
2026-01-14 13:46:00,4636.26,4636.46,4634.59,4634.88,202
2026-01-14 13:47:00,4634.9,4635.22,4634.28,4634.83,222
2026-01-14 13:48:00,4634.87,4635.18,4634.44,4635.08,179
2026-01-14 13:49:00,4635.07,4635.39,4633.29,4633.69,210
2026-01-14 13:50:00,4633.7,4634.79,4633.7,4634.2,253
2026-01-14 13:51:00,4633.98,4635.83,4633.7,4635.43,250
2026-01-14 13:52:00,4635.46,4635.5,4634.64,4635.01,198
2026-01-14 13:53:00,4635.04,4635.04,4633.83,4634.25,207
2026-01-14 13:54:00,4634.2,4634.2,4632.92,4633.28,181
2026-01-14 13:55:00,4633.24,4633.36,4632.35,4633.16,232
2026-01-14 13:56:00,4633.14,4633.37,4632.65,4632.66,121
2026-01-14 13:57:00,4632.65,4632.8,4632.01,4632.15,200
2026-01-14 13:58:00,4632.11,4632.37,4631.11,4632.35,227
2026-01-14 13:59:00,4632.33,4633.26,4631.72,4633.07,198
2026-01-14 14:00:00,4632.94,4632.94,4631.8,4631.98,188
2026-01-14 14:01:00,4631.87,4631.87,4630.25,4631.58,215
2026-01-14 14:02:00,4631.61,4631.87,4630.32,4631.19,223
2026-01-14 14:03:00,4631.39,4633.06,4631.3,4632.89,216
2026-01-14 14:04:00,4632.81,4635.47,4632.68,4635.34,243
2026-01-14 14:05:00,4635.32,4636.51,4635.14,4635.4,245
2026-01-14 14:06:00,4635.38,4636.35,4634.69,4634.7,221
2026-01-14 14:07:00,4634.64,4634.74,4633.82,4634.27,211
2026-01-14 14:08:00,4634.46,4634.85,4634.03,4634.4,194
2026-01-14 14:09:00,4634.39,4635.24,4634.12,4635.21,160
2026-01-14 14:10:00,4635.18,4635.37,4634.57,4635.21,158
2026-01-14 14:11:00,4635.2,4636.26,4635.16,4636.26,229
2026-01-14 14:12:00,4636.27,4636.37,4635.6,4635.76,176
2026-01-14 14:13:00,4635.73,4635.83,4635.12,4635.12,156
2026-01-14 14:14:00,4635.09,4635.62,4635.06,4635.47,154
2026-01-14 14:15:00,4635.57,4635.96,4635.32,4635.68,158
2026-01-14 14:16:00,4635.73,4636.64,4635.34,4636.56,188
2026-01-14 14:17:00,4636.58,4637.43,4636.33,4636.33,214
2026-01-14 14:18:00,4636.29,4636.52,4634.76,4635.0,187
2026-01-14 14:19:00,4635.04,4635.57,4634.73,4634.88,202
2026-01-14 14:20:00,4634.9,4635.53,4633.65,4634.15,180
2026-01-14 14:21:00,4634.2,4635.03,4634.11,4634.74,177
2026-01-14 14:22:00,4634.79,4634.82,4633.22,4634.34,205
2026-01-14 14:23:00,4634.37,4635.17,4634.22,4634.5,192
2026-01-14 14:24:00,4634.56,4635.82,4634.41,4635.19,193
2026-01-14 14:25:00,4635.21,4636.51,4634.64,4634.79,235
2026-01-14 14:26:00,4634.66,4635.75,4634.55,4634.59,242
2026-01-14 14:27:00,4634.52,4635.21,4632.51,4633.25,254
2026-01-14 14:28:00,4633.23,4633.91,4632.12,4632.13,264
2026-01-14 14:29:00,4632.11,4632.31,4629.12,4630.23,261
2026-01-14 14:30:00,4630.28,4631.91,4630.28,4631.35,256
2026-01-14 14:31:00,4631.2,4632.76,4630.96,4631.34,268
2026-01-14 14:32:00,4631.42,4631.42,4627.9,4629.61,263
2026-01-14 14:33:00,4629.72,4629.93,4628.02,4628.36,223
2026-01-14 14:34:00,4628.33,4628.66,4627.46,4627.86,204
2026-01-14 14:35:00,4627.99,4629.82,4627.83,4629.82,203
2026-01-14 14:36:00,4629.65,4629.67,4628.47,4629.03,147
2026-01-14 14:37:00,4629.02,4629.43,4628.29,4628.76,190
2026-01-14 14:38:00,4628.77,4629.67,4628.4,4629.57,177
2026-01-14 14:39:00,4629.53,4630.88,4629.47,4630.04,199
2026-01-14 14:40:00,4630.05,4631.56,4629.95,4631.52,214
2026-01-14 14:41:00,4631.48,4631.58,4630.58,4631.45,199
2026-01-14 14:42:00,4631.43,4631.43,4630.23,4630.99,166
2026-01-14 14:43:00,4630.95,4630.95,4630.42,4630.46,147
2026-01-14 14:44:00,4630.41,4630.98,4629.94,4630.82,189
2026-01-14 14:45:00,4630.77,4631.58,4630.77,4631.34,151
2026-01-14 14:46:00,4631.17,4631.53,4630.92,4630.92,158
2026-01-14 14:47:00,4630.97,4631.22,4630.27,4630.46,149
2026-01-14 14:48:00,4630.66,4630.78,4629.87,4630.14,158
2026-01-14 14:49:00,4630.13,4630.31,4628.44,4629.41,201
2026-01-14 14:50:00,4629.51,4630.13,4629.07,4629.83,206
2026-01-14 14:51:00,4629.79,4630.89,4628.05,4628.05,213
2026-01-14 14:52:00,4628.04,4628.33,4626.59,4626.59,255
2026-01-14 14:53:00,4626.3,4628.69,4626.13,4628.69,257
2026-01-14 14:54:00,4628.7,4629.57,4628.7,4629.12,194
2026-01-14 14:55:00,4629.24,4631.46,4629.17,4631.31,186
2026-01-14 14:56:00,4631.26,4631.28,4630.65,4630.76,175
2026-01-14 14:57:00,4630.75,4630.8,4628.81,4628.87,193
2026-01-14 14:58:00,4629.0,4629.0,4627.53,4627.99,245
2026-01-14 14:59:00,4628.0,4630.32,4628.0,4630.32,199
2026-01-14 15:00:00,4630.54,4634.34,4630.34,4632.27,316
2026-01-14 15:01:00,4632.38,4633.86,4632.35,4632.92,323
2026-01-14 15:02:00,4633.04,4637.52,4632.99,4636.09,336
2026-01-14 15:03:00,4636.0,4636.28,4634.62,4634.93,296
2026-01-14 15:04:00,4634.9,4635.19,4634.4,4634.72,242
2026-01-14 15:05:00,4634.82,4637.5,4634.82,4637.24,279
2026-01-14 15:06:00,4637.21,4637.21,4635.19,4635.5,282
2026-01-14 15:07:00,4635.49,4636.56,4635.17,4636.09,269
2026-01-14 15:08:00,4636.12,4638.09,4636.12,4637.7,242
2026-01-14 15:09:00,4637.75,4638.02,4636.23,4637.01,255
2026-01-14 15:10:00,4636.98,4637.61,4636.24,4636.46,224
2026-01-14 15:11:00,4636.48,4638.41,4636.17,4637.84,239
2026-01-14 15:12:00,4638.33,4638.33,4636.86,4636.95,274
2026-01-14 15:13:00,4636.99,4637.43,4636.75,4637.27,248
2026-01-14 15:14:00,4637.26,4637.32,4635.06,4635.52,259
2026-01-14 15:15:00,4635.6,4636.12,4634.14,4634.51,278
2026-01-14 15:16:00,4634.52,4635.17,4634.02,4634.94,207
2026-01-14 15:17:00,4634.93,4635.89,4634.93,4635.74,212
2026-01-14 15:18:00,4635.75,4636.41,4635.4,4635.92,130
2026-01-14 15:19:00,4636.28,4636.69,4635.82,4636.02,222
2026-01-14 15:20:00,4636.06,4636.3,4634.94,4635.38,228
2026-01-14 15:21:00,4635.43,4635.43,4634.67,4635.12,214
2026-01-14 15:22:00,4635.15,4635.31,4634.34,4634.86,212
2026-01-14 15:23:00,4634.87,4634.94,4634.49,4634.74,202
2026-01-14 15:24:00,4634.8,4638.64,4634.8,4638.61,260
2026-01-14 15:25:00,4638.68,4638.89,4636.88,4638.43,253
2026-01-14 15:26:00,4638.48,4638.53,4637.82,4637.93,199
2026-01-14 15:27:00,4637.98,4638.18,4636.06,4636.06,182
2026-01-14 15:28:00,4636.07,4636.45,4635.53,4636.15,155
2026-01-14 15:29:00,4636.14,4637.03,4636.07,4636.11,175
2026-01-14 15:30:00,4636.12,4637.4,4636.0,4637.39,199
2026-01-14 15:31:00,4637.79,4638.2,4637.42,4637.98,234
2026-01-14 15:32:00,4637.94,4638.22,4636.11,4636.55,265
2026-01-14 15:33:00,4636.56,4637.34,4636.31,4637.01,250
2026-01-14 15:34:00,4637.04,4637.04,4635.53,4635.83,258
2026-01-14 15:35:00,4635.81,4636.85,4634.8,4635.12,279
2026-01-14 15:36:00,4635.11,4635.71,4634.78,4635.67,243
2026-01-14 15:37:00,4635.68,4636.23,4634.65,4635.02,254
2026-01-14 15:38:00,4635.03,4635.97,4634.52,4634.84,274
2026-01-14 15:39:00,4634.86,4635.51,4634.64,4635.31,224
2026-01-14 15:40:00,4635.61,4635.61,4634.85,4635.45,218
2026-01-14 15:41:00,4635.49,4636.47,4634.98,4635.85,238
2026-01-14 15:42:00,4635.74,4636.45,4634.47,4634.59,220
2026-01-14 15:43:00,4634.58,4635.18,4634.09,4634.76,219
2026-01-14 15:44:00,4634.79,4635.04,4634.42,4634.63,202
2026-01-14 15:45:00,4634.59,4634.77,4633.78,4634.69,233
2026-01-14 15:46:00,4634.86,4635.75,4634.83,4635.53,196
2026-01-14 15:47:00,4635.49,4635.73,4634.63,4634.68,178
2026-01-14 15:48:00,4634.66,4636.05,4634.62,4635.88,230
2026-01-14 15:49:00,4635.89,4636.09,4634.92,4635.92,248
2026-01-14 15:50:00,4635.94,4636.61,4635.74,4636.36,211
2026-01-14 15:51:00,4636.34,4636.39,4634.81,4635.19,177
2026-01-14 15:52:00,4635.34,4635.97,4634.84,4634.99,211
2026-01-14 15:53:00,4635.15,4635.94,4635.15,4635.47,167
2026-01-14 15:54:00,4635.48,4636.6,4635.4,4636.29,208
2026-01-14 15:55:00,4636.3,4636.46,4635.57,4635.79,210
2026-01-14 15:56:00,4635.73,4636.16,4635.63,4636.04,178
2026-01-14 15:57:00,4636.07,4638.42,4635.74,4637.4,262
2026-01-14 15:58:00,4637.39,4637.39,4634.64,4636.09,270
2026-01-14 15:59:00,4637.03,4641.82,4637.03,4638.66,342
2026-01-14 16:00:00,4638.86,4641.47,4634.37,4636.3,349
2026-01-14 16:01:00,4636.33,4637.94,4635.78,4636.76,338
2026-01-14 16:02:00,4637.49,4637.52,4633.63,4637.45,357
2026-01-14 16:03:00,4637.87,4637.87,4633.79,4634.2,336
2026-01-14 16:04:00,4634.08,4635.46,4632.48,4635.24,331
2026-01-14 16:05:00,4635.14,4635.36,4631.68,4632.48,334
2026-01-14 16:06:00,4632.67,4634.52,4631.84,4633.09,354
2026-01-14 16:07:00,4633.14,4635.01,4631.8,4633.51,341
2026-01-14 16:08:00,4633.76,4634.27,4632.5,4633.16,326
2026-01-14 16:09:00,4633.2,4633.59,4629.69,4629.84,345
2026-01-14 16:10:00,4629.71,4631.97,4629.71,4631.25,348
2026-01-14 16:11:00,4631.33,4631.98,4629.42,4630.73,354
2026-01-14 16:12:00,4630.76,4631.48,4629.84,4630.5,347
2026-01-14 16:13:00,4630.49,4632.94,4630.12,4630.49,332
2026-01-14 16:14:00,4630.59,4630.59,4627.26,4628.62,345
2026-01-14 16:15:00,4628.29,4631.81,4627.71,4630.86,343
2026-01-14 16:16:00,4630.59,4631.46,4629.27,4629.81,344
2026-01-14 16:17:00,4629.76,4631.3,4629.4,4629.55,335
2026-01-14 16:18:00,4629.6,4631.58,4628.64,4629.94,347
2026-01-14 16:19:00,4629.95,4630.12,4627.8,4628.55,347
2026-01-14 16:20:00,4628.53,4631.45,4627.41,4631.45,328
