Time,Open,High,Low,Close,Volume
2024-01-01 00:00:00,2050.0,2058.3,2048.57,2057.33,34590
2024-01-01 01:00:00,2057.33,2061.46,2055.94,2058.13,36267
2024-01-01 02:00:00,2058.13,2063.84,2054.13,2060.39,35066
2024-01-01 03:00:00,2060.39,2065.04,2054.7,2060.51,35927
2024-01-01 04:00:00,2060.51,2062.4,2047.75,2049.37,37381
2024-01-01 05:00:00,2049.37,2055.95,2046.34,2051.9,36603
2024-01-01 06:00:00,2051.9,2056.32,2049.36,2055.56,36354
2024-01-01 07:00:00,2055.56,2056.43,2046.4,2048.22,39367
2024-01-01 08:00:00,2048.22,2061.97,2037.34,2052.91,72207
2024-01-01 09:00:00,2052.91,2063.77,2047.95,2059.76,72118
2024-01-01 10:00:00,2059.76,2064.61,2047.8,2051.89,76876
2024-01-01 11:00:00,2051.89,2061.32,2042.2,2049.22,70031
2024-01-01 12:00:00,2049.22,2058.2,2040.46,2047.23,72433
2024-01-01 13:00:00,2047.23,2142.65,1949.15,2005.81,90535
2024-01-01 14:00:00,2005.81,2023.66,1996.86,2007.51,90972
2024-01-01 15:00:00,2007.51,2010.75,1987.57,1995.57,83356
2024-01-01 16:00:00,1995.57,2000.8,1972.89,1980.09,92144
2024-01-01 17:00:00,1980.09,1984.32,1963.44,1970.14,88010
2024-01-01 18:00:00,1970.14,1975.0,1950.86,1953.99,92415
2024-01-01 19:00:00,1953.99,1962.93,1944.96,1950.81,89170
2024-01-01 20:00:00,1950.81,1991.2,1895.64,1901.11,86372
2024-01-01 21:00:00,1901.11,1905.17,1899.55,1902.08,28665
2024-01-01 22:00:00,1902.08,1903.14,1901.18,1901.43,6200
2024-01-01 23:00:00,1901.43,1903.34,1893.36,1896.86,30046
2024-01-02 00:00:00,1896.86,1900.15,1894.7,1895.62,37275
2024-01-02 01:00:00,1895.62,1896.62,1891.04,1893.96,33902
2024-01-02 02:00:00,1893.96,1902.18,1892.47,1900.67,36878
2024-01-02 03:00:00,1900.67,1915.95,1843.04,1873.04,35331
2024-01-02 04:00:00,1873.04,1880.98,1870.39,1878.01,38087
2024-01-02 05:00:00,1878.01,1917.61,1840.61,1858.51,34089
2024-01-02 06:00:00,1858.51,1863.62,1857.29,1862.01,38922
2024-01-02 07:00:00,1862.01,1867.2,1860.09,1865.74,37071
2024-01-02 08:00:00,1865.74,1871.23,1857.34,1863.66,68160
2024-01-02 09:00:00,1863.66,1903.19,1823.31,1848.95,67293
2024-01-02 10:00:00,1848.95,1853.9,1841.5,1848.35,70875
2024-01-02 11:00:00,1848.35,1853.14,1837.69,1851.65,65334
2024-01-02 12:00:00,1851.65,1912.22,1812.86,1873.68,75405
2024-01-02 13:00:00,1873.68,1877.25,1860.84,1872.35,90862
2024-01-02 14:00:00,1872.35,1895.69,1867.44,1886.01,93344
2024-01-02 15:00:00,1886.01,1891.32,1864.59,1878.17,92990
2024-01-02 16:00:00,1878.17,1882.82,1865.95,1872.18,81761
2024-01-02 17:00:00,1872.18,1874.87,1852.46,1870.24,88978
2024-01-02 18:00:00,1870.24,1877.27,1853.6,1856.4,88914
2024-01-02 19:00:00,1856.4,1934.89,1818.1,1888.58,89028
2024-01-02 20:00:00,1888.58,1893.54,1872.77,1877.62,85979
2024-01-02 21:00:00,1877.62,1879.66,1871.66,1873.99,29588
2024-01-02 22:00:00,1873.99,1876.73,1873.1,1875.94,5859
2024-01-02 23:00:00,1875.94,1880.5,1873.9,1878.16,31302
2024-01-03 00:00:00,1878.16,1879.42,1868.42,1872.06,36389
2024-01-03 01:00:00,1872.06,1877.94,1865.59,1874.17,35920
2024-01-03 02:00:00,1874.17,1877.52,1870.98,1874.31,36404
2024-01-03 03:00:00,1874.31,1881.05,1873.54,1880.87,33117
2024-01-03 04:00:00,1880.87,1887.3,1879.49,1884.95,36669
2024-01-03 05:00:00,1884.95,1887.47,1876.45,1877.71,33282
2024-01-03 06:00:00,1877.71,1883.87,1874.73,1881.73,35463
2024-01-03 07:00:00,1881.73,1889.85,1877.87,1886.94,37569
2024-01-03 08:00:00,1886.94,1907.03,1885.16,1904.08,71953
2024-01-03 09:00:00,1904.08,1917.85,1896.59,1902.73,66664
2024-01-03 10:00:00,1902.73,1916.89,1878.67,1878.68,73108
2024-01-03 11:00:00,1878.68,1887.56,1872.92,1881.27,73675
2024-01-03 12:00:00,1881.27,1892.13,1875.17,1881.24,73918
2024-01-03 13:00:00,1881.24,1894.41,1874.49,1883.88,90249
2024-01-03 14:00:00,1883.88,1925.59,1828.02,1909.67,90604
2024-01-03 15:00:00,1909.67,1916.92,1901.0,1905.42,83602
2024-01-03 16:00:00,1905.42,1934.02,1895.55,1922.76,94451
2024-01-03 17:00:00,1922.76,1931.96,1913.76,1930.35,84984
2024-01-03 18:00:00,1930.35,1943.26,1928.52,1939.47,90391
2024-01-03 19:00:00,1939.47,1943.08,1919.85,1924.98,94461
2024-01-03 20:00:00,1924.98,1994.63,1868.37,1972.05,85234
2024-01-03 21:00:00,1972.05,1973.7,1968.89,1973.44,29338
2024-01-03 22:00:00,1973.44,1974.72,1972.33,1973.96,5837
2024-01-03 23:00:00,1973.96,1978.3,1971.54,1977.23,30753
2024-01-04 00:00:00,1977.23,1991.97,1975.16,1989.26,35811
2024-01-04 01:00:00,1989.26,1990.43,1983.73,1988.87,34825
2024-01-04 02:00:00,1988.87,1995.34,1983.89,1991.84,35770
2024-01-04 03:00:00,1991.84,1993.99,1983.69,1988.02,33255
2024-01-04 04:00:00,1988.02,1991.85,1983.4,1984.29,34891
2024-01-04 05:00:00,1984.29,1986.26,1977.8,1979.97,35103
2024-01-04 06:00:00,1979.97,1984.52,1977.15,1979.91,36377
2024-01-04 07:00:00,1979.91,1983.39,1975.17,1976.29,36915
2024-01-04 08:00:00,1976.29,1993.96,1973.39,1977.05,67173
2024-01-04 09:00:00,1977.05,1982.19,1958.35,1965.07,73093
2024-01-04 10:00:00,1965.07,1976.24,1960.41,1975.01,76877
2024-01-04 11:00:00,1975.01,1979.04,1968.24,1969.54,74744
2024-01-04 12:00:00,1969.54,1974.01,1955.49,1964.92,73496
2024-01-04 13:00:00,1964.92,1983.39,1893.47,1923.55,88782
2024-01-04 14:00:00,1923.55,1979.17,1888.85,1950.54,92125
2024-01-04 15:00:00,1950.54,1956.1,1940.76,1948.64,90911
2024-01-04 16:00:00,1948.64,1974.07,1939.47,1965.75,94554
2024-01-04 17:00:00,1965.75,1975.86,1952.56,1973.37,88954
2024-01-04 18:00:00,1973.37,1991.84,1970.53,1987.97,87896
2024-01-04 19:00:00,1987.97,2064.08,1948.2,2015.13,95069
2024-01-04 20:00:00,2015.13,2023.9,2002.6,2010.6,85626
2024-01-04 21:00:00,2010.6,2017.26,2009.36,2012.86,29515
2024-01-04 22:00:00,2012.86,2015.1,2012.58,2014.6,5700
2024-01-04 23:00:00,2014.6,2016.87,2011.42,2013.07,29133
2024-01-05 00:00:00,2013.07,2014.47,2005.65,2007.6,36055
2024-01-05 01:00:00,2007.6,2009.85,2000.96,2005.41,39519
2024-01-05 02:00:00,2005.41,2011.87,2003.09,2009.67,36348
2024-01-05 03:00:00,2009.67,2011.95,1997.6,2003.66,35408
2024-01-05 04:00:00,2003.66,2006.95,1998.82,2002.11,35266
2024-01-05 05:00:00,2002.11,2005.08,1998.49,2002.57,35532
2024-01-05 06:00:00,2002.57,2011.24,1999.92,2009.75,35693
2024-01-05 07:00:00,2009.75,2011.64,2001.46,2004.54,33355
2024-01-05 08:00:00,2004.54,2025.58,1999.31,2023.19,69759
2024-01-05 09:00:00,2023.19,2027.54,2010.88,2023.86,72683
2024-01-05 10:00:00,2023.86,2031.68,2015.17,2019.93,70956
2024-01-05 11:00:00,2019.93,2033.7,1958.83,1998.25,66699
2024-01-05 12:00:00,1998.25,2010.54,1994.35,2001.11,68115
2024-01-05 13:00:00,2001.11,2015.35,1991.47,2003.52,86418
2024-01-05 14:00:00,2003.52,2022.41,2000.89,2013.2,87778
2024-01-05 15:00:00,2013.2,2024.46,2005.0,2009.39,90729
2024-01-05 16:00:00,2009.39,2029.11,2004.83,2023.82,86707
2024-01-05 17:00:00,2023.82,2060.57,2019.99,2048.59,91200
2024-01-05 18:00:00,2048.59,2062.69,2040.84,2052.95,86832
2024-01-05 19:00:00,2052.95,2057.31,2037.44,2041.08,91125
2024-01-05 20:00:00,2041.08,2051.79,2036.03,2037.33,85926
2024-01-05 21:00:00,2037.33,2040.2,2033.77,2037.87,29798
2024-01-05 22:00:00,2037.87,2038.36,2036.68,2037.29,5803
2024-01-05 23:00:00,2037.29,2118.09,1908.26,2002.98,26802
2024-01-08 00:00:00,2002.98,2007.89,2000.35,2001.42,34160
2024-01-08 01:00:00,2001.42,2004.55,1997.54,2003.55,33909
2024-01-08 02:00:00,2003.55,2011.1,2002.45,2006.35,36583
2024-01-08 03:00:00,2006.35,2010.32,2004.17,2006.07,37638
2024-01-08 04:00:00,2006.07,2009.62,2000.82,2007.18,36443
2024-01-08 05:00:00,2007.18,2010.52,2003.79,2009.08,37747
2024-01-08 06:00:00,2009.08,2013.14,2002.07,2003.67,35828
2024-01-08 07:00:00,2003.67,2004.02,1990.54,1994.96,38017
2024-01-08 08:00:00,1994.96,2008.96,1991.77,2003.77,72239
2024-01-08 09:00:00,2003.77,2007.69,1995.14,2001.89,70919
2024-01-08 10:00:00,2001.89,2003.63,1991.34,1998.19,68516
2024-01-08 11:00:00,1998.19,2004.31,1989.55,1996.87,72011
2024-01-08 12:00:00,1996.87,2003.65,1988.95,1989.84,67692
2024-01-08 13:00:00,1989.84,2008.17,1979.51,2002.09,86112
2024-01-08 14:00:00,2002.09,2025.26,1997.65,2012.29,82466
2024-01-08 15:00:00,2012.29,2014.45,1994.93,2000.95,89647
2024-01-08 16:00:00,2000.95,2004.13,1983.01,1989.23,90529
2024-01-08 17:00:00,1989.23,2000.22,1978.63,1993.31,95256
2024-01-08 18:00:00,1993.31,2016.79,1951.9,1970.21,92991
2024-01-08 19:00:00,1970.21,1985.08,1964.92,1983.17,88439
2024-01-08 20:00:00,1983.17,1999.85,1980.24,1998.32,90840
2024-01-08 21:00:00,1998.32,2004.35,1995.77,2000.53,29604
2024-01-08 22:00:00,2000.53,2001.03,1999.17,2000.64,6143
2024-01-08 23:00:00,2000.64,2006.33,1998.82,2004.96,30054
2024-01-09 00:00:00,2004.96,2012.75,1937.74,1979.09,36491
2024-01-09 01:00:00,1979.09,1983.29,1974.86,1975.91,37460
2024-01-09 02:00:00,1975.91,1979.94,1972.72,1976.37,37801
2024-01-09 03:00:00,1976.37,1980.07,1973.1,1976.34,37395
2024-01-09 04:00:00,1976.34,1980.09,1973.45,1977.03,34309
2024-01-09 05:00:00,1977.03,1986.3,1975.43,1984.2,36106
2024-01-09 06:00:00,1984.2,1988.04,1976.3,1983.55,36128
2024-01-09 07:00:00,1983.55,1988.17,1979.83,1985.21,34947
2024-01-09 08:00:00,1985.21,2009.7,1981.55,2003.94,75640
2024-01-09 09:00:00,2003.94,2009.43,1995.49,2000.14,66063
2024-01-09 10:00:00,2000.14,2007.87,1992.81,1997.31,65388
2024-01-09 11:00:00,1997.31,2004.61,1992.43,1999.08,71849
2024-01-09 12:00:00,1999.08,2033.11,1902.13,1965.14,73855
2024-01-09 13:00:00,1965.14,1986.88,1958.57,1981.48,88582
2024-01-09 14:00:00,1981.48,1992.1,1976.27,1982.56,97532
2024-01-09 15:00:00,1982.56,1996.86,1975.61,1981.31,90267
2024-01-09 16:00:00,1981.31,1990.21,1967.9,1974.36,87036
2024-01-09 17:00:00,1974.36,1984.31,1965.23,1969.72,96057
2024-01-09 18:00:00,1969.72,1990.43,1954.18,1986.45,87470
2024-01-09 19:00:00,1986.45,1995.23,1971.01,1991.05,90885
2024-01-09 20:00:00,1991.05,2003.79,1967.4,1977.72,96483
2024-01-09 21:00:00,1977.72,1983.64,1976.9,1979.62,29832
2024-01-09 22:00:00,1979.62,1980.73,1978.79,1979.05,6176
2024-01-09 23:00:00,1979.05,1984.42,1973.42,1975.35,29787
2024-01-10 00:00:00,1975.35,1980.55,1971.66,1975.86,37349
2024-01-10 01:00:00,1975.86,1980.06,1970.07,1977.44,37963
2024-01-10 02:00:00,1977.44,1981.81,1974.54,1978.85,35883
2024-01-10 03:00:00,1978.85,2056.18,1942.76,2008.97,36475
2024-01-10 04:00:00,2008.97,2015.83,2007.39,2013.55,36744
2024-01-10 05:00:00,2013.55,2021.0,2009.45,2014.17,33222
2024-01-10 06:00:00,2014.17,2019.96,2012.58,2015.85,36322
2024-01-10 07:00:00,2015.85,2019.31,2011.17,2013.75,35503
2024-01-10 08:00:00,2013.75,2016.08,2002.89,2011.78,71394
2024-01-10 09:00:00,2011.78,2017.78,2003.27,2012.81,70829
2024-01-10 10:00:00,2012.81,2014.44,1995.88,2000.57,72912
2024-01-10 11:00:00,2000.57,2004.49,1972.82,1982.93,74808
2024-01-10 12:00:00,1982.93,1986.44,1952.44,1956.33,75533
2024-01-10 13:00:00,1956.33,1956.66,1928.25,1941.75,91245
2024-01-10 14:00:00,1941.75,1947.44,1891.49,1898.1,92815
2024-01-10 15:00:00,1898.1,1906.63,1852.82,1856.61,84194
2024-01-10 16:00:00,1856.61,1858.82,1820.11,1825.51,89905
2024-01-10 17:00:00,1825.51,1827.4,1784.87,1802.57,89232
2024-01-10 18:00:00,1802.57,1808.12,1777.52,1786.3,89638
2024-01-10 19:00:00,1786.3,1792.44,1741.26,1748.45,94026
2024-01-10 20:00:00,1748.45,1751.77,1712.91,1714.04,86866
2024-01-10 21:00:00,1714.04,1714.69,1692.03,1694.15,31231
2024-01-10 22:00:00,1694.15,1744.76,1679.95,1702.88,6043
2024-01-10 23:00:00,1702.88,1705.11,1688.17,1690.18,28580
2024-01-11 00:00:00,1690.18,1692.77,1675.93,1676.88,37287
2024-01-11 01:00:00,1676.88,1677.41,1664.67,1668.06,35522
2024-01-11 02:00:00,1668.06,1673.81,1659.59,1662.37,36095
2024-01-11 03:00:00,1662.37,1664.5,1647.39,1651.79,36659
2024-01-11 04:00:00,1651.79,1653.78,1629.52,1632.3,34503
2024-01-11 05:00:00,1632.3,1634.31,1614.88,1615.05,34952
2024-01-11 06:00:00,1615.05,1615.29,1593.66,1598.29,35023
2024-01-11 07:00:00,1598.29,1599.79,1580.32,1583.12,36269
2024-01-11 08:00:00,1583.12,1585.97,1550.15,1552.57,71495
2024-01-11 09:00:00,1552.57,1553.96,1537.53,1543.52,70614
2024-01-11 10:00:00,1543.52,1547.49,1532.57,1535.87,68859
2024-01-11 11:00:00,1535.87,1539.38,1500.14,1504.57,69580
2024-01-11 12:00:00,1504.57,1509.71,1484.73,1488.95,68766
2024-01-11 13:00:00,1488.95,1496.34,1471.94,1486.92,89965
2024-01-11 14:00:00,1486.92,1493.26,1458.81,1470.71,95534
2024-01-11 15:00:00,1470.71,1475.76,1450.7,1454.53,89157
2024-01-11 16:00:00,1454.53,1463.45,1443.34,1448.65,87162
2024-01-11 17:00:00,1448.65,1454.42,1425.46,1432.24,85145
2024-01-11 18:00:00,1432.24,1439.15,1408.82,1416.99,85638
2024-01-11 19:00:00,1416.99,1426.14,1395.93,1403.22,88180
2024-01-11 20:00:00,1403.22,1408.07,1389.32,1394.71,82669
2024-01-11 21:00:00,1394.71,1397.12,1377.62,1381.97,31253
2024-01-11 22:00:00,1381.97,1382.17,1368.92,1368.98,5587
2024-01-11 23:00:00,1368.98,1370.73,1356.94,1357.16,29648
2024-01-12 00:00:00,1357.16,1361.98,1343.72,1344.71,33893
2024-01-12 01:00:00,1344.71,1347.04,1337.67,1338.53,35560
2024-01-12 02:00:00,1338.53,1339.59,1319.37,1320.66,37542
2024-01-12 03:00:00,1320.66,1321.36,1302.82,1303.16,34600
2024-01-12 04:00:00,1303.16,1305.41,1296.65,1299.62,36964
2024-01-12 05:00:00,1299.62,1300.45,1285.29,1286.11,37728
2024-01-12 06:00:00,1286.11,1287.64,1268.92,1269.89,36643
2024-01-12 07:00:00,1269.89,1270.79,1259.63,1261.1,35877
2024-01-12 08:00:00,1261.1,1266.79,1249.7,1253.59,70264
2024-01-12 09:00:00,1253.59,1259.83,1228.87,1239.2,73807
2024-01-12 10:00:00,1239.2,1262.06,1170.84,1220.14,73455
2024-01-12 11:00:00,1220.14,1226.66,1216.11,1221.44,74332
2024-01-12 12:00:00,1221.44,1223.84,1204.33,1211.92,73556
2024-01-12 13:00:00,1211.92,1222.22,1202.09,1217.3,84133
2024-01-12 14:00:00,1217.3,1226.6,1210.66,1220.4,90301
2024-01-12 15:00:00,1220.4,1221.75,1206.47,1209.0,87802
2024-01-12 16:00:00,1209.0,1209.92,1183.38,1193.13,92395
2024-01-12 17:00:00,1193.13,1195.98,1167.6,1168.56,93824
2024-01-12 18:00:00,1168.56,1171.83,1145.25,1149.58,89079
2024-01-12 19:00:00,1149.58,1167.84,1135.86,1136.33,95031
2024-01-12 20:00:00,1136.33,1141.89,1122.3,1123.43,87258
2024-01-12 21:00:00,1123.43,1124.35,1110.77,1111.88,31055
2024-01-12 22:00:00,1111.88,1112.35,1100.46,1100.78,5480
2024-01-12 23:00:00,1100.78,1101.89,1089.52,1090.71,28900
2024-01-15 00:00:00,1090.71,1102.49,1021.98,1045.59,36285
2024-01-15 01:00:00,1045.59,1046.84,1033.64,1035.84,36321
2024-01-15 02:00:00,1035.84,1037.29,1025.77,1026.68,34202
2024-01-15 03:00:00,1026.68,1027.69,1016.64,1017.4,35694
2024-01-15 04:00:00,1017.4,1018.56,1002.85,1004.0,35345
2024-01-15 05:00:00,1004.0,1007.66,997.46,999.39,35459
2024-01-15 06:00:00,999.39,1001.82,992.45,993.22,34823
2024-01-15 07:00:00,993.22,996.95,986.94,988.72,38114
2024-01-15 08:00:00,988.72,995.88,959.97,972.14,72480
2024-01-15 09:00:00,972.14,973.33,956.85,963.79,76107
2024-01-15 10:00:00,963.79,967.61,956.02,961.36,73688
2024-01-15 11:00:00,961.36,1002.62,923.54,963.51,72907
2024-01-15 12:00:00,963.51,964.77,945.29,948.05,72520
2024-01-15 13:00:00,948.05,953.89,936.3,938.42,86258
2024-01-15 14:00:00,938.42,940.88,921.31,925.72,92922
2024-01-15 15:00:00,925.72,928.35,908.86,910.87,87979
2024-01-15 16:00:00,910.87,914.85,901.33,910.73,86398
2024-01-15 17:00:00,910.73,920.78,905.78,911.87,89679
2024-01-15 18:00:00,911.87,918.71,892.47,901.03,91464
2024-01-15 19:00:00,901.03,903.41,875.99,880.02,92154
2024-01-15 20:00:00,880.02,880.68,871.83,875.04,89419
2024-01-15 21:00:00,875.04,878.09,873.67,877.82,29136
2024-01-15 22:00:00,877.82,878.17,876.98,877.82,5992
2024-01-15 23:00:00,877.82,879.83,876.59,878.63,29162
2024-01-16 00:00:00,878.63,880.06,876.77,877.45,36801
2024-01-16 01:00:00,877.45,878.76,875.22,877.34,33656
2024-01-16 02:00:00,877.34,878.69,875.29,876.33,37963
2024-01-16 03:00:00,876.33,876.95,874.0,875.96,35978
2024-01-16 04:00:00,875.96,877.49,874.48,874.85,38669
2024-01-16 05:00:00,874.85,876.07,872.68,874.61,36635
2024-01-16 06:00:00,874.61,878.47,873.24,877.59,35427
2024-01-16 07:00:00,877.59,878.22,874.65,876.0,36405
2024-01-16 08:00:00,876.0,882.33,873.96,880.04,74157
2024-01-16 09:00:00,880.04,882.32,875.71,880.56,73151
2024-01-16 10:00:00,880.56,882.05,875.41,877.16,66871
2024-01-16 11:00:00,877.16,883.75,873.85,882.39,69224
2024-01-16 12:00:00,882.39,883.26,875.86,878.83,67319
2024-01-16 13:00:00,878.83,883.59,877.23,882.22,86865
2024-01-16 14:00:00,882.22,896.73,881.07,894.39,87092
2024-01-16 15:00:00,894.39,907.14,893.45,905.11,93022
2024-01-16 16:00:00,905.11,910.33,901.38,908.94,87329
2024-01-16 17:00:00,908.94,912.51,898.7,902.4,91386
2024-01-16 18:00:00,902.4,904.5,894.61,896.37,89768
2024-01-16 19:00:00,896.37,901.34,890.53,893.9,83656
2024-01-16 20:00:00,893.9,895.62,887.94,890.85,92912
2024-01-16 21:00:00,890.85,893.08,890.49,892.47,29113
2024-01-16 22:00:00,892.47,893.02,891.99,892.61,5468
2024-01-16 23:00:00,892.61,893.02,887.79,888.9,29622
2024-01-17 00:00:00,888.9,889.98,884.95,889.57,35552
2024-01-17 01:00:00,889.57,892.24,888.46,890.07,35825
2024-01-17 02:00:00,890.07,890.92,885.82,886.42,36481
2024-01-17 03:00:00,886.42,889.38,885.52,888.27,35853
2024-01-17 04:00:00,888.27,890.91,886.85,890.0,34953
2024-01-17 05:00:00,890.0,892.74,888.71,889.58,37286
2024-01-17 06:00:00,889.58,890.68,886.68,888.18,34209
2024-01-17 07:00:00,888.18,890.94,887.72,890.4,35676
2024-01-17 08:00:00,890.4,913.65,876.76,900.41,73605
2024-01-17 09:00:00,900.41,904.33,896.05,901.81,74281
2024-01-17 10:00:00,901.81,903.58,891.66,892.49,69858
2024-01-17 11:00:00,892.49,933.97,879.62,907.04,71095
2024-01-17 12:00:00,907.04,914.07,905.5,910.64,73905
2024-01-17 13:00:00,910.64,918.8,907.54,916.78,87414
2024-01-17 14:00:00,916.78,922.9,912.27,919.9,83351
2024-01-17 15:00:00,919.9,924.52,918.01,924.13,87198
2024-01-17 16:00:00,924.13,925.63,917.02,923.17,88157
2024-01-17 17:00:00,923.17,926.24,914.47,920.77,87646
2024-01-17 18:00:00,920.77,922.09,908.11,910.7,88287
2024-01-17 19:00:00,910.7,914.24,903.66,907.79,93113
2024-01-17 20:00:00,907.79,910.16,893.93,897.74,90541
2024-01-17 21:00:00,897.74,900.63,896.41,900.07,31397
2024-01-17 22:00:00,900.07,917.6,872.34,887.56,5524
2024-01-17 23:00:00,887.56,888.96,885.97,887.46,29677
2024-01-18 00:00:00,887.46,888.76,886.33,886.77,36038
2024-01-18 01:00:00,886.77,889.38,886.04,887.55,36034
2024-01-18 02:00:00,887.55,889.69,885.39,885.97,35275
2024-01-18 03:00:00,885.97,890.13,884.65,889.47,34578
2024-01-18 04:00:00,889.47,890.35,887.12,890.02,36740
2024-01-18 05:00:00,890.02,891.4,886.89,887.35,37927
2024-01-18 06:00:00,887.35,888.65,885.18,885.36,35778
2024-01-18 07:00:00,885.36,888.68,883.75,888.3,33978
2024-01-18 08:00:00,888.3,892.54,886.4,889.51,72000
2024-01-18 09:00:00,889.51,890.79,884.83,889.27,70518
2024-01-18 10:00:00,889.27,895.1,887.54,892.12,74642
2024-01-18 11:00:00,892.12,895.61,890.54,894.42,72654
2024-01-18 12:00:00,894.42,926.54,865.88,902.83,68841
2024-01-18 13:00:00,902.83,910.62,898.84,906.81,91315
2024-01-18 14:00:00,906.81,910.01,896.93,903.67,86593
2024-01-18 15:00:00,903.67,906.96,897.05,900.45,93991
2024-01-18 16:00:00,900.45,901.71,894.1,897.2,89758
2024-01-18 17:00:00,897.2,904.3,894.77,901.18,85006
2024-01-18 18:00:00,901.18,907.58,899.38,901.05,89968
2024-01-18 19:00:00,901.05,910.3,900.03,908.66,87301
2024-01-18 20:00:00,908.66,949.36,847.31,896.71,84899
2024-01-18 21:00:00,896.71,897.43,892.36,894.02,30492
2024-01-18 22:00:00,894.02,894.08,892.83,892.99,6235
2024-01-18 23:00:00,892.99,894.42,890.99,893.41,29607
2024-01-19 00:00:00,893.41,895.11,891.18,893.14,34048
2024-01-19 01:00:00,893.14,894.31,890.93,893.58,36183
2024-01-19 02:00:00,893.58,895.18,890.4,891.65,35151
2024-01-19 03:00:00,891.65,896.86,891.29,894.76,35214
2024-01-19 04:00:00,894.76,896.49,886.71,887.31,34202
2024-01-19 05:00:00,887.31,887.99,872.06,872.53,34630
2024-01-19 06:00:00,872.53,873.23,866.91,867.73,35432
2024-01-19 07:00:00,867.73,868.9,859.85,860.55,36143
2024-01-19 08:00:00,860.55,861.06,848.66,854.15,73062
2024-01-19 09:00:00,854.15,855.19,837.27,840.97,71918
2024-01-19 10:00:00,840.97,845.97,832.98,837.91,72259
2024-01-19 11:00:00,837.91,839.92,825.75,833.5,74037
2024-01-19 12:00:00,833.5,838.48,828.01,830.59,71527
2024-01-19 13:00:00,830.59,833.61,816.73,823.8,93874
2024-01-19 14:00:00,823.8,826.48,816.37,816.98,87324
2024-01-19 15:00:00,816.98,828.46,815.7,817.88,88927
2024-01-19 16:00:00,817.88,818.58,803.5,805.58,87303
2024-01-19 17:00:00,805.58,806.63,794.05,797.93,93741
2024-01-19 18:00:00,797.93,799.86,784.3,785.18,85282
2024-01-19 19:00:00,785.18,789.56,778.61,785.86,92521
2024-01-19 20:00:00,785.86,789.78,767.27,769.33,89220
2024-01-19 21:00:00,769.33,776.48,747.41,751.35,30700
2024-01-19 22:00:00,751.35,751.42,745.26,745.56,6088
2024-01-19 23:00:00,745.56,746.1,737.28,737.88,30893
2024-01-22 00:00:00,737.88,738.98,733.76,735.52,35492
2024-01-22 01:00:00,735.52,737.44,732.26,733.25,37533
2024-01-22 02:00:00,733.25,734.45,724.87,725.63,36861
2024-01-22 03:00:00,725.63,725.83,718.84,719.06,33558
2024-01-22 04:00:00,719.06,719.97,712.59,712.79,34925
2024-01-22 05:00:00,712.79,713.71,702.92,703.54,35304
2024-01-22 06:00:00,703.54,703.81,695.4,695.95,36313
2024-01-22 07:00:00,695.95,696.25,689.09,689.95,33714
2024-01-22 08:00:00,689.95,690.97,679.14,686.64,76265
2024-01-22 09:00:00,686.64,688.11,670.81,676.88,72260
2024-01-22 10:00:00,676.88,678.62,670.51,672.59,70397
2024-01-22 11:00:00,672.59,694.86,666.96,684.28,73513
2024-01-22 12:00:00,684.28,690.41,678.88,683.84,72663
2024-01-22 13:00:00,683.84,684.43,672.97,677.53,93578
2024-01-22 14:00:00,677.53,681.9,669.84,673.04,94461
2024-01-22 15:00:00,673.04,678.24,668.17,675.68,89769
2024-01-22 16:00:00,675.68,676.46,655.21,655.54,91429
2024-01-22 17:00:00,655.54,657.17,649.54,654.69,90194
2024-01-22 18:00:00,654.69,658.8,633.98,636.41,85735
2024-01-22 19:00:00,636.41,642.79,628.53,629.67,91042
2024-01-22 20:00:00,629.67,634.83,625.79,628.44,93419
2024-01-22 21:00:00,628.44,629.15,619.98,620.27,32128
2024-01-22 22:00:00,620.27,620.43,614.42,614.61,6067
2024-01-22 23:00:00,614.61,635.29,609.2,619.93,30959
2024-01-23 00:00:00,619.93,620.23,612.43,613.13,37269
2024-01-23 01:00:00,613.13,613.93,604.71,604.91,35030
2024-01-23 02:00:00,604.91,605.49,597.08,598.44,37418
2024-01-23 03:00:00,598.44,598.71,591.98,592.65,36519
2024-01-23 04:00:00,592.65,592.93,586.55,587.86,36173
2024-01-23 05:00:00,587.86,588.67,581.71,582.26,36193
2024-01-23 06:00:00,582.26,583.22,574.89,576.22,35944
2024-01-23 07:00:00,576.22,593.91,569.43,578.82,35863
2024-01-23 08:00:00,578.82,579.76,572.57,573.0,68717
2024-01-23 09:00:00,573.0,573.24,562.9,563.96,68075
2024-01-23 10:00:00,563.96,567.56,555.46,559.76,71940
2024-01-23 11:00:00,559.76,560.56,547.96,551.6,71813
2024-01-23 12:00:00,551.6,556.36,547.03,549.03,77262
2024-01-23 13:00:00,549.03,550.26,545.39,547.72,82380
2024-01-23 14:00:00,547.72,550.27,544.12,546.06,86931
2024-01-23 15:00:00,546.06,547.69,542.51,543.78,90277
2024-01-23 16:00:00,543.78,547.55,539.41,544.7,90025
2024-01-23 17:00:00,544.7,550.33,543.76,547.8,91235
2024-01-23 18:00:00,547.8,550.49,545.37,545.93,89200
2024-01-23 19:00:00,545.93,548.22,541.64,544.01,92404
2024-01-23 20:00:00,544.01,547.45,542.64,545.08,88456
2024-01-23 21:00:00,545.08,561.9,528.48,553.26,30758
2024-01-23 22:00:00,553.26,553.98,553.15,553.81,6090
2024-01-23 23:00:00,553.81,554.69,551.86,553.24,27523
2024-01-24 00:00:00,553.24,555.3,552.06,554.9,34635
2024-01-24 01:00:00,554.9,556.13,553.36,555.13,38071
2024-01-24 02:00:00,555.13,556.22,553.51,554.0,36892
2024-01-24 03:00:00,554.0,554.76,552.79,553.83,36492
2024-01-24 04:00:00,553.83,554.08,550.8,552.42,35358
2024-01-24 05:00:00,552.42,553.99,551.58,553.04,37609
2024-01-24 06:00:00,553.04,553.79,550.21,550.58,33723
2024-01-24 07:00:00,550.58,551.72,549.69,550.78,35991
2024-01-24 08:00:00,550.78,554.27,549.49,552.67,71352
2024-01-24 09:00:00,552.67,554.45,549.11,551.83,67703
2024-01-24 10:00:00,551.83,554.01,549.3,552.24,67978
2024-01-24 11:00:00,552.24,554.17,550.06,553.16,70713
2024-01-24 12:00:00,553.16,554.61,550.6,551.45,73202
2024-01-24 13:00:00,551.45,552.82,548.76,551.62,94138
2024-01-24 14:00:00,551.62,552.69,545.85,547.75,88394
2024-01-24 15:00:00,547.75,550.65,545.21,547.93,88152
2024-01-24 16:00:00,547.93,558.8,540.2,557.26,88497
2024-01-24 17:00:00,557.26,564.04,551.18,560.23,88402
2024-01-24 18:00:00,560.23,564.32,558.05,561.52,86097
2024-01-24 19:00:00,561.52,564.28,557.75,561.13,91987
2024-01-24 20:00:00,561.13,563.65,557.99,558.57,84368
2024-01-24 21:00:00,558.57,559.31,557.49,557.77,30607
2024-01-24 22:00:00,557.77,557.89,557.36,557.53,6063
2024-01-24 23:00:00,557.53,558.67,556.98,558.28,28637
2024-01-25 00:00:00,558.28,577.29,538.16,569.9,37801
2024-01-25 01:00:00,569.9,572.04,569.3,570.92,33914
2024-01-25 02:00:00,570.92,571.93,568.89,569.75,36436
2024-01-25 03:00:00,569.75,572.38,568.66,572.11,35435
2024-01-25 04:00:00,572.11,572.66,570.51,571.01,36516
2024-01-25 05:00:00,571.01,573.3,569.93,573.1,34870
2024-01-25 06:00:00,573.1,582.18,557.94,565.25,37490
2024-01-25 07:00:00,565.25,566.04,561.96,562.82,36688
2024-01-25 08:00:00,562.82,564.85,559.73,563.75,72312
2024-01-25 09:00:00,563.75,571.49,563.19,570.02,75066
2024-01-25 10:00:00,570.02,571.82,564.35,565.52,70421
2024-01-25 11:00:00,565.52,569.13,563.77,565.8,75641
2024-01-25 12:00:00,565.8,567.24,562.7,565.33,70936
2024-01-25 13:00:00,565.33,569.21,561.72,567.86,88245
2024-01-25 14:00:00,567.86,568.25,559.97,562.07,85253
2024-01-25 15:00:00,562.07,565.49,559.15,561.09,92822
2024-01-25 16:00:00,561.09,562.14,553.53,556.29,88601
2024-01-25 17:00:00,556.29,559.19,552.9,556.02,88748
2024-01-25 18:00:00,556.02,562.4,553.93,560.2,91642
2024-01-25 19:00:00,560.2,571.09,559.23,568.9,96444
2024-01-25 20:00:00,568.9,572.69,563.21,564.96,91664
2024-01-25 21:00:00,564.96,566.16,564.1,564.17,29189
2024-01-25 22:00:00,564.17,564.55,564.03,564.19,5862
2024-01-25 23:00:00,564.19,565.36,562.57,564.41,31349
2024-01-26 00:00:00,564.41,565.21,562.03,564.47,36435
2024-01-26 01:00:00,564.47,565.59,563.38,563.63,36085
2024-01-26 02:00:00,563.63,564.9,562.95,564.45,35720
2024-01-26 03:00:00,564.45,565.38,562.42,563.44,38128
2024-01-26 04:00:00,563.44,566.38,563.02,565.93,37331
2024-01-26 05:00:00,565.93,567.15,564.98,565.82,34358
2024-01-26 06:00:00,565.82,567.3,564.74,565.42,34395
2024-01-26 07:00:00,565.42,567.03,564.48,565.54,36858
2024-01-26 08:00:00,565.54,570.46,564.84,568.96,72871
2024-01-26 09:00:00,568.96,573.98,566.46,572.45,75572
2024-01-26 10:00:00,572.45,575.75,571.75,573.22,69710
2024-01-26 11:00:00,573.22,576.79,572.62,574.04,73016
2024-01-26 12:00:00,574.04,577.0,571.17,573.09,72534
2024-01-26 13:00:00,573.09,576.48,571.23,575.73,94008
2024-01-26 14:00:00,575.73,580.94,574.97,578.45,88016
2024-01-26 15:00:00,578.45,592.38,573.66,584.59,94480
2024-01-26 16:00:00,584.59,591.4,583.22,590.01,95962
2024-01-26 17:00:00,590.01,592.25,588.43,591.08,92361
2024-01-26 18:00:00,591.08,592.15,585.04,587.87,93620
2024-01-26 19:00:00,587.87,594.07,585.52,588.74,88976
2024-01-26 20:00:00,588.74,591.03,585.18,589.89,86997
2024-01-26 21:00:00,589.89,592.02,589.58,590.99,30170
2024-01-26 22:00:00,590.99,598.27,583.27,594.81,6052
2024-01-26 23:00:00,594.81,595.23,588.82,589.03,31142
2024-01-29 00:00:00,589.03,589.39,584.89,587.21,34931
2024-01-29 01:00:00,587.21,588.11,579.97,581.32,39758
2024-01-29 02:00:00,581.32,583.57,579.28,580.04,35919
2024-01-29 03:00:00,580.04,599.86,575.45,581.69,36915
2024-01-29 04:00:00,581.69,581.69,575.55,575.97,37355
2024-01-29 05:00:00,575.97,576.6,567.56,567.85,36202
2024-01-29 06:00:00,567.85,568.32,561.22,561.85,36439
2024-01-29 07:00:00,561.85,562.02,555.32,555.78,36047
2024-01-29 08:00:00,555.78,558.92,542.13,543.78,71320
2024-01-29 09:00:00,543.78,549.97,526.59,526.75,70053
2024-01-29 10:00:00,526.75,527.25,521.93,523.89,73822
2024-01-29 11:00:00,523.89,526.34,519.28,522.74,68078
2024-01-29 12:00:00,522.74,523.57,508.14,511.04,75166
2024-01-29 13:00:00,511.04,511.94,500.69,503.26,91464
2024-01-29 14:00:00,503.26,504.04,494.65,496.17,92624
2024-01-29 15:00:00,496.17,498.59,487.89,489.36,89917
2024-01-29 16:00:00,489.36,491.16,480.63,481.85,83550
2024-01-29 17:00:00,481.85,483.64,470.03,472.9,84374
2024-01-29 18:00:00,472.9,473.69,467.56,472.09,93772
2024-01-29 19:00:00,472.09,473.33,463.27,464.12,89860
2024-01-29 20:00:00,464.12,467.3,456.26,456.6,86187
2024-01-29 21:00:00,456.6,456.83,453.64,454.22,29125
2024-01-29 22:00:00,454.22,454.31,450.53,450.62,6120
2024-01-29 23:00:00,450.62,451.21,446.19,446.76,29753
2024-01-30 00:00:00,446.76,447.63,442.11,442.61,35780
2024-01-30 01:00:00,442.61,442.91,436.74,436.89,37084
2024-01-30 02:00:00,436.89,437.31,431.7,432.27,34876
2024-01-30 03:00:00,432.27,433.04,430.16,430.5,36007
2024-01-30 04:00:00,430.5,430.96,427.01,427.55,34949
2024-01-30 05:00:00,427.55,429.02,422.76,423.16,36562
2024-01-30 06:00:00,423.16,423.45,416.3,416.8,38265
2024-01-30 07:00:00,416.8,417.2,412.71,413.55,37333
2024-01-30 08:00:00,413.55,414.72,405.7,406.21,70237
2024-01-30 09:00:00,406.21,409.68,404.08,405.97,73708
2024-01-30 10:00:00,405.97,406.72,395.64,396.92,71765
2024-01-30 11:00:00,396.92,400.14,394.08,394.99,69163
2024-01-30 12:00:00,394.99,396.21,391.99,394.5,74098
2024-01-30 13:00:00,394.5,411.47,376.35,383.58,93393
2024-01-30 14:00:00,383.58,387.4,381.77,383.98,90284
2024-01-30 15:00:00,383.98,389.11,380.68,385.11,89787
2024-01-30 16:00:00,385.11,386.19,377.2,379.46,89473
2024-01-30 17:00:00,379.46,381.57,372.76,374.25,90284
2024-01-30 18:00:00,374.25,375.0,368.32,370.98,90564
2024-01-30 19:00:00,370.98,372.82,365.43,367.85,87120
2024-01-30 20:00:00,367.85,369.37,363.23,364.76,91584
2024-01-30 21:00:00,364.76,364.9,360.71,360.79,28663
2024-01-30 22:00:00,360.79,360.89,357.53,357.56,5728
2024-01-30 23:00:00,357.56,357.76,353.39,354.78,30562
2024-01-31 00:00:00,354.78,355.51,352.01,352.08,35316
2024-01-31 01:00:00,352.08,353.26,348.72,349.13,37259
2024-01-31 02:00:00,349.13,350.03,345.44,345.98,36916
2024-01-31 03:00:00,345.98,346.68,335.7,335.81,39236
2024-01-31 04:00:00,335.81,336.2,329.13,329.51,35716
2024-01-31 05:00:00,329.51,330.88,327.28,327.58,36276
2024-01-31 06:00:00,327.58,327.63,324.43,324.78,33940
2024-01-31 07:00:00,324.78,324.92,321.79,321.87,37826
2024-01-31 08:00:00,321.87,323.1,317.71,318.43,79635
2024-01-31 09:00:00,318.43,319.6,315.85,317.19,70416
2024-01-31 10:00:00,317.19,318.36,314.13,316.81,75278
2024-01-31 11:00:00,316.81,318.24,313.14,314.51,72438
2024-01-31 12:00:00,314.51,315.82,311.75,312.69,70394
2024-01-31 13:00:00,312.69,314.65,306.66,307.9,87301
2024-01-31 14:00:00,307.9,308.27,301.04,301.81,93606
2024-01-31 15:00:00,301.81,303.09,296.91,299.44,93767
2024-01-31 16:00:00,299.44,299.81,291.9,293.62,85832
2024-01-31 17:00:00,293.62,294.64,289.74,290.2,97678
2024-01-31 18:00:00,290.2,291.55,286.97,288.32,92687
2024-01-31 19:00:00,288.32,292.37,286.59,290.03,86796
2024-01-31 20:00:00,290.03,293.22,289.24,291.69,89267
2024-01-31 21:00:00,291.69,291.85,289.17,289.37,30627
2024-01-31 22:00:00,289.37,289.57,286.76,286.77,5674
2024-01-31 23:00:00,286.77,294.87,278.49,281.02,30668
2024-02-01 00:00:00,281.02,281.65,277.62,277.89,37335
2024-02-01 01:00:00,277.89,278.16,275.69,275.8,37132
2024-02-01 02:00:00,275.8,276.37,273.59,273.9,35097
2024-02-01 03:00:00,273.9,274.05,271.99,273.75,37127
2024-02-01 04:00:00,273.75,276.33,273.18,276.09,33592
2024-02-01 05:00:00,276.09,279.36,276.02,279.22,34121
2024-02-01 06:00:00,279.22,281.38,278.83,281.08,35054
2024-02-01 07:00:00,281.08,282.8,280.79,281.81,36918
2024-02-01 08:00:00,281.81,284.71,280.61,283.66,70843
2024-02-01 09:00:00,283.66,287.66,282.94,287.03,74038
2024-02-01 10:00:00,287.03,290.53,286.07,287.57,70694
2024-02-01 11:00:00,287.57,292.02,286.78,290.97,74853
2024-02-01 12:00:00,290.97,294.39,289.44,293.22,69731
2024-02-01 13:00:00,293.22,296.34,291.58,294.82,94398
2024-02-01 14:00:00,294.82,299.54,294.11,298.86,89281
2024-02-01 15:00:00,298.86,302.25,298.12,301.1,89061
2024-02-01 16:00:00,301.1,306.45,299.67,305.57,91571
2024-02-01 17:00:00,305.57,309.72,304.09,308.24,96542
2024-02-01 18:00:00,308.24,311.79,306.66,309.21,84577
2024-02-01 19:00:00,309.21,312.54,308.43,311.73,91067
2024-02-01 20:00:00,311.73,316.92,311.06,314.34,87915
2024-02-01 21:00:00,314.34,317.56,314.06,317.15,29913
2024-02-01 22:00:00,317.15,320.41,317.04,320.4,5902
2024-02-01 23:00:00,320.4,324.0,320.26,323.87,30531
2024-02-02 00:00:00,323.87,328.48,323.7,327.41,35773
2024-02-02 01:00:00,327.41,331.14,327.01,330.47,35895
2024-02-02 02:00:00,330.47,334.95,330.16,334.78,36018
2024-02-02 03:00:00,334.78,337.95,334.09,336.97,34370
2024-02-02 04:00:00,336.97,340.54,336.45,340.44,38110
2024-02-02 05:00:00,340.44,347.06,335.97,345.87,38196
2024-02-02 06:00:00,345.87,352.45,338.88,352.03,34682
2024-02-02 07:00:00,352.03,354.39,351.5,352.83,36517
2024-02-02 08:00:00,352.83,355.86,351.03,353.48,76979
2024-02-02 09:00:00,353.48,358.54,353.01,356.3,67290
2024-02-02 10:00:00,356.3,364.43,356.28,363.95,71359
2024-02-02 11:00:00,363.95,368.26,363.25,365.65,65150
2024-02-02 12:00:00,365.65,367.29,363.8,367.04,77016
2024-02-02 13:00:00,367.04,373.06,365.31,371.29,89476
2024-02-02 14:00:00,371.29,376.06,370.36,373.05,90836
2024-02-02 15:00:00,373.05,381.42,372.73,380.71,92668
2024-02-02 16:00:00,380.71,387.36,377.96,384.19,96482
2024-02-02 17:00:00,384.19,389.03,381.81,387.6,93427
2024-02-02 18:00:00,387.6,390.97,384.41,389.64,86822
2024-02-02 19:00:00,389.64,391.75,386.59,389.92,88242
2024-02-02 20:00:00,389.92,393.52,387.26,392.95,88897
2024-02-02 21:00:00,392.95,394.68,392.5,393.99,31030
2024-02-02 22:00:00,393.99,404.52,379.79,403.81,5906
2024-02-02 23:00:00,403.81,408.72,403.6,407.77,30023
2024-02-05 00:00:00,407.77,411.85,407.69,410.99,32839
2024-02-05 01:00:00,410.99,414.79,410.48,414.24,34454
2024-02-05 02:00:00,414.24,421.37,414.19,420.69,35050
2024-02-05 03:00:00,420.69,424.27,419.68,423.83,34572
2024-02-05 04:00:00,423.83,424.96,422.88,424.15,37133
2024-02-05 05:00:00,424.15,427.01,423.55,426.4,34215
2024-02-05 06:00:00,426.4,428.86,425.66,428.24,37075
2024-02-05 07:00:00,428.24,431.91,426.98,431.39,37594
2024-02-05 08:00:00,431.39,435.01,430.4,432.25,71247
2024-02-05 09:00:00,432.25,436.7,431.51,432.94,72436
2024-02-05 10:00:00,432.94,437.99,431.11,437.24,77201
2024-02-05 11:00:00,437.24,440.45,436.21,439.58,69902
2024-02-05 12:00:00,439.58,442.8,437.94,441.66,74303
2024-02-05 13:00:00,441.66,462.65,440.98,452.04,91854
2024-02-05 14:00:00,452.04,455.74,449.35,454.09,91880
2024-02-05 15:00:00,454.09,455.88,450.27,454.06,89670
2024-02-05 16:00:00,454.06,459.03,451.52,456.12,88604
2024-02-05 17:00:00,456.12,459.28,450.08,455.45,88800
2024-02-05 18:00:00,455.45,461.13,454.19,459.09,93837
2024-02-05 19:00:00,459.09,473.76,458.32,471.56,86874
2024-02-05 20:00:00,471.56,475.39,466.95,469.13,90450
2024-02-05 21:00:00,469.13,473.14,468.67,472.79,31269
2024-02-05 22:00:00,472.79,476.53,472.67,476.49,5949
2024-02-05 23:00:00,476.49,482.33,476.12,482.13,30830
2024-02-06 00:00:00,482.13,486.68,481.72,486.42,37660
2024-02-06 01:00:00,486.42,488.43,486.09,487.49,35117
2024-02-06 02:00:00,487.49,497.78,480.93,494.56,39329
2024-02-06 03:00:00,494.56,506.35,482.93,490.39,36907
2024-02-06 04:00:00,490.39,493.53,489.49,492.0,36050
2024-02-06 05:00:00,492.0,498.89,491.98,498.51,36902
2024-02-06 06:00:00,498.51,505.55,498.33,504.63,36568
2024-02-06 07:00:00,504.63,509.89,503.35,509.06,37884
2024-02-06 08:00:00,509.06,519.72,508.31,517.02,73507
2024-02-06 09:00:00,517.02,519.7,513.8,518.35,68807
2024-02-06 10:00:00,518.35,520.73,516.53,519.06,73666
2024-02-06 11:00:00,519.06,521.37,516.55,518.57,70705
2024-02-06 12:00:00,518.57,521.37,516.5,520.28,72329
2024-02-06 13:00:00,520.28,526.91,517.34,519.12,89227
2024-02-06 14:00:00,519.12,524.39,518.42,523.53,91701
2024-02-06 15:00:00,523.53,529.87,523.11,526.91,92819
2024-02-06 16:00:00,526.91,528.26,523.92,524.96,93588
2024-02-06 17:00:00,524.96,526.98,521.88,524.17,87440
2024-02-06 18:00:00,524.17,529.9,522.6,529.71,87768
2024-02-06 19:00:00,529.71,531.02,525.3,529.15,90631
2024-02-06 20:00:00,529.15,530.11,525.07,527.15,91756
2024-02-06 21:00:00,527.15,538.13,518.11,536.52,29918
2024-02-06 22:00:00,536.52,536.79,536.4,536.54,5774
2024-02-06 23:00:00,536.54,537.87,535.92,536.72,30849
2024-02-07 00:00:00,536.72,547.6,524.33,528.08,37133
2024-02-07 01:00:00,528.08,529.49,527.87,528.46,34288
2024-02-07 02:00:00,528.46,529.3,527.29,527.97,34248
2024-02-07 03:00:00,527.97,531.98,517.15,520.07,35200
2024-02-07 04:00:00,520.07,521.6,519.26,520.16,36104
2024-02-07 05:00:00,520.16,521.23,519.39,520.36,35863
2024-02-07 06:00:00,520.36,521.86,518.62,521.19,36069
2024-02-07 07:00:00,521.19,523.0,519.8,520.84,35380
2024-02-07 08:00:00,520.84,523.06,520.02,521.33,73040
2024-02-07 09:00:00,521.33,525.38,521.07,524.15,73210
2024-02-07 10:00:00,524.15,532.87,502.4,517.42,70841
2024-02-07 11:00:00,517.42,517.65,512.29,515.63,70787
2024-02-07 12:00:00,515.63,517.91,513.96,515.77,72549
2024-02-07 13:00:00,515.77,517.8,513.08,514.86,86197
2024-02-07 14:00:00,514.86,515.42,509.69,512.97,87609
2024-02-07 15:00:00,512.97,521.14,503.63,504.13,93165
2024-02-07 16:00:00,504.13,509.5,502.14,507.91,95990
2024-02-07 17:00:00,507.91,509.25,504.09,508.64,83607
2024-02-07 18:00:00,508.64,511.9,507.91,509.66,91343
2024-02-07 19:00:00,509.66,511.56,505.76,510.75,92740
2024-02-07 20:00:00,510.75,511.46,504.05,504.46,87512
2024-02-07 21:00:00,504.46,505.52,503.45,504.48,28820
2024-02-07 22:00:00,504.48,518.42,498.15,511.77,5725
2024-02-07 23:00:00,511.77,512.74,511.41,512.65,29715
2024-02-08 00:00:00,512.65,513.3,510.77,511.36,37336
2024-02-08 01:00:00,511.36,511.75,509.77,510.84,37282
2024-02-08 02:00:00,510.84,511.07,508.85,510.06,37229
2024-02-08 03:00:00,510.06,515.85,498.11,503.14,38539
2024-02-08 04:00:00,503.14,503.27,501.81,502.88,35982
2024-02-08 05:00:00,502.88,505.7,502.45,504.43,34783
2024-02-08 06:00:00,504.43,522.71,488.34,496.09,36069
2024-02-08 07:00:00,496.09,496.51,493.77,494.99,35732
2024-02-08 08:00:00,494.99,517.23,484.73,507.39,70296
2024-02-08 09:00:00,507.39,511.19,506.46,510.62,73683
2024-02-08 10:00:00,510.62,514.62,509.82,511.11,73149
2024-02-08 11:00:00,511.11,512.57,507.53,510.32,70580
2024-02-08 12:00:00,510.32,513.58,506.72,507.76,72503
2024-02-08 13:00:00,507.76,509.67,503.71,507.41,91455
2024-02-08 14:00:00,507.41,508.79,502.94,504.79,89387
2024-02-08 15:00:00,504.79,507.87,502.46,503.44,84041
2024-02-08 16:00:00,503.44,505.96,500.39,503.61,83252
2024-02-08 17:00:00,503.61,508.16,502.27,506.88,85567
2024-02-08 18:00:00,506.88,508.78,504.18,507.43,93821
2024-02-08 19:00:00,507.43,511.45,505.87,509.93,89551
2024-02-08 20:00:00,509.93,513.98,508.75,511.69,89679
2024-02-08 21:00:00,511.69,513.61,511.19,512.65,28784
2024-02-08 22:00:00,512.65,513.12,512.42,512.83,6376
2024-02-08 23:00:00,512.83,513.08,511.8,512.44,30578
2024-02-09 00:00:00,512.44,513.08,511.41,511.67,35345
2024-02-09 01:00:00,511.67,512.43,510.59,511.46,35677
2024-02-09 02:00:00,511.46,511.48,508.1,508.61,36311
2024-02-09 03:00:00,508.61,533.99,486.49,514.67,35566
2024-02-09 04:00:00,514.67,515.47,513.38,514.92,36418
2024-02-09 05:00:00,514.92,515.49,513.38,514.5,34141
2024-02-09 06:00:00,514.5,515.07,512.21,513.07,36975
2024-02-09 07:00:00,513.07,514.58,511.19,511.89,36334
2024-02-09 08:00:00,511.89,516.51,502.75,502.95,71058
2024-02-09 09:00:00,502.95,506.82,497.01,502.35,73417
2024-02-09 10:00:00,502.35,503.1,491.55,492.52,73904
2024-02-09 11:00:00,492.52,493.13,480.35,480.89,71278
2024-02-09 12:00:00,480.89,482.47,472.13,473.42,71031
2024-02-09 13:00:00,473.42,473.72,464.72,469.47,90358
2024-02-09 14:00:00,469.47,476.5,467.6,474.14,95408
2024-02-09 15:00:00,474.14,495.08,471.22,478.39,89551
2024-02-09 16:00:00,478.39,479.06,472.11,473.32,91146
2024-02-09 17:00:00,473.32,475.6,468.79,473.33,85418
2024-02-09 18:00:00,473.33,474.73,461.95,462.09,92716
2024-02-09 19:00:00,462.09,464.96,458.61,461.98,86568
2024-02-09 20:00:00,461.98,463.88,454.76,458.37,93572
2024-02-09 21:00:00,458.37,458.91,454.55,454.69,30837
2024-02-09 22:00:00,454.69,454.79,450.3,450.35,6221
2024-02-09 23:00:00,450.35,450.69,446.65,447.11,30712
2024-02-12 00:00:00,447.11,447.24,440.82,441.48,35947
2024-02-12 01:00:00,441.48,441.51,437.78,437.85,36615
2024-02-12 02:00:00,437.85,437.98,434.96,436.8,35257
2024-02-12 03:00:00,436.8,437.19,433.08,433.7,32815
2024-02-12 04:00:00,433.7,434.57,431.6,432.33,35442
2024-02-12 05:00:00,432.33,432.85,428.61,429.02,37328
2024-02-12 06:00:00,429.02,429.83,425.01,425.49,35295
2024-02-12 07:00:00,425.49,426.38,419.66,420.66,36217
2024-02-12 08:00:00,420.66,422.85,417.81,418.19,68920
2024-02-12 09:00:00,418.19,419.48,411.32,412.59,73828
2024-02-12 10:00:00,412.59,413.29,402.54,403.91,70207
2024-02-12 11:00:00,403.91,406.31,401.78,404.24,67354
2024-02-12 12:00:00,404.24,405.94,399.57,399.91,68675
2024-02-12 13:00:00,399.91,400.54,389.41,393.06,90230
2024-02-12 14:00:00,393.06,408.7,374.32,393.03,88539
2024-02-12 15:00:00,393.03,393.94,384.21,385.33,86258
2024-02-12 16:00:00,385.33,385.98,379.03,381.92,94946
2024-02-12 17:00:00,381.92,383.54,374.9,376.09,92550
2024-02-12 18:00:00,376.09,378.26,372.41,375.84,89968
2024-02-12 19:00:00,375.84,377.46,371.05,372.77,89469
2024-02-12 20:00:00,372.77,374.67,368.79,370.8,89875
2024-02-12 21:00:00,370.8,371.08,368.02,368.43,30748
2024-02-12 22:00:00,368.43,368.59,365.0,365.01,6048
2024-02-12 23:00:00,365.01,365.09,360.48,361.04,32809
2024-02-13 00:00:00,361.04,361.34,357.6,358.38,32925
2024-02-13 01:00:00,358.38,358.5,354.06,354.79,37211
2024-02-13 02:00:00,354.79,355.11,351.28,351.4,36420
2024-02-13 03:00:00,351.4,352.17,346.5,347.24,35613
2024-02-13 04:00:00,347.24,362.75,342.99,350.79,34887
2024-02-13 05:00:00,350.79,351.5,346.65,346.74,35163
2024-02-13 06:00:00,346.74,347.54,342.52,342.77,34201
2024-02-13 07:00:00,342.77,343.7,340.72,341.98,35385
2024-02-13 08:00:00,341.98,342.76,340.27,341.91,70005
2024-02-13 09:00:00,341.91,342.33,333.59,335.19,69865
2024-02-13 10:00:00,335.19,337.16,331.96,334.11,70878
2024-02-13 11:00:00,334.11,335.12,328.63,328.91,68572
2024-02-13 12:00:00,328.91,330.88,326.69,327.87,72069
2024-02-13 13:00:00,327.87,331.37,327.41,329.06,91472
2024-02-13 14:00:00,329.06,330.03,327.22,328.32,94430
2024-02-13 15:00:00,328.32,329.72,325.39,326.69,88879
2024-02-13 16:00:00,326.69,328.71,326.15,327.37,87637
2024-02-13 17:00:00,327.37,327.62,322.17,322.79,86158
2024-02-13 18:00:00,322.79,322.99,319.43,320.44,94379
2024-02-13 19:00:00,320.44,322.74,319.66,321.0,92626
2024-02-13 20:00:00,321.0,322.68,319.25,320.69,89313
2024-02-13 21:00:00,320.69,320.82,319.51,320.22,27041
2024-02-13 22:00:00,320.22,320.61,320.15,320.48,6053
2024-02-13 23:00:00,320.48,330.67,299.37,314.88,32849
2024-02-14 00:00:00,314.88,315.56,313.85,313.98,33449
2024-02-14 01:00:00,313.98,314.39,312.95,313.98,36561
2024-02-14 02:00:00,313.98,314.03,312.79,313.58,34722
2024-02-14 03:00:00,313.58,314.28,312.64,313.0,37879
2024-02-14 04:00:00,313.0,315.04,312.8,314.55,36772
2024-02-14 05:00:00,314.55,315.08,313.95,314.54,35561
2024-02-14 06:00:00,314.54,316.33,314.02,315.91,35054
2024-02-14 07:00:00,315.91,316.38,315.1,315.25,35489
2024-02-14 08:00:00,315.25,317.04,313.85,316.77,67317
2024-02-14 09:00:00,316.77,318.92,316.43,317.9,70801
2024-02-14 10:00:00,317.9,318.63,316.1,316.31,70502
2024-02-14 11:00:00,316.31,318.07,315.52,317.35,72595
2024-02-14 12:00:00,317.35,320.11,317.32,318.3,74401
2024-02-14 13:00:00,318.3,319.6,316.47,316.9,86229
2024-02-14 14:00:00,316.9,317.9,315.03,316.36,90763
2024-02-14 15:00:00,316.36,317.8,313.93,314.82,91606
2024-02-14 16:00:00,314.82,315.16,312.12,314.08,88730
2024-02-14 17:00:00,314.08,315.16,311.64,311.97,92007
2024-02-14 18:00:00,311.97,312.37,310.07,311.06,89632
2024-02-14 19:00:00,311.06,311.32,307.27,309.61,86913
2024-02-14 20:00:00,309.61,312.57,309.01,311.25,89155
2024-02-14 21:00:00,311.25,311.97,310.72,311.37,30516
2024-02-14 22:00:00,311.37,311.52,311.17,311.43,5920
2024-02-14 23:00:00,311.43,311.85,310.86,311.53,29156
2024-02-15 00:00:00,311.53,312.69,311.33,311.54,36500
2024-02-15 01:00:00,311.54,316.75,306.49,308.15,35600
2024-02-15 02:00:00,308.15,308.95,307.81,308.87,35707
2024-02-15 03:00:00,308.87,310.04,308.62,309.82,34824
2024-02-15 04:00:00,309.82,310.41,309.05,309.4,34540
2024-02-15 05:00:00,309.4,310.71,308.95,310.32,33446
2024-02-15 06:00:00,310.32,311.12,309.6,309.79,35301
2024-02-15 07:00:00,309.79,310.5,308.28,308.75,36525
2024-02-15 08:00:00,308.75,310.14,307.3,308.51,69531
2024-02-15 09:00:00,308.51,312.12,307.49,309.59,69128
2024-02-15 10:00:00,309.59,311.56,309.32,310.73,70021
2024-02-15 11:00:00,310.73,311.54,308.75,309.5,73708
2024-02-15 12:00:00,309.5,310.46,308.52,309.27,71302
2024-02-15 13:00:00,309.27,309.48,305.65,308.01,86174
2024-02-15 14:00:00,308.01,311.33,305.77,309.25,91531
2024-02-15 15:00:00,309.25,309.71,306.07,307.01,88117
2024-02-15 16:00:00,307.01,311.17,306.02,310.65,81850
2024-02-15 17:00:00,310.65,312.63,306.28,307.07,89100
2024-02-15 18:00:00,307.07,308.54,305.14,305.81,94502
2024-02-15 19:00:00,305.81,307.76,305.48,306.62,90963
2024-02-15 20:00:00,306.62,310.07,305.45,309.15,87246
2024-02-15 21:00:00,309.15,309.67,308.57,309.21,27771
2024-02-15 22:00:00,309.21,309.35,309.1,309.19,6141
2024-02-15 23:00:00,309.19,309.91,309.0,309.67,30871
2024-02-16 00:00:00,309.67,310.53,308.67,308.8,34581
2024-02-16 01:00:00,308.8,315.36,304.35,304.55,34155
2024-02-16 02:00:00,304.55,305.1,304.13,304.77,36344
2024-02-16 03:00:00,304.77,304.97,302.82,302.96,35210
2024-02-16 04:00:00,302.96,303.3,301.93,303.09,35011
2024-02-16 05:00:00,303.09,303.47,301.71,302.1,38361
2024-02-16 06:00:00,302.1,302.41,301.24,301.67,36524
2024-02-16 07:00:00,301.67,302.35,301.12,301.95,35145
2024-02-16 08:00:00,301.95,304.27,301.34,303.83,68107
2024-02-16 09:00:00,303.83,303.93,301.53,302.66,73264
2024-02-16 10:00:00,302.66,306.63,288.02,297.59,69425
2024-02-16 11:00:00,297.59,299.39,296.22,296.76,72843
2024-02-16 12:00:00,296.76,298.02,295.58,297.76,75069
2024-02-16 13:00:00,297.76,298.35,295.25,297.45,88847
2024-02-16 14:00:00,297.45,308.88,291.15,304.18,89501
2024-02-16 15:00:00,304.18,306.3,302.28,304.47,91096
2024-02-16 16:00:00,304.47,306.38,302.51,304.77,87785
2024-02-16 17:00:00,304.77,309.33,304.02,308.1,89787
2024-02-16 18:00:00,308.1,310.33,307.76,309.63,84565
2024-02-16 19:00:00,309.63,312.22,308.62,311.92,96301
2024-02-16 20:00:00,311.92,312.66,309.66,309.95,90202
2024-02-16 21:00:00,309.95,310.24,309.29,310.14,29104
2024-02-16 22:00:00,310.14,310.24,310.06,310.2,5750
2024-02-16 23:00:00,310.2,310.62,309.62,310.07,30358
2024-02-19 00:00:00,310.07,310.28,309.19,309.78,34762
2024-02-19 01:00:00,309.78,310.08,308.68,309.42,37462
2024-02-19 02:00:00,309.42,309.85,308.97,309.58,36210
2024-02-19 03:00:00,309.58,310.15,308.24,308.56,35995
2024-02-19 04:00:00,308.56,310.59,308.37,309.91,36169
2024-02-19 05:00:00,309.91,310.62,309.48,310.16,35126
2024-02-19 06:00:00,310.16,311.19,309.94,310.87,34665
2024-02-19 07:00:00,310.87,311.31,309.92,310.55,33190
2024-02-19 08:00:00,310.55,312.17,310.0,311.19,67946
2024-02-19 09:00:00,311.19,324.91,310.76,316.28,72270
2024-02-19 10:00:00,316.28,325.39,304.98,313.4,71805
2024-02-19 11:00:00,313.4,314.95,312.78,314.2,71769
2024-02-19 12:00:00,314.2,315.84,312.67,313.21,73505
2024-02-19 13:00:00,313.21,314.68,311.15,312.58,89685
2024-02-19 14:00:00,312.58,313.9,310.51,311.15,90041
2024-02-19 15:00:00,311.15,316.91,310.71,316.42,93520
2024-02-19 16:00:00,316.42,317.66,313.39,313.83,89868
2024-02-19 17:00:00,313.83,314.16,310.44,311.5,91856
2024-02-19 18:00:00,311.5,311.73,308.68,310.89,85721
2024-02-19 19:00:00,310.89,314.51,310.51,313.22,84804
2024-02-19 20:00:00,313.22,315.62,312.72,313.32,85282
2024-02-19 21:00:00,313.32,313.84,312.37,313.15,30411
2024-02-19 22:00:00,313.15,313.55,313.11,313.48,5304
2024-02-19 23:00:00,313.48,328.58,310.75,318.76,30020
2024-02-20 00:00:00,318.76,321.21,318.59,320.82,34921
2024-02-20 01:00:00,320.82,321.06,319.9,320.42,36341
2024-02-20 02:00:00,320.42,320.95,320.22,320.77,35594
2024-02-20 03:00:00,320.77,321.14,319.89,320.76,34979
2024-02-20 04:00:00,320.76,321.69,320.14,321.17,38252
2024-02-20 05:00:00,321.17,339.59,319.27,326.16,35205
2024-02-20 06:00:00,326.16,327.31,325.64,326.28,37409
2024-02-20 07:00:00,326.28,326.52,325.1,325.15,36154
2024-02-20 08:00:00,325.15,326.42,315.31,323.37,73606
2024-02-20 09:00:00,323.37,324.14,320.89,321.56,76977
2024-02-20 10:00:00,321.56,323.54,320.17,323.0,70185
2024-02-20 11:00:00,323.0,331.73,313.02,327.8,72097
2024-02-20 12:00:00,327.8,328.44,325.23,326.25,72550
2024-02-20 13:00:00,326.25,327.08,323.64,325.28,90840
2024-02-20 14:00:00,325.28,326.55,322.99,325.86,86200
2024-02-20 15:00:00,325.86,328.1,325.04,325.23,85011
2024-02-20 16:00:00,325.23,326.4,323.78,324.53,82731
2024-02-20 17:00:00,324.53,325.74,321.12,322.19,92501
2024-02-20 18:00:00,322.19,324.12,321.28,322.41,97955
2024-02-20 19:00:00,322.41,332.7,321.12,331.7,86016
2024-02-20 20:00:00,331.7,333.37,330.42,332.17,96220
2024-02-20 21:00:00,332.17,332.98,331.87,332.77,29043
2024-02-20 22:00:00,332.77,332.99,332.7,332.92,5807
2024-02-20 23:00:00,332.92,333.04,331.92,332.22,28248
2024-02-21 00:00:00,332.22,332.7,331.41,331.63,36468
2024-02-21 01:00:00,331.63,332.94,331.34,332.78,34603
2024-02-21 02:00:00,332.78,332.88,331.7,331.79,34146
2024-02-21 03:00:00,331.79,333.39,331.66,333.18,38369
2024-02-21 04:00:00,333.18,334.38,332.71,333.82,34178
2024-02-21 05:00:00,333.82,340.82,315.36,327.21,36005
2024-02-21 06:00:00,327.21,329.11,326.59,328.96,34631
2024-02-21 07:00:00,328.96,329.24,327.64,327.99,35232
2024-02-21 08:00:00,327.99,330.64,326.52,330.13,74309
2024-02-21 09:00:00,330.13,332.47,328.92,331.76,73165
2024-02-21 10:00:00,331.76,332.4,328.11,328.36,75987
2024-02-21 11:00:00,328.36,329.44,326.9,328.1,67319
2024-02-21 12:00:00,328.1,330.1,327.4,328.59,76776
2024-02-21 13:00:00,328.59,329.44,325.85,326.67,92854
2024-02-21 14:00:00,326.67,328.34,325.41,327.8,85205
2024-02-21 15:00:00,327.8,328.72,325.73,328.28,91204
2024-02-21 16:00:00,328.28,329.58,325.67,326.97,89010
2024-02-21 17:00:00,326.97,329.41,324.64,327.08,90608
2024-02-21 18:00:00,327.08,328.77,324.83,326.01,87776
2024-02-21 19:00:00,326.01,327.11,323.25,324.65,90880
2024-02-21 20:00:00,324.65,328.73,323.8,327.9,89799
2024-02-21 21:00:00,327.9,328.24,327.32,327.87,28393
2024-02-21 22:00:00,327.87,327.9,327.44,327.65,6300
2024-02-21 23:00:00,327.65,328.49,327.52,328.27,29358
2024-02-22 00:00:00,328.27,328.65,327.46,328.05,36351
2024-02-22 01:00:00,328.05,329.45,327.64,328.91,36248
2024-02-22 02:00:00,328.91,330.0,328.15,329.76,36980
2024-02-22 03:00:00,329.76,330.82,329.53,330.25,35391
2024-02-22 04:00:00,330.25,331.71,329.63,330.04,34825
2024-02-22 05:00:00,330.04,331.68,329.92,330.45,32991
2024-02-22 06:00:00,330.45,340.47,323.76,337.18,34469
2024-02-22 07:00:00,337.18,339.23,336.96,338.2,34255
2024-02-22 08:00:00,338.2,338.39,335.21,336.37,68802
2024-02-22 09:00:00,336.37,337.66,335.12,335.83,72400
2024-02-22 10:00:00,335.83,338.11,334.55,337.26,75073
2024-02-22 11:00:00,337.26,339.27,336.86,337.94,72078
2024-02-22 12:00:00,337.94,339.16,336.33,337.48,71767
2024-02-22 13:00:00,337.48,338.22,334.49,334.81,93321
2024-02-22 14:00:00,334.81,337.94,333.12,337.34,87818
2024-02-22 15:00:00,337.34,338.03,334.92,336.1,90721
2024-02-22 16:00:00,336.1,336.92,332.49,333.94,90087
2024-02-22 17:00:00,333.94,338.77,332.99,338.37,86174
2024-02-22 18:00:00,338.37,342.61,337.96,341.45,91789
2024-02-22 19:00:00,341.45,342.06,337.6,338.45,88265
2024-02-22 20:00:00,338.45,338.55,334.29,335.52,92168
2024-02-22 21:00:00,335.52,342.64,310.52,329.07,28638
2024-02-22 22:00:00,329.07,329.33,329.01,329.25,6105
2024-02-22 23:00:00,329.25,330.3,328.86,329.9,29563
2024-02-23 00:00:00,329.9,330.15,328.92,329.74,35504
2024-02-23 01:00:00,329.74,330.54,329.19,329.59,35853
2024-02-23 02:00:00,329.59,330.77,329.24,329.89,35817
2024-02-23 03:00:00,329.89,330.57,329.44,330.32,34279
2024-02-23 04:00:00,330.32,331.63,330.15,330.99,39396
2024-02-23 05:00:00,330.99,332.37,330.74,332.15,36928
2024-02-23 06:00:00,332.15,333.2,331.45,332.33,35553
2024-02-23 07:00:00,332.33,336.25,327.18,328.62,36526
2024-02-23 08:00:00,328.62,329.6,326.73,328.41,70329
2024-02-23 09:00:00,328.41,330.12,327.71,329.79,73348
2024-02-23 10:00:00,329.79,330.83,328.07,329.16,74274
2024-02-23 11:00:00,329.16,330.27,326.17,326.54,70470
2024-02-23 12:00:00,326.54,328.29,325.49,328.17,72003
2024-02-23 13:00:00,328.17,329.1,324.38,325.54,86603
2024-02-23 14:00:00,325.54,328.24,323.5,325.83,88986
2024-02-23 15:00:00,325.83,327.02,324.55,325.88,91585
2024-02-23 16:00:00,325.88,326.72,322.14,324.0,87784
2024-02-23 17:00:00,324.0,327.41,323.27,327.14,90249
2024-02-23 18:00:00,327.14,332.33,326.14,331.92,92959
2024-02-23 19:00:00,331.92,334.76,330.61,332.99,87259
2024-02-23 20:00:00,332.99,343.49,332.31,340.55,83840
2024-02-23 21:00:00,340.55,340.74,339.67,339.96,29677
2024-02-23 22:00:00,339.96,340.24,339.83,340.2,6004
2024-02-23 23:00:00,340.2,340.38,339.06,339.46,29605
2024-02-26 00:00:00,339.46,340.19,338.87,339.4,35163
2024-02-26 01:00:00,339.4,340.39,339.03,339.64,36029
2024-02-26 02:00:00,339.64,340.16,339.04,339.72,34962
2024-02-26 03:00:00,339.72,340.72,339.23,339.53,36602
2024-02-26 04:00:00,339.53,340.8,339.26,340.04,35663
2024-02-26 05:00:00,340.04,341.86,339.46,341.61,34951
2024-02-26 06:00:00,341.61,342.29,341.1,342.06,34220
2024-02-26 07:00:00,342.06,343.06,341.39,341.58,36496
2024-02-26 08:00:00,341.58,342.05,338.56,340.55,73627
2024-02-26 09:00:00,340.55,341.78,339.71,340.4,71367
2024-02-26 10:00:00,340.4,340.99,336.16,336.57,76960
2024-02-26 11:00:00,336.57,338.76,335.12,336.66,71580
2024-02-26 12:00:00,336.66,351.09,332.18,340.44,75170
2024-02-26 13:00:00,340.44,351.07,319.47,333.91,94394
2024-02-26 14:00:00,333.91,334.8,331.88,333.8,92057
2024-02-26 15:00:00,333.8,340.7,327.61,339.95,83611
2024-02-26 16:00:00,339.95,343.66,339.71,342.66,96365
2024-02-26 17:00:00,342.66,344.22,340.82,342.37,92333
2024-02-26 18:00:00,342.37,344.78,341.9,343.27,91026
2024-02-26 19:00:00,343.27,343.91,341.18,341.37,85138
2024-02-26 20:00:00,341.37,342.55,338.34,339.85,89926
2024-02-26 21:00:00,339.85,340.25,338.86,339.45,30769
2024-02-26 22:00:00,339.45,339.53,339.16,339.29,5958
2024-02-26 23:00:00,339.29,339.56,338.32,338.57,30559
2024-02-27 00:00:00,338.57,351.85,328.24,343.07,37011
2024-02-27 01:00:00,343.07,344.25,342.77,344.17,34560
2024-02-27 02:00:00,344.17,344.72,343.11,344.21,36638
2024-02-27 03:00:00,344.21,344.4,342.62,343.85,35643
2024-02-27 04:00:00,343.85,343.98,341.6,342.03,35997
2024-02-27 05:00:00,342.03,343.28,341.69,343.05,34965
2024-02-27 06:00:00,343.05,351.15,333.58,337.01,35935
2024-02-27 07:00:00,337.01,349.79,335.36,343.87,37988
2024-02-27 08:00:00,343.87,346.91,341.91,343.7,69329
2024-02-27 09:00:00,343.7,344.66,337.28,338.83,77223
2024-02-27 10:00:00,338.83,347.44,333.79,338.51,71641
2024-02-27 11:00:00,338.51,342.78,329.86,331.7,74033
2024-02-27 12:00:00,331.7,338.23,323.53,337.63,71311
2024-02-27 13:00:00,337.63,341.66,320.61,328.3,88725
2024-02-27 14:00:00,328.3,340.12,324.83,331.13,92229
2024-02-27 15:00:00,331.13,337.5,314.44,319.51,90618
2024-02-27 16:00:00,319.51,334.7,314.87,329.93,96701
2024-02-27 17:00:00,329.93,348.32,326.2,346.19,85051
2024-02-27 18:00:00,346.19,358.72,339.68,353.67,85576
2024-02-27 19:00:00,353.67,368.97,347.47,366.76,87648
2024-02-27 20:00:00,366.76,383.26,362.17,373.73,87339
2024-02-27 21:00:00,373.73,378.74,372.17,376.85,29390
2024-02-27 22:00:00,376.85,377.83,376.01,376.3,5888
2024-02-27 23:00:00,376.3,379.93,372.82,377.41,30008
2024-02-28 00:00:00,377.41,381.36,372.16,373.95,37022
2024-02-28 01:00:00,373.95,380.02,359.72,364.16,37412
2024-02-28 02:00:00,364.16,366.46,360.13,364.87,35298
2024-02-28 03:00:00,364.87,372.68,364.25,370.92,36817
2024-02-28 04:00:00,370.92,374.27,369.05,370.58,35247
2024-02-28 05:00:00,370.58,373.56,367.74,371.5,35211
2024-02-28 06:00:00,371.5,387.6,369.86,384.78,37331
2024-02-28 07:00:00,384.78,388.22,378.75,386.3,35960
2024-02-28 08:00:00,386.3,400.1,382.19,386.49,67758
2024-02-28 09:00:00,386.49,391.34,378.11,382.42,75598
2024-02-28 10:00:00,382.42,411.22,379.53,406.88,72223
2024-02-28 11:00:00,406.88,411.87,386.3,403.64,72908
2024-02-28 12:00:00,403.64,410.52,394.03,407.47,67300
2024-02-28 13:00:00,407.47,444.79,405.45,441.25,87516
2024-02-28 14:00:00,441.25,443.26,424.51,437.25,88766
2024-02-28 15:00:00,437.25,441.79,406.48,422.4,85966
2024-02-28 16:00:00,422.4,438.87,419.57,433.56,89155
2024-02-28 17:00:00,433.56,435.3,411.81,414.47,95445
2024-02-28 18:00:00,414.47,445.93,411.69,428.08,89859
2024-02-28 19:00:00,428.08,440.25,425.49,432.82,88673
2024-02-28 20:00:00,432.82,442.95,416.84,422.58,94025
2024-02-28 21:00:00,422.58,425.63,417.13,424.27,31035
2024-02-28 22:00:00,424.27,425.9,423.32,425.73,6057
2024-02-28 23:00:00,425.73,429.0,421.59,424.73,31468
2024-02-29 00:00:00,424.73,432.26,421.94,428.75,32876
2024-02-29 01:00:00,428.75,432.38,426.14,427.5,34064
2024-02-29 02:00:00,427.5,435.35,422.85,425.7,36311
2024-02-29 03:00:00,425.7,426.68,417.54,421.92,33912
2024-02-29 04:00:00,421.92,430.01,420.93,424.27,34814
2024-02-29 05:00:00,424.27,425.64,411.77,415.32,35059
2024-02-29 06:00:00,415.32,421.47,409.9,411.52,35178
2024-02-29 07:00:00,411.52,414.69,405.84,411.07,36190
2024-02-29 08:00:00,411.07,414.89,381.8,393.02,73439
2024-02-29 09:00:00,393.02,408.01,389.49,395.93,72321
2024-02-29 10:00:00,395.93,404.58,386.42,393.22,76324
2024-02-29 11:00:00,393.22,405.7,380.81,396.02,75966
2024-02-29 12:00:00,396.02,412.09,386.81,403.57,66752
2024-02-29 13:00:00,403.57,409.43,384.29,397.87,86220
2024-02-29 14:00:00,397.87,407.3,361.68,364.16,87448
2024-02-29 15:00:00,364.16,374.27,351.35,356.16,85959
2024-02-29 16:00:00,356.16,364.01,344.62,361.91,86970
2024-02-29 17:00:00,361.91,376.32,354.01,367.16,84904
2024-02-29 18:00:00,367.16,385.3,360.88,362.39,93033
2024-02-29 19:00:00,362.39,364.77,353.47,358.51,92920
2024-02-29 20:00:00,358.51,363.76,347.1,351.37,92857
2024-02-29 21:00:00,351.37,355.09,351.14,352.27,29397
2024-02-29 22:00:00,352.27,353.47,351.58,353.22,6147
2024-02-29 23:00:00,353.22,355.33,349.45,354.66,29545
2024-03-01 00:00:00,354.66,356.98,348.44,349.66,36157
2024-03-01 01:00:00,349.66,353.77,347.32,352.06,34660
2024-03-01 02:00:00,352.06,355.09,350.74,354.08,34463
2024-03-01 03:00:00,354.08,355.06,345.21,353.75,36079
2024-03-01 04:00:00,353.75,360.84,351.79,360.17,35035
2024-03-01 05:00:00,360.17,366.69,357.95,364.68,38135
2024-03-01 06:00:00,364.68,373.62,363.16,366.1,33211
2024-03-01 07:00:00,366.1,372.35,364.05,366.83,35514
2024-03-01 08:00:00,366.83,378.94,365.25,370.54,72310
2024-03-01 09:00:00,370.54,377.64,364.11,375.51,75606
2024-03-01 10:00:00,375.51,382.95,362.13,365.76,73298
2024-03-01 11:00:00,365.76,377.01,362.21,371.35,66019
2024-03-01 12:00:00,371.35,374.8,352.5,360.26,65708
2024-03-01 13:00:00,360.26,366.56,341.41,351.41,83961
2024-03-01 14:00:00,351.41,364.72,347.47,354.84,90228
2024-03-01 15:00:00,354.84,363.57,350.17,363.05,90930
2024-03-01 16:00:00,363.05,366.74,349.5,353.31,92818
2024-03-01 17:00:00,353.31,355.14,352.66,353.82,88015
2024-03-01 18:00:00,353.82,357.78,352.88,356.35,88075
2024-03-01 19:00:00,356.35,357.18,354.52,356.72,83311
2024-03-01 20:00:00,356.72,360.42,356.6,358.17,96137
2024-03-01 21:00:00,358.17,358.61,357.35,358.29,30089
2024-03-01 22:00:00,358.29,358.44,358.15,358.2,5984
2024-03-01 23:00:00,358.2,368.75,355.92,365.29,30181
2024-03-04 00:00:00,365.29,365.8,364.61,364.9,35317
2024-03-04 01:00:00,364.9,365.28,362.87,363.44,37655
2024-03-04 02:00:00,363.44,363.9,362.56,363.59,35217
2024-03-04 03:00:00,363.59,364.22,362.32,362.56,33928
2024-03-04 04:00:00,362.56,363.03,361.98,362.46,37259
2024-03-04 05:00:00,362.46,363.16,361.65,362.57,38288
2024-03-04 06:00:00,362.57,363.51,362.05,363.2,36325
2024-03-04 07:00:00,363.2,363.67,362.51,362.95,37587
2024-03-04 08:00:00,362.95,365.23,361.05,363.89,71579
2024-03-04 09:00:00,363.89,368.37,363.41,367.38,69754
2024-03-04 10:00:00,367.38,368.89,365.05,366.31,74064
2024-03-04 11:00:00,366.31,370.08,365.32,368.37,73115
2024-03-04 12:00:00,368.37,370.84,366.29,370.34,73165
2024-03-04 13:00:00,370.34,371.87,365.71,366.84,91102
2024-03-04 14:00:00,366.84,369.07,365.08,367.29,86250
2024-03-04 15:00:00,367.29,367.79,361.88,362.08,86855
2024-03-04 16:00:00,362.08,362.93,359.43,360.82,85552
2024-03-04 17:00:00,360.82,361.79,356.78,358.45,87589
2024-03-04 18:00:00,358.45,360.83,357.31,358.45,85727
2024-03-04 19:00:00,358.45,363.61,357.92,362.51,90050
2024-03-04 20:00:00,362.51,363.75,360.99,362.22,91390
2024-03-04 21:00:00,362.22,362.69,361.65,362.18,28628
2024-03-04 22:00:00,362.18,362.42,362.1,362.27,6087
2024-03-04 23:00:00,362.27,362.54,360.54,360.81,31172
2024-03-05 00:00:00,360.81,362.14,360.63,361.97,35600
2024-03-05 01:00:00,361.97,363.92,361.76,363.11,34174
2024-03-05 02:00:00,363.11,363.68,362.54,363.6,36643
2024-03-05 03:00:00,363.6,364.1,362.72,363.09,36035
2024-03-05 04:00:00,363.09,365.06,363.01,364.27,38057
2024-03-05 05:00:00,364.27,364.51,363.11,363.68,36563
2024-03-05 06:00:00,363.68,364.46,362.25,363.11,36512
2024-03-05 07:00:00,363.11,363.68,362.71,363.19,36167
2024-03-05 08:00:00,363.19,365.06,360.75,361.19,72581
2024-03-05 09:00:00,361.19,362.0,358.95,359.39,74783
2024-03-05 10:00:00,359.39,361.54,357.39,359.41,69992
2024-03-05 11:00:00,359.41,360.59,357.28,358.21,77795
2024-03-05 12:00:00,358.21,358.43,354.78,355.6,70046
2024-03-05 13:00:00,355.6,368.5,353.5,360.86,88333
2024-03-05 14:00:00,360.86,362.14,358.74,361.2,91884
2024-03-05 15:00:00,361.2,364.55,359.9,364.03,92121
2024-03-05 16:00:00,364.03,367.49,363.43,364.43,83077
2024-03-05 17:00:00,364.43,366.45,363.88,365.12,88369
2024-03-05 18:00:00,365.12,366.26,362.75,365.54,92794
2024-03-05 19:00:00,365.54,366.4,360.96,362.17,94817
2024-03-05 20:00:00,362.17,366.59,361.59,365.98,89706
2024-03-05 21:00:00,365.98,374.69,355.04,361.46,30746
2024-03-05 22:00:00,361.46,361.64,361.3,361.47,5785
2024-03-05 23:00:00,361.47,361.78,360.83,361.04,31280
2024-03-06 00:00:00,361.04,362.59,360.84,362.44,35163
2024-03-06 01:00:00,362.44,362.68,361.56,361.92,37260
2024-03-06 02:00:00,361.92,362.2,360.94,361.84,35438
2024-03-06 03:00:00,361.84,363.38,361.37,363.0,36423
2024-03-06 04:00:00,363.0,363.31,361.63,362.41,35402
2024-03-06 05:00:00,362.41,363.83,362.31,363.04,35355
2024-03-06 06:00:00,363.04,363.94,362.63,363.13,35927
2024-03-06 07:00:00,363.13,372.19,353.74,368.94,36170
2024-03-06 08:00:00,368.94,370.48,367.34,368.02,70836
2024-03-06 09:00:00,368.02,369.08,360.5,361.26,75598
2024-03-06 10:00:00,361.26,361.75,356.98,358.18,70676
2024-03-06 11:00:00,358.18,359.01,352.37,353.24,72560
2024-03-06 12:00:00,353.24,356.24,352.27,354.29,70894
2024-03-06 13:00:00,354.29,355.56,348.65,350.03,92930
2024-03-06 14:00:00,350.03,352.34,346.33,348.26,93766
2024-03-06 15:00:00,348.26,351.28,344.87,346.57,93652
2024-03-06 16:00:00,346.57,349.57,342.96,343.09,86713
2024-03-06 17:00:00,343.09,343.95,337.63,338.14,91256
2024-03-06 18:00:00,338.14,339.16,332.62,334.4,89479
2024-03-06 19:00:00,334.4,335.24,330.98,332.11,91505
2024-03-06 20:00:00,332.11,335.94,328.82,330.67,87663
2024-03-06 21:00:00,330.67,330.89,327.91,328.3,29764
2024-03-06 22:00:00,328.3,328.33,325.62,325.68,5864
2024-03-06 23:00:00,325.68,330.65,314.45,329.5,29712
2024-03-07 00:00:00,329.5,329.5,325.6,325.99,37740
2024-03-07 01:00:00,325.99,326.27,323.55,323.89,34682
2024-03-07 02:00:00,323.89,324.49,320.07,320.52,36247
2024-03-07 03:00:00,320.52,320.87,317.49,317.67,36538
2024-03-07 04:00:00,317.67,318.37,315.01,315.15,37038
2024-03-07 05:00:00,315.15,315.5,312.71,313.19,33888
2024-03-07 06:00:00,313.19,313.46,309.07,309.44,35091
2024-03-07 07:00:00,309.44,310.18,306.69,306.86,34542
2024-03-07 08:00:00,306.86,308.07,305.48,306.84,70787
2024-03-07 09:00:00,306.84,307.16,300.66,300.76,74785
2024-03-07 10:00:00,300.76,302.11,294.39,294.89,71641
2024-03-07 11:00:00,294.89,296.29,292.34,294.05,72210
2024-03-07 12:00:00,294.05,294.92,290.18,290.8,75030
2024-03-07 13:00:00,290.8,291.79,283.09,283.97,84839
2024-03-07 14:00:00,283.97,284.26,279.86,282.14,92751
2024-03-07 15:00:00,282.14,283.23,279.46,280.59,85748
2024-03-07 16:00:00,280.59,282.37,277.94,280.08,85942
2024-03-07 17:00:00,280.08,280.72,276.34,276.85,94414
2024-03-07 18:00:00,276.85,277.64,272.71,274.52,90140
2024-03-07 19:00:00,274.52,276.78,272.06,272.57,90254
2024-03-07 20:00:00,272.57,273.02,268.2,270.86,93175
2024-03-07 21:00:00,270.86,271.03,266.96,267.16,28319
2024-03-07 22:00:00,267.16,267.25,264.66,264.78,6330
2024-03-07 23:00:00,264.78,265.18,262.96,263.1,28942
2024-03-08 00:00:00,263.1,263.34,259.41,259.6,36168
2024-03-08 01:00:00,259.6,260.25,257.68,257.98,37060
2024-03-08 02:00:00,257.98,258.73,256.93,257.42,35843
2024-03-08 03:00:00,257.42,257.82,255.68,255.75,36755
2024-03-08 04:00:00,255.75,256.12,253.19,253.61,33508
2024-03-08 05:00:00,253.61,253.86,251.66,252.3,35060
2024-03-08 06:00:00,252.3,252.83,250.04,250.2,33491
2024-03-08 07:00:00,250.2,250.81,247.75,248.07,34883
2024-03-08 08:00:00,248.07,249.17,245.87,247.16,75626
2024-03-08 09:00:00,247.16,247.56,243.87,244.43,72508
2024-03-08 10:00:00,244.43,245.16,241.34,241.77,68889
2024-03-08 11:00:00,241.77,242.63,239.06,239.47,70369
2024-03-08 12:00:00,239.47,240.98,236.03,236.2,70829
2024-03-08 13:00:00,236.2,237.85,232.33,235.33,85648
2024-03-08 14:00:00,235.33,236.81,228.22,231.8,90029
2024-03-08 15:00:00,231.8,234.61,230.71,231.27,93261
2024-03-08 16:00:00,231.27,231.86,227.14,227.8,87646
2024-03-08 17:00:00,227.8,228.3,223.96,224.4,89617
2024-03-08 18:00:00,224.4,224.61,220.85,221.9,88176
2024-03-08 19:00:00,221.9,222.73,218.89,219.25,90694
2024-03-08 20:00:00,219.25,221.1,218.7,219.59,95634
2024-03-08 21:00:00,219.59,219.66,217.0,217.22,30605
2024-03-08 22:00:00,217.22,217.26,215.26,215.27,6213
2024-03-08 23:00:00,215.27,215.32,212.45,212.62,29801
2024-03-11 00:00:00,212.62,212.86,210.36,210.69,35859
2024-03-11 01:00:00,210.69,211.01,209.45,210.12,37098
2024-03-11 02:00:00,210.12,210.25,207.04,207.25,37045
2024-03-11 03:00:00,207.25,207.43,205.06,205.82,34502
2024-03-11 04:00:00,205.82,206.4,204.05,204.36,34716
2024-03-11 05:00:00,204.36,204.53,202.04,202.39,35056
2024-03-11 06:00:00,202.39,209.97,196.98,203.61,34360
2024-03-11 07:00:00,203.61,204.09,201.25,201.53,34888
2024-03-11 08:00:00,201.53,201.61,198.68,199.52,75616
2024-03-11 09:00:00,199.52,201.07,197.14,197.53,74151
2024-03-11 10:00:00,197.53,197.91,194.26,194.69,68927
2024-03-11 11:00:00,194.69,195.17,191.85,192.15,72294
2024-03-11 12:00:00,192.15,197.35,185.23,189.31,73475
2024-03-11 13:00:00,189.31,190.17,187.25,188.63,90947
2024-03-11 14:00:00,188.63,191.8,182.74,189.95,94771
2024-03-11 15:00:00,189.95,191.77,188.82,189.74,89915
2024-03-11 16:00:00,189.74,190.04,185.07,185.92,87216
2024-03-11 17:00:00,185.92,187.01,183.32,184.52,91615
2024-03-11 18:00:00,184.52,185.46,182.77,183.21,84846
2024-03-11 19:00:00,183.21,183.27,180.07,180.67,89342
2024-03-11 20:00:00,180.67,184.01,177.4,181.56,89191
2024-03-11 21:00:00,181.56,181.72,179.86,180.13,30103
2024-03-11 22:00:00,180.13,180.23,178.49,178.5,5933
2024-03-11 23:00:00,178.5,184.86,175.17,180.02,30297
2024-03-12 00:00:00,180.02,180.2,178.83,179.04,34925
2024-03-12 01:00:00,179.04,179.11,177.04,177.04,35499
2024-03-12 02:00:00,177.04,177.28,174.42,174.71,34703
2024-03-12 03:00:00,174.71,174.93,173.47,173.73,36862
2024-03-12 04:00:00,173.73,174.1,172.35,172.53,34161
2024-03-12 05:00:00,172.53,172.68,170.98,171.26,34891
2024-03-12 06:00:00,171.26,172.9,170.93,172.78,37275
2024-03-12 07:00:00,172.78,173.93,172.68,173.7,34932
2024-03-12 08:00:00,173.7,174.85,171.77,174.43,76755
2024-03-12 09:00:00,174.43,177.45,174.43,176.64,81636
2024-03-12 10:00:00,176.64,179.61,176.25,179.31,73483
2024-03-12 11:00:00,179.31,182.95,178.07,182.1,76078
2024-03-12 12:00:00,182.1,185.81,181.1,185.1,70973
2024-03-12 13:00:00,185.1,187.53,183.33,185.47,89303
2024-03-12 14:00:00,185.47,188.42,184.96,186.41,81883
2024-03-12 15:00:00,186.41,189.86,185.32,189.16,91036
2024-03-12 16:00:00,189.16,190.77,188.63,190.04,88669
2024-03-12 17:00:00,190.04,191.25,187.81,189.0,93361
2024-03-12 18:00:00,189.0,192.37,188.29,191.36,92806
2024-03-12 19:00:00,191.36,191.93,189.1,190.96,86943
2024-03-12 20:00:00,190.96,192.44,188.68,190.62,90896
2024-03-12 21:00:00,190.62,201.31,185.92,195.2,28989
2024-03-12 22:00:00,195.2,196.83,195.14,196.81,5968
2024-03-12 23:00:00,196.81,199.13,196.73,199.06,30638
2024-03-13 00:00:00,199.06,201.81,199.01,201.63,36261
2024-03-13 01:00:00,201.63,203.56,201.55,203.15,34911
2024-03-13 02:00:00,203.15,204.75,202.74,204.39,34688
2024-03-13 03:00:00,204.39,206.51,204.1,206.11,36196
2024-03-13 04:00:00,206.11,208.74,205.99,207.77,34713
2024-03-13 05:00:00,207.77,210.85,207.57,210.53,35750
2024-03-13 06:00:00,210.53,211.91,210.26,211.81,35372
2024-03-13 07:00:00,211.81,213.08,211.47,212.95,36413
2024-03-13 08:00:00,212.95,214.78,211.82,213.03,69105
2024-03-13 09:00:00,213.03,216.23,212.36,215.51,74272
2024-03-13 10:00:00,215.51,219.02,215.28,218.82,67502
2024-03-13 11:00:00,218.82,221.78,218.36,220.66,71111
2024-03-13 12:00:00,220.66,224.83,220.21,224.0,74303
2024-03-13 13:00:00,224.0,224.49,220.91,222.85,85852
2024-03-13 14:00:00,222.85,226.1,217.67,223.68,96086
2024-03-13 15:00:00,223.68,227.46,222.77,227.23,94354
2024-03-13 16:00:00,227.23,229.53,225.68,227.4,91865
2024-03-13 17:00:00,227.4,231.47,226.72,230.78,88546
2024-03-13 18:00:00,230.78,235.55,230.06,233.87,82405
2024-03-13 19:00:00,233.87,237.53,232.67,237.17,100966
2024-03-13 20:00:00,237.17,239.3,235.65,237.86,88051
2024-03-13 21:00:00,237.86,240.64,237.83,240.55,29375
2024-03-13 22:00:00,240.55,242.92,240.51,242.88,6077
2024-03-13 23:00:00,242.88,252.39,234.91,249.31,31386
2024-03-14 00:00:00,249.31,251.47,249.06,250.82,38045
2024-03-14 01:00:00,250.82,259.2,246.78,250.24,35724
2024-03-14 02:00:00,250.24,253.75,250.15,253.75,36504
2024-03-14 03:00:00,253.75,254.1,252.98,253.19,36269
2024-03-14 04:00:00,253.19,253.69,252.21,252.68,37670
2024-03-14 05:00:00,252.68,253.08,251.43,251.65,37830
2024-03-14 06:00:00,251.65,252.61,251.46,251.86,37515
2024-03-14 07:00:00,251.86,252.72,251.63,251.98,37065
2024-03-14 08:00:00,251.98,253.29,251.81,252.54,73239
2024-03-14 09:00:00,252.54,254.33,251.54,253.34,71576
2024-03-14 10:00:00,253.34,254.9,252.57,254.64,74476
2024-03-14 11:00:00,254.64,255.74,253.43,255.12,72078
2024-03-14 12:00:00,255.12,256.58,254.55,256.14,74120
2024-03-14 13:00:00,256.14,259.31,255.49,255.78,93024
2024-03-14 14:00:00,255.78,265.71,255.45,258.76,93758
2024-03-14 15:00:00,258.76,261.79,250.73,254.64,90726
2024-03-14 16:00:00,254.64,255.18,252.21,253.89,86370
2024-03-14 17:00:00,253.89,254.83,252.49,253.27,84262
2024-03-14 18:00:00,253.27,259.06,244.24,258.29,91433
2024-03-14 19:00:00,258.29,259.41,256.02,257.71,90659
2024-03-14 20:00:00,257.71,258.67,247.36,253.89,86642
2024-03-14 21:00:00,253.89,254.34,252.61,253.15,28731
2024-03-14 22:00:00,253.15,257.29,241.12,249.62,5936
2024-03-14 23:00:00,249.62,250.09,249.4,249.85,27732
2024-03-15 00:00:00,249.85,250.47,249.38,250.34,36564
2024-03-15 01:00:00,250.34,250.56,249.73,249.91,35482
2024-03-15 02:00:00,249.91,250.54,249.61,250.19,34739
2024-03-15 03:00:00,250.19,250.3,249.44,250.04,38249
2024-03-15 04:00:00,250.04,250.86,249.84,250.54,36396
2024-03-15 05:00:00,250.54,257.2,236.77,246.52,38052
2024-03-15 06:00:00,246.52,247.17,246.16,246.29,35855
2024-03-15 07:00:00,246.29,246.68,244.88,245.4,34954
2024-03-15 08:00:00,245.4,246.09,244.2,244.87,70966
2024-03-15 09:00:00,244.87,245.71,242.56,243.86,71060
2024-03-15 10:00:00,243.86,244.25,241.02,241.55,72798
2024-03-15 11:00:00,241.55,241.87,240.48,241.22,71481
2024-03-15 12:00:00,241.22,242.24,240.38,241.75,79489
2024-03-15 13:00:00,241.75,242.79,239.17,241.97,86372
2024-03-15 14:00:00,241.97,243.48,241.56,242.93,88904
2024-03-15 15:00:00,242.93,243.41,234.03,238.62,90127
2024-03-15 16:00:00,238.62,240.0,238.22,238.9,86372
2024-03-15 17:00:00,238.9,239.15,236.87,237.77,90947
2024-03-15 18:00:00,237.77,238.9,237.12,238.33,88521
2024-03-15 19:00:00,238.33,239.28,237.8,238.48,93107
2024-03-15 20:00:00,238.48,240.86,237.76,240.24,85946
2024-03-15 21:00:00,240.24,240.69,239.94,240.57,29326
2024-03-15 22:00:00,240.57,240.72,240.46,240.58,6043
2024-03-15 23:00:00,240.58,241.62,240.03,241.3,28794
2024-03-18 00:00:00,241.3,241.79,240.83,241.11,37210
2024-03-18 01:00:00,241.11,242.06,240.97,241.92,36318
2024-03-18 02:00:00,241.92,242.43,241.25,242.26,37199
2024-03-18 03:00:00,242.26,243.14,241.87,242.87,34728
2024-03-18 04:00:00,242.87,242.93,241.23,242.73,36335
2024-03-18 05:00:00,242.73,243.45,242.48,242.84,33186
2024-03-18 06:00:00,242.84,243.31,242.32,242.77,35182
2024-03-18 07:00:00,242.77,243.55,242.48,242.87,36876
2024-03-18 08:00:00,242.87,243.96,242.4,242.69,73154
2024-03-18 09:00:00,242.69,243.34,241.64,243.18,72434
2024-03-18 10:00:00,243.18,244.38,242.35,244.03,71889
2024-03-18 11:00:00,244.03,244.46,242.33,243.44,68710
2024-03-18 12:00:00,243.44,244.36,242.88,243.5,74446
2024-03-18 13:00:00,243.5,246.07,242.81,245.31,90663
2024-03-18 14:00:00,245.31,247.03,244.83,245.9,90701
2024-03-18 15:00:00,245.9,247.42,244.6,244.7,86240
2024-03-18 16:00:00,244.7,246.54,244.03,244.48,90037
2024-03-18 17:00:00,244.48,246.62,243.96,244.56,93525
2024-03-18 18:00:00,244.56,245.99,243.43,243.58,94051
2024-03-18 19:00:00,243.58,244.51,242.78,243.22,91887
2024-03-18 20:00:00,243.22,243.7,239.03,240.36,85957
2024-03-18 21:00:00,240.36,240.48,238.69,239.25,30622
2024-03-18 22:00:00,239.25,239.32,237.41,237.46,5675
2024-03-18 23:00:00,237.46,238.36,234.46,234.58,29917
2024-03-19 00:00:00,234.58,234.61,232.19,232.56,35195
2024-03-19 01:00:00,232.56,233.26,228.81,229.27,36517
2024-03-19 02:00:00,229.27,229.53,226.49,227.01,35963
2024-03-19 03:00:00,227.01,230.17,220.98,227.4,34684
2024-03-19 04:00:00,227.4,228.26,224.7,224.76,36369
2024-03-19 05:00:00,224.76,225.44,222.77,223.12,34350
2024-03-19 06:00:00,223.12,223.76,220.94,221.18,36593
2024-03-19 07:00:00,221.18,221.29,218.72,219.49,34161
2024-03-19 08:00:00,219.49,221.02,217.67,219.77,71937
2024-03-19 09:00:00,219.77,221.53,218.85,220.51,72018
2024-03-19 10:00:00,220.51,221.97,219.76,220.14,72443
2024-03-19 11:00:00,220.14,221.71,218.72,219.16,73182
2024-03-19 12:00:00,219.16,220.37,215.08,216.13,73288
2024-03-19 13:00:00,216.13,218.36,214.24,214.36,91159
2024-03-19 14:00:00,214.36,216.64,212.85,214.13,89008
2024-03-19 15:00:00,214.13,218.26,213.4,215.21,91802
2024-03-19 16:00:00,215.21,215.65,212.85,213.59,91542
2024-03-19 17:00:00,213.59,213.7,210.3,211.76,86133
2024-03-19 18:00:00,211.76,211.95,207.98,208.42,85721
2024-03-19 19:00:00,208.42,208.58,201.21,201.83,89148
2024-03-19 20:00:00,201.83,203.03,198.62,198.87,89703
2024-03-19 21:00:00,198.87,199.18,196.74,196.87,29502
2024-03-19 22:00:00,196.87,196.9,195.18,195.25,5832
2024-03-19 23:00:00,195.25,195.55,193.61,193.96,28917
2024-03-20 00:00:00,193.96,198.38,187.88,188.13,35167
2024-03-20 01:00:00,188.13,188.41,186.41,187.02,37695
2024-03-20 02:00:00,187.02,187.21,184.72,184.85,33666
2024-03-20 03:00:00,184.85,185.11,183.89,183.92,36233
2024-03-20 04:00:00,183.92,184.19,181.99,182.2,35403
2024-03-20 05:00:00,182.2,182.39,181.1,181.29,34498
2024-03-20 06:00:00,181.29,181.52,179.31,179.59,33863
2024-03-20 07:00:00,179.59,179.74,177.41,177.49,38146
2024-03-20 08:00:00,177.49,178.17,176.27,177.3,70225
2024-03-20 09:00:00,177.3,177.79,174.43,174.56,73971
2024-03-20 10:00:00,174.56,175.13,172.86,174.71,73859
2024-03-20 11:00:00,174.71,175.25,171.66,172.6,74553
2024-03-20 12:00:00,172.6,174.05,171.52,172.29,70968
2024-03-20 13:00:00,172.29,173.26,169.27,171.58,93508
2024-03-20 14:00:00,171.58,172.51,170.94,171.81,88449
2024-03-20 15:00:00,171.81,172.45,171.15,172.17,90736
2024-03-20 16:00:00,172.17,172.77,171.35,171.45,95854
2024-03-20 17:00:00,171.45,173.0,170.95,173.0,91573
2024-03-20 18:00:00,173.0,174.31,172.12,172.83,87784
2024-03-20 19:00:00,172.83,173.28,170.08,170.42,91093
2024-03-20 20:00:00,170.42,170.53,168.45,169.21,87134
2024-03-20 21:00:00,169.21,169.25,168.38,168.63,29540
2024-03-20 22:00:00,168.63,168.69,168.59,168.64,6546
2024-03-20 23:00:00,168.64,168.76,168.09,168.27,29094
2024-03-21 00:00:00,168.27,168.73,167.88,167.97,35670
2024-03-21 01:00:00,167.97,168.29,167.2,167.62,36265
2024-03-21 02:00:00,167.62,167.9,167.17,167.71,35447
2024-03-21 03:00:00,167.71,167.78,166.98,167.14,35647
2024-03-21 04:00:00,167.14,167.39,166.59,167.11,35248
2024-03-21 05:00:00,167.11,167.42,166.82,167.37,36847
2024-03-21 06:00:00,167.37,167.74,166.79,167.03,37736
2024-03-21 07:00:00,167.03,167.12,166.31,166.65,38439
2024-03-21 08:00:00,166.65,167.6,165.96,166.47,70768
2024-03-21 09:00:00,166.47,167.57,165.96,167.44,72564
2024-03-21 10:00:00,167.44,167.57,166.25,166.71,72226
2024-03-21 11:00:00,166.71,167.2,165.88,166.21,67326
2024-03-21 12:00:00,166.21,166.63,165.29,166.09,71577
2024-03-21 13:00:00,166.09,166.92,164.88,165.35,87975
2024-03-21 14:00:00,165.35,166.7,164.04,166.28,93111
2024-03-21 15:00:00,166.28,166.74,164.59,165.24,84446
2024-03-21 16:00:00,165.24,166.81,164.82,166.1,88025
2024-03-21 17:00:00,166.1,167.4,165.32,167.22,89110
2024-03-21 18:00:00,167.22,168.98,167.08,168.79,92784
2024-03-21 19:00:00,168.79,168.82,167.34,168.05,85804
2024-03-21 20:00:00,168.05,170.62,167.75,169.89,95633
2024-03-21 21:00:00,169.89,170.22,169.66,170.16,31647
2024-03-21 22:00:00,170.16,170.25,170.12,170.2,6083
2024-03-21 23:00:00,170.2,170.94,170.02,170.61,30700
2024-03-22 00:00:00,170.61,170.94,170.45,170.86,33580
2024-03-22 01:00:00,170.86,171.2,170.64,170.69,34449
2024-03-22 02:00:00,170.69,171.2,170.42,170.53,35338
2024-03-22 03:00:00,170.53,170.61,169.87,170.06,35241
2024-03-22 04:00:00,170.06,171.08,169.83,170.97,36430
2024-03-22 05:00:00,170.97,171.58,170.61,171.23,35321
2024-03-22 06:00:00,171.23,171.71,170.9,171.29,35674
2024-03-22 07:00:00,171.29,172.59,171.16,172.47,36692
2024-03-22 08:00:00,172.47,174.43,172.2,174.33,71860
2024-03-22 09:00:00,174.33,175.87,174.19,175.41,73304
2024-03-22 10:00:00,175.41,175.67,174.44,175.09,70995
2024-03-22 11:00:00,175.09,176.56,174.55,176.13,72437
2024-03-22 12:00:00,176.13,177.83,175.55,177.55,75951
2024-03-22 13:00:00,177.55,178.04,175.66,177.5,87060
2024-03-22 14:00:00,177.5,178.26,176.59,177.93,89204
2024-03-22 15:00:00,177.93,178.14,175.91,176.17,92345
2024-03-22 16:00:00,176.17,180.19,174.7,178.47,93917
2024-03-22 17:00:00,178.47,183.54,178.1,179.75,88730
2024-03-22 18:00:00,179.75,180.48,179.27,180.09,85032
2024-03-22 19:00:00,180.09,181.16,178.51,179.07,86623
2024-03-22 20:00:00,179.07,179.48,177.2,177.82,89114
2024-03-22 21:00:00,177.82,177.94,177.39,177.65,30218
2024-03-22 22:00:00,177.65,177.71,177.5,177.53,5882
2024-03-22 23:00:00,177.53,177.72,177.14,177.48,30922
2024-03-25 00:00:00,177.48,177.93,177.25,177.59,35423
2024-03-25 01:00:00,177.59,177.63,176.74,176.75,34910
2024-03-25 02:00:00,176.75,177.38,176.26,177.2,36219
2024-03-25 03:00:00,177.2,178.06,176.92,177.92,35842
2024-03-25 04:00:00,177.92,184.21,174.7,180.58,34451
2024-03-25 05:00:00,180.58,181.13,180.33,181.02,39104
2024-03-25 06:00:00,181.02,181.65,180.88,181.3,36637
2024-03-25 07:00:00,181.3,181.49,180.38,180.69,36239
2024-03-25 08:00:00,180.69,181.14,179.87,180.53,69398
2024-03-25 09:00:00,180.53,181.21,179.94,180.63,71379
2024-03-25 10:00:00,180.63,181.0,178.54,178.94,67298
2024-03-25 11:00:00,178.94,183.01,176.39,181.45,71420
2024-03-25 12:00:00,181.45,182.17,180.55,180.8,73704
2024-03-25 13:00:00,180.8,181.13,179.31,180.13,89955
2024-03-25 14:00:00,180.13,180.66,178.65,179.42,93233
2024-03-25 15:00:00,179.42,180.34,177.99,178.51,87195
2024-03-25 16:00:00,178.51,179.4,177.57,178.93,92340
2024-03-25 17:00:00,178.93,180.52,178.75,179.19,90804
2024-03-25 18:00:00,179.19,180.54,178.6,179.12,93700
2024-03-25 19:00:00,179.12,180.2,178.12,179.56,84895
2024-03-25 20:00:00,179.56,180.41,178.24,180.03,90967
2024-03-25 21:00:00,180.03,180.33,179.78,180.04,29246
2024-03-25 22:00:00,180.04,180.07,179.86,179.92,5948
2024-03-25 23:00:00,179.92,180.09,179.63,179.92,28487
2024-03-26 00:00:00,179.92,180.15,179.36,179.91,34375
2024-03-26 01:00:00,179.91,179.96,179.37,179.81,35010
2024-03-26 02:00:00,179.81,179.88,179.4,179.56,34763
2024-03-26 03:00:00,179.56,179.66,179.01,179.29,37278
2024-03-26 04:00:00,179.29,179.61,178.72,179.02,37247
2024-03-26 05:00:00,179.02,179.43,178.74,178.92,36387
2024-03-26 06:00:00,178.92,179.03,178.25,178.63,38135
2024-03-26 07:00:00,178.63,178.86,178.16,178.49,36012
2024-03-26 08:00:00,178.49,178.76,177.32,178.42,72462
2024-03-26 09:00:00,178.42,178.91,176.89,177.54,70272
2024-03-26 10:00:00,177.54,178.57,177.08,177.72,71913
2024-03-26 11:00:00,177.72,178.45,176.94,177.56,72104
2024-03-26 12:00:00,177.56,178.71,177.21,178.36,72750
2024-03-26 13:00:00,178.36,179.92,177.96,179.25,92955
2024-03-26 14:00:00,179.25,179.65,177.06,178.47,95827
2024-03-26 15:00:00,178.47,178.92,177.15,178.21,87631
2024-03-26 16:00:00,178.21,179.61,177.58,179.39,91371
2024-03-26 17:00:00,179.39,181.56,179.03,181.33,93857
2024-03-26 18:00:00,181.33,182.08,179.59,180.16,84754
2024-03-26 19:00:00,180.16,182.21,179.81,180.66,89519
2024-03-26 20:00:00,180.66,181.62,180.07,181.16,88112
2024-03-26 21:00:00,181.16,181.56,180.73,181.4,30393
2024-03-26 22:00:00,181.4,188.72,179.87,184.65,6094
2024-03-26 23:00:00,184.65,185.21,184.61,184.96,30153
2024-03-27 00:00:00,184.96,185.72,184.8,185.19,33684
2024-03-27 01:00:00,185.19,185.44,184.61,184.79,35410
2024-03-27 02:00:00,184.79,185.4,183.99,184.16,36217
2024-03-27 03:00:00,184.16,184.42,183.79,184.06,37655
2024-03-27 04:00:00,184.06,184.47,183.81,183.95,35225
2024-03-27 05:00:00,183.95,184.37,183.45,184.27,36382
2024-03-27 06:00:00,184.27,184.87,183.96,184.62,35345
2024-03-27 07:00:00,184.62,185.42,184.45,185.2,36602
2024-03-27 08:00:00,185.2,186.22,184.53,185.19,70836
2024-03-27 09:00:00,185.19,185.92,184.6,185.69,71449
2024-03-27 10:00:00,185.69,186.0,183.37,183.93,73634
2024-03-27 11:00:00,183.93,184.37,182.03,182.55,70369
2024-03-27 12:00:00,182.55,184.08,181.88,182.29,73224
2024-03-27 13:00:00,182.29,182.97,181.33,182.83,87588
2024-03-27 14:00:00,182.83,191.17,180.63,185.97,94382
2024-03-27 15:00:00,185.97,186.28,184.79,184.94,86935
2024-03-27 16:00:00,184.94,185.77,184.41,184.96,91770
2024-03-27 17:00:00,184.96,187.83,184.48,187.66,90484
2024-03-27 18:00:00,187.66,189.71,185.75,188.86,94888
2024-03-27 19:00:00,188.86,191.88,188.49,191.66,87959
2024-03-27 20:00:00,191.66,195.36,191.06,194.23,85465
2024-03-27 21:00:00,194.23,197.1,194.19,197.04,30876
2024-03-27 22:00:00,197.04,198.91,196.94,198.91,6034
2024-03-27 23:00:00,198.91,200.9,198.83,200.81,29985
2024-03-28 00:00:00,200.81,202.92,200.77,201.98,35159
2024-03-28 01:00:00,201.98,204.3,201.68,204.16,36144
2024-03-28 02:00:00,204.16,206.86,203.92,206.78,34399
2024-03-28 03:00:00,206.78,208.95,206.56,208.92,34353
2024-03-28 04:00:00,208.92,211.9,208.79,211.5,36772
2024-03-28 05:00:00,211.5,214.51,211.34,214.08,36618
2024-03-28 06:00:00,214.08,216.25,213.89,216.12,34963
2024-03-28 07:00:00,216.12,218.6,215.88,218.4,35319
2024-03-28 08:00:00,218.4,219.21,215.9,218.23,75806
2024-03-28 09:00:00,218.23,222.62,217.31,220.39,73041
2024-03-28 10:00:00,220.39,224.01,220.24,223.31,68577
2024-03-28 11:00:00,223.31,225.93,222.91,225.36,72510
2024-03-28 12:00:00,225.36,228.04,215.51,223.31,71165
2024-03-28 13:00:00,223.31,228.03,222.16,225.95,91538
2024-03-28 14:00:00,225.95,231.77,224.74,230.59,92202
2024-03-28 15:00:00,230.59,232.58,229.21,231.27,90230
2024-03-28 16:00:00,231.27,233.38,229.19,232.49,95968
2024-03-28 17:00:00,232.49,234.53,229.87,233.82,87070
2024-03-28 18:00:00,233.82,239.32,233.78,239.25,91683
2024-03-28 19:00:00,239.25,243.55,238.65,242.07,88905
2024-03-28 20:00:00,242.07,243.53,240.43,241.29,86744
2024-03-28 21:00:00,241.29,243.31,241.03,243.26,32837
2024-03-28 22:00:00,243.26,245.4,243.23,245.35,5980
2024-03-28 23:00:00,245.35,247.63,245.06,247.5,28670
2024-03-29 00:00:00,247.5,249.92,247.31,249.8,36560
2024-03-29 01:00:00,249.8,252.64,249.39,252.24,37881
2024-03-29 02:00:00,252.24,253.42,251.83,253.02,34678
2024-03-29 03:00:00,253.02,256.61,252.44,256.07,36361
2024-03-29 04:00:00,256.07,259.48,255.81,259.26,35583
2024-03-29 05:00:00,259.26,261.53,259.1,261.13,34832
2024-03-29 06:00:00,261.13,265.9,260.15,265.51,34408
2024-03-29 07:00:00,265.51,267.94,265.06,267.32,37225
2024-03-29 08:00:00,267.32,271.49,266.13,270.3,73399
2024-03-29 09:00:00,270.3,271.86,268.08,270.58,73961
2024-03-29 10:00:00,270.58,273.43,269.29,271.47,74262
2024-03-29 11:00:00,271.47,273.57,270.93,272.36,75668
2024-03-29 12:00:00,272.36,275.39,271.22,273.33,72159
2024-03-29 13:00:00,273.33,275.72,272.61,275.13,84945
2024-03-29 14:00:00,275.13,280.36,274.5,279.82,90612
2024-03-29 15:00:00,279.82,285.99,267.93,278.1,85086
2024-03-29 16:00:00,278.1,279.99,274.27,277.8,90163
2024-03-29 17:00:00,277.8,288.31,277.08,288.29,95269
2024-03-29 18:00:00,288.29,291.94,287.28,289.0,88162
2024-03-29 19:00:00,289.0,292.86,287.36,291.75,90843
2024-03-29 20:00:00,291.75,300.85,284.51,294.34,93788
2024-03-29 21:00:00,294.34,296.05,293.51,295.29,29941
2024-03-29 22:00:00,295.29,298.18,295.28,298.05,6123
2024-03-29 23:00:00,298.05,308.04,294.41,307.8,29922
2024-04-01 00:00:00,307.8,318.65,307.2,316.95,36670
2024-04-01 01:00:00,316.95,319.52,316.5,319.35,35680
2024-04-01 02:00:00,319.35,323.49,319.21,323.28,33640
2024-04-01 03:00:00,323.28,325.44,322.03,325.08,36030
2024-04-01 04:00:00,325.08,329.38,324.43,329.26,34744
2024-04-01 05:00:00,329.26,333.46,328.66,333.16,37166
2024-04-01 06:00:00,333.16,335.89,333.07,335.54,38632
2024-04-01 07:00:00,335.54,338.16,334.96,337.79,35630
2024-04-01 08:00:00,337.79,341.18,336.9,339.81,72449
2024-04-01 09:00:00,339.81,341.24,337.2,337.9,76417
2024-04-01 10:00:00,337.9,341.58,336.83,340.12,73064
2024-04-01 11:00:00,340.12,348.48,326.45,337.36,70195
2024-04-01 12:00:00,337.36,343.35,336.27,342.27,69185
2024-04-01 13:00:00,342.27,345.96,339.12,342.02,94249
2024-04-01 14:00:00,342.02,346.53,340.75,341.4,84743
2024-04-01 15:00:00,341.4,344.09,339.61,342.61,95080
2024-04-01 16:00:00,342.61,347.71,341.74,345.6,83619
2024-04-01 17:00:00,345.6,349.83,344.42,347.74,86939
2024-04-01 18:00:00,347.74,349.75,343.74,345.44,91404
2024-04-01 19:00:00,345.44,351.16,344.52,350.57,94521
2024-04-01 20:00:00,350.57,353.88,344.46,352.46,86424
2024-04-01 21:00:00,352.46,366.37,345.27,360.39,31116
2024-04-01 22:00:00,360.39,363.79,360.37,363.75,6283
2024-04-01 23:00:00,363.75,366.0,363.36,365.89,29865
2024-04-02 00:00:00,365.89,366.1,364.83,365.24,34752
2024-04-02 01:00:00,365.24,367.7,364.99,366.8,37294
2024-04-02 02:00:00,366.8,368.28,366.49,367.73,35122
2024-04-02 03:00:00,367.73,368.49,367.23,367.81,31866
2024-04-02 04:00:00,367.81,368.4,366.44,367.31,34611
2024-04-02 05:00:00,367.31,368.9,367.07,368.51,36717
2024-04-02 06:00:00,368.51,369.59,367.97,368.68,36543
2024-04-02 07:00:00,368.68,369.62,368.12,368.67,33821
2024-04-02 08:00:00,368.67,383.64,360.74,374.13,72453
2024-04-02 09:00:00,374.13,375.13,371.67,374.54,68553
2024-04-02 10:00:00,374.54,375.98,371.91,372.58,67574
2024-04-02 11:00:00,372.58,374.77,371.86,373.34,71150
2024-04-02 12:00:00,373.34,374.37,370.03,370.93,69636
2024-04-02 13:00:00,370.93,372.07,369.39,371.76,88679
2024-04-02 14:00:00,371.76,373.83,367.83,369.29,94757
2024-04-02 15:00:00,369.29,370.93,367.68,368.66,90477
2024-04-02 16:00:00,368.66,371.48,367.05,370.17,91167
2024-04-02 17:00:00,370.17,370.23,366.99,368.82,93697
2024-04-02 18:00:00,368.82,373.03,366.53,366.97,81671
2024-04-02 19:00:00,366.97,368.58,364.88,366.31,93060
2024-04-02 20:00:00,366.31,366.94,363.74,364.93,91548
2024-04-02 21:00:00,364.93,365.68,364.57,364.91,31505
2024-04-02 22:00:00,364.91,364.99,364.61,364.77,5664
2024-04-02 23:00:00,364.77,365.6,364.35,365.39,30387
2024-04-03 00:00:00,365.39,366.64,364.73,366.38,37363
2024-04-03 01:00:00,366.38,367.62,366.02,366.85,36002
2024-04-03 02:00:00,366.85,368.18,366.65,367.2,33633
2024-04-03 03:00:00,367.2,367.99,366.6,367.86,34949
2024-04-03 04:00:00,367.86,369.03,367.63,368.4,35450
2024-04-03 05:00:00,368.4,368.5,366.61,367.23,39284
2024-04-03 06:00:00,367.23,368.29,366.72,367.51,36822
2024-04-03 07:00:00,367.51,368.21,366.71,367.58,34395
2024-04-03 08:00:00,367.58,371.45,366.61,370.5,74234
2024-04-03 09:00:00,370.5,372.38,369.89,370.33,69635
2024-04-03 10:00:00,370.33,371.0,366.78,369.04,69426
2024-04-03 11:00:00,369.04,370.91,367.67,369.73,74680
2024-04-03 12:00:00,369.73,370.13,364.74,365.4,66916
2024-04-03 13:00:00,365.4,366.41,363.24,363.86,90909
2024-04-03 14:00:00,363.86,365.45,361.07,363.53,94159
2024-04-03 15:00:00,363.53,363.94,359.46,359.79,89983
2024-04-03 16:00:00,359.79,361.62,358.43,358.78,92057
2024-04-03 17:00:00,358.78,361.69,358.31,359.34,93870
2024-04-03 18:00:00,359.34,363.15,358.99,362.4,88323
2024-04-03 19:00:00,362.4,363.43,359.86,360.81,92371
2024-04-03 20:00:00,360.81,361.33,357.07,360.1,93590
2024-04-03 21:00:00,360.1,360.78,359.72,360.68,27517
2024-04-03 22:00:00,360.68,362.11,347.84,356.08,5919
2024-04-03 23:00:00,356.08,356.23,355.2,355.61,29310
2024-04-04 00:00:00,355.61,356.53,354.99,356.11,31434
2024-04-04 01:00:00,356.11,369.19,352.56,360.35,35772
2024-04-04 02:00:00,360.35,360.94,359.68,360.38,35016
2024-04-04 03:00:00,360.38,361.02,359.43,360.43,36308
2024-04-04 04:00:00,360.43,372.19,350.15,355.48,33426
2024-04-04 05:00:00,355.48,356.32,355.05,355.7,34475
2024-04-04 06:00:00,355.7,357.46,355.06,356.6,36612
2024-04-04 07:00:00,356.6,358.3,356.31,357.4,39045
2024-04-04 08:00:00,357.4,358.82,355.48,355.9,69401
2024-04-04 09:00:00,355.9,358.78,355.58,358.27,71911
2024-04-04 10:00:00,358.27,358.91,356.51,357.24,76312
2024-04-04 11:00:00,357.24,358.49,356.14,356.97,72259
2024-04-04 12:00:00,356.97,375.27,349.57,364.68,69866
2024-04-04 13:00:00,364.68,367.43,364.21,366.58,82662
2024-04-04 14:00:00,366.58,368.34,364.21,366.44,93331
2024-04-04 15:00:00,366.44,366.97,362.38,365.44,92718
2024-04-04 16:00:00,365.44,367.64,364.44,366.99,86120
2024-04-04 17:00:00,366.99,367.46,363.8,365.71,89587
2024-04-04 18:00:00,365.71,368.77,364.39,366.82,91027
2024-04-04 19:00:00,366.82,369.94,366.43,367.74,88388
2024-04-04 20:00:00,367.74,371.2,365.67,367.94,90257
2024-04-04 21:00:00,367.94,383.36,351.48,362.2,29459
2024-04-04 22:00:00,362.2,362.44,362.03,362.31,5729
2024-04-04 23:00:00,362.31,363.53,362.15,363.48,27659
2024-04-05 00:00:00,363.48,364.05,362.62,363.09,38911
2024-04-05 01:00:00,363.09,364.2,362.85,363.5,34973
2024-04-05 02:00:00,363.5,363.91,361.89,362.4,33781
2024-04-05 03:00:00,362.4,363.25,361.7,362.04,37469
2024-04-05 04:00:00,362.04,362.94,361.74,362.71,36123
2024-04-05 05:00:00,362.71,363.22,360.77,361.04,37537
2024-04-05 06:00:00,361.04,361.56,360.09,360.65,35104
2024-04-05 07:00:00,360.65,360.98,359.58,359.8,38301
2024-04-05 08:00:00,359.8,361.83,358.64,359.26,69162
2024-04-05 09:00:00,359.26,360.23,356.92,357.31,70611
2024-04-05 10:00:00,357.31,358.57,355.36,356.35,73790
2024-04-05 11:00:00,356.35,357.67,354.32,354.87,72511
2024-04-05 12:00:00,354.87,355.68,352.28,354.36,74388
2024-04-05 13:00:00,354.36,367.04,351.65,359.42,85089
2024-04-05 14:00:00,359.42,364.24,358.8,362.12,92619
2024-04-05 15:00:00,362.12,363.15,359.54,360.2,89125
2024-04-05 16:00:00,360.2,361.31,357.39,359.57,94596
2024-04-05 17:00:00,359.57,362.2,357.52,358.21,87852
2024-04-05 18:00:00,358.21,377.6,355.15,363.78,88705
2024-04-05 19:00:00,363.78,367.22,363.4,365.11,88235
2024-04-05 20:00:00,365.11,367.77,363.23,364.18,85852
2024-04-05 21:00:00,364.18,364.69,363.5,364.03,29483
2024-04-05 22:00:00,364.03,367.62,355.59,357.41,5786
2024-04-05 23:00:00,357.41,357.98,356.91,357.3,29098
2024-04-08 00:00:00,357.3,358.58,357.16,358.4,40122
2024-04-08 01:00:00,358.4,359.41,357.96,358.99,36288
2024-04-08 02:00:00,358.99,371.05,351.45,364.13,36444
2024-04-08 03:00:00,364.13,364.81,363.38,363.54,35272
2024-04-08 04:00:00,363.54,364.06,362.83,363.56,34845
2024-04-08 05:00:00,363.56,364.45,362.86,363.32,35247
2024-04-08 06:00:00,363.32,363.4,361.6,361.8,35088
2024-04-08 07:00:00,361.8,362.86,347.34,355.81,34623
2024-04-08 08:00:00,355.81,357.93,354.47,357.78,71548
2024-04-08 09:00:00,357.78,358.17,355.85,356.39,73602
2024-04-08 10:00:00,356.39,359.22,355.75,357.32,76107
2024-04-08 11:00:00,357.32,359.85,356.73,358.51,67849
2024-04-08 12:00:00,358.51,359.31,355.92,356.87,73671
2024-04-08 13:00:00,356.87,360.01,356.22,358.74,87685
2024-04-08 14:00:00,358.74,359.48,355.75,357.16,94527
2024-04-08 15:00:00,357.16,360.25,356.37,359.56,88706
2024-04-08 16:00:00,359.56,363.78,359.26,363.33,91241
2024-04-08 17:00:00,363.33,363.79,359.67,360.33,90259
2024-04-08 18:00:00,360.33,362.2,359.42,360.93,90437
2024-04-08 19:00:00,360.93,363.21,360.61,361.3,88963
2024-04-08 20:00:00,361.3,373.22,355.73,368.63,98587
2024-04-08 21:00:00,368.63,370.45,358.68,363.87,28697
2024-04-08 22:00:00,363.87,364.28,363.82,364.2,6282
2024-04-08 23:00:00,364.2,364.75,363.41,364.16,29123
2024-04-09 00:00:00,364.16,365.28,363.9,364.74,35367
2024-04-09 01:00:00,364.74,365.12,363.37,363.91,35857
2024-04-09 02:00:00,363.91,364.62,363.35,363.65,35215
2024-04-09 03:00:00,363.65,363.99,362.92,363.39,35447
2024-04-09 04:00:00,363.39,370.01,360.41,369.49,36280
2024-04-09 05:00:00,369.49,370.47,369.07,369.39,32327
2024-04-09 06:00:00,369.39,371.17,368.92,370.23,34368
2024-04-09 07:00:00,370.23,371.66,369.74,371.01,35844
2024-04-09 08:00:00,371.01,371.6,367.74,369.7,71346
2024-04-09 09:00:00,369.7,373.2,368.89,372.85,72543
2024-04-09 10:00:00,372.85,375.43,371.47,374.66,72702
2024-04-09 11:00:00,374.66,375.79,371.33,371.93,76819
2024-04-09 12:00:00,371.93,373.62,371.08,372.44,72223
2024-04-09 13:00:00,372.44,375.82,369.93,372.79,89076
2024-04-09 14:00:00,372.79,378.43,372.32,377.57,90029
2024-04-09 15:00:00,377.57,378.73,376.19,376.59,89820
2024-04-09 16:00:00,376.59,377.67,370.97,372.98,90449
2024-04-09 17:00:00,372.98,374.06,369.19,371.29,91876
2024-04-09 18:00:00,371.29,375.03,370.37,373.04,86296
2024-04-09 19:00:00,373.04,376.3,369.04,372.87,88877
2024-04-09 20:00:00,372.87,374.27,370.09,374.02,92176
2024-04-09 21:00:00,374.02,374.72,373.65,374.51,30273
2024-04-09 22:00:00,374.51,374.74,374.43,374.53,5973
2024-04-09 23:00:00,374.53,374.66,373.3,373.56,29084
2024-04-10 00:00:00,373.56,374.14,371.47,371.77,33984
2024-04-10 01:00:00,371.77,372.24,370.61,370.88,36078
2024-04-10 02:00:00,370.88,371.94,370.59,371.2,36877
2024-04-10 03:00:00,371.2,371.48,370.26,370.84,39289
2024-04-10 04:00:00,370.84,371.35,370.51,370.69,33741
2024-04-10 05:00:00,370.69,371.36,370.09,370.63,34619
2024-04-10 06:00:00,370.63,371.62,370.14,370.99,39350
2024-04-10 07:00:00,370.99,371.52,370.21,370.81,33449
2024-04-10 08:00:00,370.81,371.95,368.87,370.02,75540
2024-04-10 09:00:00,370.02,370.84,366.87,368.06,71487
2024-04-10 10:00:00,368.06,369.29,366.78,368.39,71947
2024-04-10 11:00:00,368.39,369.4,365.66,368.0,70420
2024-04-10 12:00:00,368.0,368.99,366.81,367.73,72079
2024-04-10 13:00:00,367.73,371.87,365.91,371.34,92821
2024-04-10 14:00:00,371.34,372.58,369.89,371.34,89923
2024-04-10 15:00:00,371.34,372.78,369.45,371.05,94744
2024-04-10 16:00:00,371.05,372.79,368.57,368.98,93741
2024-04-10 17:00:00,368.98,377.29,361.64,365.78,93973
2024-04-10 18:00:00,365.78,366.96,361.94,362.81,91693
2024-04-10 19:00:00,362.81,365.62,361.06,361.63,90960
2024-04-10 20:00:00,361.63,364.23,360.47,362.12,89830
2024-04-10 21:00:00,362.12,362.86,361.43,362.76,29418
2024-04-10 22:00:00,362.76,362.95,362.62,362.83,6131
2024-04-10 23:00:00,362.83,363.0,361.66,361.92,29374
2024-04-11 00:00:00,361.92,366.83,352.7,366.28,34702
2024-04-11 01:00:00,366.28,367.34,365.84,366.64,36351
2024-04-11 02:00:00,366.64,367.47,365.2,365.5,37506
2024-04-11 03:00:00,365.5,367.09,364.93,366.68,34744
2024-04-11 04:00:00,366.68,368.22,366.04,368.08,35850
2024-04-11 05:00:00,368.08,369.74,367.63,368.93,35860
2024-04-11 06:00:00,368.93,369.15,367.94,368.5,37157
2024-04-11 07:00:00,368.5,369.19,367.96,368.37,34763
2024-04-11 08:00:00,368.37,369.64,367.4,369.0,71233
2024-04-11 09:00:00,369.0,371.4,367.32,368.87,76235
2024-04-11 10:00:00,368.87,370.16,367.87,369.35,66568
2024-04-11 11:00:00,369.35,371.16,367.08,369.23,66453
2024-04-11 12:00:00,369.23,369.77,365.85,366.87,69188
2024-04-11 13:00:00,366.87,370.12,364.57,364.9,93747
2024-04-11 14:00:00,364.9,366.65,363.0,364.16,81882
2024-04-11 15:00:00,364.16,371.53,353.02,359.11,92951
2024-04-11 16:00:00,359.11,369.12,356.52,358.39,89212
2024-04-11 17:00:00,358.39,375.18,356.68,373.46,96349
2024-04-11 18:00:00,373.46,392.74,372.25,378.72,85079
2024-04-11 19:00:00,378.72,386.49,366.65,380.81,88225
2024-04-11 20:00:00,380.81,388.38,367.05,372.11,93177
2024-04-11 21:00:00,372.11,374.42,368.16,369.67,29309
2024-04-11 22:00:00,369.67,370.64,368.44,369.56,5813
2024-04-11 23:00:00,369.56,370.73,364.79,366.87,28596
2024-04-12 00:00:00,366.87,370.27,362.69,366.4,38266
2024-04-12 01:00:00,366.4,373.42,364.8,372.06,36729
2024-04-12 02:00:00,372.06,374.05,363.57,367.04,32924
2024-04-12 03:00:00,367.04,370.18,362.84,365.78,35532
2024-04-12 04:00:00,365.78,365.94,354.69,363.21,36420
2024-04-12 05:00:00,363.21,366.08,357.65,360.7,34406
2024-04-12 06:00:00,360.7,365.3,354.48,355.5,36985
2024-04-12 07:00:00,355.5,357.17,349.83,352.02,35540
2024-04-12 08:00:00,352.02,370.47,350.12,370.27,69879
2024-04-12 09:00:00,370.27,372.21,357.2,366.91,70645
2024-04-12 10:00:00,366.91,369.5,346.98,357.63,68779
2024-04-12 11:00:00,357.63,362.58,349.42,356.78,71437
2024-04-12 12:00:00,356.78,360.74,344.08,358.49,72411
2024-04-12 13:00:00,358.49,371.68,348.47,357.63,89858
2024-04-12 14:00:00,357.63,362.15,340.34,347.99,92676
2024-04-12 15:00:00,347.99,373.84,344.06,366.07,87680
2024-04-12 16:00:00,366.07,375.75,360.43,366.44,90063
2024-04-12 17:00:00,366.44,372.01,346.9,351.24,91373
2024-04-12 18:00:00,351.24,367.01,343.14,362.58,90318
2024-04-12 19:00:00,362.58,366.52,348.47,363.06,93462
2024-04-12 20:00:00,363.06,380.01,355.86,376.13,93898
2024-04-12 21:00:00,376.13,382.61,374.98,377.67,30756
2024-04-12 22:00:00,377.67,378.94,377.24,378.42,6094
2024-04-12 23:00:00,378.42,384.57,376.78,382.1,31441
2024-04-15 00:00:00,382.1,385.37,377.98,378.07,35758
2024-04-15 01:00:00,378.07,378.43,375.69,376.48,34674
2024-04-15 02:00:00,376.48,376.76,370.38,370.8,35817
2024-04-15 03:00:00,370.8,371.48,365.68,365.96,36208
2024-04-15 04:00:00,365.96,366.72,361.41,361.47,35830
2024-04-15 05:00:00,361.47,361.73,357.01,357.68,36515
2024-04-15 06:00:00,357.68,358.1,356.05,356.66,36041
2024-04-15 07:00:00,356.66,357.14,351.58,352.1,37245
2024-04-15 08:00:00,352.1,352.56,348.04,351.18,69781
2024-04-15 09:00:00,351.18,351.84,341.96,342.32,72614
2024-04-15 10:00:00,342.32,343.57,337.26,337.55,75252
2024-04-15 11:00:00,337.55,339.46,321.4,330.46,70517
2024-04-15 12:00:00,330.46,333.41,313.47,325.02,73122
2024-04-15 13:00:00,325.02,326.55,320.18,321.32,90270
2024-04-15 14:00:00,321.32,326.78,310.96,311.13,86828
2024-04-15 15:00:00,311.13,318.27,308.7,316.03,89219
2024-04-15 16:00:00,316.03,316.51,311.41,314.65,92987
2024-04-15 17:00:00,314.65,315.44,311.3,312.08,88738
2024-04-15 18:00:00,312.08,313.74,308.91,309.48,89873
2024-04-15 19:00:00,309.48,311.85,308.23,308.84,87325
2024-04-15 20:00:00,308.84,311.09,303.56,306.09,90066
2024-04-15 21:00:00,306.09,306.25,303.12,303.33,29210
2024-04-15 22:00:00,303.33,303.35,300.62,300.68,5954
2024-04-15 23:00:00,300.68,301.02,297.52,297.87,28993
2024-04-16 00:00:00,297.87,298.12,295.7,295.8,34687
2024-04-16 01:00:00,295.8,295.91,292.54,292.81,35637
2024-04-16 02:00:00,292.81,293.04,288.41,288.61,38246
2024-04-16 03:00:00,288.61,295.02,278.12,282.6,36477
2024-04-16 04:00:00,282.6,282.98,280.33,280.67,37709
2024-04-16 05:00:00,280.67,281.0,277.06,277.36,36419
2024-04-16 06:00:00,277.36,277.44,276.3,276.97,35491
2024-04-16 07:00:00,276.97,278.16,275.69,275.73,35089
2024-04-16 08:00:00,275.73,276.34,262.58,268.67,74892
2024-04-16 09:00:00,268.67,270.08,264.79,265.47,69477
2024-04-16 10:00:00,265.47,267.14,264.83,266.13,70433
2024-04-16 11:00:00,266.13,267.39,263.14,264.34,75450
2024-04-16 12:00:00,264.34,265.16,260.23,261.79,73478
2024-04-16 13:00:00,261.79,263.28,258.88,259.65,84544
2024-04-16 14:00:00,259.65,260.16,254.42,254.76,98342
2024-04-16 15:00:00,254.76,255.33,250.94,252.0,86924
2024-04-16 16:00:00,252.0,253.35,246.25,247.91,88023
2024-04-16 17:00:00,247.91,252.41,237.15,247.93,88840
2024-04-16 18:00:00,247.93,248.94,245.5,246.96,93930
2024-04-16 19:00:00,246.96,247.94,241.26,242.02,88966
2024-04-16 20:00:00,242.02,242.59,234.71,235.48,92683
2024-04-16 21:00:00,235.48,235.84,233.09,233.41,30948
2024-04-16 22:00:00,233.41,233.46,231.02,231.06,5988
2024-04-16 23:00:00,231.06,231.4,227.74,227.97,29977
2024-04-17 00:00:00,227.97,228.09,225.24,225.33,34888
2024-04-17 01:00:00,225.33,225.53,223.91,224.34,34995
2024-04-17 02:00:00,224.34,224.65,221.0,221.16,37300
2024-04-17 03:00:00,221.16,221.27,218.76,218.84,37704
2024-04-17 04:00:00,218.84,218.86,216.25,216.65,35178
2024-04-17 05:00:00,216.65,216.74,214.49,214.93,35903
2024-04-17 06:00:00,214.93,215.14,211.28,211.6,36174
2024-04-17 07:00:00,211.6,211.9,208.73,208.8,36163
2024-04-17 08:00:00,208.8,209.45,205.1,205.65,69447
2024-04-17 09:00:00,205.65,206.03,202.83,203.53,69316
2024-04-17 10:00:00,203.53,204.1,200.67,201.05,75661
2024-04-17 11:00:00,201.05,202.35,191.2,195.61,77176
2024-04-17 12:00:00,195.61,195.95,192.49,193.32,68688
2024-04-17 13:00:00,193.32,193.95,191.45,192.08,88375
2024-04-17 14:00:00,192.08,192.5,187.75,188.58,89316
2024-04-17 15:00:00,188.58,189.35,183.24,184.62,90835
2024-04-17 16:00:00,184.62,185.78,180.59,180.95,95648
2024-04-17 17:00:00,180.95,183.01,179.66,182.34,85947
2024-04-17 18:00:00,182.34,184.53,180.8,182.74,91709
2024-04-17 19:00:00,182.74,184.86,180.66,181.11,93507
2024-04-17 20:00:00,181.11,182.92,179.0,179.67,85541
2024-04-17 21:00:00,179.67,179.8,177.7,177.82,30454
2024-04-17 22:00:00,177.82,177.87,176.15,176.18,5861
2024-04-17 23:00:00,176.18,176.37,175.4,175.83,29829
2024-04-18 00:00:00,175.83,176.1,175.27,175.44,35251
2024-04-18 01:00:00,175.44,175.87,175.24,175.4,35703
2024-04-18 02:00:00,175.4,175.52,174.83,174.98,37239
2024-04-18 03:00:00,174.98,175.08,173.89,174.33,33870
2024-04-18 04:00:00,174.33,174.62,173.19,173.43,37963
2024-04-18 05:00:00,173.43,173.95,173.22,173.49,36535
2024-04-18 06:00:00,173.49,173.65,172.63,172.85,34685
2024-04-18 07:00:00,172.85,173.06,172.36,172.83,35678
2024-04-18 08:00:00,172.83,174.09,172.68,173.64,71996
2024-04-18 09:00:00,173.64,175.02,173.25,174.62,79702
2024-04-18 10:00:00,174.62,176.29,174.32,175.86,69932
2024-04-18 11:00:00,175.86,177.22,175.69,176.12,72290
2024-04-18 12:00:00,176.12,176.74,175.32,176.0,74843
2024-04-18 13:00:00,176.0,176.14,174.65,174.77,95596
2024-04-18 14:00:00,174.77,176.3,174.46,175.03,96400
2024-04-18 15:00:00,175.03,175.76,174.38,175.36,87182
2024-04-18 16:00:00,175.36,175.95,174.68,175.14,89907
2024-04-18 17:00:00,175.14,175.93,174.33,174.4,85458
2024-04-18 18:00:00,174.4,179.68,167.87,171.39,95220
2024-04-18 19:00:00,171.39,171.9,170.34,171.37,87983
2024-04-18 20:00:00,171.37,172.18,170.91,171.54,87002
2024-04-18 21:00:00,171.54,172.29,171.41,172.07,31485
2024-04-18 22:00:00,172.07,172.26,172.04,172.25,5940
2024-04-18 23:00:00,172.25,172.85,172.17,172.6,31002
2024-04-19 00:00:00,172.6,172.81,172.23,172.48,35366
2024-04-19 01:00:00,172.48,172.62,171.61,171.89,34975
2024-04-19 02:00:00,171.89,171.97,171.35,171.77,34344
2024-04-19 03:00:00,171.77,172.2,171.43,172.05,36072
2024-04-19 04:00:00,172.05,172.15,171.42,171.68,35102
2024-04-19 05:00:00,171.68,172.71,171.52,172.58,34860
2024-04-19 06:00:00,172.58,173.18,172.22,172.99,35119
2024-04-19 07:00:00,172.99,173.61,172.64,172.98,35421
2024-04-19 08:00:00,172.98,174.14,172.46,173.97,74028
2024-04-19 09:00:00,173.97,174.59,173.44,174.27,70125
2024-04-19 10:00:00,174.27,176.25,173.94,176.14,70321
2024-04-19 11:00:00,176.14,177.75,175.99,177.52,73269
2024-04-19 12:00:00,177.52,178.36,177.34,177.98,75083
2024-04-19 13:00:00,177.98,179.07,176.82,176.97,88415
2024-04-19 14:00:00,176.97,177.11,175.81,176.18,94360
2024-04-19 15:00:00,176.18,177.4,175.15,177.33,89859
2024-04-19 16:00:00,177.33,178.34,176.64,178.01,93271
2024-04-19 17:00:00,178.01,178.78,176.99,177.68,87069
2024-04-19 18:00:00,177.68,178.93,177.22,177.73,92631
2024-04-19 19:00:00,177.73,178.15,176.3,177.85,90886
2024-04-19 20:00:00,177.85,178.23,176.28,177.5,89986
2024-04-19 21:00:00,177.5,177.97,177.48,177.57,29681
2024-04-19 22:00:00,177.57,177.68,177.45,177.49,5594
2024-04-19 23:00:00,177.49,178.02,177.3,177.68,29632
2024-04-22 00:00:00,177.68,177.89,176.81,177.35,33017
2024-04-22 01:00:00,177.35,177.85,177.16,177.73,32534
2024-04-22 02:00:00,177.73,177.99,177.15,177.55,34412
2024-04-22 03:00:00,177.55,177.89,177.26,177.37,36022
2024-04-22 04:00:00,177.37,177.84,176.89,177.68,36879
2024-04-22 05:00:00,177.68,178.36,177.43,178.13,32679
2024-04-22 06:00:00,178.13,178.48,177.74,177.86,35400
2024-04-22 07:00:00,177.86,178.58,177.76,178.2,34905
2024-04-22 08:00:00,178.2,178.78,177.52,178.3,75040
2024-04-22 09:00:00,178.3,179.09,176.7,176.75,73458
2024-04-22 10:00:00,176.75,177.81,176.32,177.39,75951
2024-04-22 11:00:00,177.39,177.86,176.0,176.21,73355
2024-04-22 12:00:00,176.21,178.13,176.07,177.51,73201
2024-04-22 13:00:00,177.51,178.31,176.09,176.25,85916
2024-04-22 14:00:00,176.25,176.99,175.06,175.21,91875
2024-04-22 15:00:00,175.21,176.82,174.12,174.87,88747
2024-04-22 16:00:00,174.87,175.58,173.99,175.16,90931
2024-04-22 17:00:00,175.16,182.51,168.64,172.55,84383
2024-04-22 18:00:00,172.55,172.9,170.32,171.03,89567
2024-04-22 19:00:00,171.03,173.51,170.92,172.96,92418
2024-04-22 20:00:00,172.96,173.32,171.6,172.49,86202
2024-04-22 21:00:00,172.49,172.89,172.24,172.56,30688
2024-04-22 22:00:00,172.56,172.62,172.41,172.44,6154
2024-04-22 23:00:00,172.44,172.49,171.71,171.88,32261
2024-04-23 00:00:00,171.88,172.61,171.51,172.01,36867
2024-04-23 01:00:00,172.01,172.48,171.94,172.3,35789
2024-04-23 02:00:00,172.3,172.7,172.06,172.38,36773
2024-04-23 03:00:00,172.38,172.97,172.11,172.58,36262
2024-04-23 04:00:00,172.58,173.12,172.55,173.06,36079
2024-04-23 05:00:00,173.06,173.34,172.55,173.26,38252
2024-04-23 06:00:00,173.26,173.72,172.96,173.53,36772
2024-04-23 07:00:00,173.53,173.84,173.22,173.34,34220
2024-04-23 08:00:00,173.34,174.66,173.17,174.44,73090
2024-04-23 09:00:00,174.44,175.52,173.48,173.72,71256
2024-04-23 10:00:00,173.72,174.26,170.93,171.74,69762
2024-04-23 11:00:00,171.74,172.32,170.16,171.25,71359
2024-04-23 12:00:00,171.25,171.43,168.49,169.41,73436
2024-04-23 13:00:00,169.41,170.98,165.91,166.27,94542
2024-04-23 14:00:00,166.27,167.9,165.76,166.68,92305
2024-04-23 15:00:00,166.68,168.69,166.21,166.73,92284
2024-04-23 16:00:00,166.73,167.64,164.44,165.05,90830
2024-04-23 17:00:00,165.05,165.59,161.28,162.31,90427
2024-04-23 18:00:00,162.31,163.15,160.01,160.64,89854
2024-04-23 19:00:00,160.64,160.94,158.84,159.51,92952
2024-04-23 20:00:00,159.51,159.91,157.55,158.61,89176
2024-04-23 21:00:00,158.61,158.67,156.62,156.96,29453
2024-04-23 22:00:00,156.96,156.99,155.51,155.56,5989
2024-04-23 23:00:00,155.56,155.88,154.25,154.36,30009
2024-04-24 00:00:00,154.36,154.43,152.73,153.06,35882
2024-04-24 01:00:00,153.06,153.13,151.8,151.9,36288
2024-04-24 02:00:00,151.9,152.06,150.46,150.51,34801
2024-04-24 03:00:00,150.51,150.98,149.62,149.68,37123
2024-04-24 04:00:00,149.68,152.3,146.21,146.43,34588
2024-04-24 05:00:00,146.43,146.55,144.57,144.61,38268
2024-04-24 06:00:00,144.61,144.75,142.21,142.46,37215
2024-04-24 07:00:00,142.46,142.63,141.14,141.34,36532
2024-04-24 08:00:00,141.34,141.77,139.64,140.91,68474
2024-04-24 09:00:00,140.91,141.12,139.35,139.4,72807
2024-04-24 10:00:00,139.4,139.78,138.02,139.4,65313
2024-04-24 11:00:00,139.4,139.99,138.33,139.23,73676
2024-04-24 12:00:00,139.23,140.38,137.87,140.01,72041
2024-04-24 13:00:00,140.01,140.69,138.53,140.39,87870
2024-04-24 14:00:00,140.39,142.75,139.98,141.86,91000
2024-04-24 15:00:00,141.86,143.69,141.3,142.83,92585
2024-04-24 16:00:00,142.83,145.24,142.1,144.08,86761
2024-04-24 17:00:00,144.08,146.63,143.72,145.8,96616
2024-04-24 18:00:00,145.8,148.1,145.66,146.87,97167
2024-04-24 19:00:00,146.87,149.4,146.68,147.55,93950
2024-04-24 20:00:00,147.55,149.67,146.35,149.29,83584
2024-04-24 21:00:00,149.29,150.0,149.26,149.86,30240
2024-04-24 22:00:00,149.86,151.4,149.83,151.32,5744
2024-04-24 23:00:00,151.32,152.53,151.27,152.38,26914
2024-04-25 00:00:00,152.38,153.44,152.07,153.28,34698
2024-04-25 01:00:00,153.28,154.76,153.17,154.64,35622
2024-04-25 02:00:00,154.64,156.1,154.51,155.86,37082
2024-04-25 03:00:00,155.86,156.84,155.68,156.63,34219
2024-04-25 04:00:00,156.63,157.62,156.28,157.52,36568
2024-04-25 05:00:00,157.52,158.97,157.43,158.77,34774
2024-04-25 06:00:00,158.77,160.24,158.72,159.98,37194
2024-04-25 07:00:00,159.98,161.4,159.65,161.25,36466
2024-04-25 08:00:00,161.25,163.0,160.1,162.95,76622
2024-04-25 09:00:00,162.95,164.15,162.68,162.94,72890
2024-04-25 10:00:00,162.94,164.93,162.5,164.08,73836
2024-04-25 11:00:00,164.08,167.08,163.1,166.43,68348
2024-04-25 12:00:00,166.43,168.57,166.0,168.16,72229
2024-04-25 13:00:00,168.16,170.68,167.63,170.34,89426
2024-04-25 14:00:00,170.34,172.98,169.93,170.43,93974
2024-04-25 15:00:00,170.43,172.55,169.79,170.84,83532
2024-04-25 16:00:00,170.84,173.2,170.37,172.08,85689
2024-04-25 17:00:00,172.08,173.83,170.98,172.42,89866
2024-04-25 18:00:00,172.42,176.01,172.22,175.81,87471
2024-04-25 19:00:00,175.81,179.08,166.46,172.74,86947
2024-04-25 20:00:00,172.74,175.98,171.68,175.59,84712
2024-04-25 21:00:00,175.59,177.06,175.42,176.88,28535
2024-04-25 22:00:00,176.88,178.49,176.84,178.45,5967
2024-04-25 23:00:00,178.45,182.76,174.68,177.12,31087
2024-04-26 00:00:00,177.12,179.44,176.82,179.37,34064
2024-04-26 01:00:00,179.37,181.08,178.86,181.03,35740
2024-04-26 02:00:00,181.03,182.86,180.67,182.81,37375
2024-04-26 03:00:00,182.81,184.52,182.77,184.34,36661
2024-04-26 04:00:00,184.34,186.09,184.18,186.02,34981
2024-04-26 05:00:00,186.02,190.09,185.58,189.46,38367
2024-04-26 06:00:00,189.46,190.93,188.91,190.78,36920
2024-04-26 07:00:00,190.78,192.22,190.42,191.96,38182
2024-04-26 08:00:00,191.96,194.31,191.78,194.19,72414
2024-04-26 09:00:00,194.19,195.26,193.83,194.52,69420
2024-04-26 10:00:00,194.52,197.58,194.28,197.32,73571
2024-04-26 11:00:00,197.32,199.59,196.53,199.11,71086
2024-04-26 12:00:00,199.11,200.94,198.41,199.73,72805
2024-04-26 13:00:00,199.73,207.96,198.3,205.84,89797
2024-04-26 14:00:00,205.84,209.81,193.15,194.36,92517
2024-04-26 15:00:00,194.36,203.87,192.07,203.3,90820
2024-04-26 16:00:00,203.3,212.36,200.16,208.85,90403
2024-04-26 17:00:00,208.85,213.01,204.2,206.78,86548
2024-04-26 18:00:00,206.78,210.04,193.92,196.58,89784
2024-04-26 19:00:00,196.58,200.35,190.24,195.83,90859
2024-04-26 20:00:00,195.83,202.89,193.48,195.29,85024
2024-04-26 21:00:00,195.29,197.53,186.0,191.08,30832
2024-04-26 22:00:00,191.08,191.66,190.59,191.08,6380
2024-04-26 23:00:00,191.08,191.3,186.52,187.36,28347
2024-04-29 00:00:00,187.36,190.32,187.1,187.85,36261
2024-04-29 01:00:00,187.85,194.01,186.89,193.31,37142
2024-04-29 02:00:00,193.31,198.04,192.84,196.87,38598
2024-04-29 03:00:00,196.87,199.54,195.67,196.8,38508
2024-04-29 04:00:00,196.8,203.73,193.19,194.23,37459
2024-04-29 05:00:00,194.23,197.29,192.48,194.87,36474
2024-04-29 06:00:00,194.87,195.9,191.69,192.58,36620
2024-04-29 07:00:00,192.58,194.74,191.0,191.53,37325
2024-04-29 08:00:00,191.53,197.75,189.89,194.01,74059
2024-04-29 09:00:00,194.01,205.84,191.66,204.45,72185
2024-04-29 10:00:00,204.45,213.32,204.18,205.75,72206
2024-04-29 11:00:00,205.75,220.66,204.2,217.42,70765
2024-04-29 12:00:00,217.42,226.77,214.13,218.63,73672
2024-04-29 13:00:00,218.63,219.63,208.0,214.07,94107
2024-04-29 14:00:00,214.07,220.65,209.44,215.58,87823
2024-04-29 15:00:00,215.58,220.66,208.52,213.86,91675
2024-04-29 16:00:00,213.86,218.7,210.51,211.94,88071
2024-04-29 17:00:00,211.94,214.86,205.85,211.17,85668
2024-04-29 18:00:00,211.17,213.37,202.38,206.77,88861
2024-04-29 19:00:00,206.77,210.47,200.1,204.05,88154
2024-04-29 20:00:00,204.05,211.97,198.79,209.16,84055
2024-04-29 21:00:00,209.16,210.58,206.96,209.57,28439
2024-04-29 22:00:00,209.57,209.87,209.01,209.35,6417
2024-04-29 23:00:00,209.35,213.07,207.76,210.68,32196
2024-04-30 00:00:00,210.68,212.43,205.51,206.06,35347
2024-04-30 01:00:00,206.06,206.98,203.03,204.2,36115
2024-04-30 02:00:00,204.2,205.13,200.76,203.39,35891
2024-04-30 03:00:00,203.39,203.99,199.55,200.81,35532
2024-04-30 04:00:00,200.81,201.73,195.42,197.44,38520
2024-04-30 05:00:00,197.44,198.5,194.58,196.92,36275
2024-04-30 06:00:00,196.92,197.36,192.59,193.53,35344
2024-04-30 07:00:00,193.53,197.63,193.04,196.63,36160
2024-04-30 08:00:00,196.63,200.06,191.42,196.79,67438
2024-04-30 09:00:00,196.79,198.03,191.47,196.09,77219
2024-04-30 10:00:00,196.09,201.58,193.15,201.03,72815
2024-04-30 11:00:00,201.03,213.29,196.48,207.82,69500
2024-04-30 12:00:00,207.82,208.45,199.62,203.12,67050
2024-04-30 13:00:00,203.12,209.53,199.32,208.66,89931
2024-04-30 14:00:00,208.66,214.15,206.92,211.52,90862
2024-04-30 15:00:00,211.52,219.78,205.96,210.24,88357
2024-04-30 16:00:00,210.24,218.98,207.21,216.63,90967
2024-04-30 17:00:00,216.63,231.26,215.66,226.73,90417
2024-04-30 18:00:00,226.73,228.91,211.93,215.88,90145
2024-04-30 19:00:00,215.88,226.18,213.61,221.26,89078
2024-04-30 20:00:00,221.26,236.41,218.89,226.95,94903
2024-04-30 21:00:00,226.95,229.82,225.83,228.13,30687
2024-04-30 22:00:00,228.13,228.96,227.17,227.69,5974
2024-04-30 23:00:00,227.69,232.18,215.4,231.84,29501
2024-05-01 00:00:00,231.84,235.53,229.86,234.75,37190
2024-05-01 01:00:00,234.75,235.28,230.05,230.28,34781
2024-05-01 02:00:00,230.28,232.23,226.6,229.86,38215
2024-05-01 03:00:00,229.86,234.78,229.11,230.06,36877
2024-05-01 04:00:00,230.06,236.87,226.45,235.08,35767
2024-05-01 05:00:00,235.08,236.13,228.34,228.81,36100
2024-05-01 06:00:00,228.81,229.03,223.98,227.46,37729
2024-05-01 07:00:00,227.46,232.17,225.49,231.47,34781
2024-05-01 08:00:00,231.47,233.09,226.04,227.75,71652
2024-05-01 09:00:00,227.75,232.33,221.52,222.73,73970
2024-05-01 10:00:00,222.73,224.77,215.22,222.0,69217
2024-05-01 11:00:00,222.0,226.16,217.46,222.04,74771
2024-05-01 12:00:00,222.04,229.37,220.18,223.51,67885
2024-05-01 13:00:00,223.51,228.34,215.21,219.73,86663
2024-05-01 14:00:00,219.73,223.47,213.0,216.77,96667
2024-05-01 15:00:00,216.77,217.28,206.56,208.19,91321
2024-05-01 16:00:00,208.19,215.65,200.61,211.23,89820
2024-05-01 17:00:00,211.23,220.41,209.21,218.72,89010
2024-05-01 18:00:00,218.72,223.42,211.41,219.65,92710
2024-05-01 19:00:00,219.65,224.06,213.71,220.08,92580
2024-05-01 20:00:00,220.08,225.73,213.38,223.05,89845
2024-05-01 21:00:00,223.05,225.46,221.18,225.03,29919
2024-05-01 22:00:00,225.03,225.25,223.98,224.37,5936
2024-05-01 23:00:00,224.37,225.26,220.59,221.54,28439
2024-05-02 00:00:00,221.54,225.4,219.55,223.29,39276
2024-05-02 01:00:00,223.29,224.54,218.31,219.67,35078
2024-05-02 02:00:00,219.67,224.81,219.21,223.86,39269
2024-05-02 03:00:00,223.86,225.23,222.11,224.28,34732
2024-05-02 04:00:00,224.28,224.97,223.96,224.82,35734
2024-05-02 05:00:00,224.82,225.71,224.54,225.29,34653
2024-05-02 06:00:00,225.29,225.48,224.27,225.03,35908
2024-05-02 07:00:00,225.03,228.95,222.34,227.22,36341
2024-05-02 08:00:00,227.22,228.01,226.52,227.25,67631
2024-05-02 09:00:00,227.25,228.54,226.27,227.45,69435
2024-05-02 10:00:00,227.45,227.66,225.87,226.38,69954
2024-05-02 11:00:00,226.38,226.85,224.51,225.07,67650
2024-05-02 12:00:00,225.07,226.5,224.47,226.01,71472
2024-05-02 13:00:00,226.01,230.77,221.12,229.2,81815
2024-05-02 14:00:00,229.2,230.21,227.95,228.46,88237
2024-05-02 15:00:00,228.46,229.85,227.71,229.25,92602
2024-05-02 16:00:00,229.25,231.07,228.36,230.29,96806
2024-05-02 17:00:00,230.29,232.38,229.63,231.67,88476
2024-05-02 18:00:00,231.67,232.12,228.98,229.17,91121
2024-05-02 19:00:00,229.17,229.42,227.51,228.81,83198
2024-05-02 20:00:00,228.81,231.09,228.43,230.32,93561
2024-05-02 21:00:00,230.32,231.38,230.15,231.08,28701
2024-05-02 22:00:00,231.08,231.18,230.97,231.11,6230
2024-05-02 23:00:00,231.11,231.48,230.78,230.97,30601
2024-05-03 00:00:00,230.97,231.26,230.23,230.55,34368
2024-05-03 01:00:00,230.55,230.86,230.17,230.33,35736
2024-05-03 02:00:00,230.33,230.81,229.76,230.67,34774
2024-05-03 03:00:00,230.67,231.02,230.31,230.54,34233
2024-05-03 04:00:00,230.54,230.79,229.66,230.0,36152
2024-05-03 05:00:00,230.0,230.2,229.1,229.86,33755
2024-05-03 06:00:00,229.86,230.47,229.56,230.05,36138
2024-05-03 07:00:00,230.05,230.55,229.54,230.36,36914
2024-05-03 08:00:00,230.36,231.28,229.63,230.27,70785
2024-05-03 09:00:00,230.27,231.9,229.2,231.67,74493
2024-05-03 10:00:00,231.67,232.11,230.41,231.6,72677
2024-05-03 11:00:00,231.6,233.68,230.48,232.63,68447
2024-05-03 12:00:00,232.63,233.26,231.25,232.1,66795
2024-05-03 13:00:00,232.1,232.17,229.78,230.95,93206
2024-05-03 14:00:00,230.95,233.79,230.11,233.08,92657
2024-05-03 15:00:00,233.08,233.4,231.43,232.06,87848
2024-05-03 16:00:00,232.06,233.16,230.87,231.85,84774
2024-05-03 17:00:00,231.85,232.38,230.1,231.58,88147
2024-05-03 18:00:00,231.58,232.67,230.73,231.59,92269
2024-05-03 19:00:00,231.59,233.04,230.27,231.86,87900
2024-05-03 20:00:00,231.86,232.41,229.13,229.82,89574
2024-05-03 21:00:00,229.82,230.08,229.41,229.92,31836
2024-05-03 22:00:00,229.92,230.12,229.85,230.11,5863
2024-05-03 23:00:00,230.11,230.2,229.25,229.26,32233
2024-05-06 00:00:00,229.26,230.26,228.98,229.37,37407
2024-05-06 01:00:00,229.37,229.97,229.17,229.52,35958
2024-05-06 02:00:00,229.52,229.8,228.72,228.82,36872
2024-05-06 03:00:00,228.82,228.96,227.71,228.05,36337
2024-05-06 04:00:00,228.05,228.17,227.41,227.51,33505
2024-05-06 05:00:00,227.51,227.81,226.9,226.97,35086
2024-05-06 06:00:00,226.97,235.0,221.68,229.8,38534
2024-05-06 07:00:00,229.8,230.22,229.1,229.79,36199
2024-05-06 08:00:00,229.79,230.43,228.81,229.64,70883
2024-05-06 09:00:00,229.64,230.08,228.47,228.99,68780
2024-05-06 10:00:00,228.99,229.14,227.36,227.51,72761
2024-05-06 11:00:00,227.51,228.52,226.61,227.82,70651
2024-05-06 12:00:00,227.82,228.66,219.55,224.6,72128
2024-05-06 13:00:00,224.6,225.16,223.23,224.07,82286
2024-05-06 14:00:00,224.07,224.75,222.17,222.49,92939
2024-05-06 15:00:00,222.49,225.87,218.48,219.34,91467
2024-05-06 16:00:00,219.34,220.42,216.67,217.73,85885
2024-05-06 17:00:00,217.73,219.0,216.1,217.6,89020
2024-05-06 18:00:00,217.6,219.28,217.16,217.87,87936
2024-05-06 19:00:00,217.87,219.93,216.99,219.2,91578
2024-05-06 20:00:00,219.2,220.13,217.53,218.05,87937
2024-05-06 21:00:00,218.05,222.83,207.11,213.54,29967
2024-05-06 22:00:00,213.54,213.63,213.47,213.59,6061
2024-05-06 23:00:00,213.59,213.87,213.12,213.33,28693
2024-05-07 00:00:00,213.33,213.44,212.19,212.7,35955
2024-05-07 01:00:00,212.7,213.04,212.32,212.87,34181
2024-05-07 02:00:00,212.87,212.99,211.79,212.01,37500
2024-05-07 03:00:00,212.01,212.62,211.74,212.04,34039
2024-05-07 04:00:00,212.04,214.73,206.77,209.44,37614
2024-05-07 05:00:00,209.44,209.6,208.19,208.83,34422
2024-05-07 06:00:00,208.83,209.6,208.37,209.44,36535
2024-05-07 07:00:00,209.44,210.22,208.96,209.25,35108
2024-05-07 08:00:00,209.25,209.84,208.33,208.83,76466
2024-05-07 09:00:00,208.83,209.61,207.9,208.53,74293
2024-05-07 10:00:00,208.53,209.53,208.2,209.45,72525
2024-05-07 11:00:00,209.45,210.58,208.79,210.15,75422
2024-05-07 12:00:00,210.15,211.52,210.06,210.72,73962
2024-05-07 13:00:00,210.72,212.34,210.33,212.24,94076
2024-05-07 14:00:00,212.24,213.38,211.13,211.61,84914
2024-05-07 15:00:00,211.61,211.97,210.31,211.0,86989
2024-05-07 16:00:00,211.0,213.79,210.45,213.35,94713
2024-05-07 17:00:00,213.35,214.32,210.45,210.51,92631
2024-05-07 18:00:00,210.51,210.72,208.7,209.23,96003
2024-05-07 19:00:00,209.23,210.48,208.68,209.69,85279
2024-05-07 20:00:00,209.69,211.05,209.21,210.3,96352
2024-05-07 21:00:00,210.3,210.44,209.7,209.88,30064
2024-05-07 22:00:00,209.88,216.07,206.0,212.68,5913
2024-05-07 23:00:00,212.68,213.04,212.13,212.26,29858
2024-05-08 00:00:00,212.26,212.76,211.81,212.67,38388
2024-05-08 01:00:00,212.67,213.44,212.24,213.32,35710
2024-05-08 02:00:00,213.32,213.54,212.8,213.02,38456
2024-05-08 03:00:00,213.02,213.81,212.8,213.45,35314
2024-05-08 04:00:00,213.45,214.59,213.26,214.43,34468
2024-05-08 05:00:00,214.43,215.77,214.11,215.23,37038
2024-05-08 06:00:00,215.23,216.91,214.89,216.52,36149
2024-05-08 07:00:00,216.52,218.99,216.28,218.97,35574
2024-05-08 08:00:00,218.97,225.43,218.2,224.89,64191
2024-05-08 09:00:00,224.89,226.81,223.25,225.79,71827
2024-05-08 10:00:00,225.79,227.34,224.43,227.06,71041
2024-05-08 11:00:00,227.06,228.93,225.93,228.41,68827
2024-05-08 12:00:00,228.41,232.71,227.75,232.02,73055
2024-05-08 13:00:00,232.02,234.5,230.92,232.13,86339
2024-05-08 14:00:00,232.13,238.39,232.01,237.46,92159
2024-05-08 15:00:00,237.46,249.74,230.27,238.51,89360
2024-05-08 16:00:00,238.51,242.21,237.8,242.0,91598
2024-05-08 17:00:00,242.0,246.71,241.09,246.44,94166
2024-05-08 18:00:00,246.44,253.93,246.19,252.9,94758
2024-05-08 19:00:00,252.9,254.33,250.08,252.99,88858
2024-05-08 20:00:00,252.99,254.36,250.6,252.35,90395
2024-05-08 21:00:00,252.35,254.75,251.97,254.47,30585
2024-05-08 22:00:00,254.47,256.59,254.39,256.57,5832
2024-05-08 23:00:00,256.57,259.23,256.48,259.17,31363
2024-05-09 00:00:00,259.17,263.07,259.08,262.68,38313
2024-05-09 01:00:00,262.68,265.82,262.39,265.4,35749
2024-05-09 02:00:00,265.4,267.54,265.04,267.18,36102
2024-05-09 03:00:00,267.18,268.5,266.25,268.29,34679
2024-05-09 04:00:00,268.29,270.86,267.77,270.42,36132
2024-05-09 05:00:00,270.42,276.26,265.96,268.63,34923
2024-05-09 06:00:00,268.63,270.22,268.25,269.66,37337
2024-05-09 07:00:00,269.66,272.0,268.9,271.72,36649
2024-05-09 08:00:00,271.72,275.19,270.28,273.66,75154
2024-05-09 09:00:00,273.66,278.77,272.87,277.88,71811
2024-05-09 10:00:00,277.88,283.49,276.63,282.79,69914
2024-05-09 11:00:00,282.79,285.88,282.04,285.23,68678
2024-05-09 12:00:00,285.23,289.94,284.66,288.57,78403
2024-05-09 13:00:00,288.57,295.55,287.41,293.4,91896
2024-05-09 14:00:00,293.4,298.74,291.83,298.09,85616
2024-05-09 15:00:00,298.09,300.99,295.77,299.57,86302
2024-05-09 16:00:00,299.57,304.48,298.38,301.54,93689
2024-05-09 17:00:00,301.54,305.9,299.05,305.39,96761
2024-05-09 18:00:00,305.39,309.18,303.85,308.33,92191
2024-05-09 19:00:00,308.33,312.24,307.61,310.78,90170
2024-05-09 20:00:00,310.78,316.48,308.93,312.68,86012
2024-05-09 21:00:00,312.68,317.28,312.18,316.95,30071
2024-05-09 22:00:00,316.95,319.86,316.89,319.81,5555
2024-05-09 23:00:00,319.81,322.35,319.42,321.98,28671
2024-05-10 00:00:00,321.98,325.58,321.95,325.21,36694
2024-05-10 01:00:00,325.21,327.52,324.61,327.13,33337
2024-05-10 02:00:00,327.13,330.06,326.82,329.63,35791
2024-05-10 03:00:00,329.63,332.49,329.39,332.24,30994
2024-05-10 04:00:00,332.24,337.2,332.03,336.72,37485
2024-05-10 05:00:00,336.72,341.01,335.73,340.6,36018
2024-05-10 06:00:00,340.6,343.15,340.19,342.33,33385
2024-05-10 07:00:00,342.33,345.11,341.72,344.8,35722
2024-05-10 08:00:00,344.8,348.87,344.36,346.84,65101
2024-05-10 09:00:00,346.84,350.66,345.33,349.49,73475
2024-05-10 10:00:00,349.49,353.99,349.1,351.88,74011
2024-05-10 11:00:00,351.88,352.39,348.37,349.19,72822
2024-05-10 12:00:00,349.19,351.44,348.06,349.9,71217
2024-05-10 13:00:00,349.9,355.37,341.37,347.14,90994
2024-05-10 14:00:00,347.14,358.9,345.95,358.01,89057
2024-05-10 15:00:00,358.01,360.54,355.8,358.95,92551
2024-05-10 16:00:00,358.95,363.0,354.71,361.14,84699
2024-05-10 17:00:00,361.14,366.17,358.39,365.35,94864
2024-05-10 18:00:00,365.35,372.84,364.71,369.7,91148
2024-05-10 19:00:00,369.7,371.81,366.59,369.05,87224
2024-05-10 20:00:00,369.05,375.35,367.57,374.28,91569
2024-05-10 21:00:00,374.28,378.55,374.24,378.2,31503
2024-05-10 22:00:00,378.2,381.78,378.19,380.88,6336
2024-05-10 23:00:00,380.88,384.85,378.12,382.75,29170
2024-05-13 00:00:00,382.75,389.83,368.77,382.75,34988
2024-05-13 01:00:00,382.75,393.61,379.8,388.69,34385
2024-05-13 02:00:00,388.69,406.21,380.7,396.57,37958
2024-05-13 03:00:00,396.57,408.2,395.7,403.56,34710
2024-05-13 04:00:00,403.56,406.23,400.65,404.1,35572
2024-05-13 05:00:00,404.1,412.99,402.21,411.61,34857
2024-05-13 06:00:00,411.61,423.76,411.0,421.61,36055
2024-05-13 07:00:00,421.61,427.16,417.51,425.51,37187
2024-05-13 08:00:00,425.51,431.44,400.98,413.36,69795
2024-05-13 09:00:00,413.36,439.31,406.75,427.22,74899
2024-05-13 10:00:00,427.22,440.5,424.69,430.23,74744
2024-05-13 11:00:00,430.23,440.24,418.55,433.7,71996
2024-05-13 12:00:00,433.7,442.29,413.29,419.78,67978
2024-05-13 13:00:00,419.78,431.3,409.06,418.94,88294
2024-05-13 14:00:00,418.94,421.79,405.02,411.55,96486
2024-05-13 15:00:00,411.55,419.73,394.26,412.96,89957
2024-05-13 16:00:00,412.96,426.32,402.92,418.34,91871
2024-05-13 17:00:00,418.34,452.1,410.8,447.53,85654
2024-05-13 18:00:00,447.53,452.02,432.32,447.38,86321
2024-05-13 19:00:00,447.38,462.78,442.99,449.04,87922
2024-05-13 20:00:00,449.04,468.36,443.06,455.63,94709
2024-05-13 21:00:00,455.63,456.2,447.25,451.82,29367
2024-05-13 22:00:00,451.82,453.03,450.91,451.72,5847
2024-05-13 23:00:00,451.72,455.48,448.46,452.93,30316
2024-05-14 00:00:00,452.93,458.63,450.44,454.12,34059
2024-05-14 01:00:00,454.12,464.84,452.91,461.57,37174
2024-05-14 02:00:00,461.57,466.34,437.72,441.25,36449
2024-05-14 03:00:00,441.25,445.67,433.88,438.7,34233
2024-05-14 04:00:00,438.7,459.5,414.0,426.22,36017
2024-05-14 05:00:00,426.22,428.84,425.98,427.27,35965
2024-05-14 06:00:00,427.27,428.64,426.74,428.18,34410
2024-05-14 07:00:00,428.18,429.68,427.76,429.35,37740
2024-05-14 08:00:00,429.35,429.99,425.14,427.83,70092
2024-05-14 09:00:00,427.83,429.38,424.22,424.35,70169
2024-05-14 10:00:00,424.35,427.68,423.66,424.47,71437
2024-05-14 11:00:00,424.47,426.5,423.7,425.4,69683
2024-05-14 12:00:00,425.4,427.83,422.85,425.84,70276
2024-05-14 13:00:00,425.84,426.4,421.93,423.15,93870
2024-05-14 14:00:00,423.15,425.98,421.87,424.34,83353
2024-05-14 15:00:00,424.34,428.64,423.01,425.37,92019
2024-05-14 16:00:00,425.37,426.33,422.77,424.9,93662
2024-05-14 17:00:00,424.9,428.48,423.46,427.82,92190
2024-05-14 18:00:00,427.82,430.65,425.52,430.03,84457
2024-05-14 19:00:00,430.03,431.3,426.58,428.45,89764
2024-05-14 20:00:00,428.45,431.14,426.17,428.61,93612
2024-05-14 21:00:00,428.61,429.19,427.59,428.21,30647
2024-05-14 22:00:00,428.21,428.53,428.05,428.27,6044
2024-05-14 23:00:00,428.27,429.31,428.05,428.35,27337
2024-05-15 00:00:00,428.35,429.67,427.3,429.28,33742
2024-05-15 01:00:00,429.28,430.43,428.88,429.58,38962
2024-05-15 02:00:00,429.58,437.21,422.16,436.15,36896
2024-05-15 03:00:00,436.15,439.11,436.09,438.46,34927
2024-05-15 04:00:00,438.46,439.4,437.35,438.2,36347
2024-05-15 05:00:00,438.2,439.42,436.85,438.64,36486
2024-05-15 06:00:00,438.64,439.06,437.54,438.29,35907
2024-05-15 07:00:00,438.29,438.97,437.63,438.62,37835
2024-05-15 08:00:00,438.62,440.43,435.28,438.27,71617
2024-05-15 09:00:00,438.27,439.31,433.97,437.59,74090
2024-05-15 10:00:00,437.59,440.62,436.85,440.38,70289
2024-05-15 11:00:00,440.38,442.95,438.63,440.34,68045
2024-05-15 12:00:00,440.34,441.81,438.48,440.68,75335
2024-05-15 13:00:00,440.68,441.13,436.18,437.65,87367
2024-05-15 14:00:00,437.65,440.98,437.18,439.4,89787
2024-05-15 15:00:00,439.4,443.62,438.95,442.93,91422
2024-05-15 16:00:00,442.93,447.01,442.24,445.73,91380
2024-05-15 17:00:00,445.73,449.51,443.26,448.56,85540
2024-05-15 18:00:00,448.56,452.62,447.76,451.61,88478
2024-05-15 19:00:00,451.61,452.73,446.81,448.94,83670
2024-05-15 20:00:00,448.94,452.59,447.51,448.87,93030
2024-05-15 21:00:00,448.87,449.56,448.39,449.31,29622
2024-05-15 22:00:00,449.31,449.54,449.04,449.16,5917
2024-05-15 23:00:00,449.16,450.66,448.82,450.04,31080
2024-05-16 00:00:00,450.04,462.96,432.67,442.75,36731
2024-05-16 01:00:00,442.75,443.63,442.1,443.06,37055
2024-05-16 02:00:00,443.06,443.52,441.82,442.38,37614
2024-05-16 03:00:00,442.38,444.08,442.04,443.44,34013
2024-05-16 04:00:00,443.44,443.86,442.06,442.91,38267
2024-05-16 05:00:00,442.91,452.12,428.86,435.71,35086
2024-05-16 06:00:00,435.71,437.14,434.75,436.32,34392
2024-05-16 07:00:00,436.32,436.99,435.35,435.53,37515
2024-05-16 08:00:00,435.53,438.95,434.59,437.81,73469
2024-05-16 09:00:00,437.81,438.5,434.5,435.65,67749
2024-05-16 10:00:00,435.65,439.48,435.45,437.04,66045
2024-05-16 11:00:00,437.04,439.43,436.02,438.3,73964
2024-05-16 12:00:00,438.3,441.42,437.17,439.75,71531
2024-05-16 13:00:00,439.75,441.08,434.15,434.43,89799
2024-05-16 14:00:00,434.43,444.49,428.36,429.1,91626
2024-05-16 15:00:00,429.1,430.43,425.37,428.51,90320
2024-05-16 16:00:00,428.51,437.57,414.41,433.84,87054
2024-05-16 17:00:00,433.84,435.52,418.55,426.47,91830
2024-05-16 18:00:00,426.47,431.84,421.08,423.24,97866
2024-05-16 19:00:00,423.24,426.05,421.05,421.41,86707
2024-05-16 20:00:00,421.41,422.81,415.14,416.68,88597
2024-05-16 21:00:00,416.68,417.0,411.62,411.93,28825
2024-05-16 22:00:00,411.93,413.1,399.9,401.43,6338
2024-05-16 23:00:00,401.43,401.67,399.09,399.29,28765
2024-05-17 00:00:00,399.29,399.5,393.14,395.07,38151
2024-05-17 01:00:00,395.07,396.04,389.11,389.74,35020
2024-05-17 02:00:00,389.74,390.1,383.42,383.74,36935
2024-05-17 03:00:00,383.74,384.31,380.34,380.96,35727
2024-05-17 04:00:00,380.96,381.16,377.07,377.71,36262
2024-05-17 05:00:00,377.71,378.96,374.34,374.91,33568
2024-05-17 06:00:00,374.91,376.02,373.56,373.94,34790
2024-05-17 07:00:00,373.94,374.61,370.91,371.07,38696
2024-05-17 08:00:00,371.07,372.17,367.22,369.23,73116
2024-05-17 09:00:00,369.23,377.38,358.74,360.44,70311
2024-05-17 10:00:00,360.44,364.47,359.93,361.15,75023
2024-05-17 11:00:00,361.15,364.27,357.65,358.56,73235
2024-05-17 12:00:00,358.56,359.92,355.72,357.08,78545
2024-05-17 13:00:00,357.08,358.83,353.43,356.35,86831
2024-05-17 14:00:00,356.35,359.56,354.31,356.68,87367
2024-05-17 15:00:00,356.68,360.05,354.45,355.59,92744
2024-05-17 16:00:00,355.59,357.35,349.81,350.84,87001
2024-05-17 17:00:00,350.84,351.51,342.69,344.5,86016
2024-05-17 18:00:00,344.5,346.82,340.84,342.07,89018
2024-05-17 19:00:00,342.07,344.85,334.88,338.38,88776
2024-05-17 20:00:00,338.38,338.79,332.41,333.52,94243
2024-05-17 21:00:00,333.52,333.97,330.58,330.92,29811
2024-05-17 22:00:00,330.92,330.99,328.06,328.1,6208
2024-05-17 23:00:00,328.1,328.54,324.24,324.26,31067
2024-05-20 00:00:00,324.26,324.95,321.72,322.29,36273
2024-05-20 01:00:00,322.29,322.45,319.62,320.15,34118
2024-05-20 02:00:00,320.15,321.14,318.02,318.47,36377
2024-05-20 03:00:00,318.47,319.17,316.17,316.55,36236
2024-05-20 04:00:00,316.55,316.7,313.28,313.77,35753
2024-05-20 05:00:00,313.77,314.19,310.59,311.1,34200
2024-05-20 06:00:00,311.1,311.32,308.0,309.05,37810
2024-05-20 07:00:00,309.05,309.25,306.14,306.65,37797
2024-05-20 08:00:00,306.65,308.27,303.5,305.39,68682
2024-05-20 09:00:00,305.39,308.59,305.0,306.54,72479
2024-05-20 10:00:00,306.54,307.11,302.44,303.11,70076
2024-05-20 11:00:00,303.11,304.98,300.89,301.39,72746
2024-05-20 12:00:00,301.39,303.43,299.09,299.45,70060
2024-05-20 13:00:00,299.45,300.06,293.35,293.52,84370
2024-05-20 14:00:00,293.52,295.9,284.76,286.2,93119
2024-05-20 15:00:00,286.2,286.75,282.59,284.98,92425
2024-05-20 16:00:00,284.98,285.63,281.76,283.01,85886
2024-05-20 17:00:00,283.01,283.96,276.64,278.74,84560
2024-05-20 18:00:00,278.74,280.32,276.72,277.56,88778
2024-05-20 19:00:00,277.56,278.78,274.49,277.7,87875
2024-05-20 20:00:00,277.7,278.62,274.53,275.2,89231
2024-05-20 21:00:00,275.2,275.31,270.48,270.61,30083
2024-05-20 22:00:00,270.61,270.65,268.29,268.34,5708
2024-05-20 23:00:00,268.34,268.52,265.27,265.47,29170
2024-05-21 00:00:00,265.47,266.01,263.2,263.35,36811
2024-05-21 01:00:00,263.35,268.46,253.93,264.84,34520
2024-05-21 02:00:00,264.84,265.0,262.45,263.04,36844
2024-05-21 03:00:00,263.04,263.85,261.1,261.15,36801
2024-05-21 04:00:00,261.15,261.52,258.46,258.58,36251
2024-05-21 05:00:00,258.58,258.91,256.35,257.38,36235
2024-05-21 06:00:00,257.38,257.53,254.15,254.82,36173
2024-05-21 07:00:00,254.82,254.93,251.43,251.7,36599
2024-05-21 08:00:00,251.7,256.1,245.32,246.16,75656
2024-05-21 09:00:00,246.16,246.63,242.03,243.23,70308
2024-05-21 10:00:00,243.23,243.6,239.66,240.77,74604
2024-05-21 11:00:00,240.77,240.82,237.65,237.93,73020
2024-05-21 12:00:00,237.93,238.48,232.93,234.28,70995
2024-05-21 13:00:00,234.28,234.95,228.65,229.28,94806
2024-05-21 14:00:00,229.28,229.65,224.52,224.67,87779
2024-05-21 15:00:00,224.67,225.19,219.27,220.16,86622
2024-05-21 16:00:00,220.16,221.77,214.64,215.43,88925
2024-05-21 17:00:00,215.43,215.64,212.21,214.0,96072
2024-05-21 18:00:00,214.0,215.34,210.3,210.88,92154
2024-05-21 19:00:00,210.88,211.67,207.81,208.14,92637
2024-05-21 20:00:00,208.14,209.82,206.64,208.13,91564
2024-05-21 21:00:00,208.13,208.47,206.54,206.86,30866
2024-05-21 22:00:00,206.86,206.92,204.79,204.83,5888
2024-05-21 23:00:00,204.83,211.4,200.75,207.38,29773
2024-05-22 00:00:00,207.38,211.85,201.49,202.9,36292
2024-05-22 01:00:00,202.9,203.08,201.31,201.55,34475
2024-05-22 02:00:00,201.55,202.02,198.66,198.94,36251
2024-05-22 03:00:00,198.94,199.42,198.24,198.34,36168
2024-05-22 04:00:00,198.34,198.6,195.65,195.98,39081
2024-05-22 05:00:00,195.98,196.07,194.34,194.74,35999
2024-05-22 06:00:00,194.74,195.0,193.5,193.94,34718
2024-05-22 07:00:00,193.94,194.1,192.24,192.36,35247
2024-05-22 08:00:00,192.36,192.87,190.49,191.11,68093
2024-05-22 09:00:00,191.11,191.46,188.13,188.25,67478
2024-05-22 10:00:00,188.25,189.62,186.62,187.03,73701
2024-05-22 11:00:00,187.03,187.78,184.97,185.92,74917
2024-05-22 12:00:00,185.92,186.78,183.66,184.32,77158
2024-05-22 13:00:00,184.32,185.83,182.94,185.24,86692
2024-05-22 14:00:00,185.24,186.18,181.1,181.63,91386
2024-05-22 15:00:00,181.63,182.64,179.2,179.27,90045
2024-05-22 16:00:00,179.27,184.12,171.94,172.2,95621
2024-05-22 17:00:00,172.2,172.56,169.54,171.51,87810
2024-05-22 18:00:00,171.51,174.04,162.96,168.09,90357
2024-05-22 19:00:00,168.09,168.19,165.71,166.75,88088
2024-05-22 20:00:00,166.75,167.97,165.28,165.62,91301
2024-05-22 21:00:00,165.62,165.85,164.08,164.15,30133
2024-05-22 22:00:00,164.15,164.16,162.66,162.67,5850
2024-05-22 23:00:00,162.67,162.76,160.36,160.58,28977
2024-05-23 00:00:00,160.58,160.75,158.9,159.09,35722
2024-05-23 01:00:00,159.09,159.25,157.39,157.49,37041
2024-05-23 02:00:00,157.49,157.63,155.6,155.84,32885
2024-05-23 03:00:00,155.84,158.14,144.78,147.89,36564
2024-05-23 04:00:00,147.89,148.05,146.69,146.95,33450
2024-05-23 05:00:00,146.95,147.1,145.34,145.46,35424
2024-05-23 06:00:00,145.46,146.0,143.72,143.79,35362
2024-05-23 07:00:00,143.79,144.32,142.63,142.65,35416
2024-05-23 08:00:00,142.65,143.73,142.02,143.21,75038
2024-05-23 09:00:00,143.21,143.54,140.5,141.3,71837
2024-05-23 10:00:00,141.3,142.56,140.26,141.04,71655
2024-05-23 11:00:00,141.04,141.43,138.54,138.75,71057
2024-05-23 12:00:00,138.75,139.37,136.37,136.7,71762
2024-05-23 13:00:00,136.7,137.01,133.9,134.7,84794
2024-05-23 14:00:00,134.7,138.45,132.56,135.91,92610
2024-05-23 15:00:00,135.91,136.06,131.38,132.86,85631
2024-05-23 16:00:00,132.86,133.87,131.23,132.75,89007
2024-05-23 17:00:00,132.75,132.99,130.36,131.68,80436
2024-05-23 18:00:00,131.68,133.16,130.81,131.67,91041
2024-05-23 19:00:00,131.67,132.22,127.78,129.31,90222
2024-05-23 20:00:00,129.31,129.48,126.25,127.66,89628
2024-05-23 21:00:00,127.66,127.74,126.61,126.7,30240
2024-05-23 22:00:00,126.7,131.13,123.04,123.32,5699
2024-05-23 23:00:00,123.32,123.38,122.12,122.22,30178
2024-05-24 00:00:00,122.22,122.98,122.0,122.9,35572
2024-05-24 01:00:00,122.9,123.34,122.75,123.23,37041
2024-05-24 02:00:00,123.23,123.41,122.41,122.47,35273
2024-05-24 03:00:00,122.47,123.1,122.35,122.77,34103
2024-05-24 04:00:00,122.77,123.58,122.59,123.53,36572
2024-05-24 05:00:00,123.53,123.75,123.27,123.71,36520
2024-05-24 06:00:00,123.71,124.02,123.55,123.96,37424
2024-05-24 07:00:00,123.96,126.66,120.01,121.96,36523
2024-05-24 08:00:00,121.96,122.02,120.97,121.07,67856
2024-05-24 09:00:00,121.07,121.3,120.32,120.42,72246
2024-05-24 10:00:00,120.42,124.39,119.33,123.05,72326
2024-05-24 11:00:00,123.05,123.96,122.66,123.91,74042
2024-05-24 12:00:00,123.91,131.09,123.45,126.87,71887
2024-05-24 13:00:00,126.87,128.11,122.59,124.2,85552
2024-05-24 14:00:00,124.2,124.84,123.59,124.0,88927
2024-05-24 15:00:00,124.0,126.03,123.73,125.64,86461
2024-05-24 16:00:00,125.64,131.92,122.01,126.99,89700
2024-05-24 17:00:00,126.99,127.74,126.49,127.14,91528
2024-05-24 18:00:00,127.14,127.69,126.51,127.1,88982
2024-05-24 19:00:00,127.1,127.28,126.11,126.45,91106
2024-05-24 20:00:00,126.45,127.14,125.94,126.35,95314
2024-05-24 21:00:00,126.35,126.49,125.88,126.19,29639
2024-05-24 22:00:00,126.19,126.24,126.14,126.18,6196
2024-05-24 23:00:00,126.18,126.29,125.75,125.88,29168
2024-05-27 00:00:00,125.88,129.74,125.4,127.13,34437
2024-05-27 01:00:00,127.13,127.79,127.04,127.72,38159
2024-05-27 02:00:00,127.72,128.06,127.52,128.0,37014
2024-05-27 03:00:00,128.0,128.45,127.59,128.15,36734
2024-05-27 04:00:00,128.15,128.31,127.71,128.05,38928
2024-05-27 05:00:00,128.05,128.22,127.46,127.63,33550
2024-05-27 06:00:00,127.63,128.07,127.48,127.77,38205
2024-05-27 07:00:00,127.77,128.13,127.5,127.86,36849
2024-05-27 08:00:00,127.86,128.3,127.58,128.05,74000
2024-05-27 09:00:00,128.05,128.26,127.2,127.44,73829
2024-05-27 10:00:00,127.44,127.94,127.03,127.8,77191
2024-05-27 11:00:00,127.8,128.15,127.19,127.82,70432
2024-05-27 12:00:00,127.82,127.97,126.73,127.15,73150
2024-05-27 13:00:00,127.15,128.07,126.8,127.37,93544
2024-05-27 14:00:00,127.37,127.71,126.3,127.26,92262
2024-05-27 15:00:00,127.26,127.86,126.82,127.76,90030
2024-05-27 16:00:00,127.76,128.53,127.4,128.09,92389
2024-05-27 17:00:00,128.09,128.93,127.71,127.82,79719
2024-05-27 18:00:00,127.82,128.94,127.22,128.54,90269
2024-05-27 19:00:00,128.54,129.12,127.85,128.28,91216
2024-05-27 20:00:00,128.28,129.58,124.65,126.84,81036
2024-05-27 21:00:00,126.84,127.06,126.69,126.95,30431
2024-05-27 22:00:00,126.95,126.96,126.88,126.93,5860
2024-05-27 23:00:00,126.93,126.94,126.47,126.53,30423
2024-05-28 00:00:00,126.53,126.55,125.92,126.06,36101
2024-05-28 01:00:00,126.06,126.23,125.81,126.21,36268
2024-05-28 02:00:00,126.21,126.22,125.51,125.79,35054
2024-05-28 03:00:00,125.79,125.96,125.38,125.81,38643
2024-05-28 04:00:00,125.81,126.34,125.63,126.28,36650
2024-05-28 05:00:00,126.28,126.97,126.17,126.8,38422
2024-05-28 06:00:00,126.8,132.36,124.8,130.19,36032
2024-05-28 07:00:00,130.19,130.24,129.53,129.63,37930
2024-05-28 08:00:00,129.63,130.0,129.08,129.37,70189
2024-05-28 09:00:00,129.37,129.89,128.87,129.3,69056
2024-05-28 10:00:00,129.3,131.86,123.36,126.56,71820
2024-05-28 11:00:00,126.56,126.97,125.31,125.7,68815
2024-05-28 12:00:00,125.7,126.32,124.95,126.0,68100
2024-05-28 13:00:00,126.0,129.36,121.72,127.95,95367
2024-05-28 14:00:00,127.95,128.34,127.2,128.16,91442
2024-05-28 15:00:00,128.16,128.5,127.42,127.77,89077
2024-05-28 16:00:00,127.77,128.51,127.57,128.24,88495
2024-05-28 17:00:00,128.24,129.24,127.55,127.86,90061
2024-05-28 18:00:00,127.86,128.26,126.7,126.85,89715
2024-05-28 19:00:00,126.85,127.3,125.6,125.98,94884
2024-05-28 20:00:00,125.98,134.11,123.39,128.87,86719
2024-05-28 21:00:00,128.87,129.1,128.7,129.04,30166
2024-05-28 22:00:00,129.04,129.05,128.91,128.93,6264
2024-05-28 23:00:00,128.93,129.23,128.52,128.62,29693
2024-05-29 00:00:00,128.62,129.46,128.56,129.29,36838
2024-05-29 01:00:00,129.29,129.88,129.11,129.67,35274
2024-05-29 02:00:00,129.67,130.13,129.6,129.88,34300
2024-05-29 03:00:00,129.88,130.09,129.53,129.83,36048
2024-05-29 04:00:00,129.83,130.17,129.74,129.93,34384
2024-05-29 05:00:00,129.93,130.26,129.67,129.73,34809
2024-05-29 06:00:00,129.73,130.04,129.63,129.75,35291
2024-05-29 07:00:00,129.75,134.96,129.14,131.17,36961
2024-05-29 08:00:00,131.17,132.43,131.12,132.09,77788
2024-05-29 09:00:00,132.09,132.98,131.8,132.8,73069
2024-05-29 10:00:00,132.8,133.04,132.05,132.71,74931
2024-05-29 11:00:00,132.71,132.89,132.0,132.26,70956
2024-05-29 12:00:00,132.26,133.18,132.0,132.73,76550
2024-05-29 13:00:00,132.73,133.98,132.43,133.72,86810
2024-05-29 14:00:00,133.72,133.85,132.49,133.06,90110
2024-05-29 15:00:00,133.06,133.69,132.73,133.18,86408
2024-05-29 16:00:00,133.18,134.06,132.55,133.53,85120
2024-05-29 17:00:00,133.53,133.9,131.97,132.4,92252
2024-05-29 18:00:00,132.4,133.28,132.04,132.53,87830
2024-05-29 19:00:00,132.53,133.13,131.94,132.19,85168
2024-05-29 20:00:00,132.19,133.28,131.78,132.93,93894
2024-05-29 21:00:00,132.93,133.35,132.83,133.17,31940
2024-05-29 22:00:00,133.17,133.21,133.08,133.09,5785
2024-05-29 23:00:00,133.09,133.45,132.97,133.28,30384
2024-05-30 00:00:00,133.28,133.44,132.67,132.9,34598
2024-05-30 01:00:00,132.9,133.01,132.62,132.9,37759
2024-05-30 02:00:00,132.9,133.13,132.49,132.83,34770
2024-05-30 03:00:00,132.83,132.97,132.41,132.58,34724
2024-05-30 04:00:00,132.58,132.87,132.38,132.53,34931
2024-05-30 05:00:00,132.53,133.22,132.25,132.86,37005
2024-05-30 06:00:00,132.86,132.89,132.19,132.56,34620
2024-05-30 07:00:00,132.56,132.75,132.11,132.33,35353
2024-05-30 08:00:00,132.33,133.67,128.32,128.48,71490
2024-05-30 09:00:00,128.48,128.85,127.45,127.55,70770
2024-05-30 10:00:00,127.55,128.1,126.72,127.73,71354
2024-05-30 11:00:00,127.73,127.96,126.64,126.79,73695
2024-05-30 12:00:00,126.79,127.11,125.98,126.55,69689
2024-05-30 13:00:00,126.55,128.27,126.42,128.03,91366
2024-05-30 14:00:00,128.03,128.32,126.19,126.72,88579
2024-05-30 15:00:00,126.72,129.96,124.07,128.92,86550
2024-05-30 16:00:00,128.92,130.01,128.66,129.92,90119
2024-05-30 17:00:00,129.92,130.17,129.18,129.72,86871
2024-05-30 18:00:00,129.72,129.87,128.81,129.63,97185
2024-05-30 19:00:00,129.63,130.24,128.81,129.16,87312
2024-05-30 20:00:00,129.16,129.99,128.88,129.58,87305
2024-05-30 21:00:00,129.58,129.95,129.46,129.85,28594
2024-05-30 22:00:00,129.85,129.94,129.79,129.81,6257
2024-05-30 23:00:00,129.81,130.09,129.51,129.82,29608
2024-05-31 00:00:00,129.82,129.86,129.27,129.56,36822
2024-05-31 01:00:00,129.56,129.59,129.13,129.34,36069
2024-05-31 02:00:00,129.34,129.4,128.92,129.15,34516
2024-05-31 03:00:00,129.15,129.73,129.02,129.5,36629
2024-05-31 04:00:00,129.5,129.77,129.14,129.36,37616
2024-05-31 05:00:00,129.36,129.52,129.04,129.22,33940
2024-05-31 06:00:00,129.22,129.52,129.06,129.41,33636
2024-05-31 07:00:00,129.41,129.72,129.09,129.23,38578
2024-05-31 08:00:00,129.23,129.63,128.47,128.78,68581
2024-05-31 09:00:00,128.78,130.33,128.67,129.42,74582
2024-05-31 10:00:00,129.42,129.72,128.88,129.07,77940
2024-05-31 11:00:00,129.07,129.46,128.61,129.07,70031
2024-05-31 12:00:00,129.07,129.17,128.26,128.68,73244
2024-05-31 13:00:00,128.68,129.9,127.97,129.81,89235
2024-05-31 14:00:00,129.81,131.08,129.69,130.5,89208
2024-05-31 15:00:00,130.5,131.27,130.13,130.86,91402
2024-05-31 16:00:00,130.86,131.77,130.12,130.73,94195
2024-05-31 17:00:00,130.73,131.55,130.44,131.49,91614
2024-05-31 18:00:00,131.49,132.49,130.94,131.5,87016
2024-05-31 19:00:00,131.5,131.96,130.86,131.63,91238
2024-05-31 20:00:00,131.63,132.4,131.23,131.71,89399
2024-05-31 21:00:00,131.71,131.95,131.48,131.55,30962
2024-05-31 22:00:00,131.55,131.57,131.45,131.46,5786
2024-05-31 23:00:00,131.46,134.65,123.16,126.59,30342
2024-06-03 00:00:00,126.59,126.83,126.2,126.61,37448
2024-06-03 01:00:00,126.61,127.04,126.5,126.84,35775
2024-06-03 02:00:00,126.84,128.04,124.06,124.6,35973
2024-06-03 03:00:00,124.6,125.22,124.43,125.15,34607
2024-06-03 04:00:00,125.15,125.72,125.07,125.58,36050
2024-06-03 05:00:00,125.58,125.78,125.3,125.39,35622
2024-06-03 06:00:00,125.39,125.47,124.93,125.0,38938
2024-06-03 07:00:00,125.0,125.32,124.88,125.08,34725
2024-06-03 08:00:00,125.08,125.29,124.14,124.78,72598
2024-06-03 09:00:00,124.78,125.32,124.21,124.92,66545
2024-06-03 10:00:00,124.92,125.76,124.54,124.85,74203
2024-06-03 11:00:00,124.85,125.62,124.45,125.35,75248
2024-06-03 12:00:00,125.35,126.88,125.29,126.35,75333
2024-06-03 13:00:00,126.35,127.69,126.29,127.52,93608
2024-06-03 14:00:00,127.52,128.35,127.1,127.48,89372
2024-06-03 15:00:00,127.48,128.79,127.46,128.68,89620
2024-06-03 16:00:00,128.68,129.5,128.59,129.08,85544
2024-06-03 17:00:00,129.08,129.37,127.29,127.65,91732
2024-06-03 18:00:00,127.65,128.08,126.43,126.58,89230
2024-06-03 19:00:00,126.58,127.6,125.85,126.76,85899
2024-06-03 20:00:00,126.76,126.96,125.54,125.61,89486
2024-06-03 21:00:00,125.61,125.83,125.24,125.3,30044
2024-06-03 22:00:00,125.3,125.3,124.19,124.24,5855
2024-06-03 23:00:00,124.24,124.32,122.9,123.06,32289
2024-06-04 00:00:00,123.06,123.21,121.25,121.44,34915
2024-06-04 01:00:00,121.44,121.59,120.25,120.34,37705
2024-06-04 02:00:00,120.34,120.69,119.67,119.86,37177
2024-06-04 03:00:00,119.86,119.98,119.34,119.38,35564
2024-06-04 04:00:00,119.38,119.59,118.02,118.24,36274
2024-06-04 05:00:00,118.24,118.35,116.9,117.32,35876
2024-06-04 06:00:00,117.32,117.51,116.06,116.32,34447
2024-06-04 07:00:00,116.32,116.62,115.68,115.76,37271
2024-06-04 08:00:00,115.76,116.01,113.53,114.1,73239
2024-06-04 09:00:00,114.1,114.69,112.66,112.97,68763
2024-06-04 10:00:00,112.97,113.15,111.46,111.52,68331
2024-06-04 11:00:00,111.52,111.99,109.88,110.1,69682
2024-06-04 12:00:00,110.1,110.34,108.2,108.81,73019
2024-06-04 13:00:00,108.81,109.07,107.83,108.02,89510
2024-06-04 14:00:00,108.02,108.96,106.74,107.35,87626
2024-06-04 15:00:00,107.35,108.18,106.95,107.96,85479
2024-06-04 16:00:00,107.96,108.3,106.67,107.15,89137
2024-06-04 17:00:00,107.15,107.29,105.32,105.43,86354
2024-06-04 18:00:00,105.43,105.81,104.14,104.65,88274
2024-06-04 19:00:00,104.65,105.05,103.0,103.39,92885
2024-06-04 20:00:00,103.39,103.65,101.28,101.45,93639
2024-06-04 21:00:00,101.45,101.55,100.49,100.5,30926
2024-06-04 22:00:00,100.5,100.54,99.77,99.78,6054
2024-06-04 23:00:00,99.78,99.98,98.89,98.95,30556
2024-06-05 00:00:00,98.95,101.89,97.09,99.75,36716
2024-06-05 01:00:00,99.75,99.92,98.84,99.13,34903
2024-06-05 02:00:00,99.13,99.2,98.43,98.59,36688
2024-06-05 03:00:00,98.59,100.56,97.06,99.53,36701
2024-06-05 04:00:00,99.53,99.62,98.87,98.99,36193
2024-06-05 05:00:00,98.99,99.23,98.06,98.15,35040
2024-06-05 06:00:00,98.15,98.24,97.06,97.15,34163
2024-06-05 07:00:00,97.15,97.34,95.84,95.98,37828
2024-06-05 08:00:00,95.98,96.3,94.47,94.91,72241
2024-06-05 09:00:00,94.91,95.35,93.54,93.79,72834
2024-06-05 10:00:00,93.79,94.04,93.05,93.36,75274
2024-06-05 11:00:00,93.36,93.48,91.88,92.21,70125
2024-06-05 12:00:00,92.21,92.38,90.69,90.81,68197
2024-06-05 13:00:00,90.81,91.15,89.24,89.43,85998
2024-06-05 14:00:00,89.43,90.79,89.31,89.87,89008
2024-06-05 15:00:00,89.87,90.35,88.64,89.11,86977
2024-06-05 16:00:00,89.11,89.67,88.5,88.74,93203
2024-06-05 17:00:00,88.74,89.16,87.84,88.19,92381
2024-06-05 18:00:00,88.19,88.48,87.17,87.47,96909
2024-06-05 19:00:00,87.47,88.14,87.06,87.46,92731
2024-06-05 20:00:00,87.46,87.6,85.66,86.18,88506
2024-06-05 21:00:00,86.18,86.35,85.39,85.46,30128
2024-06-05 22:00:00,85.46,85.49,84.72,84.73,6292
2024-06-05 23:00:00,84.73,84.89,84.05,84.21,29986
2024-06-06 00:00:00,84.21,84.3,83.44,83.47,34846
2024-06-06 01:00:00,83.47,83.6,82.74,82.83,32854
2024-06-06 02:00:00,82.83,82.85,81.82,81.96,38435
2024-06-06 03:00:00,81.96,81.99,80.83,80.89,37058
2024-06-06 04:00:00,80.89,81.11,80.08,80.24,36966
2024-06-06 05:00:00,80.24,80.34,79.31,79.35,35416
2024-06-06 06:00:00,79.35,79.53,78.31,78.34,32892
2024-06-06 07:00:00,78.34,78.43,77.57,77.66,34423
2024-06-06 08:00:00,77.66,78.42,76.58,76.98,75251
2024-06-06 09:00:00,76.98,77.48,76.52,77.13,70519
2024-06-06 10:00:00,77.13,77.94,76.83,77.85,74237
2024-06-06 11:00:00,77.85,79.75,77.8,79.42,71605
2024-06-06 12:00:00,79.42,80.62,79.23,80.5,73275
2024-06-06 13:00:00,80.5,80.9,79.31,80.65,90296
2024-06-06 14:00:00,80.65,81.64,80.17,81.54,93180
2024-06-06 15:00:00,81.54,82.92,81.22,82.82,86926
2024-06-06 16:00:00,82.82,84.47,82.39,84.1,92138
2024-06-06 17:00:00,84.1,85.38,83.91,85.06,88648
2024-06-06 18:00:00,85.06,86.75,84.37,86.1,89931
2024-06-06 19:00:00,86.1,86.86,85.12,86.62,89176
2024-06-06 20:00:00,86.62,87.08,86.0,86.88,83460
2024-06-06 21:00:00,86.88,87.79,86.8,87.69,27493
2024-06-06 22:00:00,87.69,88.58,87.68,88.58,6359
2024-06-06 23:00:00,88.58,89.36,88.46,89.24,30822
2024-06-07 00:00:00,89.24,90.11,89.05,89.91,37234
2024-06-07 01:00:00,89.91,90.97,89.78,90.8,36650
2024-06-07 02:00:00,90.8,92.2,90.75,92.05,33508
2024-06-07 03:00:00,92.05,92.89,91.96,92.77,36741
2024-06-07 04:00:00,92.77,93.63,92.55,93.59,35646
2024-06-07 05:00:00,93.59,94.65,93.52,94.53,33255
2024-06-07 06:00:00,94.53,95.47,94.37,95.45,35402
2024-06-07 07:00:00,95.45,96.35,95.41,96.3,35064
2024-06-07 08:00:00,96.3,97.63,95.82,97.28,73628
2024-06-07 09:00:00,97.28,97.89,96.61,97.25,71886
2024-06-07 10:00:00,97.25,99.24,96.91,98.88,71910
2024-06-07 11:00:00,98.88,100.35,98.64,100.18,64922
2024-06-07 12:00:00,100.18,101.41,100.0,100.74,69380
2024-06-07 13:00:00,100.74,102.37,99.76,101.97,92691
2024-06-07 14:00:00,101.97,103.32,101.93,102.49,89843
2024-06-07 15:00:00,102.49,102.98,101.55,102.24,85708
2024-06-07 16:00:00,102.24,104.72,102.15,104.35,92863
2024-06-07 17:00:00,104.35,105.63,103.97,105.26,85911
2024-06-07 18:00:00,105.26,105.61,104.19,105.38,94061
2024-06-07 19:00:00,105.38,107.68,98.86,105.3,88177
2024-06-07 20:00:00,105.3,106.24,105.0,105.76,90471
2024-06-07 21:00:00,105.76,106.71,105.56,106.54,31141
2024-06-07 22:00:00,106.54,107.8,106.51,107.77,5657
2024-06-07 23:00:00,107.77,109.16,107.38,109.08,28530
2024-06-10 00:00:00,109.08,109.57,108.91,109.45,37258
2024-06-10 01:00:00,109.45,110.25,109.35,110.1,34219
2024-06-10 02:00:00,110.1,111.67,109.82,111.5,37256
2024-06-10 03:00:00,111.5,112.5,111.19,112.35,36932
2024-06-10 04:00:00,112.35,113.58,112.16,113.39,35615
2024-06-10 05:00:00,113.39,114.15,113.22,114.04,34860
2024-06-10 06:00:00,114.04,115.1,113.87,114.8,37690
2024-06-10 07:00:00,114.8,116.85,114.7,116.78,38474
2024-06-10 08:00:00,116.78,118.38,116.76,117.93,76194
2024-06-10 09:00:00,117.93,120.47,117.72,120.19,71447
2024-06-10 10:00:00,120.19,122.96,120.06,122.86,71349
2024-06-10 11:00:00,122.86,125.12,122.39,124.62,73752
2024-06-10 12:00:00,124.62,126.27,123.88,125.71,71265
2024-06-10 13:00:00,125.71,128.41,125.46,128.16,89403
2024-06-10 14:00:00,128.16,130.33,127.99,129.32,94076
2024-06-10 15:00:00,129.32,130.87,128.95,130.04,93960
2024-06-10 16:00:00,130.04,138.67,129.56,135.8,87590
2024-06-10 17:00:00,135.8,138.34,135.08,138.05,88475
2024-06-10 18:00:00,138.05,139.93,138.01,139.05,89167
2024-06-10 19:00:00,139.05,141.8,138.61,140.96,94578
2024-06-10 20:00:00,140.96,143.51,140.07,142.86,86364
2024-06-10 21:00:00,142.86,143.82,140.33,141.75,30146
2024-06-10 22:00:00,141.75,143.0,141.75,142.97,6261
2024-06-10 23:00:00,142.97,144.25,142.95,144.11,30359
2024-06-11 00:00:00,144.11,145.77,144.06,145.51,36368
2024-06-11 01:00:00,145.51,152.0,143.66,149.62,34628
2024-06-11 02:00:00,149.62,150.6,149.38,150.43,38709
2024-06-11 03:00:00,150.43,151.08,149.88,150.32,36639
2024-06-11 04:00:00,150.32,150.4,148.42,148.44,36749
2024-06-11 05:00:00,148.44,148.72,147.52,147.7,35702
2024-06-11 06:00:00,147.7,147.87,146.23,146.95,36968
2024-06-11 07:00:00,146.95,147.28,145.3,145.47,36576
2024-06-11 08:00:00,145.47,145.8,142.79,144.04,79147
2024-06-11 09:00:00,144.04,144.25,140.76,140.89,71904
2024-06-11 10:00:00,140.89,141.31,138.57,138.63,67229
2024-06-11 11:00:00,138.63,139.37,137.77,138.95,69164
2024-06-11 12:00:00,138.95,140.12,137.82,138.29,72757
2024-06-11 13:00:00,138.29,138.91,136.6,136.87,91038
2024-06-11 14:00:00,136.87,138.36,135.22,135.9,87320
2024-06-11 15:00:00,135.9,136.76,134.86,136.0,87803
2024-06-11 16:00:00,136.0,136.38,133.2,133.98,92086
2024-06-11 17:00:00,133.98,134.45,131.61,131.79,88904
2024-06-11 18:00:00,131.79,131.94,129.73,129.84,91014
2024-06-11 19:00:00,129.84,130.32,128.18,128.47,89901
2024-06-11 20:00:00,128.47,128.64,125.44,125.69,91088
2024-06-11 21:00:00,125.69,125.8,124.89,124.96,30614
2024-06-11 22:00:00,124.96,124.96,123.91,123.97,6178
2024-06-11 23:00:00,123.97,124.16,123.13,123.24,30582
2024-06-12 00:00:00,123.24,123.34,121.51,121.56,37160
2024-06-12 01:00:00,121.56,121.98,120.93,121.06,34215
2024-06-12 02:00:00,121.06,121.23,119.21,119.56,34155
2024-06-12 03:00:00,119.56,119.72,117.11,117.13,36498
2024-06-12 04:00:00,117.13,117.36,115.84,116.0,35559
2024-06-12 05:00:00,116.0,116.07,114.51,114.64,36720
2024-06-12 06:00:00,114.64,114.79,113.22,113.53,38391
2024-06-12 07:00:00,113.53,113.65,112.63,112.78,34875
2024-06-12 08:00:00,112.78,112.89,110.21,110.89,71017
2024-06-12 09:00:00,110.89,111.01,108.85,109.18,70512
2024-06-12 10:00:00,109.18,109.39,107.69,107.84,75050
2024-06-12 11:00:00,107.84,108.48,107.64,108.06,67115
2024-06-12 12:00:00,108.06,108.29,107.43,107.9,75804
2024-06-12 13:00:00,107.9,108.68,107.66,107.85,91896
2024-06-12 14:00:00,107.85,108.46,107.23,107.66,87871
2024-06-12 15:00:00,107.66,108.12,106.99,107.73,94024
2024-06-12 16:00:00,107.73,109.15,107.66,108.68,96055
2024-06-12 17:00:00,108.68,109.07,107.92,108.5,88949
2024-06-12 18:00:00,108.5,109.92,108.12,109.46,88984
2024-06-12 19:00:00,109.46,110.18,109.21,109.79,88884
2024-06-12 20:00:00,109.79,109.95,108.87,109.22,87283
2024-06-12 21:00:00,109.22,109.28,108.79,108.87,29953
2024-06-12 22:00:00,108.87,108.88,108.78,108.83,6066
2024-06-12 23:00:00,108.83,108.99,108.69,108.88,29256
2024-06-13 00:00:00,108.88,109.26,108.69,109.05,36237
2024-06-13 01:00:00,109.05,109.38,108.87,109.05,36051
2024-06-13 02:00:00,109.05,109.09,108.69,108.77,35558
2024-06-13 03:00:00,108.77,109.0,108.49,108.59,32653
2024-06-13 04:00:00,108.59,108.7,108.3,108.51,36873
2024-06-13 05:00:00,108.51,109.32,105.98,106.84,34321
2024-06-13 06:00:00,106.84,107.48,106.65,107.41,34743
2024-06-13 07:00:00,107.41,107.95,107.36,107.85,37558
2024-06-13 08:00:00,107.85,108.33,107.23,107.28,72268
2024-06-13 09:00:00,107.28,107.56,106.16,106.27,67389
2024-06-13 10:00:00,106.27,106.55,105.64,106.23,73368
2024-06-13 11:00:00,106.23,106.66,105.84,106.55,70452
2024-06-13 12:00:00,106.55,106.9,105.81,105.92,68010
2024-06-13 13:00:00,105.92,106.26,105.13,105.96,93909
2024-06-13 14:00:00,105.96,106.04,104.41,104.52,92623
2024-06-13 15:00:00,104.52,105.11,103.93,104.12,85498
2024-06-13 16:00:00,104.12,104.52,103.24,103.76,90280
2024-06-13 17:00:00,103.76,104.24,102.93,103.73,94497
2024-06-13 18:00:00,103.73,104.16,103.2,103.79,88685
2024-06-13 19:00:00,103.79,104.19,103.23,103.52,90599
2024-06-13 20:00:00,103.52,104.99,103.45,104.28,82965
2024-06-13 21:00:00,104.28,104.4,103.97,104.2,30383
2024-06-13 22:00:00,104.2,108.86,102.43,106.07,6099
2024-06-13 23:00:00,106.07,106.16,105.74,106.13,30395
2024-06-14 00:00:00,106.13,106.26,105.92,106.16,37197
2024-06-14 01:00:00,106.16,106.36,105.68,105.78,35464
2024-06-14 02:00:00,105.78,105.92,105.57,105.79,35084
2024-06-14 03:00:00,105.79,105.94,105.31,105.42,38022
2024-06-14 04:00:00,105.42,105.59,105.06,105.16,36910
2024-06-14 05:00:00,105.16,105.38,104.92,105.07,34040
2024-06-14 06:00:00,105.07,105.22,104.83,105.11,35792
2024-06-14 07:00:00,105.11,105.19,104.54,104.86,37690
2024-06-14 08:00:00,104.86,105.88,104.66,105.37,71974
2024-06-14 09:00:00,105.37,105.74,104.87,105.66,70554
2024-06-14 10:00:00,105.66,106.61,105.42,106.35,73406
2024-06-14 11:00:00,106.35,106.57,105.72,106.03,71692
2024-06-14 12:00:00,106.03,106.43,105.68,105.9,74685
2024-06-14 13:00:00,105.9,106.21,105.22,105.8,93294
2024-06-14 14:00:00,105.8,106.22,105.27,105.52,91450
2024-06-14 15:00:00,105.52,106.38,104.96,106.17,86551
2024-06-14 16:00:00,106.17,107.89,106.03,107.67,90045
2024-06-14 17:00:00,107.67,108.45,107.42,107.91,85896
2024-06-14 18:00:00,107.91,108.98,107.86,108.3,92486
2024-06-14 19:00:00,108.3,109.09,107.83,108.44,88168
2024-06-14 20:00:00,108.44,109.16,108.34,109.05,89905
2024-06-14 21:00:00,109.05,109.16,108.71,108.95,29699
2024-06-14 22:00:00,108.95,109.01,108.84,108.87,5691
2024-06-14 23:00:00,108.87,108.98,108.67,108.84,29761
2024-06-17 00:00:00,108.84,109.14,108.63,109.13,37924
2024-06-17 01:00:00,109.13,109.24,108.81,108.91,35587
2024-06-17 02:00:00,108.91,109.05,108.14,108.18,36220
2024-06-17 03:00:00,108.18,108.42,108.01,108.2,34759
2024-06-17 04:00:00,108.2,108.39,107.69,107.88,37336
2024-06-17 05:00:00,107.88,108.16,107.85,108.01,36236
2024-06-17 06:00:00,108.01,108.29,107.95,108.03,37648
2024-06-17 07:00:00,108.03,108.47,107.86,108.38,35100
2024-06-17 08:00:00,108.38,108.93,107.91,108.49,67755
2024-06-17 09:00:00,108.49,109.2,107.67,108.88,69856
2024-06-17 10:00:00,108.88,109.84,108.6,109.3,74734
2024-06-17 11:00:00,109.3,109.52,108.52,109.24,69914
2024-06-17 12:00:00,109.24,109.88,108.8,109.66,71058
2024-06-17 13:00:00,109.66,110.78,109.34,110.28,90787
2024-06-17 14:00:00,110.28,110.72,109.75,109.96,87316
2024-06-17 15:00:00,109.96,110.38,109.45,110.17,88883
2024-06-17 16:00:00,110.17,110.57,109.62,110.23,89702
2024-06-17 17:00:00,110.23,110.74,109.61,109.72,92322
2024-06-17 18:00:00,109.72,109.86,108.39,108.73,87651
2024-06-17 19:00:00,108.73,109.38,107.87,108.33,93065
2024-06-17 20:00:00,108.33,109.32,103.56,106.78,94644
2024-06-17 21:00:00,106.78,106.98,106.69,106.88,30734
2024-06-17 22:00:00,106.88,106.91,106.82,106.9,6106
2024-06-17 23:00:00,106.9,111.69,102.51,108.56,32610
2024-06-18 00:00:00,108.56,108.75,108.34,108.44,36123
2024-06-18 01:00:00,108.44,108.92,108.38,108.76,36721
2024-06-18 02:00:00,108.76,108.91,108.51,108.64,36321
2024-06-18 03:00:00,108.64,108.75,108.13,108.32,39325
2024-06-18 04:00:00,108.32,108.77,108.27,108.54,34141
2024-06-18 05:00:00,108.54,108.6,108.21,108.27,36676
2024-06-18 06:00:00,108.27,108.71,108.05,108.55,35324
2024-06-18 07:00:00,108.55,110.48,106.12,106.47,33755
2024-06-18 08:00:00,106.47,107.22,106.3,107.19,69648
2024-06-18 09:00:00,107.19,108.16,106.98,107.93,73603
2024-06-18 10:00:00,107.93,108.2,107.28,107.87,70766
2024-06-18 11:00:00,107.87,108.94,107.71,108.85,73232
2024-06-18 12:00:00,108.85,109.51,108.55,108.94,73535
2024-06-18 13:00:00,108.94,109.66,108.65,109.44,90534
2024-06-18 14:00:00,109.44,109.92,108.45,109.44,93455
2024-06-18 15:00:00,109.44,110.49,109.17,110.35,87680
2024-06-18 16:00:00,110.35,110.77,109.85,110.14,88031
2024-06-18 17:00:00,110.14,111.26,109.87,111.07,85834
2024-06-18 18:00:00,111.07,111.87,110.41,111.77,87908
2024-06-18 19:00:00,111.77,112.2,111.05,111.72,87292
2024-06-18 20:00:00,111.72,111.78,110.17,110.38,88712
2024-06-18 21:00:00,110.38,110.65,110.22,110.53,29329
2024-06-18 22:00:00,110.53,110.57,110.42,110.53,5909
2024-06-18 23:00:00,110.53,110.98,110.45,110.9,31746
2024-06-19 00:00:00,110.9,111.05,110.6,110.65,37616
2024-06-19 01:00:00,110.65,111.01,110.55,110.85,36480
2024-06-19 02:00:00,110.85,111.31,110.79,110.83,33536
2024-06-19 03:00:00,110.83,110.97,110.6,110.64,36429
2024-06-19 04:00:00,110.64,110.87,110.32,110.54,35784
2024-06-19 05:00:00,110.54,110.89,110.46,110.56,33755
2024-06-19 06:00:00,110.56,110.68,110.18,110.26,35544
2024-06-19 07:00:00,110.26,110.63,110.08,110.44,37475
2024-06-19 08:00:00,110.44,111.08,110.0,110.77,73852
2024-06-19 09:00:00,110.77,111.36,110.38,110.71,75508
2024-06-19 10:00:00,110.71,111.01,110.25,110.66,68514
2024-06-19 11:00:00,110.66,111.2,110.0,110.96,73475
2024-06-19 12:00:00,110.96,111.43,110.72,111.27,72115
2024-06-19 13:00:00,111.27,111.61,110.73,111.35,84789
2024-06-19 14:00:00,111.35,111.88,110.6,110.97,91236
2024-06-19 15:00:00,110.97,111.77,110.86,111.21,87329
2024-06-19 16:00:00,111.21,111.24,110.02,110.34,94128
2024-06-19 17:00:00,110.34,111.18,110.22,110.68,93092
2024-06-19 18:00:00,110.68,111.28,110.2,111.12,87202
2024-06-19 19:00:00,111.12,112.31,108.72,109.3,90107
2024-06-19 20:00:00,109.3,109.36,108.59,109.01,92996
2024-06-19 21:00:00,109.01,109.11,108.68,108.77,29341
2024-06-19 22:00:00,108.77,108.88,108.72,108.85,5855
2024-06-19 23:00:00,108.85,109.3,106.26,107.1,30317
2024-06-20 00:00:00,107.1,107.31,106.94,107.11,37483
2024-06-20 01:00:00,107.11,107.3,106.8,107.22,36056
2024-06-20 02:00:00,107.22,107.36,106.94,107.36,37024
2024-06-20 03:00:00,107.36,107.72,107.18,107.57,36156
2024-06-20 04:00:00,107.57,107.88,107.24,107.3,38986
2024-06-20 05:00:00,107.3,107.69,107.18,107.31,35004
2024-06-20 06:00:00,107.31,107.33,106.66,106.71,35324
2024-06-20 07:00:00,106.71,106.73,106.48,106.64,34942
2024-06-20 08:00:00,106.64,107.23,106.08,106.42,71429
2024-06-20 09:00:00,106.42,106.71,104.97,105.81,74063
2024-06-20 10:00:00,105.81,106.16,105.03,105.73,71646
2024-06-20 11:00:00,105.73,106.05,105.16,105.4,73794
2024-06-20 12:00:00,105.4,106.02,104.95,105.29,74816
2024-06-20 13:00:00,105.29,105.37,104.09,104.34,90749
2024-06-20 14:00:00,104.34,104.7,103.61,103.94,95023
2024-06-20 15:00:00,103.94,104.12,102.27,102.62,92398
2024-06-20 16:00:00,102.62,103.25,102.24,102.88,95038
2024-06-20 17:00:00,102.88,103.77,102.68,103.36,91702
2024-06-20 18:00:00,103.36,103.65,102.01,102.25,89518
2024-06-20 19:00:00,102.25,103.15,101.73,102.54,94991
2024-06-20 20:00:00,102.54,102.58,101.25,102.19,90843
2024-06-20 21:00:00,102.19,102.44,102.01,102.04,29821
2024-06-20 22:00:00,102.04,102.13,102.02,102.12,5817
2024-06-20 23:00:00,102.12,102.3,101.92,102.15,30407
2024-06-21 00:00:00,102.15,102.26,101.78,102.0,37843
2024-06-21 01:00:00,102.0,102.35,101.94,102.11,36143
2024-06-21 02:00:00,102.11,102.43,102.06,102.27,36119
2024-06-21 03:00:00,102.27,102.59,102.22,102.43,35436
2024-06-21 04:00:00,102.43,102.82,102.35,102.77,39391
2024-06-21 05:00:00,102.77,102.95,102.56,102.77,38122
2024-06-21 06:00:00,102.77,103.12,102.66,102.76,37454
2024-06-21 07:00:00,102.76,102.85,99.32,101.21,35469
2024-06-21 08:00:00,101.21,101.41,100.26,100.43,72480
2024-06-21 09:00:00,100.43,100.62,99.77,100.47,72403
2024-06-21 10:00:00,100.47,100.6,99.94,100.19,72485
2024-06-21 11:00:00,100.19,100.5,99.5,99.99,74639
2024-06-21 12:00:00,99.99,101.31,99.96,100.94,70967
2024-06-21 13:00:00,100.94,101.15,100.21,100.71,90028
2024-06-21 14:00:00,100.71,101.43,99.98,100.79,91759
2024-06-21 15:00:00,100.79,103.19,95.53,97.47,87803
2024-06-21 16:00:00,97.47,97.63,96.78,96.82,92173
2024-06-21 17:00:00,96.82,97.86,96.65,97.44,83428
2024-06-21 18:00:00,97.44,97.76,96.87,97.48,92765
2024-06-21 19:00:00,97.48,97.92,97.12,97.41,88312
2024-06-21 20:00:00,97.41,97.92,96.96,97.4,95540
2024-06-21 21:00:00,97.4,97.77,97.3,97.54,32403
2024-06-21 22:00:00,97.54,101.32,95.92,99.38,6019
2024-06-21 23:00:00,99.38,101.25,97.63,100.93,31372
2024-06-24 00:00:00,100.93,101.1,100.75,100.9,37815
2024-06-24 01:00:00,100.9,101.15,100.71,100.93,35242
2024-06-24 02:00:00,100.93,101.21,100.75,101.0,36210
2024-06-24 03:00:00,101.0,101.3,100.82,101.21,34696
2024-06-24 04:00:00,101.21,101.56,101.06,101.39,36843
2024-06-24 05:00:00,101.39,101.49,101.14,101.45,39270
2024-06-24 06:00:00,101.45,101.57,101.14,101.3,35401
2024-06-24 07:00:00,101.3,101.62,101.18,101.41,37700
2024-06-24 08:00:00,101.41,101.68,101.19,101.51,70821
2024-06-24 09:00:00,101.51,101.92,101.26,101.73,73899
2024-06-24 10:00:00,101.73,102.08,101.56,101.95,68877
2024-06-24 11:00:00,101.95,102.93,101.72,102.7,67407
2024-06-24 12:00:00,102.7,103.22,102.41,102.95,72812
2024-06-24 13:00:00,102.95,103.38,102.17,102.4,89280
2024-06-24 14:00:00,102.4,102.51,101.66,102.04,91507
2024-06-24 15:00:00,102.04,102.11,101.4,101.84,89433
2024-06-24 16:00:00,101.84,104.17,99.32,99.59,90910
2024-06-24 17:00:00,99.59,100.04,99.01,99.49,90482
2024-06-24 18:00:00,99.49,99.63,98.59,99.5,93242
2024-06-24 19:00:00,99.5,99.85,99.07,99.7,87107
2024-06-24 20:00:00,99.7,101.13,99.43,100.35,90796
2024-06-24 21:00:00,100.35,100.83,100.15,100.65,30008
2024-06-24 22:00:00,100.65,100.71,100.62,100.69,5976
2024-06-24 23:00:00,100.69,100.84,100.47,100.66,31688
2024-06-25 00:00:00,100.66,100.85,100.55,100.6,37762
2024-06-25 01:00:00,100.6,100.86,100.51,100.57,36071
2024-06-25 02:00:00,100.57,100.91,100.37,100.69,34589
2024-06-25 03:00:00,100.69,101.92,100.49,101.83,36235
2024-06-25 04:00:00,101.83,102.66,101.61,102.53,38853
2024-06-25 05:00:00,102.53,103.56,102.4,103.44,36689
2024-06-25 06:00:00,103.44,103.8,103.27,103.58,33359
2024-06-25 07:00:00,103.58,105.0,103.56,104.9,34922
2024-06-25 08:00:00,104.9,106.02,104.7,104.86,69869
2024-06-25 09:00:00,104.86,105.54,104.34,104.76,66524
2024-06-25 10:00:00,104.76,106.97,104.51,106.55,75173
2024-06-25 11:00:00,106.55,107.09,105.82,106.64,74468
2024-06-25 12:00:00,106.64,108.2,106.48,107.24,71909
2024-06-25 13:00:00,107.24,108.91,106.66,108.27,87791
2024-06-25 14:00:00,108.27,110.95,108.16,110.61,86382
2024-06-25 15:00:00,110.61,111.19,109.17,110.53,86335
2024-06-25 16:00:00,110.53,111.29,109.15,109.88,91950
2024-06-25 17:00:00,109.88,113.91,108.19,110.66,87989
2024-06-25 18:00:00,110.66,110.94,109.27,110.05,90637
2024-06-25 19:00:00,110.05,114.76,109.84,114.45,92011
2024-06-25 20:00:00,114.45,116.64,114.09,115.81,89932
2024-06-25 21:00:00,115.81,117.23,115.68,117.14,29205
2024-06-25 22:00:00,117.14,118.15,117.1,118.14,5619
2024-06-25 23:00:00,118.14,118.98,117.84,118.89,29980
2024-06-26 00:00:00,118.89,120.88,118.8,120.74,36240
2024-06-26 01:00:00,120.74,122.14,120.62,122.04,37560
2024-06-26 02:00:00,122.04,123.95,121.87,123.78,35917
2024-06-26 03:00:00,123.78,124.85,123.74,124.76,35393
2024-06-26 04:00:00,124.76,125.97,124.67,125.85,35186
2024-06-26 05:00:00,125.85,127.49,125.78,127.42,34562
2024-06-26 06:00:00,127.42,128.81,127.38,128.79,36548
2024-06-26 07:00:00,128.79,130.13,128.67,130.02,36243
2024-06-26 08:00:00,130.02,131.83,129.87,131.43,75386
2024-06-26 09:00:00,131.43,131.9,130.77,131.19,74060
2024-06-26 10:00:00,131.19,136.33,131.0,134.57,73959
2024-06-26 11:00:00,134.57,138.16,134.45,137.77,74789
2024-06-26 12:00:00,137.77,140.27,137.62,139.9,78525
2024-06-26 13:00:00,139.9,144.27,139.02,143.58,92115
2024-06-26 14:00:00,143.58,144.21,141.81,142.65,85509
2024-06-26 15:00:00,142.65,144.59,142.21,143.2,90578
2024-06-26 16:00:00,143.2,144.44,142.17,144.08,92564
2024-06-26 17:00:00,144.08,147.14,143.55,146.88,86161
2024-06-26 18:00:00,146.88,148.15,146.04,147.75,92818
2024-06-26 19:00:00,147.75,148.5,146.38,148.04,90686
2024-06-26 20:00:00,148.04,152.4,147.85,152.12,90311
2024-06-26 21:00:00,152.12,154.19,152.0,154.14,29537
2024-06-26 22:00:00,154.14,155.44,154.07,155.43,5756
2024-06-26 23:00:00,155.43,157.34,155.43,157.26,29202
2024-06-27 00:00:00,157.26,167.78,153.41,161.39,35721
2024-06-27 01:00:00,161.39,162.6,161.28,162.44,37628
2024-06-27 02:00:00,162.44,163.24,162.08,162.99,34260
2024-06-27 03:00:00,162.99,164.49,162.73,164.42,34302
2024-06-27 04:00:00,164.42,166.36,164.41,166.18,38132
2024-06-27 05:00:00,166.18,166.87,165.56,166.41,36060
2024-06-27 06:00:00,166.41,168.49,166.14,168.28,35212
2024-06-27 07:00:00,168.28,168.55,167.42,168.19,37872
2024-06-27 08:00:00,168.19,171.99,168.15,171.53,76585
2024-06-27 09:00:00,171.53,173.16,170.52,172.26,74169
2024-06-27 10:00:00,172.26,173.72,171.96,172.93,72274
2024-06-27 11:00:00,172.93,175.34,171.5,174.75,72000
2024-06-27 12:00:00,174.75,175.7,172.58,173.88,71265
2024-06-27 13:00:00,173.88,175.73,172.9,174.64,90255
2024-06-27 14:00:00,174.64,175.29,171.69,172.94,86504
2024-06-27 15:00:00,172.94,177.95,171.96,177.36,89285
2024-06-27 16:00:00,177.36,179.07,175.85,178.63,83946
2024-06-27 17:00:00,178.63,185.32,177.99,184.98,89343
2024-06-27 18:00:00,184.98,186.06,183.47,185.32,94304
2024-06-27 19:00:00,185.32,187.67,184.28,187.34,89452
2024-06-27 20:00:00,187.34,189.84,186.65,188.59,96311
2024-06-27 21:00:00,188.59,190.06,188.31,189.91,32632
2024-06-27 22:00:00,189.91,191.86,189.87,191.81,6057
2024-06-27 23:00:00,191.81,194.88,191.69,194.82,27664
2024-06-28 00:00:00,194.82,196.39,194.46,196.25,37723
2024-06-28 01:00:00,196.25,199.2,196.12,199.1,37456
2024-06-28 02:00:00,199.1,200.42,198.92,200.35,36500
2024-06-28 03:00:00,200.35,202.01,200.26,201.75,39464
2024-06-28 04:00:00,201.75,203.95,201.62,203.55,35508
2024-06-28 05:00:00,203.55,204.73,203.18,204.37,36264
2024-06-28 06:00:00,204.37,206.01,204.24,205.37,34890
2024-06-28 07:00:00,205.37,206.72,205.04,206.22,37612
2024-06-28 08:00:00,206.22,209.11,205.58,208.85,68606
2024-06-28 09:00:00,208.85,213.26,207.81,212.75,75671
2024-06-28 10:00:00,212.75,215.47,211.84,214.45,69473
2024-06-28 11:00:00,214.45,215.54,213.42,215.14,75688
2024-06-28 12:00:00,215.14,215.3,213.6,213.95,69943
2024-06-28 13:00:00,213.95,216.09,213.19,215.22,90159
2024-06-28 14:00:00,215.22,215.83,212.12,213.5,83247
2024-06-28 15:00:00,213.5,215.0,213.23,214.6,92658
2024-06-28 16:00:00,214.6,216.24,214.37,214.75,86868
2024-06-28 17:00:00,214.75,216.6,214.41,215.46,90919
2024-06-28 18:00:00,215.46,217.66,215.04,217.16,89955
2024-06-28 19:00:00,217.16,218.57,216.56,218.27,89490
2024-06-28 20:00:00,218.27,219.05,217.01,217.67,87847
2024-06-28 21:00:00,217.67,218.01,217.24,217.62,30019
2024-06-28 22:00:00,217.62,217.69,217.45,217.56,5958
2024-06-28 23:00:00,217.56,218.0,217.34,217.62,30304
2024-07-01 00:00:00,217.62,218.46,217.55,217.71,35559
2024-07-01 01:00:00,217.71,218.68,213.72,214.44,37705
2024-07-01 02:00:00,214.44,215.01,214.27,214.37,33879
2024-07-01 03:00:00,214.37,215.09,214.26,214.5,38424
2024-07-01 04:00:00,214.5,215.03,214.36,214.94,35891
2024-07-01 05:00:00,214.94,215.07,214.27,214.67,36683
2024-07-01 06:00:00,214.67,214.91,214.27,214.56,36225
2024-07-01 07:00:00,214.56,214.7,213.51,213.8,34254
2024-07-01 08:00:00,213.8,216.05,213.63,215.18,72355
2024-07-01 09:00:00,215.18,217.08,214.48,216.91,70811
2024-07-01 10:00:00,216.91,217.57,214.43,214.99,73365
2024-07-01 11:00:00,214.99,217.03,214.59,216.49,71872
2024-07-01 12:00:00,216.49,216.64,214.03,214.49,75958
2024-07-01 13:00:00,214.49,216.17,214.1,215.09,88442
2024-07-01 14:00:00,215.09,216.09,214.36,215.3,86154
2024-07-01 15:00:00,215.3,223.1,210.66,218.06,86627
2024-07-01 16:00:00,218.06,219.28,217.27,219.09,93128
2024-07-01 17:00:00,219.09,221.45,218.52,221.01,89654
2024-07-01 18:00:00,221.01,222.6,219.59,222.09,86641
2024-07-01 19:00:00,222.09,222.5,220.46,220.93,84662
2024-07-01 20:00:00,220.93,221.99,220.03,220.92,93379
2024-07-01 21:00:00,220.92,229.63,219.41,225.08,32170
2024-07-01 22:00:00,225.08,225.19,224.97,225.15,5826
2024-07-01 23:00:00,225.15,225.45,224.63,224.97,30397
2024-07-02 00:00:00,224.97,225.5,224.34,224.99,34618
2024-07-02 01:00:00,224.99,225.38,224.56,224.73,34216
2024-07-02 02:00:00,224.73,225.09,223.84,224.68,34137
2024-07-02 03:00:00,224.68,225.09,223.93,224.66,33395
2024-07-02 04:00:00,224.66,224.92,224.02,224.9,34902
2024-07-02 05:00:00,224.9,225.1,224.37,224.86,36820
2024-07-02 06:00:00,224.86,225.85,224.56,225.04,37742
2024-07-02 07:00:00,225.04,225.87,224.9,225.44,36917
2024-07-02 08:00:00,225.44,226.95,225.05,225.47,75676
2024-07-02 09:00:00,225.47,226.03,223.49,224.31,75515
2024-07-02 10:00:00,224.31,236.79,223.15,229.78,71251
2024-07-02 11:00:00,229.78,230.27,227.58,228.14,74758
2024-07-02 12:00:00,228.14,230.29,227.8,229.66,70709
2024-07-02 13:00:00,229.66,230.22,226.77,228.42,87985
2024-07-02 14:00:00,228.42,228.52,225.32,226.26,90682
2024-07-02 15:00:00,226.26,233.13,224.4,229.82,85524
2024-07-02 16:00:00,229.82,230.32,227.53,229.36,94638
2024-07-02 17:00:00,229.36,232.08,228.16,230.64,91891
2024-07-02 18:00:00,230.64,231.84,229.24,230.72,89975
2024-07-02 19:00:00,230.72,232.04,229.64,230.88,85513
2024-07-02 20:00:00,230.88,231.99,229.55,230.63,88005
2024-07-02 21:00:00,230.63,231.51,230.21,231.06,30030
2024-07-02 22:00:00,231.06,238.0,227.95,234.57,6183
2024-07-02 23:00:00,234.57,235.02,233.98,234.93,30566
2024-07-03 00:00:00,234.93,234.98,233.93,234.0,35759
2024-07-03 01:00:00,234.0,234.22,233.43,234.17,34587
2024-07-03 02:00:00,234.17,238.93,230.31,237.2,36255
2024-07-03 03:00:00,237.2,237.77,236.8,237.22,37035
2024-07-03 04:00:00,237.22,237.8,236.96,237.21,35434
2024-07-03 05:00:00,237.21,243.79,234.39,241.03,36150
2024-07-03 06:00:00,241.03,241.38,240.31,240.49,35786
2024-07-03 07:00:00,240.49,240.93,240.17,240.45,35596
2024-07-03 08:00:00,240.45,240.88,238.95,240.07,72703
2024-07-03 09:00:00,240.07,240.23,237.52,237.98,70966
2024-07-03 10:00:00,237.98,240.01,237.46,238.86,75458
2024-07-03 11:00:00,238.86,240.68,238.08,240.02,72846
2024-07-03 12:00:00,240.02,240.81,238.93,240.33,71450
2024-07-03 13:00:00,240.33,241.58,239.24,240.29,91738
2024-07-03 14:00:00,240.29,241.55,239.17,240.33,92100
2024-07-03 15:00:00,240.33,241.74,238.67,239.23,89010
2024-07-03 16:00:00,239.23,240.75,237.37,240.62,91425
2024-07-03 17:00:00,240.62,243.18,240.43,240.94,93983
2024-07-03 18:00:00,240.94,243.27,240.58,241.37,95870
2024-07-03 19:00:00,241.37,243.44,241.01,242.74,88988
2024-07-03 20:00:00,242.74,248.86,236.08,238.96,90946
2024-07-03 21:00:00,238.96,239.97,235.44,236.04,29685
2024-07-03 22:00:00,236.04,237.33,235.79,237.2,5918
2024-07-03 23:00:00,237.2,240.7,235.5,238.31,30948
2024-07-04 00:00:00,238.31,240.47,233.2,235.4,36267
2024-07-04 01:00:00,235.4,240.81,234.36,238.61,36679
2024-07-04 02:00:00,238.61,242.56,236.57,241.14,35624
2024-07-04 03:00:00,241.14,242.67,238.25,242.11,35973
2024-07-04 04:00:00,242.11,244.65,238.64,242.15,34974
2024-07-04 05:00:00,242.15,244.64,241.06,241.79,36918
2024-07-04 06:00:00,241.79,242.09,237.46,239.08,36094
2024-07-04 07:00:00,239.08,241.03,235.92,239.19,35673
2024-07-04 08:00:00,239.19,249.71,236.51,247.31,68419
2024-07-04 09:00:00,247.31,261.52,243.27,252.91,73172
2024-07-04 10:00:00,252.91,259.69,249.7,255.3,71888
2024-07-04 11:00:00,255.3,259.91,250.51,253.06,73013
2024-07-04 12:00:00,253.06,257.94,248.94,251.23,66618
2024-07-04 13:00:00,251.23,259.16,242.81,256.52,87320
2024-07-04 14:00:00,256.52,263.17,251.74,261.36,90085
2024-07-04 15:00:00,261.36,265.96,254.68,263.49,90211
2024-07-04 16:00:00,263.49,270.73,258.68,268.93,92625
2024-07-04 17:00:00,268.93,278.09,262.34,269.6,85225
2024-07-04 18:00:00,269.6,274.17,257.26,259.87,91610
2024-07-04 19:00:00,259.87,278.35,252.88,277.74,96094
2024-07-04 20:00:00,277.74,284.07,270.49,277.58,89531
2024-07-04 21:00:00,277.58,279.3,273.82,275.58,30042
2024-07-04 22:00:00,275.58,276.42,274.01,274.52,5740
2024-07-04 23:00:00,274.52,279.6,272.26,278.6,30878
2024-07-05 00:00:00,278.6,286.11,277.32,283.23,36672
2024-07-05 01:00:00,283.23,284.53,278.26,280.29,36780
2024-07-05 02:00:00,280.29,281.37,275.5,275.95,35257
2024-07-05 03:00:00,275.95,279.25,273.38,274.86,36757
2024-07-05 04:00:00,274.86,276.97,270.38,274.42,39402
2024-07-05 05:00:00,274.42,276.48,271.94,275.35,35359
2024-07-05 06:00:00,275.35,279.97,273.86,279.14,36372
2024-07-05 07:00:00,279.14,281.67,276.86,279.22,35185
2024-07-05 08:00:00,279.22,285.17,274.38,281.02,71638
2024-07-05 09:00:00,281.02,288.12,277.11,282.58,67455
2024-07-05 10:00:00,282.58,285.41,268.28,271.75,76537
2024-07-05 11:00:00,271.75,278.06,264.82,267.0,71485
2024-07-05 12:00:00,267.0,267.8,256.7,266.33,72177
2024-07-05 13:00:00,266.33,280.79,264.77,276.67,93267
2024-07-05 14:00:00,276.67,288.9,270.07,283.51,88026
2024-07-05 15:00:00,283.51,287.42,276.54,281.84,94958
2024-07-05 16:00:00,281.84,284.81,267.53,274.61,88661
2024-07-05 17:00:00,274.61,283.5,271.84,274.52,88962
2024-07-05 18:00:00,274.52,276.36,263.09,272.36,90569
2024-07-05 19:00:00,272.36,275.25,254.84,260.16,87104
2024-07-05 20:00:00,260.16,271.04,254.1,267.55,94742
2024-07-05 21:00:00,267.55,273.49,266.21,272.12,30261
2024-07-05 22:00:00,272.12,273.15,271.89,272.97,6168
2024-07-05 23:00:00,272.97,278.01,272.68,276.02,30037
2024-07-08 00:00:00,276.02,279.87,273.3,275.07,36197
2024-07-08 01:00:00,275.07,279.38,272.01,278.44,36456
2024-07-08 02:00:00,278.44,284.38,272.47,276.52,35411
2024-07-08 03:00:00,276.52,279.24,272.69,274.05,36170
2024-07-08 04:00:00,274.05,277.87,272.1,276.68,34286
2024-07-08 05:00:00,276.68,279.9,275.2,277.31,37075
2024-07-08 06:00:00,277.31,277.59,276.25,276.51,35812
2024-07-08 07:00:00,276.51,276.72,275.68,276.45,38475
2024-07-08 08:00:00,276.45,276.77,273.28,274.74,75282
2024-07-08 09:00:00,274.74,276.52,273.52,275.94,71967
2024-07-08 10:00:00,275.94,280.75,275.46,279.59,72862
2024-07-08 11:00:00,279.59,280.31,278.11,278.29,73850
2024-07-08 12:00:00,278.29,278.92,276.02,278.54,68688
2024-07-08 13:00:00,278.54,279.37,276.39,276.85,87087
2024-07-08 14:00:00,276.85,277.74,273.85,275.33,93786
2024-07-08 15:00:00,275.33,277.81,275.08,277.26,89281
2024-07-08 16:00:00,277.26,281.98,276.79,280.69,91367
2024-07-08 17:00:00,280.69,283.08,280.47,282.5,88011
2024-07-08 18:00:00,282.5,285.71,281.72,283.95,88286
2024-07-08 19:00:00,283.95,287.56,283.76,286.4,86050
2024-07-08 20:00:00,286.4,289.13,285.29,288.88,86117
2024-07-08 21:00:00,288.88,289.04,287.6,287.89,28672
2024-07-08 22:00:00,287.89,287.94,287.71,287.83,5752
2024-07-08 23:00:00,287.83,289.2,281.6,282.5,31311
2024-07-09 00:00:00,282.5,283.19,282.11,282.84,36178
2024-07-09 01:00:00,282.84,283.48,282.4,283.16,35231
2024-07-09 02:00:00,283.16,283.84,282.78,283.18,35254
2024-07-09 03:00:00,283.18,283.82,282.13,282.27,36486
2024-07-09 04:00:00,282.27,282.73,281.84,282.14,34978
2024-07-09 05:00:00,282.14,283.5,281.94,283.29,36402
2024-07-09 06:00:00,283.29,283.49,281.99,282.47,36125
2024-07-09 07:00:00,282.47,283.02,280.99,281.36,37767
2024-07-09 08:00:00,281.36,289.54,279.08,285.74,73913
2024-07-09 09:00:00,285.74,287.51,284.72,287.0,72284
2024-07-09 10:00:00,287.0,289.23,286.55,288.74,71623
2024-07-09 11:00:00,288.74,289.68,287.42,288.08,70350
2024-07-09 12:00:00,288.08,289.45,287.26,287.53,74448
2024-07-09 13:00:00,287.53,288.63,286.01,287.69,87660
2024-07-09 14:00:00,287.69,290.82,286.36,289.3,100133
2024-07-09 15:00:00,289.3,290.99,287.91,288.29,89899
2024-07-09 16:00:00,288.29,289.84,287.44,289.35,95212
2024-07-09 17:00:00,289.35,290.62,286.89,287.16,86871
2024-07-09 18:00:00,287.16,288.61,286.0,287.53,91236
2024-07-09 19:00:00,287.53,288.54,285.76,286.17,82115
2024-07-09 20:00:00,286.17,287.33,284.34,286.83,86227
2024-07-09 21:00:00,286.83,287.43,286.33,286.85,30170
2024-07-09 22:00:00,286.85,286.95,286.73,286.91,6328
2024-07-09 23:00:00,286.91,287.82,286.53,286.73,30399
2024-07-10 00:00:00,286.73,286.75,285.46,285.75,35188
2024-07-10 01:00:00,285.75,286.33,285.28,285.81,34306
2024-07-10 02:00:00,285.81,286.18,285.06,285.66,33475
2024-07-10 03:00:00,285.66,286.39,285.57,286.28,35622
2024-07-10 04:00:00,286.28,298.46,280.48,291.91,37648
2024-07-10 05:00:00,291.91,292.62,291.32,292.44,34636
2024-07-10 06:00:00,292.44,292.48,290.98,291.68,35043
2024-07-10 07:00:00,291.68,292.05,291.16,291.84,34455
2024-07-10 08:00:00,291.84,292.47,290.54,291.12,73764
2024-07-10 09:00:00,291.12,291.76,290.08,290.67,70322
2024-07-10 10:00:00,290.67,293.4,289.5,292.65,64927
2024-07-10 11:00:00,292.65,293.16,290.24,292.29,68751
2024-07-10 12:00:00,292.29,293.76,291.85,292.95,67745
2024-07-10 13:00:00,292.95,294.17,291.05,291.55,90630
2024-07-10 14:00:00,291.55,292.59,289.18,289.94,91202
2024-07-10 15:00:00,289.94,290.53,287.46,288.23,86720
2024-07-10 16:00:00,288.23,288.57,283.43,283.47,95511
2024-07-10 17:00:00,283.47,284.91,281.69,283.78,91286
2024-07-10 18:00:00,283.78,284.93,276.69,278.29,89427
2024-07-10 19:00:00,278.29,279.25,276.08,277.15,89587
2024-07-10 20:00:00,277.15,278.34,274.95,276.12,88680
2024-07-10 21:00:00,276.12,276.65,275.67,276.25,29607
2024-07-10 22:00:00,276.25,281.65,265.72,276.21,6173
2024-07-10 23:00:00,276.21,277.4,276.09,277.27,30898
2024-07-11 00:00:00,277.27,277.57,276.28,276.96,34906
2024-07-11 01:00:00,276.96,277.06,275.54,276.42,35304
2024-07-11 02:00:00,276.42,276.69,275.57,275.94,34748
2024-07-11 03:00:00,275.94,277.58,275.88,277.42,34727
2024-07-11 04:00:00,277.42,278.52,277.29,277.94,35564
2024-07-11 05:00:00,277.94,278.45,277.05,277.99,34827
2024-07-11 06:00:00,277.99,278.27,277.17,277.35,35331
2024-07-11 07:00:00,277.35,279.29,277.23,278.61,36080
2024-07-11 08:00:00,278.61,280.15,277.04,278.8,67334
2024-07-11 09:00:00,278.8,279.42,276.67,277.47,73005
2024-07-11 10:00:00,277.47,280.62,276.79,280.11,71787
2024-07-11 11:00:00,280.11,280.19,277.86,278.91,70903
2024-07-11 12:00:00,278.91,280.94,278.41,280.52,72834
2024-07-11 13:00:00,280.52,282.35,279.95,280.89,91091
2024-07-11 14:00:00,280.89,282.34,280.19,281.77,91068
2024-07-11 15:00:00,281.77,282.33,278.55,279.88,93685
2024-07-11 16:00:00,279.88,282.08,278.56,280.82,91326
2024-07-11 17:00:00,280.82,281.56,277.58,278.25,93968
2024-07-11 18:00:00,278.25,280.27,277.52,279.65,93594
2024-07-11 19:00:00,279.65,283.61,273.72,275.87,89657
2024-07-11 20:00:00,275.87,278.56,275.29,277.31,94142
2024-07-11 21:00:00,277.31,278.5,277.24,278.07,29269
2024-07-11 22:00:00,278.07,278.32,278.0,278.2,5956
2024-07-11 23:00:00,278.2,278.68,277.56,277.73,29161
2024-07-12 00:00:00,277.73,278.09,276.88,277.2,33451
2024-07-12 01:00:00,277.2,278.48,277.05,277.94,38261
2024-07-12 02:00:00,277.94,278.32,277.13,277.94,37805
2024-07-12 03:00:00,277.94,278.8,277.36,278.26,37953
2024-07-12 04:00:00,278.26,278.44,277.33,278.17,37275
2024-07-12 05:00:00,278.17,279.3,277.93,279.08,36944
2024-07-12 06:00:00,279.08,279.81,278.61,278.79,39133
2024-07-12 07:00:00,278.79,279.81,278.13,279.15,37768
2024-07-12 08:00:00,279.15,280.12,277.24,277.6,67434
2024-07-12 09:00:00,277.6,277.84,275.66,276.89,71092
2024-07-12 10:00:00,276.89,276.92,275.11,276.22,74896
2024-07-12 11:00:00,276.22,277.08,274.83,276.92,68818
2024-07-12 12:00:00,276.92,278.48,276.18,277.74,72431
2024-07-12 13:00:00,277.74,278.68,275.24,276.69,82562
2024-07-12 14:00:00,276.69,277.04,272.93,274.38,87844
2024-07-12 15:00:00,274.38,276.18,272.48,274.09,89235
2024-07-12 16:00:00,274.09,277.29,273.53,276.81,90447
2024-07-12 17:00:00,276.81,277.67,274.8,275.57,87734
2024-07-12 18:00:00,275.57,283.08,270.71,273.36,83049
2024-07-12 19:00:00,273.36,275.65,263.09,269.21,86432
2024-07-12 20:00:00,269.21,271.42,268.12,270.49,92430
2024-07-12 21:00:00,270.49,270.6,269.76,270.15,29794
2024-07-12 22:00:00,270.15,270.3,270.09,270.22,5821
2024-07-12 23:00:00,270.22,271.03,270.13,270.8,29401
2024-07-15 00:00:00,270.8,271.34,269.52,270.27,37954
2024-07-15 01:00:00,270.27,271.68,270.16,270.76,39549
2024-07-15 02:00:00,270.76,271.46,270.27,271.28,34360
2024-07-15 03:00:00,271.28,272.12,270.68,271.11,36124
2024-07-15 04:00:00,271.11,271.2,269.86,270.06,34707
2024-07-15 05:00:00,270.06,271.18,269.85,270.69,35875
2024-07-15 06:00:00,270.69,271.39,269.95,269.99,36180
2024-07-15 07:00:00,269.99,271.67,269.76,271.4,34766
2024-07-15 08:00:00,271.4,272.18,269.53,271.1,73112
2024-07-15 09:00:00,271.1,271.84,268.21,269.15,74159
2024-07-15 10:00:00,269.15,270.2,268.09,268.8,73296
2024-07-15 11:00:00,268.8,270.28,268.28,269.3,74585
2024-07-15 12:00:00,269.3,271.06,268.6,270.42,68703
2024-07-15 13:00:00,270.42,271.52,268.31,268.83,89433
2024-07-15 14:00:00,268.83,269.58,266.99,268.31,92368
2024-07-15 15:00:00,268.31,268.89,266.7,268.22,93822
2024-07-15 16:00:00,268.22,269.2,266.42,268.86,93664
2024-07-15 17:00:00,268.86,271.48,268.45,269.72,93848
2024-07-15 18:00:00,269.72,271.15,268.14,270.24,89839
2024-07-15 19:00:00,270.24,270.46,266.44,266.89,86828
2024-07-15 20:00:00,266.89,267.11,264.86,265.61,84072
2024-07-15 21:00:00,265.61,266.08,265.28,265.45,29441
2024-07-15 22:00:00,265.45,265.5,265.28,265.42,5838
2024-07-15 23:00:00,265.42,266.07,264.78,265.11,29918
2024-07-16 00:00:00,265.11,265.76,264.96,265.05,35513
2024-07-16 01:00:00,265.05,266.08,264.67,265.93,35854
2024-07-16 02:00:00,265.93,266.79,265.44,266.21,34356
2024-07-16 03:00:00,266.21,266.99,265.68,266.03,36926
2024-07-16 04:00:00,266.03,266.67,265.27,266.19,36580
2024-07-16 05:00:00,266.19,266.91,265.63,265.7,36817
2024-07-16 06:00:00,265.7,274.3,265.25,270.19,36242
2024-07-16 07:00:00,270.19,270.43,268.8,269.64,36162
2024-07-16 08:00:00,269.64,269.85,267.52,268.34,73855
2024-07-16 09:00:00,268.34,269.88,267.78,269.45,72382
2024-07-16 10:00:00,269.45,270.44,267.93,268.24,69373
2024-07-16 11:00:00,268.24,269.36,266.58,267.12,77424
2024-07-16 12:00:00,267.12,269.01,266.7,267.68,73025
2024-07-16 13:00:00,267.68,270.41,266.28,266.41,92054
2024-07-16 14:00:00,266.41,268.75,266.15,268.56,94983
2024-07-16 15:00:00,268.56,269.66,267.39,268.53,94138
2024-07-16 16:00:00,268.53,269.25,267.25,267.95,88487
2024-07-16 17:00:00,267.95,268.22,265.46,266.43,88876
2024-07-16 18:00:00,266.43,267.47,264.58,266.5,83038
2024-07-16 19:00:00,266.5,268.87,265.77,266.07,93334
2024-07-16 20:00:00,266.07,266.51,264.13,265.19,90253
2024-07-16 21:00:00,265.19,265.64,264.8,264.94,31331
2024-07-16 22:00:00,264.94,265.05,264.76,264.88,5802
2024-07-16 23:00:00,264.88,265.57,264.61,264.98,32084
2024-07-17 00:00:00,264.98,265.38,264.24,264.48,36857
2024-07-17 01:00:00,264.48,264.96,263.76,264.75,37358
2024-07-17 02:00:00,264.75,274.39,256.36,268.44,35345
2024-07-17 03:00:00,268.44,269.19,268.13,268.99,36402
2024-07-17 04:00:00,268.99,270.09,268.96,269.87,34799
2024-07-17 05:00:00,269.87,270.46,268.89,269.15,35577
2024-07-17 06:00:00,269.15,270.22,269.13,269.67,38216
2024-07-17 07:00:00,269.67,270.92,269.52,269.9,37602
2024-07-17 08:00:00,269.9,271.91,268.91,269.68,73129
2024-07-17 09:00:00,269.68,270.52,268.0,268.54,72363
2024-07-17 10:00:00,268.54,269.89,267.84,268.61,70646
2024-07-17 11:00:00,268.61,269.47,267.37,268.24,68542
2024-07-17 12:00:00,268.24,268.34,265.32,265.53,65398
2024-07-17 13:00:00,265.53,266.63,263.97,264.35,90783
2024-07-17 14:00:00,264.35,266.05,262.98,264.97,89663
2024-07-17 15:00:00,264.97,274.97,263.33,269.43,87966
2024-07-17 16:00:00,269.43,270.98,268.01,269.76,100265
2024-07-17 17:00:00,269.76,270.8,268.21,270.26,90343
2024-07-17 18:00:00,270.26,270.76,267.7,268.42,82292
2024-07-17 19:00:00,268.42,270.05,267.12,269.56,86283
2024-07-17 20:00:00,269.56,272.73,269.17,271.83,89276
2024-07-17 21:00:00,271.83,272.41,271.5,272.01,28953
2024-07-17 22:00:00,272.01,272.1,271.78,271.82,5726
2024-07-17 23:00:00,271.82,272.24,271.13,271.47,28415
2024-07-18 00:00:00,271.47,271.92,270.8,271.86,35017
2024-07-18 01:00:00,271.86,272.2,270.98,271.11,35098
2024-07-18 02:00:00,271.11,272.34,270.7,271.15,34324
2024-07-18 03:00:00,271.15,271.78,270.38,270.6,36009
2024-07-18 04:00:00,270.6,271.56,269.88,271.15,36820
2024-07-18 05:00:00,271.15,271.73,270.43,271.55,36301
2024-07-18 06:00:00,271.55,272.77,271.35,272.61,37471
2024-07-18 07:00:00,272.61,272.89,271.68,272.5,35209
2024-07-18 08:00:00,272.5,273.99,271.46,271.95,66176
2024-07-18 09:00:00,271.95,273.1,271.12,271.68,71727
2024-07-18 10:00:00,271.68,272.25,269.51,270.26,73071
2024-07-18 11:00:00,270.26,271.03,268.83,270.25,72703
2024-07-18 12:00:00,270.25,271.43,269.15,270.46,70192
2024-07-18 13:00:00,270.46,272.53,269.03,271.18,84508
2024-07-18 14:00:00,271.18,272.36,269.68,270.42,93827
2024-07-18 15:00:00,270.42,274.24,270.04,273.77,90188
2024-07-18 16:00:00,273.77,279.72,264.71,270.16,91612
2024-07-18 17:00:00,270.16,271.22,268.54,269.99,87971
2024-07-18 18:00:00,269.99,272.13,268.6,270.66,85003
2024-07-18 19:00:00,270.66,270.98,268.04,269.14,85015
2024-07-18 20:00:00,269.14,271.78,267.11,271.01,86435
2024-07-18 21:00:00,271.01,271.56,270.39,271.38,28291
2024-07-18 22:00:00,271.38,271.4,271.16,271.2,5926
2024-07-18 23:00:00,271.2,271.76,270.91,271.13,31521
2024-07-19 00:00:00,271.13,271.44,270.41,270.86,37422
2024-07-19 01:00:00,270.86,271.37,270.38,270.7,34987
2024-07-19 02:00:00,270.7,271.22,269.73,269.97,36235
2024-07-19 03:00:00,269.97,270.66,268.22,268.54,37316
2024-07-19 04:00:00,268.54,268.6,267.5,267.87,37289
2024-07-19 05:00:00,267.87,269.11,267.81,268.85,33738
2024-07-19 06:00:00,268.85,269.32,268.0,268.07,35766
2024-07-19 07:00:00,268.07,268.57,267.48,268.5,34952
2024-07-19 08:00:00,268.5,268.68,264.61,265.23,73829
2024-07-19 09:00:00,265.23,265.61,263.68,264.84,70422
2024-07-19 10:00:00,264.84,266.4,263.83,264.8,72680
2024-07-19 11:00:00,264.8,266.25,264.0,265.19,74663
2024-07-19 12:00:00,265.19,266.6,264.53,266.07,70388
2024-07-19 13:00:00,266.07,268.55,265.88,267.47,94003
2024-07-19 14:00:00,267.47,270.02,266.35,268.9,96476
2024-07-19 15:00:00,268.9,271.25,267.57,270.18,87655
2024-07-19 16:00:00,270.18,272.25,269.59,270.83,85909
2024-07-19 17:00:00,270.83,271.43,269.36,270.68,88267
2024-07-19 18:00:00,270.68,270.98,268.36,269.91,89891
2024-07-19 19:00:00,269.91,270.82,266.54,268.0,80062
2024-07-19 20:00:00,268.0,269.34,266.78,267.52,84496
2024-07-19 21:00:00,267.52,268.2,267.08,267.37,30758
2024-07-19 22:00:00,267.37,272.47,263.63,270.8,6117
2024-07-19 23:00:00,270.8,271.77,270.25,271.71,29784
2024-07-22 00:00:00,271.71,272.51,271.36,272.02,37097
2024-07-22 01:00:00,272.02,272.1,271.19,272.0,37867
2024-07-22 02:00:00,272.0,272.52,271.39,271.92,36853
2024-07-22 03:00:00,271.92,272.41,264.35,267.46,35679
2024-07-22 04:00:00,267.46,268.88,267.15,268.33,35697
2024-07-22 05:00:00,268.33,269.05,267.7,268.72,34177
2024-07-22 06:00:00,268.72,268.82,267.46,268.11,35273
2024-07-22 07:00:00,268.11,269.6,267.98,268.52,33880
2024-07-22 08:00:00,268.52,270.12,267.38,267.7,71619
2024-07-22 09:00:00,267.7,268.75,266.15,266.71,72202
2024-07-22 10:00:00,266.71,267.84,265.92,267.2,71527
2024-07-22 11:00:00,267.2,268.17,266.24,268.07,68947
2024-07-22 12:00:00,268.07,270.75,267.89,270.17,70932
2024-07-22 13:00:00,270.17,273.85,269.49,272.04,92808
2024-07-22 14:00:00,272.04,272.49,269.77,272.03,92096
2024-07-22 15:00:00,272.03,272.15,269.28,271.41,88675
2024-07-22 16:00:00,271.41,272.46,270.02,270.77,93139
2024-07-22 17:00:00,270.77,271.13,267.08,267.56,87746
2024-07-22 18:00:00,267.56,268.96,259.8,265.39,89220
2024-07-22 19:00:00,265.39,267.34,264.92,266.4,86815
2024-07-22 20:00:00,266.4,267.21,264.93,265.52,91603
2024-07-22 21:00:00,265.52,265.78,264.96,265.44,31218
2024-07-22 22:00:00,265.44,265.67,265.4,265.6,5703
2024-07-22 23:00:00,265.6,266.18,264.67,265.36,28767
2024-07-23 00:00:00,265.36,265.52,264.74,265.2,37915
2024-07-23 01:00:00,265.2,265.91,264.97,265.48,34354
2024-07-23 02:00:00,265.48,265.85,264.65,265.05,35037
2024-07-23 03:00:00,265.05,265.52,264.56,264.81,37153
2024-07-23 04:00:00,264.81,264.93,264.01,264.78,37682
2024-07-23 05:00:00,264.78,265.27,264.2,264.7,35837
2024-07-23 06:00:00,264.7,272.0,249.26,255.81,37051
2024-07-23 07:00:00,255.81,256.23,255.31,256.14,34385
2024-07-23 08:00:00,256.14,256.86,255.29,255.73,71733
2024-07-23 09:00:00,255.73,256.65,254.38,255.99,69984
2024-07-23 10:00:00,255.99,256.12,253.24,253.41,74501
2024-07-23 11:00:00,253.41,254.51,252.01,253.5,72510
2024-07-23 12:00:00,253.5,254.16,252.24,252.86,72829
2024-07-23 13:00:00,252.86,253.84,250.63,251.18,93795
2024-07-23 14:00:00,251.18,254.41,250.84,254.0,90057
2024-07-23 15:00:00,254.0,254.16,251.91,253.03,89439
2024-07-23 16:00:00,253.03,258.52,248.61,249.36,92494
2024-07-23 17:00:00,249.36,250.03,246.53,247.38,84011
2024-07-23 18:00:00,247.38,248.67,245.79,248.18,91816
2024-07-23 19:00:00,248.18,250.37,247.56,248.9,93264
2024-07-23 20:00:00,248.9,259.97,233.5,241.98,87450
2024-07-23 21:00:00,241.98,242.47,241.79,242.29,28379
2024-07-23 22:00:00,242.29,242.44,242.18,242.28,5614
2024-07-23 23:00:00,242.28,242.96,242.02,242.72,29111
2024-07-24 00:00:00,242.72,243.18,241.06,241.32,35719
2024-07-24 01:00:00,241.32,241.8,240.96,241.52,36188
2024-07-24 02:00:00,241.52,241.8,241.17,241.25,35245
2024-07-24 03:00:00,241.25,241.82,240.86,241.47,36698
2024-07-24 04:00:00,241.47,241.61,240.12,240.44,33342
2024-07-24 05:00:00,240.44,240.97,239.89,240.86,36310
2024-07-24 06:00:00,240.86,241.86,240.57,241.67,33123
2024-07-24 07:00:00,241.67,244.76,241.32,243.99,37736
2024-07-24 08:00:00,243.99,246.7,242.93,246.54,69443
2024-07-24 09:00:00,246.54,250.25,245.61,249.36,74928
2024-07-24 10:00:00,249.36,252.28,248.82,250.59,72130
2024-07-24 11:00:00,250.59,252.44,249.37,251.0,69655
2024-07-24 12:00:00,251.0,253.65,249.82,253.08,72621
2024-07-24 13:00:00,253.08,257.72,251.32,256.77,92070
2024-07-24 14:00:00,256.77,258.04,252.84,256.38,86316
2024-07-24 15:00:00,256.38,262.81,255.5,262.02,94376
2024-07-24 16:00:00,262.02,262.58,258.06,260.89,89367
2024-07-24 17:00:00,260.89,264.42,260.29,263.31,84044
2024-07-24 18:00:00,263.31,264.72,260.04,263.62,90988
2024-07-24 19:00:00,263.62,268.09,261.89,267.19,88849
2024-07-24 20:00:00,267.19,268.61,265.51,267.71,91724
2024-07-24 21:00:00,267.71,271.14,267.66,270.82,30482
2024-07-24 22:00:00,270.82,273.53,270.78,273.47,6097
2024-07-24 23:00:00,273.47,281.38,262.72,270.36,30059
2024-07-25 00:00:00,270.36,272.7,270.12,272.48,35799
2024-07-25 01:00:00,272.48,274.62,272.25,274.01,36825
2024-07-25 02:00:00,274.01,277.39,273.48,276.93,33898
2024-07-25 03:00:00,276.93,280.09,276.71,279.68,37575
2024-07-25 04:00:00,279.68,282.15,279.63,281.96,37396
2024-07-25 05:00:00,281.96,285.64,281.12,285.45,35271
2024-07-25 06:00:00,285.45,288.45,285.32,287.96,35651
2024-07-25 07:00:00,287.96,291.04,287.69,290.65,36420
2024-07-25 08:00:00,290.65,293.58,289.36,292.71,71964
2024-07-25 09:00:00,292.71,297.7,291.35,296.78,67942
2024-07-25 10:00:00,296.78,299.17,296.05,298.29,72959
2024-07-25 11:00:00,298.29,304.07,297.43,303.52,73507
2024-07-25 12:00:00,303.52,305.57,302.13,304.85,73476
2024-07-25 13:00:00,304.85,310.4,303.72,308.8,88268
2024-07-25 14:00:00,308.8,311.86,304.75,308.75,93082
2024-07-25 15:00:00,308.75,313.72,307.49,313.14,89861
2024-07-25 16:00:00,313.14,318.05,312.62,317.39,88114
2024-07-25 17:00:00,317.39,322.38,315.74,321.72,84417
2024-07-25 18:00:00,321.72,326.86,320.99,326.04,90742
2024-07-25 19:00:00,326.04,331.4,323.94,330.07,89993
2024-07-25 20:00:00,330.07,337.2,328.62,336.58,85799
2024-07-25 21:00:00,336.58,351.28,336.32,345.31,31115
2024-07-25 22:00:00,345.31,348.23,345.27,348.18,5925
2024-07-25 23:00:00,348.18,351.18,347.55,350.74,31168
2024-07-26 00:00:00,350.74,355.76,350.48,355.51,33223
2024-07-26 01:00:00,355.51,360.22,355.35,360.06,35866
2024-07-26 02:00:00,360.06,365.53,354.57,365.11,36441
2024-07-26 03:00:00,365.11,369.35,364.84,368.91,32889
2024-07-26 04:00:00,368.91,375.21,368.58,374.75,36909
2024-07-26 05:00:00,374.75,380.72,374.21,380.34,36725
2024-07-26 06:00:00,380.34,383.35,378.76,383.07,38001
2024-07-26 07:00:00,383.07,387.19,382.77,386.98,35792
2024-07-26 08:00:00,386.98,400.02,385.83,399.84,74293
2024-07-26 09:00:00,399.84,401.33,398.02,399.63,76607
2024-07-26 10:00:00,399.63,406.75,398.71,406.29,72737
2024-07-26 11:00:00,406.29,413.84,404.87,412.83,80628
2024-07-26 12:00:00,412.83,420.29,412.36,418.02,71783
2024-07-26 13:00:00,418.02,424.2,415.61,422.46,86513
2024-07-26 14:00:00,422.46,429.03,421.0,426.46,88646
2024-07-26 15:00:00,426.46,430.71,424.92,430.6,93700
2024-07-26 16:00:00,430.6,435.15,429.36,431.97,83785
2024-07-26 17:00:00,431.97,436.16,429.8,432.62,93323
2024-07-26 18:00:00,432.62,441.17,432.21,439.03,90905
2024-07-26 19:00:00,439.03,446.81,438.39,446.13,83911
2024-07-26 20:00:00,446.13,450.14,441.0,448.69,87033
2024-07-26 21:00:00,448.69,452.2,448.45,451.42,29715
2024-07-26 22:00:00,451.42,455.39,451.29,455.34,6198
2024-07-26 23:00:00,455.34,463.58,455.0,463.43,29208
2024-07-29 00:00:00,463.43,468.09,462.73,467.82,34787
2024-07-29 01:00:00,467.82,471.73,467.41,471.42,36621
2024-07-29 02:00:00,471.42,477.75,469.99,477.39,37202
2024-07-29 03:00:00,477.39,483.91,476.8,483.52,35446
2024-07-29 04:00:00,483.52,487.23,483.05,487.14,40554
2024-07-29 05:00:00,487.14,488.45,483.65,483.82,37225
2024-07-29 06:00:00,483.82,484.14,477.5,478.27,36084
2024-07-29 07:00:00,478.27,479.07,473.46,474.81,36754
2024-07-29 08:00:00,474.81,477.3,470.91,471.73,71073
2024-07-29 09:00:00,471.73,474.1,465.73,468.03,72378
2024-07-29 10:00:00,468.03,470.08,460.07,460.37,69575
2024-07-29 11:00:00,460.37,462.19,457.84,459.5,72209
2024-07-29 12:00:00,459.5,460.53,453.29,454.66,71307
2024-07-29 13:00:00,454.66,455.54,445.8,446.53,86485
2024-07-29 14:00:00,446.53,450.01,435.11,438.87,89428
2024-07-29 15:00:00,438.87,440.55,426.9,428.03,95868
2024-07-29 16:00:00,428.03,429.29,421.14,424.4,89493
2024-07-29 17:00:00,424.4,424.55,412.57,415.76,92925
2024-07-29 18:00:00,415.76,418.72,412.76,415.78,92832
2024-07-29 19:00:00,415.78,417.84,412.22,414.73,90498
2024-07-29 20:00:00,414.73,416.85,401.25,401.38,88053
2024-07-29 21:00:00,401.38,401.71,397.88,397.99,28679
2024-07-29 22:00:00,397.99,398.01,394.28,394.34,6016
2024-07-29 23:00:00,394.34,394.66,389.92,390.34,30089
2024-07-30 00:00:00,390.34,390.41,385.79,386.44,36699
2024-07-30 01:00:00,386.44,386.96,383.18,383.35,35854
2024-07-30 02:00:00,383.35,392.89,364.32,368.89,36966
2024-07-30 03:00:00,368.89,369.29,363.95,364.96,36728
2024-07-30 04:00:00,364.96,365.73,362.91,363.6,36532
2024-07-30 05:00:00,363.6,364.04,360.44,360.61,34756
2024-07-30 06:00:00,360.61,360.63,357.49,357.74,35510
2024-07-30 07:00:00,357.74,357.96,354.43,354.69,37014
2024-07-30 08:00:00,354.69,355.58,351.52,353.42,74790
2024-07-30 09:00:00,353.42,354.09,348.06,348.74,73440
2024-07-30 10:00:00,348.74,350.21,347.21,348.59,72010
2024-07-30 11:00:00,348.59,349.56,340.48,341.19,73112
2024-07-30 12:00:00,341.19,341.48,336.58,338.17,73798
2024-07-30 13:00:00,338.17,344.3,337.66,343.57,90734
2024-07-30 14:00:00,343.57,344.44,338.61,340.04,96954
2024-07-30 15:00:00,340.04,341.93,334.06,334.73,89906
2024-07-30 16:00:00,334.73,337.29,331.94,335.6,92697
2024-07-30 17:00:00,335.6,337.0,332.67,334.44,92052
2024-07-30 18:00:00,334.44,336.09,331.41,333.78,92398
2024-07-30 19:00:00,333.78,334.75,327.3,328.15,80957
2024-07-30 20:00:00,328.15,329.36,324.76,325.52,90764
2024-07-30 21:00:00,325.52,325.57,322.85,323.19,29790
2024-07-30 22:00:00,323.19,323.31,320.3,320.33,6350
2024-07-30 23:00:00,320.33,320.62,316.26,316.63,28260
2024-07-31 00:00:00,316.63,316.82,314.2,314.41,37406
2024-07-31 01:00:00,314.41,315.3,314.0,314.59,34151
2024-07-31 02:00:00,314.59,315.19,313.33,313.76,37871
2024-07-31 03:00:00,313.76,313.99,312.38,312.82,33868
2024-07-31 04:00:00,312.82,313.55,311.91,312.99,36381
2024-07-31 05:00:00,312.99,313.64,312.54,312.93,38197
2024-07-31 06:00:00,312.93,319.42,305.88,308.18,37996
2024-07-31 07:00:00,308.18,308.65,307.84,307.96,34660
2024-07-31 08:00:00,307.96,308.63,306.44,307.37,69176
2024-07-31 09:00:00,307.37,308.75,306.17,306.7,66594
2024-07-31 10:00:00,306.7,307.42,305.06,306.68,79889
2024-07-31 11:00:00,306.68,308.12,306.11,307.34,72371
2024-07-31 12:00:00,307.34,309.41,306.21,308.21,72377
2024-07-31 13:00:00,308.21,310.18,307.22,308.81,85859
2024-07-31 14:00:00,308.81,309.74,307.17,308.16,86903
2024-07-31 15:00:00,308.16,308.89,305.32,307.27,84750
2024-07-31 16:00:00,307.27,307.76,305.26,305.62,86639
2024-07-31 17:00:00,305.62,308.22,305.19,307.97,89518
2024-07-31 18:00:00,307.97,311.15,307.89,309.55,90737
2024-07-31 19:00:00,309.55,311.47,308.33,310.19,86554
2024-07-31 20:00:00,310.19,313.13,309.17,310.09,93249
2024-07-31 21:00:00,310.09,310.7,309.57,309.64,31219
2024-07-31 22:00:00,309.64,309.93,309.61,309.68,5831
2024-07-31 23:00:00,309.68,310.11,308.76,309.14,28164
2024-08-01 00:00:00,309.14,309.93,308.99,309.4,35952
2024-08-01 01:00:00,309.4,309.97,308.55,309.72,36053
2024-08-01 02:00:00,309.72,311.51,309.48,310.48,35724
2024-08-01 03:00:00,310.48,310.98,309.86,310.65,35671
2024-08-01 04:00:00,310.65,312.09,310.45,311.69,37404
2024-08-01 05:00:00,311.69,312.46,310.99,311.93,37934
2024-08-01 06:00:00,311.93,313.3,311.31,312.29,35645
2024-08-01 07:00:00,312.29,312.93,311.71,311.89,36856
2024-08-01 08:00:00,311.89,314.47,310.77,311.49,72499
2024-08-01 09:00:00,311.49,313.64,310.94,313.43,73537
2024-08-01 10:00:00,313.43,314.06,312.15,312.7,70876
2024-08-01 11:00:00,312.7,313.86,309.66,310.38,73669
2024-08-01 12:00:00,310.38,311.39,308.27,311.08,74610
2024-08-01 13:00:00,311.08,314.19,310.52,313.46,94045
2024-08-01 14:00:00,313.46,315.11,311.08,314.55,93221
2024-08-01 15:00:00,314.55,315.34,310.97,312.31,88673
2024-08-01 16:00:00,312.31,314.02,311.16,311.63,86746
2024-08-01 17:00:00,311.63,311.94,308.5,309.22,96102
2024-08-01 18:00:00,309.22,309.23,305.18,305.95,90017
2024-08-01 19:00:00,305.95,307.51,304.04,304.53,83228
2024-08-01 20:00:00,304.53,307.97,303.23,307.37,88460
2024-08-01 21:00:00,307.37,308.12,307.02,307.87,30753
2024-08-01 22:00:00,307.87,307.92,307.68,307.75,5911
2024-08-01 23:00:00,307.75,308.5,307.29,308.01,31060
2024-08-02 00:00:00,308.01,309.61,307.73,309.22,35448
2024-08-02 01:00:00,309.22,309.37,308.41,308.7,36274
2024-08-02 02:00:00,308.7,310.7,308.42,310.55,37763
2024-08-02 03:00:00,310.55,311.34,310.0,311.18,35565
2024-08-02 04:00:00,311.18,312.19,310.77,311.13,34491
2024-08-02 05:00:00,311.13,311.9,310.64,311.33,36556
2024-08-02 06:00:00,311.33,312.17,311.11,311.39,37691
2024-08-02 07:00:00,311.39,313.0,310.86,312.95,35839
2024-08-02 08:00:00,312.95,315.11,312.0,314.34,69063
2024-08-02 09:00:00,314.34,316.11,314.01,315.39,71365
2024-08-02 10:00:00,315.39,316.29,313.74,315.72,75834
2024-08-02 11:00:00,315.72,317.26,315.04,316.07,69682
2024-08-02 12:00:00,316.07,316.61,313.9,315.01,72919
2024-08-02 13:00:00,315.01,317.32,313.47,316.65,88804
2024-08-02 14:00:00,316.65,318.02,313.21,314.1,86738
2024-08-02 15:00:00,314.1,315.36,312.35,314.36,82988
2024-08-02 16:00:00,314.36,314.88,311.2,312.63,91917
2024-08-02 17:00:00,312.63,313.51,310.67,312.73,90406
2024-08-02 18:00:00,312.73,313.95,311.02,312.89,91893
2024-08-02 19:00:00,312.89,315.58,311.89,313.46,91205
2024-08-02 20:00:00,313.46,314.88,312.19,313.62,90033
2024-08-02 21:00:00,313.62,314.39,313.32,314.09,31082
2024-08-02 22:00:00,314.09,314.24,313.96,314.09,5867
2024-08-02 23:00:00,314.09,314.66,313.37,314.48,27724
2024-08-05 00:00:00,314.48,315.49,314.16,314.68,37276
2024-08-05 01:00:00,314.68,314.9,313.09,313.87,35195
2024-08-05 02:00:00,313.87,314.16,312.24,312.57,35639
2024-08-05 03:00:00,312.57,312.65,308.97,309.29,34748
2024-08-05 04:00:00,309.29,310.16,306.87,307.53,36698
2024-08-05 05:00:00,307.53,308.29,305.2,305.56,36903
2024-08-05 06:00:00,305.56,305.79,302.95,303.23,33968
2024-08-05 07:00:00,303.23,304.07,300.08,300.55,38058
2024-08-05 08:00:00,300.55,301.1,298.54,299.21,72211
2024-08-05 09:00:00,299.21,301.74,292.45,294.06,72470
2024-08-05 10:00:00,294.06,294.92,290.99,294.21,70095
2024-08-05 11:00:00,294.21,294.51,287.45,288.18,71136
2024-08-05 12:00:00,288.18,289.28,283.15,283.7,71752
2024-08-05 13:00:00,283.7,284.53,280.05,280.97,82438
2024-08-05 14:00:00,280.97,283.8,278.58,279.65,90705
2024-08-05 15:00:00,279.65,281.71,276.89,277.76,91563
2024-08-05 16:00:00,277.76,278.68,274.32,275.68,90770
2024-08-05 17:00:00,275.68,276.36,271.22,273.03,90238
2024-08-05 18:00:00,273.03,273.43,267.9,270.74,89247
2024-08-05 19:00:00,270.74,272.06,267.97,269.28,89789
2024-08-05 20:00:00,269.28,270.69,266.99,267.94,92085
2024-08-05 21:00:00,267.94,268.12,264.39,264.8,30450
2024-08-05 22:00:00,264.8,264.82,254.09,258.68,5777
2024-08-05 23:00:00,258.68,258.93,255.66,255.84,29874
2024-08-06 00:00:00,255.84,256.21,254.4,254.59,34593
2024-08-06 01:00:00,254.59,255.14,253.25,253.44,33981
2024-08-06 02:00:00,253.44,253.78,251.99,252.23,34460
2024-08-06 03:00:00,252.23,252.49,249.36,249.7,35716
2024-08-06 04:00:00,249.7,249.81,246.64,246.71,35844
2024-08-06 05:00:00,246.71,247.06,242.94,243.34,36820
2024-08-06 06:00:00,243.34,244.08,240.35,241.03,35450
2024-08-06 07:00:00,241.03,241.54,238.51,238.58,36081
2024-08-06 08:00:00,238.58,240.17,237.53,238.71,68834
2024-08-06 09:00:00,238.71,239.4,237.43,238.52,74585
2024-08-06 10:00:00,238.52,239.19,235.48,235.92,74825
2024-08-06 11:00:00,235.92,236.6,230.72,230.82,66754
2024-08-06 12:00:00,230.82,233.49,230.34,232.04,69017
2024-08-06 13:00:00,232.04,232.64,229.05,229.88,96318
2024-08-06 14:00:00,229.88,231.1,226.38,227.11,93883
2024-08-06 15:00:00,227.11,227.67,224.28,226.66,81202
2024-08-06 16:00:00,226.66,227.27,221.9,222.35,94124
2024-08-06 17:00:00,222.35,222.55,218.11,219.0,93874
2024-08-06 18:00:00,219.0,220.53,216.49,217.7,86867
2024-08-06 19:00:00,217.7,218.87,214.5,216.31,94639
2024-08-06 20:00:00,216.31,216.4,210.47,211.74,81771
2024-08-06 21:00:00,211.74,211.86,210.12,210.38,29367
2024-08-06 22:00:00,210.38,210.4,208.12,208.15,6402
2024-08-06 23:00:00,208.15,208.73,205.1,205.24,28696
2024-08-07 00:00:00,205.24,205.51,203.6,203.73,36070
2024-08-07 01:00:00,203.73,203.84,200.02,200.18,35301
2024-08-07 02:00:00,200.18,200.52,197.91,197.91,36935
2024-08-07 03:00:00,197.91,198.16,195.12,195.48,36085
2024-08-07 04:00:00,195.48,195.74,193.26,193.54,32151
2024-08-07 05:00:00,193.54,194.4,192.41,192.47,37300
2024-08-07 06:00:00,192.47,192.6,190.82,190.89,37395
2024-08-07 07:00:00,190.89,191.14,187.96,188.25,36603
2024-08-07 08:00:00,188.25,190.04,187.37,188.3,74557
2024-08-07 09:00:00,188.3,189.46,187.81,188.72,73689
2024-08-07 10:00:00,188.72,193.6,185.64,188.73,72195
2024-08-07 11:00:00,188.73,192.21,184.2,187.52,71021
2024-08-07 12:00:00,187.52,189.91,178.52,181.72,71238
2024-08-07 13:00:00,181.72,193.0,179.32,181.02,90247
2024-08-07 14:00:00,181.02,188.42,179.63,183.78,88090
2024-08-07 15:00:00,183.78,184.71,175.76,181.29,86754
2024-08-07 16:00:00,181.29,184.55,169.78,172.57,96151
2024-08-07 17:00:00,172.57,183.76,169.71,178.07,89519
2024-08-07 18:00:00,178.07,190.06,176.7,187.18,89508
2024-08-07 19:00:00,187.18,191.47,178.92,183.74,88196
2024-08-07 20:00:00,183.74,195.8,181.89,191.72,90508
2024-08-07 21:00:00,191.72,194.76,183.07,188.37,30598
2024-08-07 22:00:00,188.37,188.47,187.24,187.54,5773
2024-08-07 23:00:00,187.54,187.87,185.45,186.22,30942
2024-08-08 00:00:00,186.22,191.27,181.4,182.32,34643
2024-08-08 01:00:00,182.32,183.92,180.0,182.43,37065
2024-08-08 02:00:00,182.43,186.08,181.91,185.81,37038
2024-08-08 03:00:00,185.81,188.88,181.2,181.66,36254
2024-08-08 04:00:00,181.66,183.25,180.05,180.83,32117
2024-08-08 05:00:00,180.83,183.73,177.67,179.89,36413
2024-08-08 06:00:00,179.89,183.41,179.59,180.98,34807
2024-08-08 07:00:00,180.98,184.82,180.86,183.55,37957
2024-08-08 08:00:00,183.55,192.26,180.94,191.13,74641
2024-08-08 09:00:00,191.13,198.17,188.31,191.59,71989
2024-08-08 10:00:00,191.59,195.24,187.79,190.1,68177
2024-08-08 11:00:00,190.1,191.38,180.2,186.79,70788
2024-08-08 12:00:00,186.79,191.43,183.32,187.3,69247
2024-08-08 13:00:00,187.3,201.02,184.92,199.74,92072
2024-08-08 14:00:00,199.74,209.66,196.13,207.67,88333
2024-08-08 15:00:00,207.67,209.48,197.56,203.26,91807
2024-08-08 16:00:00,203.26,208.41,201.18,202.15,95152
2024-08-08 17:00:00,202.15,207.15,197.38,203.78,94327
2024-08-08 18:00:00,203.78,211.42,200.68,202.27,94912
2024-08-08 19:00:00,202.27,204.36,193.66,199.31,90269
2024-08-08 20:00:00,199.31,206.38,196.47,199.81,87370
2024-08-08 21:00:00,199.81,202.43,197.51,201.0,28543
2024-08-08 22:00:00,201.0,201.43,200.5,200.58,6204
2024-08-08 23:00:00,200.58,206.76,199.87,205.52,31703
2024-08-09 00:00:00,205.52,207.56,203.14,207.22,35226
2024-08-09 01:00:00,207.22,212.04,205.46,210.56,37048
2024-08-09 02:00:00,210.56,214.14,209.78,212.14,36546
2024-08-09 03:00:00,212.14,218.98,205.86,208.74,35947
2024-08-09 04:00:00,208.74,213.06,207.09,212.86,34128
2024-08-09 05:00:00,212.86,221.73,206.62,216.67,35412
2024-08-09 06:00:00,216.67,220.47,215.92,219.76,35867
2024-08-09 07:00:00,219.76,224.85,218.98,224.72,36702
2024-08-09 08:00:00,224.72,226.78,216.97,218.72,75137
2024-08-09 09:00:00,218.72,228.06,217.76,222.43,70059
2024-08-09 10:00:00,222.43,231.66,219.39,227.05,71384
2024-08-09 11:00:00,227.05,233.62,220.28,227.6,71611
2024-08-09 12:00:00,227.6,234.23,224.18,224.92,68063
2024-08-09 13:00:00,224.92,228.66,219.12,223.69,92861
2024-08-09 14:00:00,223.69,227.41,213.88,216.37,87832
2024-08-09 15:00:00,216.37,224.02,213.51,222.74,91502
2024-08-09 16:00:00,222.74,230.36,218.45,224.89,86406
2024-08-09 17:00:00,224.89,225.96,218.22,221.0,91353
2024-08-09 18:00:00,221.0,222.48,217.98,219.31,87997
2024-08-09 19:00:00,219.31,219.88,215.19,215.66,94241
2024-08-09 20:00:00,215.66,215.85,212.03,213.72,91693
2024-08-09 21:00:00,213.72,213.8,210.83,210.93,29057
2024-08-09 22:00:00,210.93,211.0,208.69,208.79,6395
2024-08-09 23:00:00,208.79,209.05,206.09,206.25,28772
2024-08-12 00:00:00,206.25,206.42,204.95,205.62,37734
2024-08-12 01:00:00,205.62,205.79,202.3,202.32,36876
2024-08-12 02:00:00,202.32,202.53,199.92,200.32,39046
2024-08-12 03:00:00,200.32,200.45,198.09,198.18,34495
2024-08-12 04:00:00,198.18,198.48,196.5,196.96,35024
2024-08-12 05:00:00,196.96,197.18,193.88,194.01,35713
2024-08-12 06:00:00,194.01,194.36,192.17,192.56,37916
2024-08-12 07:00:00,192.56,192.96,191.43,191.61,35978
2024-08-12 08:00:00,191.61,197.19,181.99,191.84,68621
2024-08-12 09:00:00,191.84,192.66,189.98,190.79,69695
2024-08-12 10:00:00,190.79,191.79,188.08,188.26,72550
2024-08-12 11:00:00,188.26,188.51,185.88,186.29,72927
2024-08-12 12:00:00,186.29,186.42,182.01,182.32,72750
2024-08-12 13:00:00,182.32,184.66,181.21,184.35,86883
2024-08-12 14:00:00,184.35,184.89,182.14,182.47,87775
2024-08-12 15:00:00,182.47,182.7,177.4,178.35,86197
2024-08-12 16:00:00,178.35,179.53,175.68,176.44,91467
2024-08-12 17:00:00,176.44,176.89,174.39,175.42,93280
2024-08-12 18:00:00,175.42,175.77,172.69,174.54,90800
2024-08-12 19:00:00,174.54,174.63,170.88,171.35,96272
2024-08-12 20:00:00,171.35,172.02,169.07,169.42,91204
2024-08-12 21:00:00,169.42,169.51,167.85,168.34,29101
2024-08-12 22:00:00,168.34,168.36,166.95,166.98,6028
2024-08-12 23:00:00,166.98,167.06,165.88,166.19,28313
2024-08-13 00:00:00,166.19,166.37,164.91,164.95,35174
2024-08-13 01:00:00,164.95,165.2,163.25,163.35,38305
2024-08-13 02:00:00,163.35,163.71,161.12,161.33,36352
2024-08-13 03:00:00,161.33,161.55,158.72,158.84,36169
2024-08-13 04:00:00,158.84,158.9,156.53,156.73,36007
2024-08-13 05:00:00,156.73,156.98,155.22,155.32,35508
2024-08-13 06:00:00,155.32,155.5,153.83,154.1,36847
2024-08-13 07:00:00,154.1,154.37,152.58,152.71,35642
2024-08-13 08:00:00,152.71,153.02,150.55,150.73,72544
2024-08-13 09:00:00,150.73,151.33,148.58,148.92,71598
2024-08-13 10:00:00,148.92,154.44,147.0,150.38,72460
2024-08-13 11:00:00,150.38,151.06,147.86,148.06,65131
2024-08-13 12:00:00,148.06,148.36,145.3,145.39,70140
2024-08-13 13:00:00,145.39,145.77,141.43,142.05,95633
2024-08-13 14:00:00,142.05,142.47,138.13,138.89,86619
2024-08-13 15:00:00,138.89,139.23,136.73,137.9,91046
2024-08-13 16:00:00,137.9,141.94,136.74,139.39,86783
2024-08-13 17:00:00,139.39,139.87,138.05,138.65,86812
2024-08-13 18:00:00,138.65,139.32,137.57,138.48,92567
2024-08-13 19:00:00,138.48,139.63,137.37,137.72,86763
2024-08-13 20:00:00,137.72,138.7,136.32,136.62,88071
2024-08-13 21:00:00,136.62,136.72,135.48,135.53,27552
2024-08-13 22:00:00,135.53,135.57,134.2,134.24,5911
2024-08-13 23:00:00,134.24,137.22,133.39,135.71,29574
2024-08-14 00:00:00,135.71,135.86,135.0,135.12,37234
2024-08-14 01:00:00,135.12,138.54,132.33,135.4,33869
2024-08-14 02:00:00,135.4,135.53,133.96,134.02,36682
2024-08-14 03:00:00,134.02,134.19,132.87,133.03,35223
2024-08-14 04:00:00,133.03,133.23,131.49,131.55,35373
2024-08-14 05:00:00,131.55,131.65,130.08,130.22,36534
2024-08-14 06:00:00,130.22,130.32,129.08,129.3,37312
2024-08-14 07:00:00,129.3,129.46,128.14,128.41,35175
2024-08-14 08:00:00,128.41,128.77,126.63,127.07,70207
2024-08-14 09:00:00,127.07,127.65,123.49,125.67,66630
2024-08-14 10:00:00,125.67,126.28,124.1,125.07,70959
2024-08-14 11:00:00,125.07,125.73,124.4,124.81,77906
2024-08-14 12:00:00,124.81,126.26,124.45,125.74,68432
2024-08-14 13:00:00,125.74,126.82,124.19,125.86,88267
2024-08-14 14:00:00,125.86,127.48,125.53,127.15,89589
2024-08-14 15:00:00,127.15,129.81,126.84,128.85,90633
2024-08-14 16:00:00,128.85,131.1,125.83,128.04,93922
2024-08-14 17:00:00,128.04,128.29,126.33,126.72,84176
2024-08-14 18:00:00,126.72,128.19,126.13,127.4,90640
2024-08-14 19:00:00,127.4,128.55,126.94,127.92,84200
2024-08-14 20:00:00,127.92,129.18,127.31,127.84,92470
2024-08-14 21:00:00,127.84,128.95,127.77,128.89,31145
2024-08-14 22:00:00,128.89,130.2,128.86,130.19,5798
2024-08-14 23:00:00,130.19,133.97,127.71,133.92,29875
2024-08-15 00:00:00,133.92,135.38,133.72,135.24,37070
2024-08-15 01:00:00,135.24,137.29,135.07,136.98,36907
2024-08-15 02:00:00,136.98,139.02,136.89,138.92,34594
2024-08-15 03:00:00,138.92,140.56,138.84,140.38,35399
2024-08-15 04:00:00,140.38,141.99,140.31,141.85,36966
2024-08-15 05:00:00,141.85,143.13,141.69,143.03,36476
2024-08-15 06:00:00,143.03,143.82,142.54,143.59,37913
2024-08-15 07:00:00,143.59,145.43,143.56,145.28,33850
2024-08-15 08:00:00,145.28,145.78,143.91,145.66,75355
2024-08-15 09:00:00,145.66,147.34,144.12,146.62,68728
2024-08-15 10:00:00,146.62,148.99,146.12,148.65,72099
2024-08-15 11:00:00,148.65,150.08,148.27,149.59,75030
2024-08-15 12:00:00,149.59,153.15,149.5,152.98,69748
2024-08-15 13:00:00,152.98,155.8,152.66,155.45,87578
2024-08-15 14:00:00,155.45,158.34,155.13,158.05,91071
2024-08-15 15:00:00,158.05,164.04,157.83,163.71,90583
2024-08-15 16:00:00,163.71,165.59,162.56,163.04,88999
2024-08-15 17:00:00,163.04,164.98,162.54,164.27,93576
2024-08-15 18:00:00,164.27,168.57,162.61,167.73,91173
2024-08-15 19:00:00,167.73,168.99,166.19,168.72,89972
2024-08-15 20:00:00,168.72,170.5,168.05,169.27,84223
2024-08-15 21:00:00,169.27,171.07,169.1,170.98,29731
2024-08-15 22:00:00,170.98,172.47,170.9,172.45,5841
2024-08-15 23:00:00,172.45,174.47,172.42,174.2,28453
2024-08-16 00:00:00,174.2,176.32,173.96,176.14,35425
2024-08-16 01:00:00,176.14,178.65,176.08,178.31,36440
2024-08-16 02:00:00,178.31,180.64,178.13,180.42,36491
2024-08-16 03:00:00,180.42,182.38,180.29,182.28,36175
2024-08-16 04:00:00,182.28,187.01,177.75,181.19,37354
2024-08-16 05:00:00,181.19,183.08,181.13,183.03,34937
2024-08-16 06:00:00,183.03,186.21,182.77,186.14,36622
2024-08-16 07:00:00,186.14,188.6,185.86,188.18,34510
2024-08-16 08:00:00,188.18,194.14,184.77,194.0,70925
2024-08-16 09:00:00,194.0,198.11,193.98,197.54,71993
2024-08-16 10:00:00,197.54,202.31,192.18,196.06,69044
2024-08-16 11:00:00,196.06,199.29,194.52,198.95,74309
2024-08-16 12:00:00,198.95,202.78,198.64,202.4,72973
2024-08-16 13:00:00,202.4,205.57,202.24,205.39,87872
2024-08-16 14:00:00,205.39,208.05,205.28,206.76,91128
2024-08-16 15:00:00,206.76,207.95,204.38,205.87,96088
2024-08-16 16:00:00,205.87,208.5,205.27,208.4,84839
2024-08-16 17:00:00,208.4,214.65,206.25,210.42,82973
2024-08-16 18:00:00,210.42,211.71,209.05,209.98,89594
2024-08-16 19:00:00,209.98,210.76,207.49,208.02,89643
2024-08-16 20:00:00,208.02,208.98,207.51,208.53,90838
2024-08-16 21:00:00,208.53,209.03,208.08,208.92,29044
2024-08-16 22:00:00,208.92,208.95,208.77,208.84,5523
2024-08-16 23:00:00,208.84,209.48,208.62,209.15,28958
2024-08-19 00:00:00,209.15,209.95,209.12,209.47,37635
2024-08-19 01:00:00,209.47,209.79,208.71,209.52,34781
2024-08-19 02:00:00,209.52,209.84,208.96,209.33,35477
2024-08-19 03:00:00,209.33,209.65,208.57,209.19,35740
2024-08-19 04:00:00,209.19,209.67,209.0,209.3,34270
2024-08-19 05:00:00,209.3,209.8,209.03,209.43,38035
2024-08-19 06:00:00,209.43,210.0,209.18,209.89,36319
2024-08-19 07:00:00,209.89,210.75,209.47,209.76,36179
2024-08-19 08:00:00,209.76,210.38,208.75,209.03,73010
2024-08-19 09:00:00,209.03,217.83,201.37,205.26,70237
2024-08-19 10:00:00,205.26,206.3,204.42,205.18,78871
2024-08-19 11:00:00,205.18,209.93,200.51,207.69,71584
2024-08-19 12:00:00,207.69,208.17,206.11,207.79,68688
2024-08-19 13:00:00,207.79,210.24,207.08,209.91,83219
2024-08-19 14:00:00,209.91,210.96,208.75,209.83,91803
2024-08-19 15:00:00,209.83,210.55,202.82,207.59,94168
2024-08-19 16:00:00,207.59,208.51,206.88,208.22,93312
2024-08-19 17:00:00,208.22,208.92,206.46,207.07,90959
2024-08-19 18:00:00,207.07,207.55,205.88,206.23,89694
2024-08-19 19:00:00,206.23,207.3,205.58,206.57,95464
2024-08-19 20:00:00,206.57,207.24,205.44,206.06,87327
2024-08-19 21:00:00,206.06,206.86,205.82,206.65,31911
2024-08-19 22:00:00,206.65,206.9,202.83,204.04,6042
2024-08-19 23:00:00,204.04,204.47,203.83,204.23,30347
2024-08-20 00:00:00,204.23,204.52,203.62,203.9,35149
2024-08-20 01:00:00,203.9,204.03,203.2,203.44,35062
2024-08-20 02:00:00,203.44,206.27,199.7,201.68,36113
2024-08-20 03:00:00,201.68,201.98,201.37,201.76,38308
2024-08-20 04:00:00,201.76,202.36,201.3,202.18,36600
2024-08-20 05:00:00,202.18,203.02,202.16,202.86,36880
2024-08-20 06:00:00,202.86,207.3,201.55,205.97,35329
2024-08-20 07:00:00,205.97,206.54,205.79,206.28,36251
2024-08-20 08:00:00,206.28,211.85,199.69,210.36,69913
2024-08-20 09:00:00,210.36,211.35,209.66,210.4,73140
2024-08-20 10:00:00,210.4,211.23,209.04,210.9,71863
2024-08-20 11:00:00,210.9,211.67,210.07,210.82,72938
2024-08-20 12:00:00,210.82,212.59,209.82,212.14,68261
2024-08-20 13:00:00,212.14,212.74,210.72,211.88,91147
2024-08-20 14:00:00,211.88,212.2,209.78,210.9,87130
2024-08-20 15:00:00,210.9,211.9,209.56,211.62,92761
2024-08-20 16:00:00,211.62,220.13,209.85,214.47,88107
2024-08-20 17:00:00,214.47,215.28,212.83,212.95,89158
2024-08-20 18:00:00,212.95,219.53,206.81,209.57,89031
2024-08-20 19:00:00,209.57,210.6,208.33,209.34,90458
2024-08-20 20:00:00,209.34,210.11,207.9,208.23,85405
2024-08-20 21:00:00,208.23,208.29,207.14,207.26,29728
2024-08-20 22:00:00,207.26,207.31,207.17,207.24,6399
2024-08-20 23:00:00,207.24,207.31,206.66,206.92,30997
2024-08-21 00:00:00,206.92,207.79,206.65,207.06,36252
2024-08-21 01:00:00,207.06,209.83,201.64,205.7,36093
2024-08-21 02:00:00,205.7,206.82,205.54,206.66,36733
2024-08-21 03:00:00,206.66,206.9,205.66,205.79,39095
2024-08-21 04:00:00,205.79,206.19,205.21,206.02,36954
2024-08-21 05:00:00,206.02,206.24,205.33,205.71,37123
2024-08-21 06:00:00,205.71,205.96,204.9,204.94,36674
2024-08-21 07:00:00,204.94,205.35,204.57,204.93,35576
2024-08-21 08:00:00,204.93,206.36,204.28,205.73,72042
2024-08-21 09:00:00,205.73,207.84,205.55,207.12,69537
2024-08-21 10:00:00,207.12,207.38,205.45,205.99,68789
2024-08-21 11:00:00,205.99,206.66,204.5,205.32,73214
2024-08-21 12:00:00,205.32,206.66,204.24,206.01,73116
2024-08-21 13:00:00,206.01,212.69,197.9,203.49,89151
2024-08-21 14:00:00,203.49,205.31,202.51,205.06,90584
2024-08-21 15:00:00,205.06,205.8,192.09,201.62,90713
2024-08-21 16:00:00,201.62,202.84,199.77,200.17,89859
2024-08-21 17:00:00,200.17,201.34,199.2,200.19,90769
2024-08-21 18:00:00,200.19,201.48,199.15,199.2,90939
2024-08-21 19:00:00,199.2,200.49,198.83,199.14,89845
2024-08-21 20:00:00,199.14,200.66,198.5,200.4,91634
2024-08-21 21:00:00,200.4,200.94,200.13,200.67,30527
2024-08-21 22:00:00,200.67,200.8,200.61,200.64,6188
2024-08-21 23:00:00,200.64,201.56,200.5,201.39,29900
2024-08-22 00:00:00,201.39,201.99,201.19,201.49,36170
2024-08-22 01:00:00,201.49,201.99,201.21,201.36,35758
2024-08-22 02:00:00,201.36,201.94,201.13,201.46,35717
2024-08-22 03:00:00,201.46,202.44,201.27,202.22,34282
2024-08-22 04:00:00,202.22,206.52,201.55,205.84,37674
2024-08-22 05:00:00,205.84,206.25,205.02,205.2,35764
2024-08-22 06:00:00,205.2,205.28,204.11,204.18,35839
2024-08-22 07:00:00,204.18,205.35,204.01,205.23,36000
2024-08-22 08:00:00,205.23,205.92,204.36,205.01,73797
2024-08-22 09:00:00,205.01,206.56,204.85,206.34,75505
2024-08-22 10:00:00,206.34,206.56,204.83,205.34,73949
2024-08-22 11:00:00,205.34,207.09,204.74,206.07,73674
2024-08-22 12:00:00,206.07,209.32,205.9,208.5,71193
2024-08-22 13:00:00,208.5,210.46,208.15,209.13,93120
2024-08-22 14:00:00,209.13,210.17,208.37,209.18,98678
2024-08-22 15:00:00,209.18,210.43,207.7,207.85,86336
2024-08-22 16:00:00,207.85,209.58,207.03,209.31,89144
2024-08-22 17:00:00,209.31,209.54,205.87,206.47,94924
2024-08-22 18:00:00,206.47,207.24,205.7,206.52,87903
2024-08-22 19:00:00,206.52,206.76,204.78,205.2,92471
2024-08-22 20:00:00,205.2,205.37,203.64,204.03,93843
2024-08-22 21:00:00,204.03,204.56,203.93,204.38,30391
2024-08-22 22:00:00,204.38,204.39,204.24,204.3,6316
2024-08-22 23:00:00,204.3,204.96,204.12,204.36,30285
2024-08-23 00:00:00,204.36,204.7,203.89,204.35,34754
2024-08-23 01:00:00,204.35,204.49,203.86,204.15,33908
2024-08-23 02:00:00,204.15,204.32,203.25,203.53,37347
2024-08-23 03:00:00,203.53,203.61,203.09,203.37,35925
2024-08-23 04:00:00,203.37,207.9,201.12,207.32,34369
2024-08-23 05:00:00,207.32,207.73,206.94,207.62,36904
2024-08-23 06:00:00,207.62,207.64,206.42,206.71,34599
2024-08-23 07:00:00,206.71,207.62,206.38,206.92,35397
2024-08-23 08:00:00,206.92,207.95,206.46,207.27,71612
2024-08-23 09:00:00,207.27,207.88,205.96,206.36,68430
2024-08-23 10:00:00,206.36,206.4,205.02,205.43,72359
2024-08-23 11:00:00,205.43,206.3,204.07,205.08,68660
2024-08-23 12:00:00,205.08,207.24,204.9,207.09,72907
2024-08-23 13:00:00,207.09,207.32,204.72,206.15,90689
2024-08-23 14:00:00,206.15,206.89,203.69,204.18,95054
2024-08-23 15:00:00,204.18,204.84,202.15,202.84,95946
2024-08-23 16:00:00,202.84,203.29,201.29,201.88,92433
2024-08-23 17:00:00,201.88,203.97,201.7,203.15,86138
2024-08-23 18:00:00,203.15,203.55,201.21,202.0,95134
2024-08-23 19:00:00,202.0,203.62,201.09,202.8,88636
2024-08-23 20:00:00,202.8,204.17,202.5,203.22,89321
2024-08-23 21:00:00,203.22,212.27,198.84,206.34,32315
2024-08-23 22:00:00,206.34,206.49,206.21,206.35,6154
2024-08-23 23:00:00,206.35,206.83,206.06,206.58,30973
2024-08-26 00:00:00,206.58,207.03,205.85,206.13,35440
2024-08-26 01:00:00,206.13,206.51,205.79,206.29,36647
2024-08-26 02:00:00,206.29,206.41,205.19,205.22,34993
2024-08-26 03:00:00,205.22,210.3,201.94,201.97,33722
2024-08-26 04:00:00,201.97,203.22,201.71,203.11,36446
2024-08-26 05:00:00,203.11,208.92,193.61,200.55,36046
2024-08-26 06:00:00,200.55,201.76,200.0,201.64,37769
2024-08-26 07:00:00,201.64,203.48,201.47,203.23,37461
2024-08-26 08:00:00,203.23,205.85,202.8,205.01,69165
2024-08-26 09:00:00,205.01,208.97,204.6,208.42,71262
2024-08-26 10:00:00,208.42,209.95,207.84,209.28,74952
2024-08-26 11:00:00,209.28,209.6,204.85,208.91,78873
2024-08-26 12:00:00,208.91,212.1,207.69,211.77,68779
2024-08-26 13:00:00,211.77,215.78,211.53,214.98,87798
2024-08-26 14:00:00,214.98,217.78,214.2,215.47,87771
2024-08-26 15:00:00,215.47,216.67,212.93,214.87,91607
2024-08-26 16:00:00,214.87,218.94,214.34,218.24,94206
2024-08-26 17:00:00,218.24,220.12,215.95,219.02,89376
2024-08-26 18:00:00,219.02,220.24,217.84,219.85,94311
2024-08-26 19:00:00,219.85,225.58,218.67,223.09,84353
2024-08-26 20:00:00,223.09,228.59,222.59,227.47,97012
2024-08-26 21:00:00,227.47,230.06,227.37,229.82,29315
2024-08-26 22:00:00,229.82,232.07,229.78,231.95,6080
2024-08-26 23:00:00,231.95,234.66,231.8,234.47,28371
2024-08-27 00:00:00,234.47,235.67,233.56,235.53,36182
2024-08-27 01:00:00,235.53,237.34,235.29,237.02,36680
2024-08-27 02:00:00,237.02,239.66,236.87,239.22,35742
2024-08-27 03:00:00,239.22,242.96,239.12,242.44,37182
2024-08-27 04:00:00,242.44,245.28,242.32,244.69,36153
2024-08-27 05:00:00,244.69,247.87,244.39,247.72,34114
2024-08-27 06:00:00,247.72,248.78,247.65,248.4,34664
2024-08-27 07:00:00,248.4,249.0,247.64,248.01,32729
2024-08-27 08:00:00,248.01,249.94,247.25,247.85,68646
2024-08-27 09:00:00,247.85,251.77,246.25,251.36,73343
2024-08-27 10:00:00,251.36,256.62,250.5,255.95,71120
2024-08-27 11:00:00,255.95,259.46,255.33,258.84,69744
2024-08-27 12:00:00,258.84,261.55,258.36,261.1,72977
2024-08-27 13:00:00,261.1,264.1,259.22,262.83,98895
2024-08-27 14:00:00,262.83,268.69,261.58,267.91,90022
2024-08-27 15:00:00,267.91,269.38,265.25,265.76,88697
2024-08-27 16:00:00,265.76,268.64,265.1,266.54,88381
2024-08-27 17:00:00,266.54,270.72,265.83,270.04,91924
2024-08-27 18:00:00,270.04,271.64,268.38,269.69,90301
2024-08-27 19:00:00,269.69,273.17,268.58,269.64,94520
2024-08-27 20:00:00,269.64,272.01,268.25,270.5,84066
2024-08-27 21:00:00,270.5,273.68,270.31,273.29,27770
2024-08-27 22:00:00,273.29,276.05,273.17,276.01,6229
2024-08-27 23:00:00,276.01,292.35,275.59,283.9,30473
2024-08-28 00:00:00,283.9,287.09,283.38,286.76,35165
2024-08-28 01:00:00,286.76,290.3,286.51,289.15,35862
2024-08-28 02:00:00,289.15,290.66,288.65,289.92,34339
2024-08-28 03:00:00,289.92,292.74,289.76,292.43,36165
2024-08-28 04:00:00,292.43,297.34,292.31,295.8,34838
2024-08-28 05:00:00,295.8,296.67,291.42,293.71,36071
2024-08-28 06:00:00,293.71,295.55,290.81,294.54,37342
2024-08-28 07:00:00,294.54,295.43,287.82,292.63,35886
2024-08-28 08:00:00,292.63,301.29,289.87,299.09,73536
2024-08-28 09:00:00,299.09,300.25,286.51,291.72,75204
2024-08-28 10:00:00,291.72,294.44,285.45,291.2,72116
2024-08-28 11:00:00,291.2,297.97,284.06,292.17,72195
2024-08-28 12:00:00,292.17,296.54,282.54,286.95,72583
2024-08-28 13:00:00,286.95,293.86,275.83,283.44,87586
2024-08-28 14:00:00,283.44,295.09,281.34,286.66,89242
2024-08-28 15:00:00,286.66,287.57,272.5,278.04,88609
2024-08-28 16:00:00,278.04,279.41,256.85,261.16,94452
2024-08-28 17:00:00,261.16,270.34,257.44,261.02,91094
2024-08-28 18:00:00,261.02,268.03,255.29,263.39,83742
2024-08-28 19:00:00,263.39,271.66,241.92,246.83,96089
2024-08-28 20:00:00,246.83,249.03,234.79,240.7,92244
2024-08-28 21:00:00,240.7,242.6,238.27,239.23,30599
2024-08-28 22:00:00,239.23,240.6,238.93,239.93,5949
2024-08-28 23:00:00,239.93,242.6,239.36,240.2,29653
2024-08-29 00:00:00,240.2,242.15,238.51,240.42,35245
2024-08-29 01:00:00,240.42,242.93,238.02,239.24,35968
2024-08-29 02:00:00,239.24,246.12,231.95,244.13,35471
2024-08-29 03:00:00,244.13,249.36,242.76,244.06,35190
2024-08-29 04:00:00,244.06,257.94,241.95,252.02,35510
2024-08-29 05:00:00,252.02,253.62,247.98,253.01,36006
2024-08-29 06:00:00,253.01,256.33,250.31,255.25,35425
2024-08-29 07:00:00,255.25,257.07,250.61,254.04,33522
2024-08-29 08:00:00,254.04,260.41,252.42,256.31,73624
2024-08-29 09:00:00,256.31,263.7,253.63,256.22,69034
2024-08-29 10:00:00,256.22,258.59,241.52,244.42,67215
2024-08-29 11:00:00,244.42,249.15,240.3,246.85,69407
2024-08-29 12:00:00,246.85,249.33,238.56,240.35,71682
2024-08-29 13:00:00,240.35,244.68,229.43,234.9,90088
2024-08-29 14:00:00,234.9,240.11,225.72,230.24,89914
2024-08-29 15:00:00,230.24,241.74,227.84,229.66,93487
2024-08-29 16:00:00,229.66,247.41,226.49,245.7,92652
2024-08-29 17:00:00,245.7,249.0,239.28,243.26,87677
2024-08-29 18:00:00,243.26,248.64,237.77,241.64,88079
2024-08-29 19:00:00,241.64,243.21,232.39,235.03,86139
2024-08-29 20:00:00,235.03,241.41,229.09,234.15,92158
2024-08-29 21:00:00,234.15,235.93,233.17,234.74,28946
2024-08-29 22:00:00,234.74,235.4,234.33,234.71,5772
2024-08-29 23:00:00,234.71,240.64,234.36,238.42,30101
2024-08-30 00:00:00,238.42,239.64,230.2,232.35,33341
2024-08-30 01:00:00,232.35,234.75,228.87,233.21,35679
2024-08-30 02:00:00,233.21,234.45,228.31,230.05,36783
2024-08-30 03:00:00,230.05,230.5,226.16,228.07,36028
2024-08-30 04:00:00,228.07,229.97,226.17,229.19,38259
2024-08-30 05:00:00,229.19,233.91,216.68,223.09,36793
2024-08-30 06:00:00,223.09,226.26,218.43,224.2,36455
2024-08-30 07:00:00,224.2,228.78,222.92,228.66,35749
2024-08-30 08:00:00,228.66,236.95,227.91,232.26,72799
2024-08-30 09:00:00,232.26,240.21,230.19,237.85,74774
2024-08-30 10:00:00,237.85,240.61,226.89,229.45,74995
2024-08-30 11:00:00,229.45,239.79,225.82,237.73,74450
2024-08-30 12:00:00,237.73,241.42,233.82,239.88,71024
2024-08-30 13:00:00,239.88,241.65,231.55,232.18,93051
2024-08-30 14:00:00,232.18,244.81,228.69,235.18,92441
2024-08-30 15:00:00,235.18,238.8,229.51,232.8,92669
2024-08-30 16:00:00,232.8,238.29,229.55,231.25,92430
2024-08-30 17:00:00,231.25,233.59,219.64,223.52,86607
2024-08-30 18:00:00,223.52,224.87,210.43,214.04,86728
2024-08-30 19:00:00,214.04,218.69,210.88,217.47,87236
2024-08-30 20:00:00,217.47,224.32,213.39,218.4,87638
2024-08-30 21:00:00,218.4,221.22,216.38,219.04,30835
2024-08-30 22:00:00,219.04,219.51,218.69,219.15,6264
2024-08-30 23:00:00,219.15,222.04,217.65,220.28,30103
2024-09-02 00:00:00,220.28,224.51,218.61,220.96,35530
2024-09-02 01:00:00,220.96,222.4,219.16,220.6,33439
2024-09-02 02:00:00,220.6,223.66,219.12,222.29,35964
2024-09-02 03:00:00,222.29,225.19,220.53,222.28,35645
2024-09-02 04:00:00,222.28,227.99,221.46,224.48,39275
2024-09-02 05:00:00,224.48,225.62,219.36,222.61,37792
2024-09-02 06:00:00,222.61,226.9,220.69,225.34,37182
2024-09-02 07:00:00,225.34,227.11,221.17,222.09,36751
2024-09-02 08:00:00,222.09,226.11,217.33,219.38,70951
2024-09-02 09:00:00,219.38,222.76,215.26,219.12,72655
2024-09-02 10:00:00,219.12,222.27,211.92,213.95,71827
2024-09-02 11:00:00,213.95,214.55,205.32,212.6,74688
2024-09-02 12:00:00,212.6,217.66,210.92,212.14,73779
2024-09-02 13:00:00,212.14,217.28,210.92,216.92,89381
2024-09-02 14:00:00,216.92,221.4,216.01,220.26,92953
2024-09-02 15:00:00,220.26,225.76,219.55,224.93,91457
2024-09-02 16:00:00,224.93,231.28,224.05,229.43,86254
2024-09-02 17:00:00,229.43,234.68,229.08,233.0,88337
2024-09-02 18:00:00,233.0,238.66,232.09,237.71,82961
2024-09-02 19:00:00,237.71,241.3,236.73,239.66,84241
2024-09-02 20:00:00,239.66,241.11,237.4,238.31,92148
2024-09-02 21:00:00,238.31,240.83,237.99,240.57,28885
2024-09-02 22:00:00,240.57,242.78,240.51,242.64,5777
2024-09-02 23:00:00,242.64,245.34,242.32,245.05,29782
2024-09-03 00:00:00,245.05,248.36,244.42,248.28,36096
2024-09-03 01:00:00,248.28,250.86,248.19,250.64,35445
2024-09-03 02:00:00,250.64,251.84,250.22,251.67,35740
2024-09-03 03:00:00,251.67,256.54,251.36,256.04,36785
2024-09-03 04:00:00,256.04,257.94,255.85,257.46,35901
2024-09-03 05:00:00,257.46,260.26,257.19,259.86,34708
2024-09-03 06:00:00,259.86,262.91,259.44,262.3,31812
2024-09-03 07:00:00,262.3,264.76,262.0,264.38,39217
2024-09-03 08:00:00,264.38,266.31,262.57,266.1,68076
2024-09-03 09:00:00,266.1,273.04,265.83,271.72,74619
2024-09-03 10:00:00,271.72,277.5,270.92,275.3,65806
2024-09-03 11:00:00,275.3,280.22,274.71,279.78,72302
2024-09-03 12:00:00,279.78,294.69,278.48,287.72,74383
2024-09-03 13:00:00,287.72,289.02,285.36,287.12,93477
2024-09-03 14:00:00,287.12,294.22,286.15,294.01,87965
2024-09-03 15:00:00,294.01,302.32,293.52,300.55,87506
2024-09-03 16:00:00,300.55,305.33,299.09,303.81,89036
2024-09-03 17:00:00,303.81,310.43,302.13,308.77,96183
2024-09-03 18:00:00,308.77,313.97,306.95,313.22,92390
2024-09-03 19:00:00,313.22,322.09,305.89,320.84,87228
2024-09-03 20:00:00,320.84,324.06,320.15,322.68,91566
2024-09-03 21:00:00,322.68,327.19,322.48,327.09,30701
2024-09-03 22:00:00,327.09,329.73,327.09,329.66,5825
2024-09-03 23:00:00,329.66,334.26,329.53,333.96,28201
2024-09-04 00:00:00,333.96,338.42,333.52,338.11,34517
2024-09-04 01:00:00,338.11,340.31,332.21,333.99,37565
2024-09-04 02:00:00,333.99,335.13,333.24,334.81,35988
2024-09-04 03:00:00,334.81,336.13,334.66,335.61,35599
2024-09-04 04:00:00,335.61,337.02,334.83,336.46,36157
2024-09-04 05:00:00,336.46,352.2,327.24,336.04,36145
2024-09-04 06:00:00,336.04,336.34,334.47,335.13,35061
2024-09-04 07:00:00,335.13,335.74,334.15,335.55,34158
2024-09-04 08:00:00,335.55,336.98,334.22,334.7,72036
2024-09-04 09:00:00,334.7,337.84,334.15,336.66,74167
2024-09-04 10:00:00,336.66,338.62,335.86,337.23,70453
2024-09-04 11:00:00,337.23,337.97,334.65,337.04,77672
2024-09-04 12:00:00,337.04,338.57,335.48,336.99,72894
2024-09-04 13:00:00,336.99,339.41,336.2,338.86,90441
2024-09-04 14:00:00,338.86,340.98,338.02,340.07,89640
2024-09-04 15:00:00,340.07,344.62,338.43,343.1,93691
2024-09-04 16:00:00,343.1,351.44,333.41,339.57,85376
2024-09-04 17:00:00,339.57,342.34,338.96,341.02,91345
2024-09-04 18:00:00,341.02,343.0,339.13,340.98,90694
2024-09-04 19:00:00,340.98,346.22,334.34,337.61,88570
2024-09-04 20:00:00,337.61,339.02,335.58,337.94,96074
2024-09-04 21:00:00,337.94,338.54,337.27,338.1,28646
2024-09-04 22:00:00,338.1,338.12,337.83,337.96,5628
2024-09-04 23:00:00,337.96,338.63,336.89,337.45,30833
2024-09-05 00:00:00,337.45,338.4,336.59,338.11,37491
2024-09-05 01:00:00,338.11,338.51,336.76,336.9,34288
2024-09-05 02:00:00,336.9,338.37,336.58,337.97,36836
2024-09-05 03:00:00,337.97,340.39,337.58,340.27,34459
2024-09-05 04:00:00,340.27,342.72,340.06,342.53,35399
2024-09-05 05:00:00,342.53,342.86,341.32,342.08,36719
2024-09-05 06:00:00,342.08,342.91,341.61,341.86,36339
2024-09-05 07:00:00,341.86,343.94,341.83,343.74,34942
2024-09-05 08:00:00,343.74,345.63,342.71,343.53,71479
2024-09-05 09:00:00,343.53,345.46,342.44,344.66,73799
2024-09-05 10:00:00,344.66,358.13,340.5,347.73,69570
2024-09-05 11:00:00,347.73,348.48,344.0,345.36,72200
2024-09-05 12:00:00,345.36,348.35,344.82,348.09,74493
2024-09-05 13:00:00,348.09,349.34,345.13,346.94,88642
2024-09-05 14:00:00,346.94,350.67,346.64,348.36,97378
2024-09-05 15:00:00,348.36,350.29,347.41,348.45,94426
2024-09-05 16:00:00,348.45,349.74,345.8,346.56,92062
2024-09-05 17:00:00,346.56,348.0,344.47,345.58,91400
2024-09-05 18:00:00,345.58,349.66,344.8,348.9,86647
2024-09-05 19:00:00,348.9,350.99,347.88,348.93,89101
2024-09-05 20:00:00,348.93,351.49,347.85,348.92,89657
2024-09-05 21:00:00,348.92,349.96,348.7,349.06,30099
2024-09-05 22:00:00,349.06,349.39,349.04,349.33,5908
2024-09-05 23:00:00,349.33,357.95,337.2,342.95,30535
2024-09-06 00:00:00,342.95,343.7,342.12,343.49,35470
2024-09-06 01:00:00,343.49,343.78,341.91,342.45,35598
2024-09-06 02:00:00,342.45,342.92,341.67,341.84,38595
2024-09-06 03:00:00,341.84,342.97,341.38,342.68,35380
2024-09-06 04:00:00,342.68,343.53,342.36,343.01,35035
2024-09-06 05:00:00,343.01,343.76,342.48,342.55,36499
2024-09-06 06:00:00,342.55,342.78,341.17,341.56,36157
2024-09-06 07:00:00,341.56,342.09,340.78,341.31,38255
2024-09-06 08:00:00,341.31,343.39,341.08,342.56,70733
2024-09-06 09:00:00,342.56,344.09,339.47,339.93,65437
2024-09-06 10:00:00,339.93,341.44,338.85,340.29,69846
2024-09-06 11:00:00,340.29,341.47,339.49,340.17,74722
2024-09-06 12:00:00,340.17,352.93,331.72,345.69,71641
2024-09-06 13:00:00,345.69,350.49,345.51,349.04,90235
2024-09-06 14:00:00,349.04,351.08,346.9,349.92,87351
2024-09-06 15:00:00,349.92,349.93,345.03,346.08,94070
2024-09-06 16:00:00,346.08,347.44,344.32,346.06,90300
2024-09-06 17:00:00,346.06,347.97,343.73,345.69,90425
2024-09-06 18:00:00,345.69,348.39,344.56,347.64,90893
2024-09-06 19:00:00,347.64,349.79,345.33,349.43,90920
2024-09-06 20:00:00,349.43,350.29,346.07,348.52,92259
2024-09-06 21:00:00,348.52,349.6,348.26,348.54,26769
2024-09-06 22:00:00,348.54,348.57,348.19,348.41,6032
2024-09-06 23:00:00,348.41,348.8,346.99,347.05,30276
2024-09-09 00:00:00,347.05,348.46,346.63,347.97,35174
2024-09-09 01:00:00,347.97,348.78,347.5,347.97,35882
2024-09-09 02:00:00,347.97,349.05,347.15,348.91,34947
2024-09-09 03:00:00,348.91,350.16,348.24,348.28,34553
2024-09-09 04:00:00,348.28,348.86,347.29,348.02,37308
2024-09-09 05:00:00,348.02,348.72,347.34,348.05,37179
2024-09-09 06:00:00,348.05,349.49,347.9,348.17,36166
2024-09-09 07:00:00,348.17,350.26,347.83,349.78,34862
2024-09-09 08:00:00,349.78,353.69,349.44,353.19,77433
2024-09-09 09:00:00,353.19,355.01,351.91,353.59,71589
2024-09-09 10:00:00,353.59,364.09,349.3,360.1,73141
2024-09-09 11:00:00,360.1,363.09,349.13,355.24,71867
2024-09-09 12:00:00,355.24,356.34,354.55,355.67,75750
2024-09-09 13:00:00,355.67,356.71,352.59,353.18,87653
2024-09-09 14:00:00,353.18,356.09,352.12,354.38,89167
2024-09-09 15:00:00,354.38,355.61,352.35,354.47,90167
2024-09-09 16:00:00,354.47,355.22,350.4,353.8,93665
2024-09-09 17:00:00,353.8,358.57,353.29,356.59,90842
2024-09-09 18:00:00,356.59,363.04,347.01,352.02,89572
2024-09-09 19:00:00,352.02,357.07,351.89,356.31,89377
2024-09-09 20:00:00,356.31,359.83,354.4,359.22,91220
2024-09-09 21:00:00,359.22,359.84,358.59,358.65,29456
2024-09-09 22:00:00,358.65,358.86,358.5,358.62,6398
2024-09-09 23:00:00,358.62,360.11,358.26,360.05,30217
2024-09-10 00:00:00,360.05,361.72,359.92,361.03,34451
2024-09-10 01:00:00,361.03,361.57,360.22,360.59,37521
2024-09-10 02:00:00,360.59,360.81,359.42,359.54,35820
2024-09-10 03:00:00,359.54,362.68,345.16,355.86,36039
2024-09-10 04:00:00,355.86,357.68,355.4,357.09,34286
2024-09-10 05:00:00,357.09,358.02,356.75,356.89,34230
2024-09-10 06:00:00,356.89,357.44,355.97,357.17,34176
2024-09-10 07:00:00,357.17,358.66,357.0,357.71,34766
2024-09-10 08:00:00,357.71,358.92,356.23,358.22,74285
2024-09-10 09:00:00,358.22,359.85,356.87,357.05,71057
2024-09-10 10:00:00,357.05,363.61,350.12,352.36,70248
2024-09-10 11:00:00,352.36,353.0,350.18,351.64,69981
2024-09-10 12:00:00,351.64,351.82,349.01,350.48,72961
2024-09-10 13:00:00,350.48,352.25,347.98,351.25,94612
2024-09-10 14:00:00,351.25,354.0,349.75,350.66,90974
2024-09-10 15:00:00,350.66,356.89,350.19,355.94,85188
2024-09-10 16:00:00,355.94,357.5,353.64,356.76,90428
2024-09-10 17:00:00,356.76,358.1,354.56,356.37,91269
2024-09-10 18:00:00,356.37,362.43,346.54,350.81,95401
2024-09-10 19:00:00,350.81,351.61,347.48,348.82,85960
2024-09-10 20:00:00,348.82,355.86,345.65,355.44,89231
2024-09-10 21:00:00,355.44,356.01,352.97,353.34,30256
2024-09-10 22:00:00,353.34,353.39,349.99,350.11,6200
2024-09-10 23:00:00,350.11,351.49,349.08,349.58,31241
2024-09-11 00:00:00,349.58,349.82,345.66,345.83,32068
2024-09-11 01:00:00,345.83,346.22,343.24,343.71,37832
2024-09-11 02:00:00,343.71,345.53,342.89,343.06,35071
2024-09-11 03:00:00,343.06,343.32,339.67,340.15,32921
2024-09-11 04:00:00,340.15,340.28,336.4,336.42,35807
2024-09-11 05:00:00,336.42,336.67,333.99,335.55,35873
2024-09-11 06:00:00,335.55,335.72,332.28,332.55,34049
2024-09-11 07:00:00,332.55,332.81,330.95,331.23,35900
2024-09-11 08:00:00,331.23,332.6,325.21,326.37,67089
2024-09-11 09:00:00,326.37,327.54,314.52,318.12,77744
2024-09-11 10:00:00,318.12,319.54,316.65,318.02,72147
2024-09-11 11:00:00,318.02,318.5,314.39,315.53,71862
2024-09-11 12:00:00,315.53,315.78,310.88,311.88,72661
2024-09-11 13:00:00,311.88,320.68,305.73,314.36,84947
2024-09-11 14:00:00,314.36,315.94,310.03,311.17,92000
2024-09-11 15:00:00,311.17,330.0,305.87,320.34,93056
2024-09-11 16:00:00,320.34,320.82,312.97,313.79,93884
2024-09-11 17:00:00,313.79,318.36,311.2,315.96,87247
2024-09-11 18:00:00,315.96,316.62,305.18,308.62,88637
2024-09-11 19:00:00,308.62,308.86,301.41,303.43,85080
2024-09-11 20:00:00,303.43,304.67,297.59,299.58,91265
2024-09-11 21:00:00,299.58,299.74,297.65,298.15,29707
2024-09-11 22:00:00,298.15,298.24,295.0,295.01,6013
2024-09-11 23:00:00,295.01,295.28,290.81,291.03,29759
2024-09-12 00:00:00,291.03,291.33,286.46,286.83,32838
2024-09-12 01:00:00,286.83,287.02,283.94,284.09,37697
2024-09-12 02:00:00,284.09,284.97,280.22,280.43,36287
2024-09-12 03:00:00,280.43,280.61,278.07,278.26,37159
2024-09-12 04:00:00,278.26,278.39,273.59,273.92,34943
2024-09-12 05:00:00,273.92,274.11,270.27,270.5,37854
2024-09-12 06:00:00,270.5,270.55,267.48,267.96,36759
2024-09-12 07:00:00,267.96,268.42,265.73,265.91,34185
2024-09-12 08:00:00,265.91,266.1,262.33,263.37,71569
2024-09-12 09:00:00,263.37,265.47,258.06,258.6,71186
2024-09-12 10:00:00,258.6,259.64,255.08,256.08,71237
2024-09-12 11:00:00,256.08,257.06,250.77,251.62,73338
2024-09-12 12:00:00,251.62,252.28,248.57,249.49,75177
2024-09-12 13:00:00,249.49,251.59,246.53,247.64,85939
2024-09-12 14:00:00,247.64,247.87,244.44,246.21,92722
2024-09-12 15:00:00,246.21,247.58,245.19,246.18,82749
2024-09-12 16:00:00,246.18,246.6,244.21,245.05,88256
2024-09-12 17:00:00,245.05,246.13,242.36,243.11,92386
2024-09-12 18:00:00,243.11,243.67,240.74,241.48,89078
2024-09-12 19:00:00,241.48,246.36,235.32,243.94,94114
2024-09-12 20:00:00,243.94,244.04,241.98,242.63,92380
2024-09-12 21:00:00,242.63,253.58,239.43,246.51,30597
2024-09-12 22:00:00,246.51,246.79,246.45,246.7,5748
2024-09-12 23:00:00,246.7,247.09,246.45,246.88,31129
2024-09-13 00:00:00,246.88,247.45,246.67,247.29,35926
2024-09-13 01:00:00,247.29,247.66,246.82,247.34,34698
2024-09-13 02:00:00,247.34,247.73,246.76,247.06,36978
2024-09-13 03:00:00,247.06,247.76,246.82,247.48,38274
2024-09-13 04:00:00,247.48,253.72,239.81,250.22,39285
2024-09-13 05:00:00,250.22,250.69,249.5,249.65,36678
2024-09-13 06:00:00,249.65,250.62,249.31,250.14,33190
2024-09-13 07:00:00,250.14,251.27,250.03,250.83,36643
2024-09-13 08:00:00,250.83,252.19,250.22,251.82,67278
2024-09-13 09:00:00,251.82,253.56,251.19,252.85,75152
2024-09-13 10:00:00,252.85,254.0,252.14,253.11,69280
2024-09-13 11:00:00,253.11,254.53,252.18,253.17,76872
2024-09-13 12:00:00,253.17,254.6,252.81,253.12,69583
2024-09-13 13:00:00,253.12,253.25,249.39,249.66,91435
2024-09-13 14:00:00,249.66,250.63,238.11,245.8,97271
2024-09-13 15:00:00,245.8,248.42,245.27,247.32,90515
2024-09-13 16:00:00,247.32,248.45,245.34,247.21,96202
2024-09-13 17:00:00,247.21,248.09,245.22,247.56,90123
2024-09-13 18:00:00,247.56,248.51,246.19,246.61,89914
2024-09-13 19:00:00,246.61,247.88,244.96,245.87,88360
2024-09-13 20:00:00,245.87,246.74,243.83,244.97,88175
2024-09-13 21:00:00,244.97,245.13,243.95,244.07,30470
2024-09-13 22:00:00,244.07,244.13,243.75,243.87,6112
2024-09-13 23:00:00,243.87,244.34,243.21,243.66,29310
2024-09-16 00:00:00,243.66,244.06,242.96,243.49,35334
2024-09-16 01:00:00,243.49,243.6,242.2,242.5,36312
2024-09-16 02:00:00,242.5,242.73,242.03,242.39,36448
2024-09-16 03:00:00,242.39,243.23,242.19,243.1,35847
2024-09-16 04:00:00,243.1,243.7,242.48,243.34,36126
2024-09-16 05:00:00,243.34,249.82,238.24,239.58,32509
2024-09-16 06:00:00,239.58,242.32,238.95,242.05,35418
2024-09-16 07:00:00,242.05,249.8,237.19,241.59,35392
2024-09-16 08:00:00,241.59,245.43,241.2,244.23,71335
2024-09-16 09:00:00,244.23,249.91,238.6,247.42,71371
2024-09-16 10:00:00,247.42,251.55,245.93,250.34,71003
2024-09-16 11:00:00,250.34,252.18,249.12,250.27,73453
2024-09-16 12:00:00,250.27,252.96,249.33,252.31,71459
2024-09-16 13:00:00,252.31,256.64,248.93,255.28,90005
2024-09-16 14:00:00,255.28,256.88,253.28,254.69,89076
2024-09-16 15:00:00,254.69,257.82,254.19,256.17,82334
2024-09-16 16:00:00,256.17,260.54,255.72,260.11,88846
2024-09-16 17:00:00,260.11,263.78,259.59,262.46,87416
2024-09-16 18:00:00,262.46,263.43,259.56,262.22,88584
2024-09-16 19:00:00,262.22,264.45,260.67,262.82,83276
2024-09-16 20:00:00,262.82,267.04,261.97,266.39,90487
2024-09-16 21:00:00,266.39,268.74,265.96,268.41,29608
2024-09-16 22:00:00,268.41,270.67,268.36,270.54,5935
2024-09-16 23:00:00,270.54,271.81,270.23,271.06,32170
2024-09-17 00:00:00,271.06,273.99,270.89,273.89,39152
2024-09-17 01:00:00,273.89,276.84,273.75,276.45,34937
2024-09-17 02:00:00,276.45,278.33,275.53,277.93,33843
2024-09-17 03:00:00,277.93,280.81,277.38,280.7,36861
2024-09-17 04:00:00,280.7,281.34,280.09,280.8,33256
2024-09-17 05:00:00,280.8,284.59,280.75,284.42,35498
2024-09-17 06:00:00,284.42,285.69,283.62,285.63,35512
2024-09-17 07:00:00,285.63,289.17,285.14,288.91,36991
2024-09-17 08:00:00,288.91,291.85,288.61,290.21,72973
2024-09-17 09:00:00,290.21,294.09,288.98,292.11,69241
2024-09-17 10:00:00,292.11,296.4,291.81,295.17,71802
2024-09-17 11:00:00,295.17,296.39,292.2,295.76,72706
2024-09-17 12:00:00,295.76,298.19,293.2,297.95,76920
2024-09-17 13:00:00,297.95,306.0,296.62,305.43,91613
2024-09-17 14:00:00,305.43,315.1,304.34,313.08,90646
2024-09-17 15:00:00,313.08,318.15,312.7,317.63,95531
2024-09-17 16:00:00,317.63,318.81,314.39,316.0,88118
2024-09-17 17:00:00,316.0,319.23,312.66,317.96,92369
2024-09-17 18:00:00,317.96,326.79,317.07,325.4,94233
2024-09-17 19:00:00,325.4,328.5,322.22,325.54,88279
2024-09-17 20:00:00,325.54,329.24,323.18,328.57,89642
2024-09-17 21:00:00,328.57,332.52,328.22,332.43,30069
2024-09-17 22:00:00,332.43,335.21,332.24,335.12,5894
2024-09-17 23:00:00,335.12,338.64,334.54,338.04,28522
2024-09-18 00:00:00,338.04,341.79,337.9,341.31,35569
2024-09-18 01:00:00,341.31,345.56,341.21,344.95,35479
2024-09-18 02:00:00,344.95,348.15,344.69,347.96,33778
2024-09-18 03:00:00,347.96,352.17,347.88,351.79,35117
2024-09-18 04:00:00,351.79,355.68,351.62,354.98,37497
2024-09-18 05:00:00,354.98,358.69,354.6,358.33,35189
2024-09-18 06:00:00,358.33,363.97,357.43,363.32,35303
2024-09-18 07:00:00,363.32,367.09,363.19,366.89,35756
2024-09-18 08:00:00,366.89,372.85,366.73,372.75,68142
2024-09-18 09:00:00,372.75,387.38,369.33,376.77,70124
2024-09-18 10:00:00,376.77,385.22,376.08,383.53,72508
2024-09-18 11:00:00,383.53,384.96,381.17,383.99,73814
2024-09-18 12:00:00,383.99,387.35,381.92,383.68,74147
2024-09-18 13:00:00,383.68,386.7,381.08,384.6,87097
2024-09-18 14:00:00,384.6,386.91,382.01,385.99,88954
2024-09-18 15:00:00,385.99,390.01,383.37,387.56,89406
2024-09-18 16:00:00,387.56,392.08,384.52,389.72,91842
2024-09-18 17:00:00,389.72,394.94,388.48,390.14,90275
2024-09-18 18:00:00,390.14,395.22,389.31,393.99,83794
2024-09-18 19:00:00,393.99,399.88,392.9,399.2,85897
2024-09-18 20:00:00,399.2,400.8,394.07,395.89,91192
2024-09-18 21:00:00,395.89,400.98,395.83,399.65,28916
2024-09-18 22:00:00,399.65,402.97,399.64,402.95,5895
2024-09-18 23:00:00,402.95,420.23,399.81,413.83,31592
2024-09-19 00:00:00,413.83,414.82,412.1,414.75,33919
2024-09-19 01:00:00,414.75,420.02,414.44,419.41,35009
2024-09-19 02:00:00,419.41,423.9,418.39,423.62,34931
2024-09-19 03:00:00,423.62,427.97,422.86,427.64,34799
2024-09-19 04:00:00,427.64,432.0,426.81,431.88,35689
2024-09-19 05:00:00,431.88,434.88,430.42,434.44,35101
2024-09-19 06:00:00,434.44,439.05,434.24,438.33,36474
2024-09-19 07:00:00,438.33,438.84,436.43,437.61,33403
2024-09-19 08:00:00,437.61,439.68,436.95,438.89,70527
2024-09-19 09:00:00,438.89,441.31,437.28,438.38,72773
2024-09-19 10:00:00,438.38,440.58,436.73,438.42,75333
2024-09-19 11:00:00,438.42,438.76,433.85,434.67,73852
2024-09-19 12:00:00,434.67,436.35,433.52,434.72,76531
2024-09-19 13:00:00,434.72,439.01,433.42,436.95,87531
2024-09-19 14:00:00,436.95,437.37,432.65,433.39,91535
2024-09-19 15:00:00,433.39,436.82,431.74,435.53,86157
2024-09-19 16:00:00,435.53,436.69,432.7,433.14,91430
2024-09-19 17:00:00,433.14,437.89,432.85,434.15,87051
2024-09-19 18:00:00,434.15,434.92,430.04,430.85,84497
2024-09-19 19:00:00,430.85,432.02,427.93,429.28,81788
2024-09-19 20:00:00,429.28,431.46,426.61,428.23,94399
2024-09-19 21:00:00,428.23,435.33,417.76,419.37,29695
2024-09-19 22:00:00,419.37,419.5,419.02,419.24,5596
2024-09-19 23:00:00,419.24,420.72,418.89,420.34,30726
2024-09-20 00:00:00,420.34,420.86,419.03,420.72,37696
2024-09-20 01:00:00,420.72,421.29,419.35,420.38,36824
2024-09-20 02:00:00,420.38,421.1,419.87,420.73,34423
2024-09-20 03:00:00,420.73,422.44,420.42,421.87,33205
2024-09-20 04:00:00,421.87,425.0,421.35,424.34,36473
2024-09-20 05:00:00,424.34,424.76,421.65,422.29,35852
2024-09-20 06:00:00,422.29,423.31,421.72,422.64,36641
2024-09-20 07:00:00,422.64,423.82,421.74,421.92,37727
2024-09-20 08:00:00,421.92,424.57,420.21,423.76,72047
2024-09-20 09:00:00,423.76,424.76,421.75,423.26,73309
2024-09-20 10:00:00,423.26,424.27,420.98,422.41,70345
2024-09-20 11:00:00,422.41,423.53,421.18,422.39,76465
2024-09-20 12:00:00,422.39,432.88,408.11,414.17,73476
2024-09-20 13:00:00,414.17,415.36,411.95,413.45,95496
2024-09-20 14:00:00,413.45,415.45,411.38,413.05,85316
2024-09-20 15:00:00,413.05,413.86,409.91,410.47,89891
2024-09-20 16:00:00,410.47,412.51,407.83,408.76,90994
2024-09-20 17:00:00,408.76,418.22,399.44,400.88,93379
2024-09-20 18:00:00,400.88,403.58,398.91,400.83,87764
2024-09-20 19:00:00,400.83,402.73,398.68,399.35,90947
2024-09-20 20:00:00,399.35,400.59,394.55,394.68,85260
2024-09-20 21:00:00,394.68,395.41,393.63,394.29,31502
2024-09-20 22:00:00,394.29,394.4,393.97,394.04,6173
2024-09-20 23:00:00,394.04,396.15,393.65,396.03,30730
2024-09-23 00:00:00,396.03,396.64,394.45,395.57,35447
2024-09-23 01:00:00,395.57,396.16,394.88,395.93,36928
2024-09-23 02:00:00,395.93,396.62,394.99,395.71,36257
2024-09-23 03:00:00,395.71,404.96,378.72,389.74,34832
2024-09-23 04:00:00,389.74,392.5,389.56,391.71,36584
2024-09-23 05:00:00,391.71,400.99,389.2,398.07,34806
2024-09-23 06:00:00,398.07,398.79,397.41,397.84,36994
2024-09-23 07:00:00,397.84,398.23,396.65,397.74,36539
2024-09-23 08:00:00,397.74,400.52,397.31,398.76,76321
2024-09-23 09:00:00,398.76,401.5,397.62,400.86,67800
2024-09-23 10:00:00,400.86,402.09,398.03,398.45,68487
2024-09-23 11:00:00,398.45,400.92,396.87,397.2,71612
2024-09-23 12:00:00,397.2,400.75,396.08,400.43,80818
2024-09-23 13:00:00,400.43,403.2,398.23,400.55,92324
2024-09-23 14:00:00,400.55,402.15,398.04,399.47,92912
2024-09-23 15:00:00,399.47,399.85,396.73,398.86,95200
2024-09-23 16:00:00,398.86,400.72,396.94,398.58,93106
2024-09-23 17:00:00,398.58,410.83,382.71,394.13,89240
2024-09-23 18:00:00,394.13,395.22,391.36,393.76,90859
2024-09-23 19:00:00,393.76,394.2,388.37,390.85,90844
2024-09-23 20:00:00,390.85,392.42,389.0,391.92,86245
2024-09-23 21:00:00,391.92,395.06,385.6,386.35,28456
2024-09-23 22:00:00,386.35,386.56,386.14,386.49,5913
2024-09-23 23:00:00,386.49,387.34,385.6,387.14,29086
2024-09-24 00:00:00,387.14,387.93,386.32,386.56,35739
2024-09-24 01:00:00,386.56,387.74,385.74,387.69,36039
2024-09-24 02:00:00,387.69,388.29,386.81,387.34,34721
2024-09-24 03:00:00,387.34,387.51,384.96,385.19,34885
2024-09-24 04:00:00,385.19,386.0,384.99,385.21,36938
2024-09-24 05:00:00,385.21,386.86,384.48,386.36,35005
2024-09-24 06:00:00,386.36,387.25,384.49,385.34,34107
2024-09-24 07:00:00,385.34,386.94,384.93,385.92,34644
2024-09-24 08:00:00,385.92,389.13,385.32,387.24,69905
2024-09-24 09:00:00,387.24,388.39,384.93,385.54,68296
2024-09-24 10:00:00,385.54,386.11,382.09,384.02,68816
2024-09-24 11:00:00,384.02,385.1,382.72,384.76,74873
2024-09-24 12:00:00,384.76,385.18,381.14,381.84,70692
2024-09-24 13:00:00,381.84,383.62,380.19,381.87,90606
2024-09-24 14:00:00,381.87,383.57,379.15,382.84,92142
2024-09-24 15:00:00,382.84,385.18,380.7,381.34,90201
2024-09-24 16:00:00,381.34,382.39,378.38,380.59,92988
2024-09-24 17:00:00,380.59,387.34,379.55,387.13,90031
2024-09-24 18:00:00,387.13,391.33,385.01,389.76,92208
2024-09-24 19:00:00,389.76,392.25,389.16,392.06,87584
2024-09-24 20:00:00,392.06,393.4,390.34,392.01,93999
2024-09-24 21:00:00,392.01,392.66,391.01,391.55,29800
2024-09-24 22:00:00,391.55,391.72,391.24,391.41,5956
2024-09-24 23:00:00,391.41,392.24,391.18,391.94,28765
2024-09-25 00:00:00,391.94,394.26,391.7,393.7,37741
2024-09-25 01:00:00,393.7,394.72,393.59,394.15,33809
2024-09-25 02:00:00,394.15,395.03,393.58,394.48,34329
2024-09-25 03:00:00,394.48,395.25,393.67,394.6,35201
2024-09-25 04:00:00,394.6,396.0,393.88,394.14,35453
2024-09-25 05:00:00,394.14,394.71,392.82,394.29,39248
2024-09-25 06:00:00,394.29,395.25,393.8,395.22,34892
2024-09-25 07:00:00,395.22,395.44,394.38,394.56,35740
2024-09-25 08:00:00,394.56,395.5,389.81,392.68,70043
2024-09-25 09:00:00,392.68,394.55,387.31,388.43,69643
2024-09-25 10:00:00,388.43,389.9,380.61,381.26,74509
2024-09-25 11:00:00,381.26,382.01,376.05,376.95,74783
2024-09-25 12:00:00,376.95,377.96,371.05,372.03,70100
2024-09-25 13:00:00,372.03,372.73,365.56,366.58,91614
2024-09-25 14:00:00,366.58,368.08,359.89,360.85,85130
2024-09-25 15:00:00,360.85,368.52,345.08,349.21,91698
2024-09-25 16:00:00,349.21,351.1,347.83,349.18,88238
2024-09-25 17:00:00,349.18,352.45,346.56,347.6,89239
2024-09-25 18:00:00,347.6,349.16,342.44,343.51,90578
2024-09-25 19:00:00,343.51,343.85,335.85,337.5,90640
2024-09-25 20:00:00,337.5,338.01,329.74,332.31,91074
2024-09-25 21:00:00,332.31,332.95,327.94,328.06,29832
2024-09-25 22:00:00,328.06,328.16,325.2,325.41,6101
2024-09-25 23:00:00,325.41,325.89,322.88,323.85,28706
2024-09-26 00:00:00,323.85,324.38,322.06,322.14,38393
2024-09-26 01:00:00,322.14,322.52,320.04,320.53,37062
2024-09-26 02:00:00,320.53,320.53,316.79,317.05,33569
2024-09-26 03:00:00,317.05,317.34,313.4,313.6,35550
2024-09-26 04:00:00,313.6,314.11,312.18,312.32,35823
2024-09-26 05:00:00,312.32,312.72,307.49,308.31,36474
2024-09-26 06:00:00,308.31,308.71,305.91,306.06,37748
2024-09-26 07:00:00,306.06,306.2,302.11,303.13,36882
2024-09-26 08:00:00,303.13,304.25,297.1,297.18,72043
2024-09-26 09:00:00,297.18,299.93,295.71,298.06,75151
2024-09-26 10:00:00,298.06,298.92,296.54,297.71,72289
2024-09-26 11:00:00,297.71,298.39,293.19,293.39,74757
2024-09-26 12:00:00,293.39,293.89,289.34,289.82,72549
2024-09-26 13:00:00,289.82,289.83,282.42,283.1,86914
2024-09-26 14:00:00,283.1,284.35,277.63,278.76,93058
2024-09-26 15:00:00,278.76,281.12,278.38,279.49,95188
2024-09-26 16:00:00,279.49,283.11,277.8,278.15,98493
2024-09-26 17:00:00,278.15,279.04,272.67,275.05,96554
2024-09-26 18:00:00,275.05,275.79,270.16,271.97,87804
2024-09-26 19:00:00,271.97,272.15,266.91,267.16,94349
2024-09-26 20:00:00,267.16,268.59,265.3,267.18,90101
2024-09-26 21:00:00,267.18,267.45,264.93,265.26,28422
2024-09-26 22:00:00,265.26,265.31,262.34,262.39,6163
2024-09-26 23:00:00,262.39,262.76,258.43,258.48,29728
2024-09-27 00:00:00,258.48,258.54,255.27,255.31,34401
2024-09-27 01:00:00,255.31,259.72,247.1,248.42,33805
2024-09-27 02:00:00,248.42,248.61,245.25,245.49,39007
2024-09-27 03:00:00,245.49,245.84,242.31,242.77,33823
2024-09-27 04:00:00,242.77,248.94,234.83,236.81,33394
2024-09-27 05:00:00,236.81,237.8,236.3,236.57,35781
2024-09-27 06:00:00,236.57,236.97,234.41,235.28,33808
2024-09-27 07:00:00,235.28,235.3,231.74,231.88,35990
2024-09-27 08:00:00,231.88,233.74,228.68,228.99,69845
2024-09-27 09:00:00,228.99,229.84,225.7,227.08,69832
2024-09-27 10:00:00,227.08,230.03,226.48,228.05,74418
2024-09-27 11:00:00,228.05,228.93,226.17,226.62,72196
2024-09-27 12:00:00,226.62,227.96,225.33,226.23,73072
2024-09-27 13:00:00,226.23,228.22,224.29,224.55,81405
2024-09-27 14:00:00,224.55,226.13,222.55,223.73,87097
2024-09-27 15:00:00,223.73,225.81,222.02,223.47,88679
2024-09-27 16:00:00,223.47,225.08,218.77,219.09,86479
2024-09-27 17:00:00,219.09,221.26,214.39,215.7,92742
2024-09-27 18:00:00,215.7,216.3,213.37,213.74,88665
2024-09-27 19:00:00,213.74,214.36,211.04,212.49,85084
2024-09-27 20:00:00,212.49,213.74,205.93,206.49,86649
2024-09-27 21:00:00,206.49,206.7,204.06,204.14,29829
2024-09-27 22:00:00,204.14,204.15,202.1,202.13,6347
2024-09-27 23:00:00,202.13,202.42,200.25,200.84,30228
2024-09-30 00:00:00,200.84,201.75,200.49,201.69,36584
2024-09-30 01:00:00,201.69,201.82,201.11,201.55,35759
2024-09-30 02:00:00,201.55,201.76,201.09,201.67,37334
2024-09-30 03:00:00,201.67,202.02,201.24,201.54,35618
2024-09-30 04:00:00,201.54,209.54,196.82,204.91,34571
2024-09-30 05:00:00,204.91,205.33,204.45,204.87,37542
2024-09-30 06:00:00,204.87,205.68,204.59,204.9,35873
2024-09-30 07:00:00,204.9,205.23,204.28,205.1,33781
2024-09-30 08:00:00,205.1,206.12,203.17,203.79,75408
2024-09-30 09:00:00,203.79,204.01,202.27,202.86,71259
2024-09-30 10:00:00,202.86,203.23,201.62,202.74,72742
2024-09-30 11:00:00,202.74,203.41,201.75,202.81,73420
2024-09-30 12:00:00,202.81,203.43,201.22,202.65,70655
2024-09-30 13:00:00,202.65,203.27,201.19,201.62,89384
2024-09-30 14:00:00,201.62,202.69,200.86,201.47,85953
2024-09-30 15:00:00,201.47,203.08,201.3,202.26,89944
2024-09-30 16:00:00,202.26,203.71,201.45,203.2,90859
2024-09-30 17:00:00,203.2,207.99,198.18,205.89,94832
2024-09-30 18:00:00,205.89,206.74,204.87,206.22,90206
2024-09-30 19:00:00,206.22,210.18,205.76,209.64,93667
2024-09-30 20:00:00,209.64,210.84,207.76,208.27,85989
2024-09-30 21:00:00,208.27,208.92,208.14,208.72,30541
2024-09-30 22:00:00,208.72,212.27,206.53,211.27,5969
2024-09-30 23:00:00,211.27,211.66,211.21,211.31,29923
2024-10-01 00:00:00,211.31,211.66,210.78,211.11,35947
2024-10-01 01:00:00,211.11,211.83,210.59,211.3,36309
2024-10-01 02:00:00,211.3,211.41,210.3,210.73,36553
2024-10-01 03:00:00,210.73,211.29,210.48,211.04,35326
2024-10-01 04:00:00,211.04,211.74,210.93,211.49,34131
2024-10-01 05:00:00,211.49,212.02,211.19,211.47,35952
2024-10-01 06:00:00,211.47,211.61,210.21,210.38,36363
2024-10-01 07:00:00,210.38,211.1,210.18,210.88,36069
2024-10-01 08:00:00,210.88,211.53,209.72,210.67,71630
2024-10-01 09:00:00,210.67,213.39,201.61,205.43,68116
2024-10-01 10:00:00,205.43,206.92,205.06,206.56,70060
2024-10-01 11:00:00,206.56,207.32,205.64,205.87,76587
2024-10-01 12:00:00,205.87,206.78,205.03,206.16,75378
2024-10-01 13:00:00,206.16,206.71,204.86,205.74,91779
2024-10-01 14:00:00,205.74,206.11,203.3,204.61,89222
2024-10-01 15:00:00,204.61,205.91,203.87,204.98,92188
2024-10-01 16:00:00,204.98,206.73,200.56,203.02,93108
2024-10-01 17:00:00,203.02,204.34,202.52,203.14,88025
2024-10-01 18:00:00,203.14,204.48,202.0,203.36,91884
2024-10-01 19:00:00,203.36,204.11,202.14,202.9,91734
2024-10-01 20:00:00,202.9,204.05,201.8,202.22,89725
2024-10-01 21:00:00,202.22,202.3,201.54,201.98,31112
2024-10-01 22:00:00,201.98,206.47,194.6,198.72,5906
2024-10-01 23:00:00,198.72,198.76,197.99,198.26,30009
2024-10-02 00:00:00,198.26,198.39,196.76,197.01,34720
2024-10-02 01:00:00,197.01,197.19,196.3,196.42,36631
2024-10-02 02:00:00,196.42,196.9,196.12,196.75,34103
2024-10-02 03:00:00,196.75,196.94,196.08,196.55,35505
2024-10-02 04:00:00,196.55,196.93,196.32,196.69,37319
2024-10-02 05:00:00,196.69,196.97,196.16,196.36,35669
2024-10-02 06:00:00,196.36,200.1,192.94,199.85,35882
2024-10-02 07:00:00,199.85,203.42,191.64,196.84,35482
2024-10-02 08:00:00,196.84,197.74,196.1,196.73,70418
2024-10-02 09:00:00,196.73,197.25,195.87,196.28,75108
2024-10-02 10:00:00,196.28,197.02,194.77,194.92,70564
2024-10-02 11:00:00,194.92,196.03,194.58,195.0,69480
2024-10-02 12:00:00,195.0,195.63,194.05,195.07,72198
2024-10-02 13:00:00,195.07,196.36,194.96,195.74,89529
2024-10-02 14:00:00,195.74,196.92,194.85,196.11,88683
2024-10-02 15:00:00,196.11,201.78,190.74,199.01,89804
2024-10-02 16:00:00,199.01,199.78,197.73,198.85,90158
2024-10-02 17:00:00,198.85,199.99,197.93,199.35,85598
2024-10-02 18:00:00,199.35,199.8,197.32,199.24,91470
2024-10-02 19:00:00,199.24,200.58,198.71,199.5,86919
2024-10-02 20:00:00,199.5,202.07,198.77,200.83,89228
2024-10-02 21:00:00,200.83,201.21,200.22,200.98,29241
2024-10-02 22:00:00,200.98,201.05,200.91,201.03,6140
2024-10-02 23:00:00,201.03,202.07,200.88,201.44,29451
2024-10-03 00:00:00,201.44,201.96,201.25,201.46,35789
2024-10-03 01:00:00,201.46,201.92,201.04,201.31,34696
2024-10-03 02:00:00,201.31,202.37,201.07,202.16,37436
2024-10-03 03:00:00,202.16,202.61,201.66,202.55,33870
2024-10-03 04:00:00,202.55,203.04,202.0,202.31,35773
2024-10-03 05:00:00,202.31,202.48,201.75,202.36,36620
2024-10-03 06:00:00,202.36,202.85,201.96,202.61,36464
2024-10-03 07:00:00,202.61,203.22,202.17,203.16,37523
2024-10-03 08:00:00,203.16,204.25,202.13,202.71,69114
2024-10-03 09:00:00,202.71,202.91,200.54,201.2,73575
2024-10-03 10:00:00,201.2,202.39,200.63,202.28,66428
2024-10-03 11:00:00,202.28,202.91,200.78,202.28,70310
2024-10-03 12:00:00,202.28,202.88,201.21,201.42,72510
2024-10-03 13:00:00,201.42,202.11,199.91,200.32,90395
2024-10-03 14:00:00,200.32,207.5,194.92,203.84,85179
2024-10-03 15:00:00,203.84,206.2,203.69,204.35,91039
2024-10-03 16:00:00,204.35,205.51,203.49,203.75,90027
2024-10-03 17:00:00,203.75,204.82,201.56,202.85,90089
2024-10-03 18:00:00,202.85,205.09,202.07,204.93,88667
2024-10-03 19:00:00,204.93,205.88,203.37,203.96,86638
2024-10-03 20:00:00,203.96,205.05,201.96,202.38,89339
2024-10-03 21:00:00,202.38,203.26,202.23,203.22,29059
2024-10-03 22:00:00,203.22,203.4,203.19,203.36,6085
2024-10-03 23:00:00,203.36,203.52,202.83,203.34,30104
2024-10-04 00:00:00,203.34,203.94,202.77,203.79,35980
2024-10-04 01:00:00,203.79,212.29,197.48,207.17,34603
2024-10-04 02:00:00,207.17,207.94,207.11,207.6,35373
2024-10-04 03:00:00,207.6,207.62,206.84,206.97,35966
2024-10-04 04:00:00,206.97,207.99,206.94,207.38,32428
2024-10-04 05:00:00,207.38,207.82,206.87,207.73,36957
2024-10-04 06:00:00,207.73,207.91,206.8,207.27,38015
2024-10-04 07:00:00,207.27,207.36,206.26,206.54,36976
2024-10-04 08:00:00,206.54,207.37,205.35,205.76,71678
2024-10-04 09:00:00,205.76,206.21,204.32,204.72,70588
2024-10-04 10:00:00,204.72,206.18,204.16,205.17,72985
2024-10-04 11:00:00,205.17,205.46,202.56,203.22,77383
2024-10-04 12:00:00,203.22,204.57,202.68,204.19,73839
2024-10-04 13:00:00,204.19,206.04,203.77,204.42,95102
2024-10-04 14:00:00,204.42,205.26,203.02,204.28,89235
2024-10-04 15:00:00,204.28,206.37,204.0,204.78,84733
2024-10-04 16:00:00,204.78,207.68,204.59,206.8,92948
2024-10-04 17:00:00,206.8,211.56,201.78,202.13,90047
2024-10-04 18:00:00,202.13,202.93,201.39,202.08,90423
2024-10-04 19:00:00,202.08,202.78,200.53,201.21,95444
2024-10-04 20:00:00,201.21,201.77,198.45,199.43,87886
2024-10-04 21:00:00,199.43,199.77,199.09,199.35,30412
2024-10-04 22:00:00,199.35,199.41,199.14,199.16,6200
2024-10-04 23:00:00,199.16,199.6,198.82,198.83,31059
2024-10-07 00:00:00,198.83,199.09,198.35,198.9,35464
2024-10-07 01:00:00,198.9,199.08,198.42,198.58,36190
2024-10-07 02:00:00,198.58,199.1,198.26,198.93,33953
2024-10-07 03:00:00,198.93,199.2,198.19,198.68,37434
2024-10-07 04:00:00,198.68,199.44,198.36,199.03,34663
2024-10-07 05:00:00,199.03,199.36,198.5,198.79,37926
2024-10-07 06:00:00,198.79,199.09,198.27,198.87,35106
2024-10-07 07:00:00,198.87,199.28,198.03,198.09,35553
2024-10-07 08:00:00,198.09,198.57,197.35,197.72,74941
2024-10-07 09:00:00,197.72,198.25,196.79,197.8,73303
2024-10-07 10:00:00,197.8,202.99,194.85,200.35,65952
2024-10-07 11:00:00,200.35,201.37,199.51,199.71,76144
2024-10-07 12:00:00,199.71,200.6,198.94,199.79,69462
2024-10-07 13:00:00,199.79,202.74,199.54,201.31,84490
2024-10-07 14:00:00,201.31,203.49,200.64,202.07,88103
2024-10-07 15:00:00,202.07,207.36,195.75,203.55,90363
2024-10-07 16:00:00,203.55,205.28,202.53,204.63,91077
2024-10-07 17:00:00,204.63,205.84,203.71,205.03,94211
2024-10-07 18:00:00,205.03,205.83,203.64,205.33,93611
2024-10-07 19:00:00,205.33,207.12,198.55,201.49,87141
2024-10-07 20:00:00,201.49,208.78,194.96,195.81,85577
2024-10-07 21:00:00,195.81,197.6,194.05,196.76,29543
2024-10-07 22:00:00,196.76,196.99,195.75,196.16,5781
2024-10-07 23:00:00,196.16,197.66,193.95,196.13,30444
2024-10-08 00:00:00,196.13,199.08,194.6,197.74,32309
2024-10-08 01:00:00,197.74,201.3,196.78,200.26,34389
2024-10-08 02:00:00,200.26,201.38,196.8,200.2,36471
2024-10-08 03:00:00,200.2,203.81,199.4,202.02,37196
2024-10-08 04:00:00,202.02,205.55,200.75,203.52,37159
2024-10-08 05:00:00,203.52,206.13,201.54,203.21,37839
2024-10-08 06:00:00,203.21,205.49,201.44,203.43,35502
2024-10-08 07:00:00,203.43,204.76,201.07,202.37,36879
2024-10-08 08:00:00,202.37,204.96,195.43,200.69,75067
2024-10-08 09:00:00,200.69,202.22,196.8,198.84,69293
2024-10-08 10:00:00,198.84,201.94,189.91,192.23,73485
2024-10-08 11:00:00,192.23,193.43,187.19,189.79,70669
2024-10-08 12:00:00,189.79,191.98,182.67,183.55,72213
2024-10-08 13:00:00,183.55,194.49,182.81,191.5,88625
2024-10-08 14:00:00,191.5,198.45,189.8,195.76,88096
2024-10-08 15:00:00,195.76,199.56,189.56,190.69,92552
2024-10-08 16:00:00,190.69,192.74,182.43,187.2,87717
2024-10-08 17:00:00,187.2,192.78,182.88,184.86,97151
2024-10-08 18:00:00,184.86,190.88,178.04,183.22,90149
2024-10-08 19:00:00,183.22,190.46,179.82,187.74,88133
2024-10-08 20:00:00,187.74,193.79,185.92,188.02,94868
2024-10-08 21:00:00,188.02,192.66,187.55,191.29,28029
2024-10-08 22:00:00,191.29,192.02,190.87,191.28,5879
2024-10-08 23:00:00,191.28,193.38,190.0,190.68,28316
2024-10-09 00:00:00,190.68,190.86,186.22,187.04,37949
2024-10-09 01:00:00,187.04,189.35,184.8,186.65,35721
2024-10-09 02:00:00,186.65,187.8,185.4,186.21,36906
2024-10-09 03:00:00,186.21,193.1,180.82,185.29,37089
2024-10-09 04:00:00,185.29,190.72,185.18,188.55,33701
2024-10-09 05:00:00,188.55,191.75,187.9,189.86,37179
2024-10-09 06:00:00,189.86,190.67,185.56,186.79,37810
2024-10-09 07:00:00,186.79,188.06,183.57,184.03,33853
2024-10-09 08:00:00,184.03,192.39,178.03,187.15,68478
2024-10-09 09:00:00,187.15,193.24,185.89,190.55,72436
2024-10-09 10:00:00,190.55,194.18,184.32,189.37,70074
2024-10-09 11:00:00,189.37,194.13,182.36,188.63,70924
2024-10-09 12:00:00,188.63,192.45,186.21,189.05,74514
2024-10-09 13:00:00,189.05,194.93,183.0,189.6,83360
2024-10-09 14:00:00,189.6,194.82,182.87,185.38,94467
2024-10-09 15:00:00,185.38,196.31,183.1,192.66,87031
2024-10-09 16:00:00,192.66,192.67,174.88,178.34,91783
2024-10-09 17:00:00,178.34,184.67,174.35,179.34,91646
2024-10-09 18:00:00,179.34,186.06,176.82,183.27,87933
2024-10-09 19:00:00,183.27,203.78,181.94,199.05,85559
2024-10-09 20:00:00,199.05,202.46,193.29,199.45,93218
2024-10-09 21:00:00,199.45,201.53,198.41,200.94,30998
2024-10-09 22:00:00,200.94,202.37,200.58,202.27,6019
2024-10-09 23:00:00,202.27,203.89,200.99,202.14,29278
2024-10-10 00:00:00,202.14,205.85,200.74,204.9,37264
2024-10-10 01:00:00,204.9,206.92,201.31,204.31,36958
2024-10-10 02:00:00,204.31,205.26,199.76,202.65,37219
2024-10-10 03:00:00,202.65,204.22,198.63,199.84,37252
2024-10-10 04:00:00,199.84,201.53,197.37,198.76,36340
2024-10-10 05:00:00,198.76,200.32,195.52,196.37,34422
2024-10-10 06:00:00,196.37,198.31,193.43,194.57,35358
2024-10-10 07:00:00,194.57,196.99,184.56,190.88,37203
2024-10-10 08:00:00,190.88,193.89,186.08,186.4,70853
2024-10-10 09:00:00,186.4,189.91,181.67,185.32,76998
2024-10-10 10:00:00,185.32,187.41,179.12,183.62,72383
2024-10-10 11:00:00,183.62,188.81,180.07,182.12,75424
2024-10-10 12:00:00,182.12,190.68,181.3,187.24,73724
2024-10-10 13:00:00,187.24,191.4,172.11,176.1,86873
2024-10-10 14:00:00,176.1,179.9,171.27,173.06,83983
2024-10-10 15:00:00,173.06,176.38,164.07,168.76,93163
2024-10-10 16:00:00,168.76,173.77,162.17,168.97,92337
2024-10-10 17:00:00,168.97,178.7,167.17,172.97,89014
2024-10-10 18:00:00,172.97,181.34,170.27,179.44,90774
2024-10-10 19:00:00,179.44,180.41,173.7,177.77,93234
2024-10-10 20:00:00,177.77,183.22,175.91,178.73,92634
2024-10-10 21:00:00,178.73,179.47,175.28,176.74,27725
2024-10-10 22:00:00,176.74,177.11,176.44,176.62,6020
2024-10-10 23:00:00,176.62,187.23,170.4,180.28,31631
2024-10-11 00:00:00,180.28,183.28,179.67,182.55,35847
2024-10-11 01:00:00,182.55,184.89,181.22,184.47,35529
2024-10-11 02:00:00,184.47,188.81,183.83,187.62,35180
2024-10-11 03:00:00,187.62,188.22,183.27,184.09,34805
2024-10-11 04:00:00,184.09,188.54,183.03,187.68,38283
2024-10-11 05:00:00,187.68,189.03,185.18,186.91,34217
2024-10-11 06:00:00,186.91,187.29,184.5,186.06,36901
2024-10-11 07:00:00,186.06,187.5,184.83,185.42,37660
2024-10-11 08:00:00,185.42,185.68,178.5,182.09,71709
2024-10-11 09:00:00,182.09,188.84,179.83,187.0,75377
2024-10-11 10:00:00,187.0,191.66,181.8,188.17,69243
2024-10-11 11:00:00,188.17,195.18,186.3,191.58,73701
2024-10-11 12:00:00,191.58,192.27,182.36,185.01,64738
2024-10-11 13:00:00,185.01,192.96,181.64,185.72,87279
2024-10-11 14:00:00,185.72,190.08,182.68,186.24,89303
2024-10-11 15:00:00,186.24,191.73,183.91,185.49,90651
2024-10-11 16:00:00,185.49,197.4,184.94,194.56,91034
2024-10-11 17:00:00,194.56,200.08,191.37,195.8,93733
2024-10-11 18:00:00,195.8,198.15,188.52,191.2,86486
2024-10-11 19:00:00,191.2,197.37,190.02,192.73,91443
2024-10-11 20:00:00,192.73,195.84,182.93,190.93,92093
2024-10-11 21:00:00,190.93,191.16,186.54,187.86,29059
2024-10-11 22:00:00,187.86,188.78,187.73,188.76,5779
2024-10-11 23:00:00,188.76,191.27,187.83,189.94,27883
2024-10-14 00:00:00,189.94,192.41,180.47,187.34,37825
2024-10-14 01:00:00,187.34,187.86,182.31,183.02,35782
2024-10-14 02:00:00,183.02,185.18,180.86,183.56,37997
2024-10-14 03:00:00,183.56,185.34,181.2,182.49,34078
2024-10-14 04:00:00,182.49,186.45,181.84,186.25,37013
2024-10-14 05:00:00,186.25,191.28,185.85,190.77,37639
2024-10-14 06:00:00,190.77,193.15,189.44,192.15,34918
2024-10-14 07:00:00,192.15,193.89,188.12,189.62,35679
2024-10-14 08:00:00,189.62,191.12,181.88,182.5,78119
2024-10-14 09:00:00,182.5,187.77,180.82,182.03,72384
2024-10-14 10:00:00,182.03,187.58,180.56,183.22,68908
2024-10-14 11:00:00,183.22,184.98,172.78,173.62,73670
2024-10-14 12:00:00,173.62,181.29,172.11,180.31,75839
2024-10-14 13:00:00,180.31,186.09,175.99,179.78,87461
2024-10-14 14:00:00,179.78,180.9,174.95,175.05,93235
2024-10-14 15:00:00,175.05,177.29,174.43,176.14,94778
2024-10-14 16:00:00,176.14,177.56,174.2,175.93,94568
2024-10-14 17:00:00,175.93,177.2,173.59,175.08,98829
2024-10-14 18:00:00,175.08,175.32,172.22,174.45,86930
2024-10-14 19:00:00,174.45,178.02,170.3,173.42,86972
2024-10-14 20:00:00,173.42,174.78,171.74,173.1,87768
2024-10-14 21:00:00,173.1,173.32,171.85,171.93,31536
2024-10-14 22:00:00,171.93,171.99,170.31,170.33,5787
2024-10-14 23:00:00,170.33,170.42,168.65,168.77,30721
2024-10-15 00:00:00,168.77,169.15,167.05,167.18,36680
2024-10-15 01:00:00,167.18,167.65,166.34,166.54,33852
2024-10-15 02:00:00,166.54,166.63,164.74,165.13,37278
2024-10-15 03:00:00,165.13,165.52,163.71,164.65,36311
2024-10-15 04:00:00,164.65,164.66,162.73,163.01,35645
2024-10-15 05:00:00,163.01,163.22,160.6,160.75,37100
2024-10-15 06:00:00,160.75,160.9,159.06,159.07,35958
2024-10-15 07:00:00,159.07,159.25,156.78,156.8,36766
2024-10-15 08:00:00,156.8,161.15,155.45,157.72,70954
2024-10-15 09:00:00,157.72,158.59,156.48,156.88,74199
2024-10-15 10:00:00,156.88,157.38,153.45,154.14,72183
2024-10-15 11:00:00,154.14,155.48,151.12,151.87,71260
2024-10-15 12:00:00,151.87,152.17,149.78,149.82,70625
2024-10-15 13:00:00,149.82,150.27,144.8,144.98,95826
2024-10-15 14:00:00,144.98,145.39,143.29,143.4,87994
2024-10-15 15:00:00,143.4,143.56,140.04,140.3,91613
2024-10-15 16:00:00,140.3,140.79,137.91,138.0,94988
2024-10-15 17:00:00,138.0,138.85,136.76,137.56,90376
2024-10-15 18:00:00,137.56,137.93,136.47,137.29,88759
2024-10-15 19:00:00,137.29,137.37,134.88,137.15,85461
2024-10-15 20:00:00,137.15,137.66,135.71,136.07,88732
2024-10-15 21:00:00,136.07,136.18,134.23,134.28,31157
2024-10-15 22:00:00,134.28,136.83,129.87,131.37,6281
2024-10-15 23:00:00,131.37,131.68,129.55,129.69,30704
2024-10-16 00:00:00,129.69,129.81,127.53,127.73,35828
2024-10-16 01:00:00,127.73,127.95,126.7,126.92,34551
2024-10-16 02:00:00,126.92,127.06,125.46,125.57,36572
2024-10-16 03:00:00,125.57,125.63,124.95,125.28,36398
2024-10-16 04:00:00,125.28,125.38,124.2,124.26,36070
2024-10-16 05:00:00,124.26,124.32,121.7,121.85,36835
2024-10-16 06:00:00,121.85,121.91,120.03,120.12,34084
2024-10-16 07:00:00,120.12,120.57,119.19,119.3,37010
2024-10-16 08:00:00,119.3,119.94,117.52,117.88,68063
2024-10-16 09:00:00,117.88,121.19,114.24,118.6,72568
2024-10-16 10:00:00,118.6,118.92,117.2,117.53,71884
2024-10-16 11:00:00,117.53,117.77,115.14,115.59,66971
2024-10-16 12:00:00,115.59,116.34,114.6,115.93,65699
2024-10-16 13:00:00,115.93,116.83,114.1,114.87,89172
2024-10-16 14:00:00,114.87,115.85,113.88,114.85,94073
2024-10-16 15:00:00,114.85,115.54,113.46,113.5,84475
2024-10-16 16:00:00,113.5,113.71,111.62,111.88,92279
2024-10-16 17:00:00,111.88,113.64,111.81,112.72,85640
2024-10-16 18:00:00,112.72,112.91,110.72,111.05,89387
2024-10-16 19:00:00,111.05,111.49,110.13,110.68,91555
2024-10-16 20:00:00,110.68,111.54,109.95,110.15,90664
2024-10-16 21:00:00,110.15,110.23,108.52,108.62,28504
2024-10-16 22:00:00,108.62,108.63,107.57,107.63,5937
2024-10-16 23:00:00,107.63,107.78,107.01,107.13,32004
2024-10-17 00:00:00,107.13,107.18,105.78,106.13,37245
2024-10-17 01:00:00,106.13,106.33,105.36,105.67,34350
2024-10-17 02:00:00,105.67,105.78,104.63,104.7,36228
2024-10-17 03:00:00,104.7,104.83,103.99,104.15,35036
2024-10-17 04:00:00,104.15,104.25,103.22,103.32,36682
2024-10-17 05:00:00,103.32,103.45,102.01,102.21,33196
2024-10-17 06:00:00,102.21,102.32,100.94,100.99,33547
2024-10-17 07:00:00,100.99,101.08,99.93,100.27,34286
2024-10-17 08:00:00,100.27,100.86,99.77,100.34,72347
2024-10-17 09:00:00,100.34,100.59,99.0,99.87,74525
2024-10-17 10:00:00,99.87,100.23,97.92,98.46,71333
2024-10-17 11:00:00,98.46,98.99,97.83,98.03,69721
2024-10-17 12:00:00,98.03,98.42,97.28,97.68,70566
2024-10-17 13:00:00,97.68,98.6,97.05,98.27,89100
2024-10-17 14:00:00,98.27,98.82,97.38,97.65,85553
2024-10-17 15:00:00,97.65,97.86,96.66,96.83,85905
2024-10-17 16:00:00,96.83,97.37,94.35,94.5,88282
2024-10-17 17:00:00,94.5,94.74,92.79,92.99,85025
2024-10-17 18:00:00,92.99,94.6,89.27,90.83,85601
2024-10-17 19:00:00,90.83,92.35,85.95,86.77,86259
2024-10-17 20:00:00,86.77,91.04,86.47,88.05,93894
2024-10-17 21:00:00,88.05,88.32,87.16,87.64,29907
2024-10-17 22:00:00,87.64,87.76,87.27,87.34,5861
2024-10-17 23:00:00,87.34,88.13,86.39,87.8,27894
2024-10-18 00:00:00,87.8,88.32,86.13,87.16,37360
2024-10-18 01:00:00,87.16,87.46,84.48,85.44,34472
2024-10-18 02:00:00,85.44,86.19,83.58,84.08,35813
2024-10-18 03:00:00,84.08,85.66,83.36,85.46,34343
2024-10-18 04:00:00,85.46,86.0,83.6,83.86,34664
2024-10-18 05:00:00,83.86,85.46,83.63,84.77,35988
2024-10-18 06:00:00,84.77,85.13,83.33,83.36,37162
2024-10-18 07:00:00,83.36,84.27,82.35,83.08,33917
2024-10-18 08:00:00,83.08,84.86,80.64,82.4,69004
2024-10-18 09:00:00,82.4,86.31,81.15,85.74,66934
2024-10-18 10:00:00,85.74,88.04,84.03,85.92,70561
2024-10-18 11:00:00,85.92,87.45,81.71,83.41,68228
2024-10-18 12:00:00,83.41,87.13,82.26,86.36,73252
2024-10-18 13:00:00,86.36,89.68,85.53,89.08,91872
2024-10-18 14:00:00,89.08,90.07,84.03,85.38,90389
2024-10-18 15:00:00,85.38,86.54,83.19,84.27,85514
2024-10-18 16:00:00,84.27,84.99,80.07,81.78,92253
2024-10-18 17:00:00,81.78,83.22,77.85,79.73,88213
2024-10-18 18:00:00,79.73,82.77,79.08,82.19,94263
2024-10-18 19:00:00,82.19,83.89,79.21,79.51,83471
2024-10-18 20:00:00,79.51,81.81,76.7,79.83,87798
2024-10-18 21:00:00,79.83,80.05,78.28,79.53,30482
2024-10-18 22:00:00,79.53,80.09,79.46,79.95,6004
2024-10-18 23:00:00,79.95,80.69,79.33,80.21,29434
2024-10-21 00:00:00,80.21,81.7,79.53,81.5,35097
2024-10-21 01:00:00,81.5,82.59,79.79,80.06,35068
2024-10-21 02:00:00,80.06,80.9,78.96,80.03,37564
2024-10-21 03:00:00,80.03,80.42,79.01,79.5,36208
2024-10-21 04:00:00,79.5,80.37,79.0,79.66,34168
2024-10-21 05:00:00,79.66,81.5,79.19,79.86,37882
2024-10-21 06:00:00,79.86,80.31,78.69,79.4,35269
2024-10-21 07:00:00,79.4,80.09,78.42,79.12,36014
2024-10-21 08:00:00,79.12,83.11,78.95,81.43,69743
2024-10-21 09:00:00,81.43,84.63,79.32,83.16,72123
2024-10-21 10:00:00,83.16,83.85,80.6,80.85,68762
2024-10-21 11:00:00,80.85,81.58,78.55,79.73,68277
2024-10-21 12:00:00,79.73,80.9,76.23,80.49,72946
2024-10-21 13:00:00,80.49,81.97,78.13,79.05,91117
2024-10-21 14:00:00,79.05,79.19,73.64,75.47,90890
2024-10-21 15:00:00,75.47,77.11,74.07,75.53,86427
2024-10-21 16:00:00,75.53,76.3,72.82,74.01,99331
2024-10-21 17:00:00,74.01,76.12,72.5,74.21,86587
2024-10-21 18:00:00,74.21,77.13,73.77,76.02,90678
2024-10-21 19:00:00,76.02,77.68,74.46,76.9,87522
2024-10-21 20:00:00,76.9,77.82,75.1,76.77,88380
2024-10-21 21:00:00,76.77,76.93,76.12,76.56,29760
2024-10-21 22:00:00,76.56,77.04,76.48,76.83,6275
2024-10-21 23:00:00,76.83,77.14,75.69,76.07,30167
2024-10-22 00:00:00,76.07,76.34,74.11,74.77,34770
2024-10-22 01:00:00,74.77,75.45,74.35,75.15,36444
2024-10-22 02:00:00,75.15,76.14,74.41,75.82,38500
2024-10-22 03:00:00,75.82,76.41,74.88,75.57,36351
2024-10-22 04:00:00,75.57,75.9,74.11,74.54,36208
2024-10-22 05:00:00,74.54,76.07,74.28,75.88,35997
2024-10-22 06:00:00,75.88,76.29,74.8,75.82,35884
2024-10-22 07:00:00,75.82,77.06,75.52,76.72,35483
2024-10-22 08:00:00,76.72,80.57,75.78,79.05,71006
2024-10-22 09:00:00,79.05,81.06,75.47,78.53,70871
2024-10-22 10:00:00,78.53,80.01,76.59,79.74,73259
2024-10-22 11:00:00,79.74,81.1,79.19,79.97,71479
2024-10-22 12:00:00,79.97,80.49,79.77,80.41,76362
2024-10-22 13:00:00,80.41,80.87,80.17,80.51,87865
2024-10-22 14:00:00,80.51,80.98,80.04,80.49,84027
2024-10-22 15:00:00,80.49,80.61,79.54,79.77,94751
2024-10-22 16:00:00,79.77,80.02,79.4,79.62,85627
2024-10-22 17:00:00,79.62,80.05,79.43,79.64,91545
2024-10-22 18:00:00,79.64,80.84,79.63,80.83,87903
2024-10-22 19:00:00,80.83,81.01,79.99,80.1,95149
2024-10-22 20:00:00,80.1,81.87,77.23,79.0,91391
2024-10-22 21:00:00,79.0,79.05,78.5,78.53,28003
2024-10-22 22:00:00,78.53,78.53,78.47,78.48,5675
2024-10-22 23:00:00,78.48,80.27,76.39,79.94,29571
2024-10-23 00:00:00,79.94,80.18,79.83,79.96,37241
2024-10-23 01:00:00,79.96,80.06,79.59,79.62,37885
2024-10-23 02:00:00,79.62,79.96,79.51,79.94,35640
2024-10-23 03:00:00,79.94,80.05,79.75,79.94,35995
2024-10-23 04:00:00,79.94,80.28,79.83,80.15,36122
2024-10-23 05:00:00,80.15,80.29,79.84,79.95,33578
2024-10-23 06:00:00,79.95,80.14,79.73,79.81,36663
2024-10-23 07:00:00,79.81,80.1,79.67,80.01,34735
2024-10-23 08:00:00,80.01,80.8,79.7,80.48,73581
2024-10-23 09:00:00,80.48,80.63,79.84,79.98,73106
2024-10-23 10:00:00,79.98,80.21,79.62,79.96,72984
2024-10-23 11:00:00,79.96,80.47,76.8,78.44,74500
2024-10-23 12:00:00,78.44,78.87,78.26,78.75,71739
2024-10-23 13:00:00,78.75,79.33,78.48,79.01,87144
2024-10-23 14:00:00,79.01,79.33,78.24,78.8,89477
2024-10-23 15:00:00,78.8,79.04,78.08,78.13,91547
2024-10-23 16:00:00,78.13,79.0,77.83,78.34,86056
2024-10-23 17:00:00,78.34,78.81,78.21,78.42,96258
2024-10-23 18:00:00,78.42,79.79,78.39,79.34,88097
2024-10-23 19:00:00,79.34,79.78,78.85,79.43,88631
2024-10-23 20:00:00,79.43,79.53,78.7,79.32,87513
2024-10-23 21:00:00,79.32,79.38,79.06,79.17,32343
2024-10-23 22:00:00,79.17,81.38,78.31,80.4,5799
2024-10-23 23:00:00,80.4,80.63,80.36,80.58,30058
2024-10-24 00:00:00,80.58,80.68,80.27,80.32,33338
2024-10-24 01:00:00,80.32,80.72,80.21,80.71,37448
2024-10-24 02:00:00,80.71,80.92,80.55,80.64,33182
2024-10-24 03:00:00,80.64,80.7,80.31,80.38,35528
2024-10-24 04:00:00,80.38,80.53,80.26,80.51,38267
2024-10-24 05:00:00,80.51,80.62,80.23,80.39,38106
2024-10-24 06:00:00,80.39,80.64,80.34,80.51,38131
2024-10-24 07:00:00,80.51,80.81,80.46,80.8,36044
2024-10-24 08:00:00,80.8,82.85,80.33,81.37,72985
2024-10-24 09:00:00,81.37,81.45,80.49,80.6,73075
2024-10-24 10:00:00,80.6,80.84,79.99,80.48,70670
2024-10-24 11:00:00,80.48,80.61,79.93,80.07,73805
2024-10-24 12:00:00,80.07,80.18,79.6,79.77,74294
2024-10-24 13:00:00,79.77,80.28,79.09,79.88,88316
2024-10-24 14:00:00,79.88,80.22,79.59,79.83,85973
2024-10-24 15:00:00,79.83,80.03,79.35,79.63,87818
2024-10-24 16:00:00,79.63,79.83,78.13,78.45,91351
2024-10-24 17:00:00,78.45,78.92,78.17,78.88,89092
2024-10-24 18:00:00,78.88,79.11,78.13,78.92,93651
2024-10-24 19:00:00,78.92,79.22,77.78,78.14,91436
2024-10-24 20:00:00,78.14,78.78,77.8,78.51,84411
2024-10-24 21:00:00,78.51,78.62,78.27,78.49,29667
2024-10-24 22:00:00,78.49,78.52,78.45,78.5,5854
2024-10-24 23:00:00,78.5,78.67,78.41,78.49,30693
2024-10-25 00:00:00,78.49,78.9,78.38,78.7,37340
2024-10-25 01:00:00,78.7,78.76,78.26,78.33,36043
2024-10-25 02:00:00,78.33,78.38,78.06,78.27,38330
2024-10-25 03:00:00,78.27,78.55,78.11,78.36,34484
2024-10-25 04:00:00,78.36,78.54,78.13,78.27,35976
2024-10-25 05:00:00,78.27,78.61,78.13,78.5,34159
2024-10-25 06:00:00,78.5,78.8,78.33,78.73,33908
2024-10-25 07:00:00,78.73,78.85,78.35,78.44,34921
2024-10-25 08:00:00,78.44,78.54,77.74,77.77,77970
2024-10-25 09:00:00,77.77,78.03,77.47,77.77,75695
2024-10-25 10:00:00,77.77,77.92,77.31,77.45,64406
2024-10-25 11:00:00,77.45,77.83,77.05,77.13,65739
2024-10-25 12:00:00,77.13,77.56,77.03,77.24,70864
2024-10-25 13:00:00,77.24,77.53,76.86,77.21,88041
2024-10-25 14:00:00,77.21,77.53,76.75,77.41,85687
2024-10-25 15:00:00,77.41,79.5,75.53,78.49,88565
2024-10-25 16:00:00,78.49,78.96,78.33,78.73,93358
2024-10-25 17:00:00,78.73,79.15,78.51,78.6,88310
2024-10-25 18:00:00,78.6,79.68,78.49,79.4,88656
2024-10-25 19:00:00,79.4,79.71,78.88,79.25,95208
2024-10-25 20:00:00,79.25,79.65,78.94,79.29,91667
2024-10-25 21:00:00,79.29,79.43,79.14,79.28,29771
2024-10-25 22:00:00,79.28,79.39,79.27,79.36,5974
2024-10-25 23:00:00,79.36,79.44,79.19,79.24,29580
2024-10-28 00:00:00,79.24,79.59,79.23,79.51,36555
2024-10-28 01:00:00,79.51,79.54,79.25,79.39,34503
2024-10-28 02:00:00,79.39,79.51,79.23,79.39,34588
2024-10-28 03:00:00,79.39,79.74,79.33,79.57,37557
2024-10-28 04:00:00,79.57,79.72,79.37,79.52,33781
2024-10-28 05:00:00,79.52,81.86,77.03,81.05,35417
2024-10-28 06:00:00,81.05,81.21,80.95,81.12,35059
2024-10-28 07:00:00,81.12,81.25,80.93,81.22,35088
2024-10-28 08:00:00,81.22,81.33,80.58,81.01,74572
2024-10-28 09:00:00,81.01,81.73,80.7,81.31,67176
2024-10-28 10:00:00,81.31,81.52,80.93,81.38,69689
2024-10-28 11:00:00,81.38,81.8,81.2,81.4,77513
2024-10-28 12:00:00,81.4,81.8,81.03,81.69,67903
2024-10-28 13:00:00,81.69,82.24,81.14,81.99,93429
2024-10-28 14:00:00,81.99,82.18,81.03,81.12,92031
2024-10-28 15:00:00,81.12,83.63,78.2,80.07,89720
2024-10-28 16:00:00,80.07,80.47,79.4,80.2,90030
2024-10-28 17:00:00,80.2,81.18,80.17,81.05,90812
2024-10-28 18:00:00,81.05,82.07,80.72,81.89,88105
2024-10-28 19:00:00,81.89,82.23,81.03,81.24,90545
2024-10-28 20:00:00,81.24,81.6,80.78,81.11,90457
2024-10-28 21:00:00,81.11,81.27,80.96,81.25,29457
2024-10-28 22:00:00,81.25,81.32,81.21,81.26,5654
2024-10-28 23:00:00,81.26,81.39,81.1,81.33,32884
2024-10-29 00:00:00,81.33,81.5,81.2,81.44,36100
2024-10-29 01:00:00,81.44,81.82,81.3,81.5,36586
2024-10-29 02:00:00,81.5,81.64,81.3,81.48,38516
2024-10-29 03:00:00,81.48,81.73,81.34,81.64,38232
2024-10-29 04:00:00,81.64,81.93,81.54,81.76,37296
2024-10-29 05:00:00,81.76,81.81,81.43,81.43,34130
2024-10-29 06:00:00,81.43,81.69,81.35,81.6,37157
2024-10-29 07:00:00,81.6,81.82,81.48,81.68,36288
2024-10-29 08:00:00,81.68,81.81,81.14,81.27,71930
2024-10-29 09:00:00,81.27,82.76,79.25,80.43,73989
2024-10-29 10:00:00,80.43,81.0,80.3,80.76,74308
2024-10-29 11:00:00,80.76,80.99,80.44,80.76,72700
2024-10-29 12:00:00,80.76,81.67,78.59,79.18,68246
2024-10-29 13:00:00,79.18,79.41,78.1,78.37,85101
2024-10-29 14:00:00,78.37,78.63,77.83,78.14,83383
2024-10-29 15:00:00,78.14,78.3,77.67,77.9,87567
2024-10-29 16:00:00,77.9,79.13,77.69,78.94,93789
2024-10-29 17:00:00,78.94,79.83,78.84,79.3,94650
2024-10-29 18:00:00,79.3,79.63,78.73,79.23,79760
2024-10-29 19:00:00,79.23,79.55,78.74,79.05,89370
2024-10-29 20:00:00,79.05,79.37,78.69,79.24,94769
2024-10-29 21:00:00,79.24,79.36,79.11,79.22,30798
2024-10-29 22:00:00,79.22,79.23,79.17,79.2,6025
2024-10-29 23:00:00,79.2,79.35,79.12,79.22,29581
2024-10-30 00:00:00,79.22,79.32,79.02,79.2,35937
2024-10-30 01:00:00,79.2,79.56,79.02,79.52,34588
2024-10-30 02:00:00,79.52,79.75,79.39,79.67,37153
2024-10-30 03:00:00,79.67,79.74,79.47,79.6,36251
2024-10-30 04:00:00,79.6,79.66,79.33,79.44,37479
2024-10-30 05:00:00,79.44,79.68,79.32,79.39,37337
2024-10-30 06:00:00,79.39,79.49,79.15,79.21,34939
2024-10-30 07:00:00,79.21,79.56,79.17,79.41,37096
2024-10-30 08:00:00,79.41,79.92,79.23,79.72,72713
2024-10-30 09:00:00,79.72,80.23,79.61,80.0,70345
2024-10-30 10:00:00,80.0,80.03,79.29,79.53,73717
2024-10-30 11:00:00,79.53,79.78,79.22,79.52,70332
2024-10-30 12:00:00,79.52,80.15,79.5,79.82,70283
2024-10-30 13:00:00,79.82,82.89,79.24,79.93,82601
2024-10-30 14:00:00,79.93,80.23,79.64,80.11,87356
2024-10-30 15:00:00,80.11,80.54,79.8,79.95,90233
2024-10-30 16:00:00,79.95,80.34,79.47,80.16,91470
2024-10-30 17:00:00,80.16,81.21,79.98,81.08,86134
2024-10-30 18:00:00,81.08,81.8,80.91,81.38,94707
2024-10-30 19:00:00,81.38,81.83,81.04,81.2,82176
2024-10-30 20:00:00,81.2,81.56,80.47,81.1,92401
2024-10-30 21:00:00,81.1,81.32,81.03,81.27,31059
2024-10-30 22:00:00,81.27,81.28,81.16,81.2,5935
2024-10-30 23:00:00,81.2,81.3,80.97,81.15,29484
2024-10-31 00:00:00,81.15,81.46,81.0,81.36,38215
2024-10-31 01:00:00,81.36,81.72,81.29,81.62,36261
2024-10-31 02:00:00,81.62,81.88,81.53,81.61,33082
2024-10-31 03:00:00,81.61,81.8,81.27,81.44,36045
2024-10-31 04:00:00,81.44,81.48,81.13,81.37,36604
2024-10-31 05:00:00,81.37,81.58,81.23,81.28,36222
2024-10-31 06:00:00,81.28,81.61,81.12,81.5,35468
2024-10-31 07:00:00,81.5,81.97,81.46,81.84,37321
2024-10-31 08:00:00,81.84,82.5,81.61,82.4,75451
2024-10-31 09:00:00,82.4,83.04,82.21,82.66,71282
2024-10-31 10:00:00,82.66,83.42,82.6,83.03,67219
2024-10-31 11:00:00,83.03,83.49,82.72,83.0,73521
2024-10-31 12:00:00,83.0,83.59,82.68,83.44,72386
2024-10-31 13:00:00,83.44,85.69,81.7,85.43,89131
2024-10-31 14:00:00,85.43,85.71,84.62,84.91,87030
2024-10-31 15:00:00,84.91,85.98,84.72,85.74,91220
2024-10-31 16:00:00,85.74,85.92,85.11,85.65,94733
2024-10-31 17:00:00,85.65,86.97,85.39,86.94,90952
2024-10-31 18:00:00,86.94,87.62,86.49,87.11,89927
2024-10-31 19:00:00,87.11,87.6,86.92,87.25,94046
2024-10-31 20:00:00,87.25,87.83,86.97,87.49,87316
2024-10-31 21:00:00,87.49,87.71,87.31,87.6,27491
2024-10-31 22:00:00,87.6,87.69,87.57,87.65,5797
2024-10-31 23:00:00,87.65,87.96,87.5,87.76,29328
2024-11-01 00:00:00,87.76,88.0,87.66,87.83,32309
2024-11-01 01:00:00,87.83,90.41,86.13,89.17,36148
2024-11-01 02:00:00,89.17,89.52,89.13,89.29,37311
2024-11-01 03:00:00,89.29,89.4,89.1,89.18,35490
2024-11-01 04:00:00,89.18,89.38,89.11,89.26,34762
2024-11-01 05:00:00,89.26,89.46,88.87,88.93,35640
2024-11-01 06:00:00,88.93,88.96,88.5,88.7,33861
2024-11-01 07:00:00,88.7,91.26,84.5,86.75,33400
2024-11-01 08:00:00,86.75,87.1,86.28,86.48,69652
2024-11-01 09:00:00,86.48,86.67,86.08,86.31,74162
2024-11-01 10:00:00,86.31,86.42,85.81,86.1,64553
2024-11-01 11:00:00,86.1,86.76,85.87,86.14,70779
2024-11-01 12:00:00,86.14,86.8,85.86,86.62,68040
2024-11-01 13:00:00,86.62,86.8,86.19,86.66,81362
2024-11-01 14:00:00,86.66,87.17,86.38,86.78,91109
2024-11-01 15:00:00,86.78,87.28,86.46,87.08,88352
2024-11-01 16:00:00,87.08,87.61,86.88,87.31,90146
2024-11-01 17:00:00,87.31,87.87,87.04,87.77,89527
2024-11-01 18:00:00,87.77,88.14,87.29,87.9,92715
2024-11-01 19:00:00,87.9,88.25,87.28,88.16,86536
2024-11-01 20:00:00,88.16,88.3,86.95,87.35,92973
2024-11-01 21:00:00,87.35,87.41,87.04,87.14,31600
2024-11-01 22:00:00,87.14,87.21,87.13,87.17,6115
2024-11-01 23:00:00,87.17,87.22,86.74,86.88,29576
2024-11-04 00:00:00,86.88,86.94,86.63,86.7,33842
2024-11-04 01:00:00,86.7,86.81,86.46,86.6,36546
2024-11-04 02:00:00,86.6,86.73,86.33,86.69,36005
2024-11-04 03:00:00,86.69,89.29,84.19,87.77,33094
2024-11-04 04:00:00,87.77,87.93,87.61,87.84,32863
2024-11-04 05:00:00,87.84,87.89,87.49,87.6,34900
2024-11-04 06:00:00,87.6,87.77,87.25,87.42,37067
2024-11-04 07:00:00,87.42,87.53,86.94,87.05,35314
2024-11-04 08:00:00,87.05,88.6,86.9,88.09,71404
2024-11-04 09:00:00,88.09,89.54,85.14,86.95,71735
2024-11-04 10:00:00,86.95,87.75,86.7,87.19,67934
2024-11-04 11:00:00,87.19,87.58,86.94,87.47,70017
2024-11-04 12:00:00,87.47,88.28,87.37,88.11,70948
2024-11-04 13:00:00,88.11,89.0,87.83,88.48,85341
2024-11-04 14:00:00,88.48,88.82,87.88,87.91,89576
2024-11-04 15:00:00,87.91,88.3,87.61,88.03,90053
2024-11-04 16:00:00,88.03,88.6,87.82,88.29,92696
2024-11-04 17:00:00,88.29,88.94,88.0,88.77,90927
2024-11-04 18:00:00,88.77,89.3,88.26,88.74,89579
2024-11-04 19:00:00,88.74,89.76,88.63,89.14,92430
2024-11-04 20:00:00,89.14,89.89,84.48,88.44,89111
2024-11-04 21:00:00,88.44,88.89,88.41,88.74,29001
2024-11-04 22:00:00,88.74,88.76,88.67,88.7,5827
2024-11-04 23:00:00,88.7,88.75,88.35,88.46,30534
2024-11-05 00:00:00,88.46,88.63,86.84,87.1,36303
2024-11-05 01:00:00,87.1,87.3,86.96,87.28,36472
2024-11-05 02:00:00,87.28,87.36,86.93,86.96,37354
2024-11-05 03:00:00,86.96,87.18,86.85,87.03,36887
2024-11-05 04:00:00,87.03,87.56,86.93,87.53,32971
2024-11-05 05:00:00,87.53,87.6,87.26,87.46,35820
2024-11-05 06:00:00,87.46,87.65,87.2,87.21,37355
2024-11-05 07:00:00,87.21,87.47,87.06,87.36,35928
2024-11-05 08:00:00,87.36,87.92,87.14,87.59,75846
2024-11-05 09:00:00,87.59,87.97,87.16,87.28,70445
2024-11-05 10:00:00,87.28,87.65,86.6,86.73,71072
2024-11-05 11:00:00,86.73,86.91,86.3,86.72,68128
2024-11-05 12:00:00,86.72,87.34,86.47,87.02,69493
2024-11-05 13:00:00,87.02,87.28,86.48,86.75,82350
2024-11-05 14:00:00,86.75,86.92,85.95,86.36,84177
2024-11-05 15:00:00,86.36,86.83,85.85,86.64,89921
2024-11-05 16:00:00,86.64,86.91,85.89,86.09,85592
2024-11-05 17:00:00,86.09,89.02,83.89,87.19,90295
2024-11-05 18:00:00,87.19,87.88,86.97,87.11,90851
2024-11-05 19:00:00,87.11,87.33,86.54,86.99,86701
2024-11-05 20:00:00,86.99,87.18,86.22,87.0,91347
2024-11-05 21:00:00,87.0,87.13,86.94,87.0,30396
2024-11-05 22:00:00,87.0,87.1,86.97,87.08,5967
2024-11-05 23:00:00,87.08,87.23,86.85,87.09,31373
2024-11-06 00:00:00,87.09,87.39,87.02,87.3,37290
2024-11-06 01:00:00,87.3,88.43,84.85,86.26,34032
2024-11-06 02:00:00,86.26,86.48,86.15,86.34,35526
2024-11-06 03:00:00,86.34,86.55,86.1,86.46,40735
2024-11-06 04:00:00,86.46,86.74,86.36,86.5,37469
2024-11-06 05:00:00,86.5,86.63,86.12,86.43,33849
2024-11-06 06:00:00,86.43,86.65,86.32,86.55,38239
2024-11-06 07:00:00,86.55,86.66,86.28,86.33,36367
2024-11-06 08:00:00,86.33,86.45,85.76,86.19,75356
2024-11-06 09:00:00,86.19,86.6,85.94,86.38,69463
2024-11-06 10:00:00,86.38,86.68,85.91,86.11,71245
2024-11-06 11:00:00,86.11,86.3,85.32,85.47,72004
2024-11-06 12:00:00,85.47,85.94,85.37,85.59,72317
2024-11-06 13:00:00,85.59,85.88,85.06,85.35,91523
2024-11-06 14:00:00,85.35,85.71,84.65,85.45,89823
2024-11-06 15:00:00,85.45,87.44,81.5,83.88,90317
2024-11-06 16:00:00,83.88,84.31,83.39,84.08,84703
2024-11-06 17:00:00,84.08,84.52,83.39,83.7,86666
2024-11-06 18:00:00,83.7,84.27,83.24,83.98,91330
2024-11-06 19:00:00,83.98,84.68,83.89,84.34,89963
2024-11-06 20:00:00,84.34,84.73,84.11,84.47,95233
2024-11-06 21:00:00,84.47,84.48,84.17,84.21,32430
2024-11-06 22:00:00,84.21,84.22,84.15,84.16,5860
2024-11-06 23:00:00,84.16,84.27,83.84,83.98,30288
2024-11-07 00:00:00,83.98,84.09,83.58,83.74,38322
2024-11-07 01:00:00,83.74,83.96,83.71,83.86,36878
2024-11-07 02:00:00,83.86,84.09,83.71,83.97,35206
2024-11-07 03:00:00,83.97,84.11,83.79,83.9,36084
2024-11-07 04:00:00,83.9,83.91,83.48,83.66,35252
2024-11-07 05:00:00,83.66,83.77,83.32,83.55,37466
2024-11-07 06:00:00,83.55,83.98,83.51,83.65,35890
2024-11-07 07:00:00,83.65,83.7,83.32,83.44,35913
2024-11-07 08:00:00,83.44,83.68,82.51,82.73,71793
2024-11-07 09:00:00,82.73,82.89,82.11,82.41,75144
2024-11-07 10:00:00,82.41,82.96,82.14,82.78,70087
2024-11-07 11:00:00,82.78,83.32,82.47,83.19,73571
2024-11-07 12:00:00,83.19,83.5,83.0,83.43,69897
2024-11-07 13:00:00,83.43,83.62,82.75,83.16,86366
2024-11-07 14:00:00,83.16,83.71,82.89,83.28,89545
2024-11-07 15:00:00,83.28,83.43,82.37,82.85,93080
2024-11-07 16:00:00,82.85,83.27,82.51,82.54,91049
2024-11-07 17:00:00,82.54,82.64,81.48,81.91,95956
2024-11-07 18:00:00,81.91,82.66,79.8,80.41,86536
2024-11-07 19:00:00,80.41,80.97,80.01,80.87,89110
2024-11-07 20:00:00,80.87,83.08,76.85,79.79,83963
2024-11-07 21:00:00,79.79,80.05,79.66,80.02,28273
2024-11-07 22:00:00,80.02,80.12,80.0,80.09,5802
2024-11-07 23:00:00,80.09,80.4,80.04,80.24,31349
2024-11-08 00:00:00,80.24,80.41,80.05,80.25,36161
2024-11-08 01:00:00,80.25,81.43,78.9,79.32,37631
2024-11-08 02:00:00,79.32,79.38,79.11,79.32,37377
2024-11-08 03:00:00,79.32,79.35,78.94,79.17,34925
2024-11-08 04:00:00,79.17,80.62,75.05,77.79,35297
2024-11-08 05:00:00,77.79,77.83,77.55,77.64,35103
2024-11-08 06:00:00,77.64,77.93,77.57,77.78,34036
2024-11-08 07:00:00,77.78,77.86,77.63,77.76,35824
2024-11-08 08:00:00,77.76,77.86,76.97,77.21,78915
2024-11-08 09:00:00,77.21,77.25,76.82,76.91,64985
2024-11-08 10:00:00,76.91,77.17,76.77,77.08,69827
2024-11-08 11:00:00,77.08,77.24,76.48,76.7,69662
2024-11-08 12:00:00,76.7,77.32,76.38,76.87,70115
2024-11-08 13:00:00,76.87,77.44,76.45,76.79,88893
2024-11-08 14:00:00,76.79,77.23,76.23,76.71,82252
2024-11-08 15:00:00,76.71,76.94,76.1,76.13,101414
2024-11-08 16:00:00,76.13,76.58,75.71,75.89,84931
2024-11-08 17:00:00,75.89,76.05,75.22,75.37,97950
2024-11-08 18:00:00,75.37,75.75,75.2,75.35,88859
2024-11-08 19:00:00,75.35,75.71,74.93,75.52,95742
2024-11-08 20:00:00,75.52,76.13,75.41,75.45,88015
2024-11-08 21:00:00,75.45,75.51,75.35,75.43,29878
2024-11-08 22:00:00,75.43,75.47,75.39,75.44,5749
2024-11-08 23:00:00,75.44,75.5,75.25,75.39,30006
2024-11-11 00:00:00,75.39,75.52,75.19,75.41,37164
2024-11-11 01:00:00,75.41,75.79,75.25,75.61,36302
2024-11-11 02:00:00,75.61,77.18,75.38,76.6,34512
2024-11-11 03:00:00,76.6,76.62,76.14,76.18,34816
2024-11-11 04:00:00,76.18,76.27,75.91,76.21,37646
2024-11-11 05:00:00,76.21,76.44,76.2,76.37,33758
2024-11-11 06:00:00,76.37,76.39,76.05,76.13,35493
2024-11-11 07:00:00,76.13,76.35,76.07,76.28,36619
2024-11-11 08:00:00,76.28,76.32,75.79,76.17,75181
2024-11-11 09:00:00,76.17,76.48,75.97,76.06,67238
2024-11-11 10:00:00,76.06,76.3,75.54,75.97,70134
2024-11-11 11:00:00,75.97,81.01,75.73,80.68,73869
2024-11-11 12:00:00,80.68,81.72,78.11,78.93,69151
2024-11-11 13:00:00,78.93,81.9,77.13,80.99,85840
2024-11-11 14:00:00,80.99,81.63,77.12,79.23,91642
2024-11-11 15:00:00,79.23,80.27,75.48,77.38,96875
2024-11-11 16:00:00,77.38,78.06,74.12,75.91,90735
2024-11-11 17:00:00,75.91,78.89,74.64,76.03,93334
2024-11-11 18:00:00,76.03,77.79,74.33,75.66,83716
2024-11-11 19:00:00,75.66,78.5,73.58,75.93,93269
2024-11-11 20:00:00,75.93,76.96,72.2,72.81,90998
2024-11-11 21:00:00,72.81,74.25,72.32,72.9,32131
2024-11-11 22:00:00,72.9,73.01,72.76,72.78,5932
2024-11-11 23:00:00,72.78,73.56,71.47,71.76,29191
2024-11-12 00:00:00,71.76,74.18,70.99,72.8,34126
2024-11-12 01:00:00,72.8,73.5,71.96,72.54,34460
2024-11-12 02:00:00,72.54,74.12,70.39,73.24,36802
2024-11-12 03:00:00,73.24,75.1,72.86,74.52,36686
2024-11-12 04:00:00,74.52,75.61,74.16,75.07,36386
2024-11-12 05:00:00,75.07,76.82,74.67,76.48,37041
2024-11-12 06:00:00,76.48,77.09,75.35,75.69,37074
2024-11-12 07:00:00,75.69,77.7,73.48,77.19,36718
2024-11-12 08:00:00,77.19,79.62,76.52,79.12,67902
2024-11-12 09:00:00,79.12,80.43,76.74,79.33,74700
2024-11-12 10:00:00,79.33,79.59,76.64,77.7,71586
2024-11-12 11:00:00,77.7,78.31,73.62,75.36,64682
2024-11-12 12:00:00,75.36,75.57,71.67,72.39,69875
2024-11-12 13:00:00,72.39,76.51,72.06,73.39,89012
2024-11-12 14:00:00,73.39,76.03,72.24,72.87,92227
2024-11-12 15:00:00,72.87,75.92,71.8,75.49,83491
2024-11-12 16:00:00,75.49,78.3,74.61,77.46,87417
2024-11-12 17:00:00,77.46,80.97,73.88,78.31,88841
2024-11-12 18:00:00,78.31,80.68,76.21,78.98,89274
2024-11-12 19:00:00,78.98,82.41,77.24,80.07,92202
2024-11-12 20:00:00,80.07,83.2,78.21,81.46,87357
2024-11-12 21:00:00,81.46,81.76,77.71,80.19,29319
2024-11-12 22:00:00,80.19,80.3,79.81,79.88,5896
2024-11-12 23:00:00,79.88,80.41,79.05,79.82,30147
2024-11-13 00:00:00,79.82,83.66,79.65,83.0,36591
2024-11-13 01:00:00,83.0,84.33,82.13,82.36,34749
2024-11-13 02:00:00,82.36,82.8,80.49,82.15,35065
2024-11-13 03:00:00,82.15,82.56,80.65,82.05,36427
2024-11-13 04:00:00,82.05,82.99,81.04,82.33,34418
2024-11-13 05:00:00,82.33,82.8,81.12,82.63,35109
2024-11-13 06:00:00,82.63,83.81,81.28,81.66,36322
2024-11-13 07:00:00,81.66,83.3,81.24,82.45,35862
2024-11-13 08:00:00,82.45,83.43,79.63,79.74,68071
2024-11-13 09:00:00,79.74,79.93,75.69,76.71,72892
2024-11-13 10:00:00,76.71,80.89,76.21,79.73,75908
2024-11-13 11:00:00,79.73,82.05,76.19,78.68,69050
2024-11-13 12:00:00,78.68,80.34,76.6,77.05,72845
2024-11-13 13:00:00,77.05,79.96,76.28,77.02,91118
2024-11-13 14:00:00,77.02,82.77,76.78,79.08,88504
2024-11-13 15:00:00,79.08,81.9,77.13,80.11,87977
2024-11-13 16:00:00,80.11,84.01,76.6,82.33,88693
2024-11-13 17:00:00,82.33,84.85,80.17,80.67,93643
2024-11-13 18:00:00,80.67,82.97,79.6,80.88,94131
2024-11-13 19:00:00,80.88,83.23,80.27,82.95,90090
2024-11-13 20:00:00,82.95,84.87,82.94,84.42,87076
2024-11-13 21:00:00,84.42,85.2,84.13,85.17,31691
2024-11-13 22:00:00,85.17,85.87,85.16,85.84,5973
2024-11-13 23:00:00,85.84,86.61,85.8,86.56,31596
2024-11-14 00:00:00,86.56,87.78,86.52,87.77,35666
2024-11-14 01:00:00,87.77,93.21,83.65,89.94,37248
2024-11-14 02:00:00,89.94,90.94,89.76,90.89,38027
2024-11-14 03:00:00,90.89,91.93,90.69,91.65,36156
2024-11-14 04:00:00,91.65,93.04,91.62,92.83,34803
2024-11-14 05:00:00,92.83,94.29,92.72,94.09,37442
2024-11-14 06:00:00,94.09,95.45,94.05,95.33,37328
2024-11-14 07:00:00,95.33,96.48,95.11,96.4,34906
2024-11-14 08:00:00,96.4,96.93,95.41,95.66,69762
2024-11-14 09:00:00,95.66,97.44,95.32,96.59,70242
2024-11-14 10:00:00,96.59,98.68,96.35,98.42,72503
2024-11-14 11:00:00,98.42,98.9,97.83,98.61,69223
2024-11-14 12:00:00,98.61,99.71,98.3,99.31,75110
2024-11-14 13:00:00,99.31,100.85,98.88,100.75,91959
2024-11-14 14:00:00,100.75,102.64,99.38,102.51,92613
2024-11-14 15:00:00,102.51,102.85,101.26,102.29,85754
2024-11-14 16:00:00,102.29,106.79,101.64,105.35,95831
2024-11-14 17:00:00,105.35,106.58,104.88,105.92,85821
2024-11-14 18:00:00,105.92,106.85,105.21,106.69,92928
2024-11-14 19:00:00,106.69,108.63,106.18,108.35,90654
2024-11-14 20:00:00,108.35,109.86,107.98,109.49,92110
2024-11-14 21:00:00,109.49,110.42,109.4,110.24,30607
2024-11-14 22:00:00,110.24,110.73,110.21,110.63,5854
2024-11-14 23:00:00,110.63,110.73,110.47,110.66,30940
2024-11-15 00:00:00,110.66,110.87,110.15,110.18,35582
2024-11-15 01:00:00,110.18,110.65,110.08,110.55,36288
2024-11-15 02:00:00,110.55,110.7,110.21,110.3,36783
2024-11-15 03:00:00,110.3,110.6,110.1,110.22,35523
2024-11-15 04:00:00,110.22,113.5,104.8,107.46,37401
2024-11-15 05:00:00,107.46,107.75,107.31,107.44,36091
2024-11-15 06:00:00,107.44,107.93,107.26,107.58,35504
2024-11-15 07:00:00,107.58,110.57,105.4,109.3,36894
2024-11-15 08:00:00,109.3,109.63,108.57,108.77,74856
2024-11-15 09:00:00,108.77,109.02,108.32,108.68,70641
2024-11-15 10:00:00,108.68,109.08,108.08,108.63,70549
2024-11-15 11:00:00,108.63,108.73,107.89,108.27,64211
2024-11-15 12:00:00,108.27,109.08,107.89,108.71,74240
2024-11-15 13:00:00,108.71,108.98,107.7,108.68,86142
2024-11-15 14:00:00,108.68,108.79,107.58,107.98,86540
2024-11-15 15:00:00,107.98,108.53,107.78,108.24,97830
2024-11-15 16:00:00,108.24,108.48,106.55,107.74,88213
2024-11-15 17:00:00,107.74,108.64,106.98,108.57,95723
2024-11-15 18:00:00,108.57,108.97,107.46,107.9,93749
2024-11-15 19:00:00,107.9,108.78,107.65,107.91,90347
2024-11-15 20:00:00,107.91,108.29,106.5,107.15,93197
2024-11-15 21:00:00,107.15,107.21,106.78,107.09,28438
2024-11-15 22:00:00,107.09,107.12,107.0,107.03,5956
2024-11-15 23:00:00,107.03,107.21,106.89,106.96,31244
2024-11-18 00:00:00,106.96,107.6,106.89,107.39,35769
2024-11-18 01:00:00,107.39,107.44,106.93,107.09,36080
2024-11-18 02:00:00,107.09,107.25,106.89,106.98,35210
2024-11-18 03:00:00,106.98,107.66,106.94,107.61,35298
2024-11-18 04:00:00,107.61,107.95,107.36,107.46,34544
2024-11-18 05:00:00,107.46,107.54,106.91,107.03,36884
2024-11-18 06:00:00,107.03,107.47,107.03,107.34,35076
2024-11-18 07:00:00,107.34,107.59,106.98,107.37,34028
2024-11-18 08:00:00,107.37,107.79,106.86,107.12,75270
2024-11-18 09:00:00,107.12,107.73,106.84,107.2,70954
2024-11-18 10:00:00,107.2,107.47,106.9,107.09,75199
2024-11-18 11:00:00,107.09,107.61,106.93,107.22,75884
2024-11-18 12:00:00,107.22,107.57,106.62,107.14,70385
2024-11-18 13:00:00,107.14,107.91,106.77,107.83,93596
2024-11-18 14:00:00,107.83,108.43,107.26,107.31,89176
2024-11-18 15:00:00,107.31,107.44,106.14,106.34,93089
2024-11-18 16:00:00,106.34,106.62,105.74,106.04,93746
2024-11-18 17:00:00,106.04,106.41,105.24,106.0,91506
2024-11-18 18:00:00,106.0,106.3,104.85,105.23,88536
2024-11-18 19:00:00,105.23,105.61,104.21,105.39,96287
2024-11-18 20:00:00,105.39,106.49,105.21,106.0,87869
2024-11-18 21:00:00,106.0,106.16,105.73,105.86,30600
2024-11-18 22:00:00,105.86,105.87,105.75,105.79,6030
2024-11-18 23:00:00,105.79,105.8,105.33,105.38,31865
2024-11-19 00:00:00,105.38,105.52,105.1,105.33,35810
2024-11-19 01:00:00,105.33,105.44,104.94,105.2,36219
2024-11-19 02:00:00,105.2,105.3,104.7,104.83,38030
2024-11-19 03:00:00,104.83,105.34,104.73,105.15,34886
2024-11-19 04:00:00,105.15,105.29,104.6,104.74,36566
2024-11-19 05:00:00,104.74,104.88,104.47,104.68,35823
2024-11-19 06:00:00,104.68,105.09,104.61,105.04,38058
2024-11-19 07:00:00,105.04,105.22,104.79,104.99,35125
2024-11-19 08:00:00,104.99,105.65,104.84,105.38,69458
2024-11-19 09:00:00,105.38,105.6,105.08,105.47,70797
2024-11-19 10:00:00,105.47,107.9,100.47,104.43,71758
2024-11-19 11:00:00,104.43,104.97,104.18,104.73,70085
2024-11-19 12:00:00,104.73,105.4,104.49,105.07,73453
2024-11-19 13:00:00,105.07,105.99,104.46,105.03,90455
2024-11-19 14:00:00,105.03,105.6,104.38,104.97,89805
2024-11-19 15:00:00,104.97,105.5,104.2,104.78,91612
2024-11-19 16:00:00,104.78,105.38,104.16,104.97,92334
2024-11-19 17:00:00,104.97,105.54,104.01,104.4,88076
2024-11-19 18:00:00,104.4,104.89,99.8,101.74,89223
2024-11-19 19:00:00,101.74,102.36,100.84,101.0,88511
2024-11-19 20:00:00,101.0,101.22,99.7,99.99,88882
2024-11-19 21:00:00,99.99,101.85,97.1,98.27,31830
2024-11-19 22:00:00,98.27,98.38,98.26,98.34,5651
2024-11-19 23:00:00,98.34,98.76,98.32,98.67,31233
2024-11-20 00:00:00,98.67,98.88,98.52,98.78,34528
2024-11-20 01:00:00,98.78,99.41,98.71,99.08,33310
2024-11-20 02:00:00,99.08,99.13,98.81,99.0,35516
2024-11-20 03:00:00,99.0,99.07,98.79,98.86,38759
2024-11-20 04:00:00,98.86,99.61,94.55,97.25,37787
2024-11-20 05:00:00,97.25,97.73,97.13,97.52,35804
2024-11-20 06:00:00,97.52,97.66,97.33,97.54,34870
2024-11-20 07:00:00,97.54,97.62,97.24,97.32,37789
2024-11-20 08:00:00,97.32,97.75,96.9,97.47,73378
2024-11-20 09:00:00,97.47,97.84,97.12,97.36,79031
2024-11-20 10:00:00,97.36,98.53,95.5,96.12,66208
2024-11-20 11:00:00,96.12,96.36,95.35,95.7,71088
2024-11-20 12:00:00,95.7,95.91,95.01,95.33,70382
2024-11-20 13:00:00,95.33,97.6,91.9,95.26,85839
2024-11-20 14:00:00,95.26,95.97,95.06,95.47,88364
2024-11-20 15:00:00,95.47,95.67,94.67,94.91,88113
2024-11-20 16:00:00,94.91,95.19,93.91,94.42,89171
2024-11-20 17:00:00,94.42,95.14,94.1,94.7,86376
2024-11-20 18:00:00,94.7,95.49,94.55,95.26,84686
2024-11-20 19:00:00,95.26,95.9,94.93,95.47,86453
2024-11-20 20:00:00,95.47,97.83,94.34,96.82,93248
2024-11-20 21:00:00,96.82,97.07,96.61,97.0,29256
2024-11-20 22:00:00,97.0,97.06,96.96,96.99,5954
2024-11-20 23:00:00,96.99,97.14,96.89,97.0,27400
2024-11-21 00:00:00,97.0,97.31,96.87,97.23,35925
2024-11-21 01:00:00,97.23,97.32,96.99,97.19,37629
2024-11-21 02:00:00,97.19,97.31,96.98,97.14,36722
2024-11-21 03:00:00,97.14,97.39,96.96,97.0,34995
2024-11-21 04:00:00,97.0,97.4,96.9,97.05,38544
2024-11-21 05:00:00,97.05,97.26,96.9,97.19,35952
2024-11-21 06:00:00,97.19,97.38,97.07,97.18,36987
2024-11-21 07:00:00,97.18,97.57,97.04,97.52,34810
2024-11-21 08:00:00,97.52,98.27,97.39,97.94,73421
2024-11-21 09:00:00,97.94,98.59,97.66,98.36,69245
2024-11-21 10:00:00,98.36,98.63,97.99,98.26,74863
2024-11-21 11:00:00,98.26,100.81,94.91,96.73,70347
2024-11-21 12:00:00,96.73,97.08,96.1,96.26,71629
2024-11-21 13:00:00,96.26,97.33,96.13,97.01,91548
2024-11-21 14:00:00,97.01,97.2,96.22,96.51,88861
2024-11-21 15:00:00,96.51,96.82,95.81,96.06,91979
2024-11-21 16:00:00,96.06,98.96,92.42,94.14,89833
2024-11-21 17:00:00,94.14,94.47,93.6,94.23,97451
2024-11-21 18:00:00,94.23,94.27,93.11,93.49,84979
2024-11-21 19:00:00,93.49,93.75,92.87,93.27,89173
2024-11-21 20:00:00,93.27,93.79,93.06,93.27,87731
2024-11-21 21:00:00,93.27,93.42,93.06,93.29,31472
2024-11-21 22:00:00,93.29,93.34,93.19,93.19,5803
2024-11-21 23:00:00,93.19,93.41,93.13,93.27,28100
2024-11-22 00:00:00,93.27,93.38,92.91,93.07,34089
2024-11-22 01:00:00,93.07,93.16,92.9,93.1,36809
2024-11-22 02:00:00,93.1,93.3,92.95,93.1,36416
2024-11-22 03:00:00,93.1,93.28,92.85,93.15,35153
2024-11-22 04:00:00,93.15,93.33,92.88,93.07,36387
2024-11-22 05:00:00,93.07,93.25,92.73,92.89,36080
2024-11-22 06:00:00,92.89,93.35,92.7,93.13,35316
2024-11-22 07:00:00,93.13,93.3,92.15,92.16,38193
2024-11-22 08:00:00,92.16,92.42,90.33,90.51,72718
2024-11-22 09:00:00,90.51,91.19,89.06,89.7,70498
2024-11-22 10:00:00,89.7,89.78,88.14,88.52,75444
2024-11-22 11:00:00,88.52,89.14,86.63,87.4,69489
2024-11-22 12:00:00,87.4,87.61,86.58,86.93,72213
2024-11-22 13:00:00,86.93,87.55,85.26,85.37,95977
2024-11-22 14:00:00,85.37,86.01,84.63,85.15,92214
2024-11-22 15:00:00,85.15,85.27,83.38,83.57,89854
2024-11-22 16:00:00,83.57,83.94,82.03,82.53,95078
2024-11-22 17:00:00,82.53,82.78,81.18,81.5,88803
2024-11-22 18:00:00,81.5,82.22,80.46,81.05,91086
2024-11-22 19:00:00,81.05,81.17,79.63,79.92,95574
2024-11-22 20:00:00,79.92,80.14,78.29,78.6,85708
2024-11-22 21:00:00,78.6,78.81,77.67,77.73,27045
2024-11-22 22:00:00,77.73,77.74,76.97,77.0,5938
2024-11-22 23:00:00,77.0,77.03,76.15,76.22,27807
2024-11-25 00:00:00,76.22,76.48,75.81,75.93,35541
2024-11-25 01:00:00,75.93,75.96,75.54,75.73,36462
2024-11-25 02:00:00,75.73,77.98,73.25,73.99,36550
2024-11-25 03:00:00,73.99,74.08,73.04,73.13,34877
2024-11-25 04:00:00,73.13,73.15,72.05,72.18,35744
2024-11-25 05:00:00,72.18,72.4,71.83,71.95,36835
2024-11-25 06:00:00,71.95,72.15,71.14,71.34,36257
2024-11-25 07:00:00,71.34,71.53,70.82,70.9,38671
2024-11-25 08:00:00,70.9,71.34,70.52,71.05,72275
2024-11-25 09:00:00,71.05,71.19,70.18,70.28,71099
2024-11-25 10:00:00,70.28,70.44,69.29,69.54,69693
2024-11-25 11:00:00,69.54,69.88,69.22,69.72,69406
2024-11-25 12:00:00,69.72,70.02,68.87,69.02,75721
2024-11-25 13:00:00,69.02,70.45,67.56,69.97,94013
2024-11-25 14:00:00,69.97,70.41,69.51,70.11,91605
2024-11-25 15:00:00,70.11,70.92,69.75,69.86,94064
2024-11-25 16:00:00,69.86,70.34,68.93,70.02,88706
2024-11-25 17:00:00,70.02,70.21,68.46,68.76,89153
2024-11-25 18:00:00,68.76,69.43,68.63,69.09,92310
2024-11-25 19:00:00,69.09,69.35,68.55,68.85,87789
2024-11-25 20:00:00,68.85,69.07,67.41,67.6,84658
2024-11-25 21:00:00,67.6,67.78,66.56,66.75,31181
2024-11-25 22:00:00,66.75,67.13,66.71,66.87,5918
2024-11-25 23:00:00,66.87,67.49,65.8,66.85,31041
2024-11-26 00:00:00,66.85,67.22,66.03,66.98,36561
2024-11-26 01:00:00,66.98,69.06,66.87,68.83,37151
2024-11-26 02:00:00,68.83,69.31,68.21,68.84,36081
2024-11-26 03:00:00,68.84,69.94,68.36,68.65,37740
2024-11-26 04:00:00,68.65,69.05,67.63,68.09,36852
2024-11-26 05:00:00,68.09,68.6,67.42,67.54,35028
2024-11-26 06:00:00,67.54,69.16,67.28,68.88,32774
2024-11-26 07:00:00,68.88,68.94,67.57,68.0,36066
2024-11-26 08:00:00,68.0,69.44,66.5,67.81,69044
2024-11-26 09:00:00,67.81,69.34,66.78,68.46,70957
2024-11-26 10:00:00,68.46,69.19,65.58,66.28,69223
2024-11-26 11:00:00,66.28,66.8,64.29,66.27,73641
2024-11-26 12:00:00,66.27,67.46,65.12,66.99,71402
2024-11-26 13:00:00,66.99,68.36,65.13,65.77,94981
2024-11-26 14:00:00,65.77,68.47,63.28,63.56,91888
2024-11-26 15:00:00,63.56,64.27,60.36,60.86,94517
2024-11-26 16:00:00,60.86,62.66,59.48,60.36,86668
2024-11-26 17:00:00,60.36,63.26,57.38,58.66,88630
2024-11-26 18:00:00,58.66,59.95,56.56,59.37,90368
2024-11-26 19:00:00,59.37,61.15,57.59,58.88,90839
2024-11-26 20:00:00,58.88,60.18,57.85,58.99,90198
2024-11-26 21:00:00,58.99,59.79,58.64,59.09,32119
2024-11-26 22:00:00,59.09,61.42,58.19,60.08,5580
2024-11-26 23:00:00,60.08,60.54,59.35,59.83,29469
2024-11-27 00:00:00,59.83,60.33,59.33,59.6,35394
2024-11-27 01:00:00,59.6,59.73,58.45,58.72,34819
2024-11-27 02:00:00,58.72,60.71,58.54,60.48,36045
2024-11-27 03:00:00,60.48,60.89,58.64,59.24,36465
2024-11-27 04:00:00,59.24,59.6,58.56,59.41,37260
2024-11-27 05:00:00,59.41,61.77,59.04,61.13,37331
2024-11-27 06:00:00,61.13,62.69,60.62,62.51,34876
2024-11-27 07:00:00,62.51,62.78,61.71,62.3,35797
2024-11-27 08:00:00,62.3,63.92,61.41,62.58,70774
2024-11-27 09:00:00,62.58,65.32,61.96,63.79,71967
2024-11-27 10:00:00,63.79,64.11,60.79,61.62,72621
2024-11-27 11:00:00,61.62,63.19,60.31,60.99,69879
2024-11-27 12:00:00,60.99,61.95,58.03,58.58,74906
2024-11-27 13:00:00,58.58,61.27,58.15,59.64,88840
2024-11-27 14:00:00,59.64,61.25,56.41,57.6,90100
2024-11-27 15:00:00,57.6,58.75,55.68,57.43,84077
2024-11-27 16:00:00,57.43,59.17,56.73,58.47,94889
2024-11-27 17:00:00,58.47,58.71,55.41,57.03,94150
2024-11-27 18:00:00,57.03,57.28,55.12,55.37,91269
2024-11-27 19:00:00,55.37,57.79,54.11,56.45,97559
2024-11-27 20:00:00,56.45,57.19,54.17,54.45,89039
2024-11-27 21:00:00,54.45,54.83,54.12,54.7,28606
2024-11-27 22:00:00,54.7,54.8,54.57,54.63,6127
2024-11-27 23:00:00,54.63,55.57,54.43,55.18,29407
2024-11-28 00:00:00,55.18,56.73,54.75,56.13,35246
2024-11-28 01:00:00,56.13,56.86,55.15,56.53,35362
2024-11-28 02:00:00,56.53,57.12,55.98,56.83,36319
2024-11-28 03:00:00,56.83,56.91,55.73,55.95,34575
2024-11-28 04:00:00,55.95,56.7,55.69,56.3,39813
2024-11-28 05:00:00,56.3,58.84,54.39,57.34,35888
2024-11-28 06:00:00,57.34,57.88,56.64,57.86,38331
2024-11-28 07:00:00,57.86,59.56,57.57,59.19,37771
2024-11-28 08:00:00,59.19,62.03,57.19,60.94,70619
2024-11-28 09:00:00,60.94,61.76,60.91,61.65,68173
2024-11-28 10:00:00,61.65,61.75,61.01,61.2,70683
2024-11-28 11:00:00,61.2,61.62,61.01,61.16,68476
2024-11-28 12:00:00,61.16,61.52,60.96,61.35,81964
2024-11-28 13:00:00,61.35,61.75,61.12,61.2,94023
2024-11-28 14:00:00,61.2,61.46,60.93,61.32,90023
2024-11-28 15:00:00,61.32,61.46,60.84,61.02,87264
2024-11-28 16:00:00,61.02,61.14,60.45,60.62,89482
2024-11-28 17:00:00,60.62,60.85,60.0,60.04,88101
2024-11-28 18:00:00,60.04,60.15,59.57,59.76,89258
2024-11-28 19:00:00,59.76,62.29,59.46,61.32,89608
2024-11-28 20:00:00,61.32,61.56,61.0,61.34,89873
2024-11-28 21:00:00,61.34,61.4,61.21,61.34,30808
2024-11-28 22:00:00,61.34,61.44,61.33,61.41,5845
2024-11-28 23:00:00,61.41,61.57,61.39,61.47,30848
2024-11-29 00:00:00,61.47,61.64,61.31,61.34,34438
2024-11-29 01:00:00,61.34,61.39,61.18,61.27,34695
2024-11-29 02:00:00,61.27,61.46,61.15,61.38,33693
2024-11-29 03:00:00,61.38,61.49,61.23,61.39,37621
2024-11-29 04:00:00,61.39,61.5,61.21,61.25,39255
2024-11-29 05:00:00,61.25,63.48,58.85,60.36,39169
2024-11-29 06:00:00,60.36,60.41,60.23,60.29,37380
2024-11-29 07:00:00,60.29,60.49,60.16,60.35,38389
2024-11-29 08:00:00,60.35,60.62,60.13,60.37,73925
2024-11-29 09:00:00,60.37,60.5,59.95,60.39,71047
2024-11-29 10:00:00,60.39,60.41,59.83,60.15,72595
2024-11-29 11:00:00,60.15,60.37,59.98,60.15,69123
2024-11-29 12:00:00,60.15,60.25,59.86,59.92,74016
2024-11-29 13:00:00,59.92,60.18,59.38,59.54,80062
2024-11-29 14:00:00,59.54,59.88,59.38,59.5,90749
2024-11-29 15:00:00,59.5,61.13,58.23,59.98,85010
2024-11-29 16:00:00,59.98,60.25,59.51,59.84,88409
2024-11-29 17:00:00,59.84,60.05,59.41,59.82,90942
2024-11-29 18:00:00,59.82,60.01,59.53,59.76,87706
2024-11-29 19:00:00,59.76,60.41,59.54,60.29,89052
2024-11-29 20:00:00,60.29,60.51,59.92,60.18,92396
2024-11-29 21:00:00,60.18,60.66,60.09,60.55,28251
2024-11-29 22:00:00,60.55,61.14,60.54,61.12,5970
2024-11-29 23:00:00,61.12,62.02,61.1,61.92,30386
2024-12-02 00:00:00,61.92,64.03,61.46,63.34,35226
2024-12-02 01:00:00,63.34,64.08,63.3,64.01,34405
2024-12-02 02:00:00,64.01,64.78,63.95,64.58,34148
2024-12-02 03:00:00,64.58,64.85,64.41,64.78,35197
2024-12-02 04:00:00,64.78,67.11,64.2,66.49,35716
2024-12-02 05:00:00,66.49,67.29,66.44,67.27,34600
2024-12-02 06:00:00,67.27,68.08,67.2,68.01,36463
2024-12-02 07:00:00,68.01,68.69,67.94,68.64,36203
2024-12-02 08:00:00,68.64,68.79,67.96,68.43,72539
2024-12-02 09:00:00,68.43,68.94,68.17,68.81,67382
2024-12-02 10:00:00,68.81,69.22,68.5,68.86,71733
2024-12-02 11:00:00,68.86,69.86,68.75,69.71,73587
2024-12-02 12:00:00,69.71,70.22,69.26,69.85,68818
2024-12-02 13:00:00,69.85,71.4,69.46,70.88,90364
2024-12-02 14:00:00,70.88,71.25,70.55,71.04,95943
2024-12-02 15:00:00,71.04,72.18,70.62,71.34,91360
2024-12-02 16:00:00,71.34,71.88,71.05,71.55,87384
2024-12-02 17:00:00,71.55,73.88,68.91,70.73,94672
2024-12-02 18:00:00,70.73,72.43,70.28,72.27,90176
2024-12-02 19:00:00,72.27,73.38,72.15,72.98,89401
2024-12-02 20:00:00,72.98,74.19,72.54,73.98,93179
2024-12-02 21:00:00,73.98,74.77,73.88,74.73,31680
2024-12-02 22:00:00,74.73,75.48,74.72,75.47,6119
2024-12-02 23:00:00,75.47,75.93,75.26,75.88,30809
2024-12-03 00:00:00,75.88,76.88,75.83,76.81,37999
2024-12-03 01:00:00,76.81,77.22,76.76,77.17,35223
2024-12-03 02:00:00,77.17,77.96,77.09,77.78,37139
2024-12-03 03:00:00,77.78,77.85,76.78,76.85,36505
2024-12-03 04:00:00,76.85,76.89,75.74,75.88,37765
2024-12-03 05:00:00,75.88,75.96,75.39,75.45,34179
2024-12-03 06:00:00,75.45,75.62,74.27,74.29,35378
2024-12-03 07:00:00,74.29,74.32,72.89,72.95,35952
2024-12-03 08:00:00,72.95,73.35,72.62,72.82,73961
2024-12-03 09:00:00,72.82,72.9,71.88,71.92,69292
2024-12-03 10:00:00,71.92,71.98,70.62,70.87,69157
2024-12-03 11:00:00,70.87,71.8,70.79,71.43,70913
2024-12-03 12:00:00,71.43,71.92,70.79,71.1,73050
2024-12-03 13:00:00,71.1,75.89,70.38,74.24,94103
2024-12-03 14:00:00,74.24,74.54,73.35,73.94,95547
2024-12-03 15:00:00,73.94,73.99,71.41,71.6,87349
2024-12-03 16:00:00,71.6,71.95,70.77,71.46,85556
2024-12-03 17:00:00,71.46,71.86,70.26,70.59,87580
2024-12-03 18:00:00,70.59,71.24,70.36,70.89,95158
2024-12-03 19:00:00,70.89,71.09,69.35,69.97,86220
2024-12-03 20:00:00,69.97,70.1,68.38,68.58,94614
2024-12-03 21:00:00,68.58,69.45,64.63,66.74,29441
2024-12-03 22:00:00,66.74,66.77,66.04,66.05,6018
2024-12-03 23:00:00,66.05,66.12,65.23,65.26,30297
2024-12-04 00:00:00,65.26,65.31,64.43,64.52,34877
2024-12-04 01:00:00,64.52,64.59,63.96,64.09,35755
2024-12-04 02:00:00,64.09,64.15,63.61,63.7,34576
2024-12-04 03:00:00,63.7,63.71,63.21,63.43,35182
2024-12-04 04:00:00,63.43,63.47,62.99,63.15,37088
2024-12-04 05:00:00,63.15,63.29,62.55,62.58,35697
2024-12-04 06:00:00,62.58,62.63,62.13,62.19,35185
2024-12-04 07:00:00,62.19,62.28,61.65,61.74,37077
2024-12-04 08:00:00,61.74,62.25,60.8,60.88,75281
2024-12-04 09:00:00,60.88,61.22,60.57,60.95,69395
2024-12-04 10:00:00,60.95,61.28,60.04,60.13,72872
2024-12-04 11:00:00,60.13,60.35,59.3,59.89,75228
2024-12-04 12:00:00,59.89,60.21,59.45,59.71,76438
2024-12-04 13:00:00,59.71,60.32,59.0,59.28,92085
2024-12-04 14:00:00,59.28,60.19,58.42,58.96,88451
2024-12-04 15:00:00,58.96,59.34,57.82,58.04,90263
2024-12-04 16:00:00,58.04,59.77,57.45,58.28,96991
2024-12-04 17:00:00,58.28,58.59,56.83,57.13,85645
2024-12-04 18:00:00,57.13,57.29,56.23,56.7,88933
2024-12-04 19:00:00,56.7,56.82,55.5,55.91,95101
2024-12-04 20:00:00,55.91,56.04,55.0,55.19,91195
2024-12-04 21:00:00,55.19,55.21,54.61,54.64,30550
2024-12-04 22:00:00,54.64,54.66,54.15,54.15,5921
2024-12-04 23:00:00,54.15,54.23,53.64,53.75,29108
2024-12-05 00:00:00,53.75,53.82,52.85,52.95,36524
2024-12-05 01:00:00,52.95,52.98,52.31,52.32,35533
2024-12-05 02:00:00,52.32,52.4,51.83,51.91,37242
2024-12-05 03:00:00,51.91,51.95,51.35,51.53,39788
2024-12-05 04:00:00,51.53,51.6,51.14,51.22,37286
2024-12-05 05:00:00,51.22,51.24,50.58,50.6,37737
2024-12-05 06:00:00,50.6,50.67,50.18,50.27,35779
2024-12-05 07:00:00,50.27,50.34,49.48,49.52,37999
2024-12-05 08:00:00,49.52,49.8,49.17,49.67,73229
2024-12-05 09:00:00,49.67,49.91,49.29,49.44,70416
2024-12-05 10:00:00,49.44,49.6,49.22,49.31,66255
2024-12-05 11:00:00,49.31,49.6,48.82,48.94,70661
2024-12-05 12:00:00,48.94,49.01,48.53,48.65,76530
2024-12-05 13:00:00,48.65,49.08,48.41,48.87,88839
2024-12-05 14:00:00,48.87,49.02,48.06,48.42,94432
2024-12-05 15:00:00,48.42,48.49,47.81,47.93,89803
2024-12-05 16:00:00,47.93,48.12,47.25,47.72,88929
2024-12-05 17:00:00,47.72,47.79,46.7,47.17,90021
2024-12-05 18:00:00,47.17,47.61,46.44,46.72,92926
2024-12-05 19:00:00,46.72,46.8,45.83,46.26,92094
2024-12-05 20:00:00,46.26,46.59,45.51,45.57,91615
2024-12-05 21:00:00,45.57,45.66,45.1,45.13,28243
2024-12-05 22:00:00,45.13,45.14,44.77,44.77,5843
2024-12-05 23:00:00,44.77,44.78,44.11,44.16,27907
2024-12-06 00:00:00,44.16,44.37,44.01,44.36,35650
2024-12-06 01:00:00,44.36,45.52,43.5,44.17,36211
2024-12-06 02:00:00,44.17,44.49,42.59,43.84,35702
2024-12-06 03:00:00,43.84,44.13,43.81,44.06,34690
2024-12-06 04:00:00,44.06,44.76,43.96,44.73,35069
2024-12-06 05:00:00,44.73,45.27,44.71,45.22,35006
2024-12-06 06:00:00,45.22,45.81,45.15,45.75,36312
2024-12-06 07:00:00,45.75,46.27,45.67,46.27,36801
2024-12-06 08:00:00,46.27,48.42,45.22,47.35,71416
2024-12-06 09:00:00,47.35,48.17,47.25,48.14,72384
2024-12-06 10:00:00,48.14,48.49,47.82,48.22,69962
2024-12-06 11:00:00,48.22,49.1,48.04,48.94,68291
2024-12-06 12:00:00,48.94,49.25,48.59,48.71,77638
2024-12-06 13:00:00,48.71,49.19,48.28,49.06,85500
2024-12-06 14:00:00,49.06,49.76,48.77,49.63,86549
2024-12-06 15:00:00,49.63,50.45,49.27,50.24,88137
2024-12-06 16:00:00,50.24,51.37,50.17,51.04,88849
2024-12-06 17:00:00,51.04,51.81,50.94,51.6,93698
2024-12-06 18:00:00,51.6,52.23,51.45,52.11,85717
2024-12-06 19:00:00,52.11,53.05,51.87,52.71,88058
2024-12-06 20:00:00,52.71,53.7,50.14,53.28,92382
2024-12-06 21:00:00,53.28,53.75,53.19,53.71,29398
2024-12-06 22:00:00,53.71,54.21,53.71,54.2,5666
2024-12-06 23:00:00,54.2,54.76,54.17,54.73,29091
2024-12-09 00:00:00,54.73,55.36,54.7,55.28,33607
2024-12-09 01:00:00,55.28,55.61,55.09,55.59,34836
2024-12-09 02:00:00,55.59,56.2,55.49,56.17,36077
2024-12-09 03:00:00,56.17,56.5,56.08,56.44,34328
2024-12-09 04:00:00,56.44,57.08,56.43,57.02,38857
2024-12-09 05:00:00,57.02,57.98,56.96,57.89,35413
2024-12-09 06:00:00,57.89,58.69,57.82,58.5,35443
2024-12-09 07:00:00,58.5,59.19,58.47,59.09,35710
2024-12-09 08:00:00,59.09,59.4,58.58,59.16,71229
2024-12-09 09:00:00,59.16,59.4,58.88,59.3,72405
2024-12-09 10:00:00,59.3,60.41,59.07,60.34,72668
2024-12-09 11:00:00,60.34,60.55,59.88,60.21,71242
2024-12-09 12:00:00,60.21,61.26,60.12,61.23,71570
2024-12-09 13:00:00,61.23,63.15,61.21,62.8,92589
2024-12-09 14:00:00,62.8,62.97,62.25,62.46,91267
2024-12-09 15:00:00,62.46,63.31,62.08,63.24,89960
2024-12-09 16:00:00,63.24,63.5,62.98,63.08,97088
2024-12-09 17:00:00,63.08,63.39,62.56,62.68,92807
2024-12-09 18:00:00,62.68,63.4,59.58,61.21,93354
2024-12-09 19:00:00,61.21,61.46,60.82,60.93,92167
2024-12-09 20:00:00,60.93,61.19,60.63,60.87,90545
2024-12-09 21:00:00,60.87,61.02,60.83,60.97,30706
2024-12-09 22:00:00,60.97,61.0,60.94,60.95,6055
2024-12-09 23:00:00,60.95,61.14,60.94,61.09,30133
2024-12-10 00:00:00,61.09,61.28,61.03,61.1,36111
2024-12-10 01:00:00,61.1,61.2,60.97,61.15,34326
2024-12-10 02:00:00,61.15,61.21,60.89,61.01,36636
2024-12-10 03:00:00,61.01,61.38,60.97,61.26,34174
2024-12-10 04:00:00,61.26,61.51,61.2,61.44,36198
2024-12-10 05:00:00,61.44,61.55,61.38,61.51,36582
2024-12-10 06:00:00,61.51,61.81,61.43,61.77,33671
2024-12-10 07:00:00,61.77,62.01,61.7,61.94,34811
2024-12-10 08:00:00,61.94,64.38,61.77,63.48,72466
2024-12-10 09:00:00,63.48,63.89,63.4,63.82,72698
2024-12-10 10:00:00,63.82,63.9,63.18,63.23,70076
2024-12-10 11:00:00,63.23,63.32,62.72,63.07,71058
2024-12-10 12:00:00,63.07,63.22,62.81,63.13,70173
2024-12-10 13:00:00,63.13,63.88,63.09,63.73,86078
2024-12-10 14:00:00,63.73,64.24,63.3,63.93,90594
2024-12-10 15:00:00,63.93,64.25,63.33,63.43,89583
2024-12-10 16:00:00,63.43,64.37,61.61,61.79,89237
2024-12-10 17:00:00,61.79,62.15,61.09,61.24,87633
2024-12-10 18:00:00,61.24,61.64,60.9,61.56,93203
2024-12-10 19:00:00,61.56,61.98,61.44,61.85,92602
2024-12-10 20:00:00,61.85,62.4,61.63,62.31,91819
2024-12-10 21:00:00,62.31,62.36,62.13,62.18,30829
2024-12-10 22:00:00,62.18,62.24,62.15,62.2,6010
2024-12-10 23:00:00,62.2,62.33,62.13,62.21,30826
2024-12-11 00:00:00,62.21,62.3,62.06,62.19,36559
2024-12-11 01:00:00,62.19,63.77,60.87,61.31,35643
2024-12-11 02:00:00,61.31,61.31,60.96,61.12,33992
2024-12-11 03:00:00,61.12,61.22,60.99,61.15,35467
2024-12-11 04:00:00,61.15,61.38,61.05,61.26,35845
2024-12-11 05:00:00,61.26,61.34,60.97,61.0,36193
2024-12-11 06:00:00,61.0,61.17,60.89,61.06,35430
2024-12-11 07:00:00,61.06,61.35,61.03,61.14,35609
2024-12-11 08:00:00,61.14,61.24,60.74,61.16,70586
2024-12-11 09:00:00,61.16,61.48,60.91,61.29,72717
2024-12-11 10:00:00,61.29,61.5,61.13,61.31,69378
2024-12-11 11:00:00,61.31,61.46,60.53,60.7,72977
2024-12-11 12:00:00,60.7,60.8,60.07,60.16,69327
2024-12-11 13:00:00,60.16,60.46,59.88,59.98,86286
2024-12-11 14:00:00,59.98,60.27,59.65,60.22,87254
2024-12-11 15:00:00,60.22,60.63,59.91,59.99,90181
2024-12-11 16:00:00,59.99,60.44,59.77,60.0,90073
2024-12-11 17:00:00,60.0,60.25,59.59,60.02,92847
2024-12-11 18:00:00,60.02,60.57,59.69,59.94,92352
2024-12-11 19:00:00,59.94,60.47,59.66,60.1,89370
2024-12-11 20:00:00,60.1,61.44,59.7,61.12,83513
2024-12-11 21:00:00,61.12,61.83,60.97,61.79,29473
2024-12-11 22:00:00,61.79,62.38,61.78,62.36,5926
2024-12-11 23:00:00,62.36,63.19,62.35,63.09,30704
2024-12-12 00:00:00,63.09,63.78,62.95,63.69,35052
2024-12-12 01:00:00,63.69,64.09,63.6,63.97,35277
2024-12-12 02:00:00,63.97,64.54,63.86,64.44,35610
2024-12-12 03:00:00,64.44,65.19,64.41,65.18,35523
2024-12-12 04:00:00,65.18,65.98,65.15,65.97,37283
2024-12-12 05:00:00,65.97,66.56,65.87,66.52,35779
2024-12-12 06:00:00,66.52,67.07,66.49,66.93,37965
2024-12-12 07:00:00,66.93,67.97,66.85,67.87,34538
2024-12-12 08:00:00,67.87,68.9,67.78,68.79,71981
2024-12-12 09:00:00,68.79,69.55,68.35,69.44,72534
2024-12-12 10:00:00,69.44,70.24,69.02,70.0,72493
2024-12-12 11:00:00,70.0,71.5,69.66,71.29,73222
2024-12-12 12:00:00,71.29,72.44,70.93,72.08,72806
2024-12-12 13:00:00,72.08,72.24,71.07,71.18,88743
2024-12-12 14:00:00,71.18,72.31,70.93,71.73,89997
2024-12-12 15:00:00,71.73,74.68,68.08,71.58,90041
2024-12-12 16:00:00,71.58,71.71,70.62,70.89,90795
2024-12-12 17:00:00,70.89,71.57,70.48,71.35,86481
2024-12-12 18:00:00,71.35,72.51,71.07,72.31,90396
2024-12-12 19:00:00,72.31,73.8,71.75,73.58,85706
2024-12-12 20:00:00,73.58,74.3,73.19,73.66,92248
2024-12-12 21:00:00,73.66,74.16,73.48,74.11,29237
2024-12-12 22:00:00,74.11,76.02,73.29,76.01,6215
2024-12-12 23:00:00,76.01,76.74,76.01,76.67,29369
2024-12-13 00:00:00,76.67,76.96,76.47,76.76,34481
2024-12-13 01:00:00,76.76,77.71,76.68,77.46,34453
2024-12-13 02:00:00,77.46,78.12,77.34,78.05,34841
2024-12-13 03:00:00,78.05,79.37,77.95,79.22,34208
2024-12-13 04:00:00,79.22,79.73,78.99,79.64,35684
2024-12-13 05:00:00,79.64,80.08,79.57,80.01,34764
2024-12-13 06:00:00,80.01,80.91,79.92,80.85,35083
2024-12-13 07:00:00,80.85,81.76,80.72,81.68,37482
2024-12-13 08:00:00,81.68,82.58,81.32,82.36,73881
2024-12-13 09:00:00,82.36,83.79,82.3,83.33,67274
2024-12-13 10:00:00,83.33,84.11,82.91,83.94,67966
2024-12-13 11:00:00,83.94,85.88,83.88,85.58,72816
2024-12-13 12:00:00,85.58,87.97,83.22,85.61,70594
2024-12-13 13:00:00,85.61,86.53,85.31,85.66,90767
2024-12-13 14:00:00,85.66,86.39,85.02,86.26,96808
2024-12-13 15:00:00,86.26,87.94,86.11,87.78,88778
2024-12-13 16:00:00,87.78,88.81,87.17,88.11,89469
2024-12-13 17:00:00,88.11,89.07,87.98,88.8,82628
2024-12-13 18:00:00,88.8,89.09,88.05,88.26,86711
2024-12-13 19:00:00,88.26,89.04,87.83,88.29,89960
2024-12-13 20:00:00,88.29,88.64,87.17,87.55,87100
2024-12-13 21:00:00,87.55,87.67,86.75,86.8,30405
2024-12-13 22:00:00,86.8,86.82,85.92,85.95,5882
2024-12-13 23:00:00,85.95,85.99,85.02,85.11,28638
2024-12-16 00:00:00,85.11,85.14,84.3,84.37,36906
2024-12-16 01:00:00,84.37,84.46,83.11,83.21,35847
2024-12-16 02:00:00,83.21,83.24,81.97,82.06,37349
2024-12-16 03:00:00,82.06,82.25,81.13,81.16,38025
2024-12-16 04:00:00,81.16,81.33,80.58,80.65,36860
2024-12-16 05:00:00,80.65,80.68,79.75,79.79,36830
2024-12-16 06:00:00,79.79,79.85,78.85,78.96,35702
2024-12-16 07:00:00,78.96,79.04,78.14,78.28,37963
2024-12-16 08:00:00,78.28,78.51,76.87,76.93,71937
2024-12-16 09:00:00,76.93,77.25,76.11,76.18,71898
2024-12-16 10:00:00,76.18,76.22,75.26,75.45,71040
2024-12-16 11:00:00,75.45,75.75,74.39,75.02,72009
2024-12-16 12:00:00,75.02,75.21,74.16,74.73,70769
2024-12-16 13:00:00,74.73,75.07,73.89,74.53,94129
2024-12-16 14:00:00,74.53,75.6,73.89,75.03,88955
2024-12-16 15:00:00,75.03,75.45,74.29,75.14,91263
2024-12-16 16:00:00,75.14,75.47,74.35,74.56,88395
2024-12-16 17:00:00,74.56,75.09,73.61,74.03,87447
2024-12-16 18:00:00,74.03,75.14,73.72,74.49,93224
2024-12-16 19:00:00,74.49,74.67,73.33,73.61,90985
2024-12-16 20:00:00,73.61,74.12,72.59,73.05,84723
2024-12-16 21:00:00,73.05,73.21,72.38,72.4,29394
2024-12-16 22:00:00,72.4,72.41,71.79,71.82,5914
2024-12-16 23:00:00,71.82,71.82,70.91,70.96,30916
2024-12-17 00:00:00,70.96,71.0,69.93,69.95,34854
2024-12-17 01:00:00,69.95,70.11,69.77,69.94,36316
2024-12-17 02:00:00,69.94,70.04,69.21,69.27,35315
2024-12-17 03:00:00,69.27,69.38,68.56,68.64,37467
2024-12-17 04:00:00,68.64,68.85,67.83,67.85,35147
2024-12-17 05:00:00,67.85,67.85,67.38,67.48,34721
2024-12-17 06:00:00,67.48,68.07,66.0,66.16,36246
2024-12-17 07:00:00,66.16,66.22,65.49,65.53,36451
2024-12-17 08:00:00,65.53,65.81,64.89,65.75,72301
2024-12-17 09:00:00,65.75,65.96,64.72,64.89,69294
2024-12-17 10:00:00,64.89,65.4,64.81,65.17,74261
2024-12-17 11:00:00,65.17,65.94,65.08,65.74,71476
2024-12-17 12:00:00,65.74,66.42,65.29,66.35,74672
2024-12-17 13:00:00,66.35,66.72,66.05,66.32,90733
2024-12-17 14:00:00,66.32,68.11,65.49,67.85,91383
2024-12-17 15:00:00,67.85,68.09,67.39,67.56,87263
2024-12-17 16:00:00,67.56,69.08,63.75,65.58,88330
2024-12-17 17:00:00,65.58,65.85,65.23,65.73,96168
2024-12-17 18:00:00,65.73,65.95,64.6,64.77,93111
2024-12-17 19:00:00,64.77,65.13,64.46,65.07,90401
2024-12-17 20:00:00,65.07,65.25,64.58,64.88,91269
2024-12-17 21:00:00,64.88,64.99,64.77,64.87,30742
2024-12-17 22:00:00,64.87,64.91,64.86,64.9,6010
2024-12-17 23:00:00,64.9,64.92,64.65,64.73,29727
2024-12-18 00:00:00,64.73,64.98,64.7,64.88,37168
2024-12-18 01:00:00,64.88,65.11,64.74,65.05,35701
2024-12-18 02:00:00,65.05,65.34,65.01,65.24,35571
2024-12-18 03:00:00,65.24,65.39,65.09,65.12,35887
2024-12-18 04:00:00,65.12,65.2,64.96,65.2,35098
2024-12-18 05:00:00,65.2,65.33,65.0,65.17,35612
2024-12-18 06:00:00,65.17,65.3,64.99,65.27,35509
2024-12-18 07:00:00,65.27,65.63,65.21,65.47,37490
2024-12-18 08:00:00,65.47,66.79,63.81,63.88,73548
2024-12-18 09:00:00,63.88,63.92,63.15,63.21,72199
2024-12-18 10:00:00,63.21,63.53,62.94,63.36,71030
2024-12-18 11:00:00,63.36,63.55,63.01,63.2,72717
2024-12-18 12:00:00,63.2,63.33,62.74,63.01,76171
2024-12-18 13:00:00,63.01,63.43,62.78,63.09,92604
2024-12-18 14:00:00,63.09,63.35,62.54,62.96,94701
2024-12-18 15:00:00,62.96,63.64,62.74,63.51,86562
2024-12-18 16:00:00,63.51,65.19,62.2,64.7,87309
2024-12-18 17:00:00,64.7,65.13,64.49,64.56,88868
2024-12-18 18:00:00,64.56,65.04,64.33,64.87,93423
2024-12-18 19:00:00,64.87,65.31,64.62,64.88,86729
2024-12-18 20:00:00,64.88,65.25,64.65,65.1,93438
2024-12-18 21:00:00,65.1,65.18,65.0,65.15,29474
2024-12-18 22:00:00,65.15,65.25,65.13,65.24,5766
2024-12-18 23:00:00,65.24,65.52,65.18,65.34,31337
2024-12-19 00:00:00,65.34,65.4,65.17,65.22,33508
2024-12-19 01:00:00,65.22,65.38,65.11,65.26,37414
2024-12-19 02:00:00,65.26,65.96,63.23,64.22,34828
2024-12-19 03:00:00,64.22,64.36,64.07,64.09,35326
2024-12-19 04:00:00,64.09,64.17,63.86,63.93,37121
2024-12-19 05:00:00,63.93,63.96,63.74,63.89,34739
2024-12-19 06:00:00,63.89,65.14,63.86,64.91,35911
2024-12-19 07:00:00,64.91,65.09,64.82,64.96,35297
2024-12-19 08:00:00,64.96,65.24,64.65,65.09,66277
2024-12-19 09:00:00,65.09,65.48,64.8,65.2,73502
2024-12-19 10:00:00,65.2,65.73,65.13,65.64,65989
2024-12-19 11:00:00,65.64,65.74,65.25,65.39,74146
2024-12-19 12:00:00,65.39,66.04,65.29,65.74,74036
2024-12-19 13:00:00,65.74,66.3,65.53,65.89,93467
2024-12-19 14:00:00,65.89,65.97,65.35,65.39,92193
2024-12-19 15:00:00,65.39,65.67,62.86,64.2,90637
2024-12-19 16:00:00,64.2,64.27,63.71,63.92,90164
2024-12-19 17:00:00,63.92,64.36,63.44,63.73,87811
2024-12-19 18:00:00,63.73,64.15,63.58,63.72,84172
2024-12-19 19:00:00,63.72,64.0,63.29,63.74,93720
2024-12-19 20:00:00,63.74,63.89,63.29,63.56,88936
2024-12-19 21:00:00,63.56,63.67,63.34,63.47,29170
2024-12-19 22:00:00,63.47,63.47,63.4,63.42,6389
2024-12-19 23:00:00,63.42,63.6,63.35,63.48,28467
2024-12-20 00:00:00,63.48,63.87,60.27,62.11,35729
2024-12-20 01:00:00,62.11,62.27,62.05,62.21,36207
2024-12-20 02:00:00,62.21,63.54,60.38,63.28,34527
2024-12-20 03:00:00,63.28,63.63,63.23,63.58,37489
2024-12-20 04:00:00,63.58,63.84,63.51,63.74,36324
2024-12-20 05:00:00,63.74,63.79,63.6,63.66,32646
2024-12-20 06:00:00,63.66,63.87,63.54,63.8,35260
2024-12-20 07:00:00,63.8,66.03,63.76,64.42,34859
2024-12-20 08:00:00,64.42,64.78,64.08,64.17,72704
2024-12-20 09:00:00,64.17,64.72,64.08,64.45,68883
2024-12-20 10:00:00,64.45,64.56,64.04,64.22,70252
2024-12-20 11:00:00,64.22,64.66,64.07,64.5,69714
2024-12-20 12:00:00,64.5,64.87,64.31,64.61,73781
2024-12-20 13:00:00,64.61,65.58,64.39,65.54,84803
2024-12-20 14:00:00,65.54,66.31,65.44,66.04,84736
2024-12-20 15:00:00,66.04,66.57,65.8,66.5,87996
2024-12-20 16:00:00,66.5,66.58,65.92,66.24,90501
2024-12-20 17:00:00,66.24,66.63,65.75,66.53,89213
2024-12-20 18:00:00,66.53,66.58,65.93,66.16,84301
2024-12-20 19:00:00,66.16,66.33,65.75,66.06,92359
2024-12-20 20:00:00,66.06,66.69,65.75,66.47,91249
2024-12-20 21:00:00,66.47,66.53,66.36,66.49,31336
2024-12-20 22:00:00,66.49,66.51,66.39,66.39,5554
2024-12-20 23:00:00,66.39,66.53,66.31,66.45,28441
2024-12-23 00:00:00,66.45,68.07,66.01,67.35,34109
2024-12-23 01:00:00,67.35,67.54,67.26,67.47,36247
2024-12-23 02:00:00,67.47,67.67,67.32,67.53,37446
2024-12-23 03:00:00,67.53,67.63,67.26,67.44,36758
2024-12-23 04:00:00,67.44,70.92,66.83,68.55,34602
2024-12-23 05:00:00,68.55,68.61,68.18,68.4,36028
2024-12-23 06:00:00,68.4,68.59,68.35,68.45,35683
2024-12-23 07:00:00,68.45,68.61,68.31,68.55,36205
2024-12-23 08:00:00,68.55,69.15,68.42,68.97,71466
2024-12-23 09:00:00,68.97,69.56,68.86,69.25,69729
2024-12-23 10:00:00,69.25,69.54,68.97,69.19,72532
2024-12-23 11:00:00,69.19,69.83,69.02,69.58,74007
2024-12-23 12:00:00,69.58,70.04,69.48,69.79,70329
2024-12-23 13:00:00,69.79,70.05,68.98,69.08,94794
2024-12-23 14:00:00,69.08,69.85,68.93,69.32,94744
2024-12-23 15:00:00,69.32,69.54,68.81,69.2,89158
2024-12-23 16:00:00,69.2,69.66,69.04,69.31,88080
2024-12-23 17:00:00,69.31,69.96,69.23,69.66,90035
2024-12-23 18:00:00,69.66,70.54,69.39,70.23,86601
2024-12-23 19:00:00,70.23,70.64,70.1,70.52,90884
2024-12-23 20:00:00,70.52,70.8,69.91,70.16,84093
2024-12-23 21:00:00,70.16,70.39,70.12,70.16,29598
2024-12-23 22:00:00,70.16,70.18,70.12,70.16,5674
2024-12-23 23:00:00,70.16,70.3,70.06,70.3,29428
2024-12-24 00:00:00,70.3,70.53,70.26,70.35,36133
2024-12-24 01:00:00,70.35,70.43,70.1,70.16,37167
2024-12-24 02:00:00,70.16,70.22,69.98,70.18,36099
2024-12-24 03:00:00,70.18,70.24,69.9,70.04,37854
2024-12-24 04:00:00,70.04,70.32,69.97,70.29,33782
2024-12-24 05:00:00,70.29,70.46,70.1,70.31,38358
2024-12-24 06:00:00,70.31,70.42,69.8,69.95,37315
2024-12-24 07:00:00,69.95,70.36,69.92,70.16,38003
2024-12-24 08:00:00,70.16,70.52,70.01,70.12,70868
2024-12-24 09:00:00,70.12,70.19,69.76,69.99,69197
2024-12-24 10:00:00,69.99,70.33,69.89,69.97,72746
2024-12-24 11:00:00,69.97,70.38,69.88,70.14,74436
2024-12-24 12:00:00,70.14,70.89,70.03,70.77,69205
2024-12-24 13:00:00,70.77,70.89,70.09,70.46,83467
2024-12-24 14:00:00,70.46,70.64,69.84,70.11,91740
2024-12-24 15:00:00,70.11,70.55,69.82,70.34,94863
2024-12-24 16:00:00,70.34,70.53,69.91,70.15,93563
2024-12-24 17:00:00,70.15,70.46,69.98,70.31,89699
2024-12-24 18:00:00,70.31,71.05,70.01,70.46,93298
2024-12-24 19:00:00,70.46,70.92,70.12,70.48,88423
2024-12-24 20:00:00,70.48,70.88,70.35,70.63,95731
2024-12-24 21:00:00,70.63,70.73,70.48,70.56,30122
2024-12-24 22:00:00,70.56,72.48,68.36,69.38,5856
2024-12-24 23:00:00,69.38,69.59,69.21,69.58,28339
2024-12-25 00:00:00,69.58,69.93,69.47,69.87,37505
2024-12-25 01:00:00,69.87,70.01,69.77,69.87,33975
2024-12-25 02:00:00,69.87,70.21,69.76,69.97,34713
2024-12-25 03:00:00,69.97,70.15,69.89,70.04,34955
2024-12-25 04:00:00,70.04,70.25,69.95,70.16,37808
2024-12-25 05:00:00,70.16,70.36,69.93,70.22,35921
2024-12-25 06:00:00,70.22,70.28,69.88,70.0,36009
2024-12-25 07:00:00,70.0,70.36,69.99,70.36,37284
2024-12-25 08:00:00,70.36,70.62,70.08,70.36,71317
2024-12-25 09:00:00,70.36,71.0,70.23,70.74,72195
2024-12-25 10:00:00,70.74,70.91,70.27,70.67,70055
2024-12-25 11:00:00,70.67,70.79,70.37,70.54,71698
2024-12-25 12:00:00,70.54,70.7,70.2,70.42,69897
2024-12-25 13:00:00,70.42,70.53,69.59,69.94,94641
2024-12-25 14:00:00,69.94,70.18,69.29,69.59,91025
2024-12-25 15:00:00,69.59,69.66,67.71,68.75,87828
2024-12-25 16:00:00,68.75,71.25,66.55,69.43,90765
2024-12-25 17:00:00,69.43,69.78,69.02,69.7,86895
2024-12-25 18:00:00,69.7,69.84,68.7,68.98,89529
2024-12-25 19:00:00,68.98,69.41,68.79,68.97,89546
2024-12-25 20:00:00,68.97,69.01,68.38,68.79,96860
2024-12-25 21:00:00,68.79,69.05,68.72,69.0,30016
2024-12-25 22:00:00,69.0,69.05,68.99,69.03,5766
2024-12-25 23:00:00,69.03,69.13,68.95,69.03,30903
2024-12-26 00:00:00,69.03,69.35,68.98,69.27,34912
2024-12-26 01:00:00,69.27,69.6,69.15,69.56,36604
2024-12-26 02:00:00,69.56,69.63,69.36,69.49,32876
2024-12-26 03:00:00,69.49,69.6,69.31,69.53,34640
2024-12-26 04:00:00,69.53,69.63,69.34,69.52,37335
2024-12-26 05:00:00,69.52,69.85,69.47,69.63,33652
2024-12-26 06:00:00,69.63,70.87,66.54,68.81,34400
2024-12-26 07:00:00,68.81,68.99,68.61,68.67,38270
2024-12-26 08:00:00,68.67,69.08,68.5,68.94,69308
2024-12-26 09:00:00,68.94,69.52,68.79,68.93,77092
2024-12-26 10:00:00,68.93,69.17,68.53,68.89,70998
2024-12-26 11:00:00,68.89,69.03,68.14,68.2,74189
2024-12-26 12:00:00,68.2,68.72,68.15,68.35,72076
2024-12-26 13:00:00,68.35,68.53,67.27,67.45,82077
2024-12-26 14:00:00,67.45,67.78,66.41,66.56,93059
2024-12-26 15:00:00,66.56,66.74,66.05,66.36,88541
2024-12-26 16:00:00,66.36,66.51,65.06,65.33,92686
2024-12-26 17:00:00,65.33,65.55,64.78,65.48,93160
2024-12-26 18:00:00,65.48,66.24,65.24,66.21,92750
2024-12-26 19:00:00,66.21,66.26,65.49,65.8,84732
2024-12-26 20:00:00,65.8,67.21,65.65,66.76,88138
2024-12-26 21:00:00,66.76,67.55,66.68,67.41,29345
2024-12-26 22:00:00,67.41,68.12,67.4,68.11,5871
2024-12-26 23:00:00,68.11,68.82,68.08,68.71,30336
2024-12-27 00:00:00,68.71,69.38,68.58,69.33,36214
2024-12-27 01:00:00,69.33,69.92,69.22,69.85,34618
2024-12-27 02:00:00,69.85,70.45,69.72,70.41,35367
2024-12-27 03:00:00,70.41,70.75,70.28,70.6,33988
2024-12-27 04:00:00,70.6,71.68,70.51,71.62,36005
2024-12-27 05:00:00,71.62,72.31,71.5,72.16,36140
2024-12-27 06:00:00,72.16,72.98,72.04,72.98,34913
2024-12-27 07:00:00,72.98,73.83,72.94,73.75,37980
2024-12-27 08:00:00,73.75,74.43,73.51,74.37,67985
2024-12-27 09:00:00,74.37,75.34,74.27,75.04,69906
2024-12-27 10:00:00,75.04,75.99,75.02,75.72,73679
2024-12-27 11:00:00,75.72,77.16,72.93,75.78,73689
2024-12-27 12:00:00,75.78,76.25,75.43,75.75,71573
2024-12-27 13:00:00,75.75,77.05,75.5,76.66,91492
2024-12-27 14:00:00,76.66,77.56,76.35,77.42,94906
2024-12-27 15:00:00,77.42,78.67,77.2,78.3,87558
2024-12-27 16:00:00,78.3,80.03,78.19,79.88,90287
2024-12-27 17:00:00,79.88,80.96,79.63,80.55,89206
2024-12-27 18:00:00,80.55,81.97,80.21,81.52,90822
2024-12-27 19:00:00,81.52,83.61,81.26,83.16,90647
2024-12-27 20:00:00,83.16,84.3,83.02,83.94,87140
2024-12-27 21:00:00,83.94,84.73,83.85,84.63,29901
2024-12-27 22:00:00,84.63,85.42,84.58,85.37,6020
2024-12-27 23:00:00,85.37,85.97,85.33,85.8,31322
2024-12-30 00:00:00,85.8,86.09,85.38,85.95,36439
2024-12-30 01:00:00,85.95,86.48,85.67,86.38,34575
2024-12-30 02:00:00,86.38,87.04,86.25,86.88,34839
2024-12-30 03:00:00,86.88,87.9,86.73,87.85,35163
2024-12-30 04:00:00,87.85,88.81,87.79,88.73,34871
2024-12-30 05:00:00,88.73,89.72,88.66,89.66,36455
2024-12-30 06:00:00,89.66,91.14,89.6,90.99,36820
2024-12-30 07:00:00,90.99,92.04,90.91,91.94,35010
2024-12-30 08:00:00,91.94,94.07,91.73,93.87,72365
2024-12-30 09:00:00,93.87,94.69,93.65,94.53,69528
2024-12-30 10:00:00,94.53,94.86,93.69,94.81,68910
2024-12-30 11:00:00,94.81,95.15,94.19,95.05,73455
2024-12-30 12:00:00,95.05,96.38,94.86,95.93,70491
2024-12-30 13:00:00,95.93,96.51,95.13,95.92,91116
2024-12-30 14:00:00,95.92,96.63,95.03,95.92,92257
2024-12-30 15:00:00,95.92,97.18,95.74,96.72,90158
2024-12-30 16:00:00,96.72,98.86,96.59,98.69,85926
2024-12-30 17:00:00,98.69,99.35,97.83,99.2,90792
2024-12-30 18:00:00,99.2,100.29,98.63,99.13,89368
2024-12-30 19:00:00,99.13,99.81,98.29,99.51,87321
2024-12-30 20:00:00,99.51,100.64,98.57,100.0,86101
2024-12-30 21:00:00,100.0,101.15,99.9,101.0,31745
2024-12-30 22:00:00,101.0,101.95,100.97,101.91,5714
2024-12-30 23:00:00,101.91,102.97,101.87,102.81,30529
2024-12-31 00:00:00,102.81,103.47,102.61,103.42,36815
2024-12-31 01:00:00,103.42,106.83,98.84,106.15,32689
2024-12-31 02:00:00,106.15,107.03,106.08,106.93,35247
2024-12-31 03:00:00,106.93,107.93,106.84,107.86,36948
2024-12-31 04:00:00,107.86,108.43,107.53,108.27,33948
2024-12-31 05:00:00,108.27,109.08,107.98,108.96,34323
2024-12-31 06:00:00,108.96,110.17,108.81,110.01,35838
2024-12-31 07:00:00,110.01,111.51,109.72,111.41,36105
2024-12-31 08:00:00,111.41,112.01,110.6,111.65,62932
2024-12-31 09:00:00,111.65,113.04,111.46,112.67,68466
2024-12-31 10:00:00,112.67,115.89,112.43,115.73,66891
2024-12-31 11:00:00,115.73,116.33,115.24,115.76,71485
2024-12-31 12:00:00,115.76,117.07,112.2,113.34,73260
2024-12-31 13:00:00,113.34,113.67,112.56,112.87,92035
2024-12-31 14:00:00,112.87,114.01,112.01,113.82,86460
2024-12-31 15:00:00,113.82,115.25,113.67,114.83,88405
2024-12-31 16:00:00,114.83,118.52,113.99,118.08,90452
2024-12-31 17:00:00,118.08,118.76,117.67,117.99,88047
2024-12-31 18:00:00,117.99,118.46,117.5,117.83,89016
2024-12-31 19:00:00,117.83,118.99,117.38,118.59,93515
2024-12-31 20:00:00,118.59,119.49,118.35,118.99,92966
2024-12-31 21:00:00,118.99,119.43,118.93,119.29,30196
2024-12-31 22:00:00,119.29,119.42,119.26,119.39,6355
2024-12-31 23:00:00,119.39,127.42,117.56,121.64,28974
2025-01-01 00:00:00,121.64,122.09,121.51,121.93,35406
2025-01-01 01:00:00,121.93,122.28,121.4,121.58,34776
2025-01-01 02:00:00,121.58,121.89,121.49,121.63,36687
2025-01-01 03:00:00,121.63,122.0,121.5,121.58,36165
2025-01-01 04:00:00,121.58,122.07,121.4,121.96,31893
2025-01-01 05:00:00,121.96,122.07,121.67,121.93,35354
2025-01-01 06:00:00,121.93,122.24,121.74,122.11,34780
2025-01-01 07:00:00,122.11,122.31,121.68,122.03,34766
2025-01-01 08:00:00,122.03,123.25,121.4,122.42,68833
2025-01-01 09:00:00,122.42,123.12,122.12,122.7,70182
2025-01-01 10:00:00,122.7,123.05,122.14,122.47,76330
2025-01-01 11:00:00,122.47,122.89,121.79,121.97,71909
2025-01-01 12:00:00,121.97,122.53,121.37,122.23,70685
2025-01-01 13:00:00,122.23,122.48,121.32,121.87,92497
2025-01-01 14:00:00,121.87,122.88,121.53,122.56,89762
2025-01-01 15:00:00,122.56,123.35,121.74,121.94,90561
2025-01-01 16:00:00,121.94,127.87,121.14,124.1,94200
2025-01-01 17:00:00,124.1,125.67,123.83,124.84,90813
2025-01-01 18:00:00,124.84,125.11,123.72,124.08,93106
2025-01-01 19:00:00,124.08,133.3,123.12,128.82,87241
2025-01-01 20:00:00,128.82,129.39,127.67,128.51,89301
2025-01-01 21:00:00,128.51,130.84,127.87,130.34,30486
2025-01-01 22:00:00,130.34,130.42,130.27,130.34,6121
2025-01-01 23:00:00,130.34,133.11,124.8,127.74,28120
2025-01-02 00:00:00,127.74,127.99,127.38,127.52,34923
2025-01-02 01:00:00,127.52,127.6,126.98,127.16,36312
2025-01-02 02:00:00,127.16,127.42,126.92,127.31,36036
2025-01-02 03:00:00,127.31,127.7,127.18,127.35,33839
2025-01-02 04:00:00,127.35,127.7,127.32,127.51,35851
2025-01-02 05:00:00,127.51,127.8,127.32,127.64,35381
2025-01-02 06:00:00,127.64,127.83,127.28,127.52,36360
2025-01-02 07:00:00,127.52,127.92,127.32,127.74,36708
2025-01-02 08:00:00,127.74,127.88,127.02,127.72,69965
2025-01-02 09:00:00,127.72,128.01,127.31,127.48,74294
2025-01-02 10:00:00,127.48,129.98,127.38,128.27,71117
2025-01-02 11:00:00,128.27,128.83,127.7,127.81,69212
2025-01-02 12:00:00,127.81,128.83,127.41,128.36,72342
2025-01-02 13:00:00,128.36,129.44,127.99,129.17,89377
2025-01-02 14:00:00,129.17,129.24,127.3,127.59,92537
2025-01-02 15:00:00,127.59,127.85,125.99,126.92,85622
2025-01-02 16:00:00,126.92,131.4,124.62,128.86,84789
2025-01-02 17:00:00,128.86,130.04,128.69,129.78,92430
2025-01-02 18:00:00,129.78,129.92,128.47,129.22,93948
2025-01-02 19:00:00,129.22,130.76,129.14,130.48,90396
2025-01-02 20:00:00,130.48,131.43,124.55,127.31,90998
2025-01-02 21:00:00,127.31,128.58,125.84,128.24,31442
2025-01-02 22:00:00,128.24,128.47,128.0,128.3,5905
2025-01-02 23:00:00,128.3,129.61,127.56,128.62,29076
2025-01-03 00:00:00,128.62,132.06,128.04,131.59,37986
2025-01-03 01:00:00,131.59,133.93,131.07,132.72,37921
2025-01-03 02:00:00,132.72,135.2,132.37,133.55,36389
2025-01-03 03:00:00,133.55,134.14,130.77,132.04,36958
2025-01-03 04:00:00,132.04,134.96,127.23,131.43,35240
2025-01-03 05:00:00,131.43,133.81,129.78,133.23,36213
2025-01-03 06:00:00,133.23,135.85,132.09,135.41,39363
2025-01-03 07:00:00,135.41,138.69,134.55,136.69,34180
2025-01-03 08:00:00,136.69,140.32,134.24,136.35,71063
2025-01-03 09:00:00,136.35,138.95,131.67,135.75,74182
2025-01-03 10:00:00,135.75,138.62,133.74,136.75,73941
2025-01-03 11:00:00,136.75,139.99,134.93,139.44,71016
2025-01-03 12:00:00,139.44,141.73,137.36,139.78,72330
2025-01-03 13:00:00,139.78,141.89,136.88,139.57,87893
2025-01-03 14:00:00,139.57,144.66,135.81,140.25,88174
2025-01-03 15:00:00,140.25,143.02,134.21,136.0,89534
2025-01-03 16:00:00,136.0,139.68,131.17,139.04,89362
2025-01-03 17:00:00,139.04,140.86,136.97,140.02,85088
2025-01-03 18:00:00,140.02,148.12,137.46,145.76,85267
2025-01-03 19:00:00,145.76,150.76,142.9,147.93,94898
2025-01-03 20:00:00,147.93,153.01,140.69,142.45,92851
2025-01-03 21:00:00,142.45,142.64,139.93,141.02,30612
2025-01-03 22:00:00,141.02,142.26,140.9,142.13,5889
2025-01-03 23:00:00,142.13,142.88,140.28,140.49,31002
2025-01-06 00:00:00,140.49,141.17,138.06,139.46,37069
2025-01-06 01:00:00,139.46,140.77,138.24,139.23,36141
2025-01-06 02:00:00,139.23,142.27,138.88,140.54,36090
2025-01-06 03:00:00,140.54,141.41,138.91,139.67,36305
2025-01-06 04:00:00,139.67,140.46,136.91,138.35,35156
2025-01-06 05:00:00,138.35,139.65,136.45,137.0,35049
2025-01-06 06:00:00,137.0,140.96,136.23,139.27,35634
2025-01-06 07:00:00,139.27,140.65,137.66,137.79,37150
2025-01-06 08:00:00,137.79,142.67,137.3,140.38,74137
2025-01-06 09:00:00,140.38,143.14,137.21,142.59,70597
2025-01-06 10:00:00,142.59,145.93,138.67,140.73,69611
2025-01-06 11:00:00,140.73,144.32,139.17,142.52,71815
2025-01-06 12:00:00,142.52,145.77,138.89,140.58,71684
2025-01-06 13:00:00,140.58,144.45,135.55,144.01,83211
2025-01-06 14:00:00,144.01,144.57,139.71,143.23,95799
2025-01-06 15:00:00,143.23,146.27,139.35,141.08,87683
2025-01-06 16:00:00,141.08,142.77,135.04,136.94,90701
2025-01-06 17:00:00,136.94,141.99,133.22,139.04,92625
2025-01-06 18:00:00,139.04,143.43,133.95,142.04,87019
2025-01-06 19:00:00,142.04,143.42,132.32,133.51,89802
2025-01-06 20:00:00,133.51,139.92,132.61,135.64,95786
2025-01-06 21:00:00,135.64,137.85,135.16,137.17,30515
2025-01-06 22:00:00,137.17,137.31,136.41,136.51,5793
2025-01-06 23:00:00,136.51,137.89,134.62,135.25,31614
2025-01-07 00:00:00,135.25,137.37,134.17,136.0,34528
2025-01-07 01:00:00,136.0,141.4,133.05,140.8,36692
2025-01-07 02:00:00,140.8,141.08,138.21,139.28,36385
2025-01-07 03:00:00,139.28,139.39,136.2,136.66,35977
2025-01-07 04:00:00,136.66,140.04,136.44,138.92,32555
2025-01-07 05:00:00,138.92,140.42,136.79,139.86,36044
2025-01-07 06:00:00,139.86,140.93,138.8,140.36,35827
2025-01-07 07:00:00,140.36,143.21,138.33,141.87,34307
2025-01-07 08:00:00,141.87,144.38,137.88,139.97,69097
2025-01-07 09:00:00,139.97,141.85,134.99,137.47,73369
2025-01-07 10:00:00,137.47,140.0,134.52,137.54,71601
2025-01-07 11:00:00,137.54,141.06,135.5,137.32,67918
2025-01-07 12:00:00,137.32,142.75,136.97,141.04,71186
2025-01-07 13:00:00,141.04,143.55,137.27,138.97,84635
2025-01-07 14:00:00,138.97,140.56,132.29,133.81,84504
2025-01-07 15:00:00,133.81,134.18,126.91,129.48,89099
2025-01-07 16:00:00,129.48,135.58,127.5,133.76,94541
2025-01-07 17:00:00,133.76,139.66,128.98,131.0,88419
2025-01-07 18:00:00,131.0,133.72,129.15,130.74,92840
2025-01-07 19:00:00,130.74,136.78,130.09,134.0,93345
2025-01-07 20:00:00,134.0,136.03,124.89,125.73,93930
2025-01-07 21:00:00,125.73,126.14,123.45,123.75,30852
2025-01-07 22:00:00,123.75,123.78,123.32,123.64,6321
2025-01-07 23:00:00,123.64,124.33,122.74,123.48,29997
2025-01-08 00:00:00,123.48,126.71,123.09,124.36,35891
2025-01-08 01:00:00,124.36,125.58,122.44,124.49,36378
2025-01-08 02:00:00,124.49,126.2,123.05,123.44,34189
2025-01-08 03:00:00,123.44,124.9,122.91,123.59,35006
2025-01-08 04:00:00,123.59,124.06,122.29,122.38,35295
2025-01-08 05:00:00,122.38,122.55,120.9,121.06,37693
2025-01-08 06:00:00,121.06,121.28,120.03,120.3,38528
2025-01-08 07:00:00,120.3,120.48,119.08,119.09,33887
2025-01-08 08:00:00,119.09,119.72,116.62,117.02,72382
2025-01-08 09:00:00,117.02,117.24,115.33,115.97,73654
2025-01-08 10:00:00,115.97,116.84,114.55,115.02,74325
2025-01-08 11:00:00,115.02,115.05,113.33,113.45,69489
2025-01-08 12:00:00,113.45,116.41,107.27,109.22,68661
2025-01-08 13:00:00,109.22,109.47,107.49,107.89,91072
2025-01-08 14:00:00,107.89,108.73,106.87,107.28,91625
2025-01-08 15:00:00,107.28,107.66,105.55,107.22,84792
2025-01-08 16:00:00,107.22,110.24,104.29,107.23,87950
2025-01-08 17:00:00,107.23,107.43,104.54,104.59,83467
2025-01-08 18:00:00,104.59,105.42,103.36,104.0,89170
2025-01-08 19:00:00,104.0,104.23,102.2,102.3,94862
2025-01-08 20:00:00,102.3,102.67,100.44,100.81,88273
2025-01-08 21:00:00,100.81,100.85,99.62,99.65,31391
2025-01-08 22:00:00,99.65,99.67,98.69,98.71,5953
2025-01-08 23:00:00,98.71,98.77,97.49,97.64,30357
2025-01-09 00:00:00,97.64,97.89,96.82,96.94,35896
2025-01-09 01:00:00,96.94,97.12,95.72,95.9,33801
2025-01-09 02:00:00,95.9,95.97,94.82,94.91,36437
2025-01-09 03:00:00,94.91,94.99,93.7,93.78,36646
2025-01-09 04:00:00,93.78,93.81,93.25,93.37,36742
2025-01-09 05:00:00,93.37,93.45,92.53,92.68,35624
2025-01-09 06:00:00,92.68,92.78,91.7,91.77,32947
2025-01-09 07:00:00,91.77,91.87,90.79,90.96,36282
2025-01-09 08:00:00,90.96,91.02,90.01,90.6,69984
2025-01-09 09:00:00,90.6,91.14,89.43,89.49,70106
2025-01-09 10:00:00,89.49,90.15,88.89,89.15,74107
2025-01-09 11:00:00,89.15,89.35,85.87,86.16,71662
2025-01-09 12:00:00,86.16,86.56,85.37,86.34,72734
2025-01-09 13:00:00,86.34,86.78,85.13,85.84,97298
2025-01-09 14:00:00,85.84,86.02,84.53,84.9,93407
2025-01-09 15:00:00,84.9,85.11,84.01,84.42,93174
2025-01-09 16:00:00,84.42,84.57,82.69,82.93,88804
2025-01-09 17:00:00,82.93,83.66,82.58,83.06,92546
2025-01-09 18:00:00,83.06,83.27,81.79,82.23,90268
2025-01-09 19:00:00,82.23,82.52,81.2,81.77,96373
2025-01-09 20:00:00,81.77,82.17,80.5,81.13,89133
2025-01-09 21:00:00,81.13,81.16,79.06,79.23,31459
2025-01-09 22:00:00,79.23,79.24,78.51,78.53,5995
2025-01-09 23:00:00,78.53,78.58,77.62,77.67,29808
2025-01-10 00:00:00,77.67,77.76,77.28,77.4,34118
2025-01-10 01:00:00,77.4,77.67,76.39,76.48,36897
2025-01-10 02:00:00,76.48,76.5,76.19,76.23,32770
2025-01-10 03:00:00,76.23,76.45,76.15,76.25,36278
2025-01-10 04:00:00,76.25,76.35,75.98,76.07,34389
2025-01-10 05:00:00,76.07,76.28,76.0,76.17,36991
2025-01-10 06:00:00,76.17,76.18,75.85,76.04,35604
2025-01-10 07:00:00,76.04,76.14,75.65,75.74,33834
2025-01-10 08:00:00,75.74,76.14,75.58,75.81,68970
2025-01-10 09:00:00,75.81,76.07,75.25,75.29,74618
2025-01-10 10:00:00,75.29,75.36,74.58,74.84,72354
2025-01-10 11:00:00,74.84,75.09,74.53,74.7,71621
2025-01-10 12:00:00,74.7,75.1,74.54,74.77,72558
2025-01-10 13:00:00,74.77,74.84,73.98,74.13,90832
2025-01-10 14:00:00,74.13,74.5,73.69,73.94,84899
2025-01-10 15:00:00,73.94,74.34,73.36,73.8,94296
2025-01-10 16:00:00,73.8,73.97,73.27,73.59,85361
2025-01-10 17:00:00,73.59,74.23,73.39,73.81,93881
2025-01-10 18:00:00,73.81,74.35,73.61,74.02,86950
2025-01-10 19:00:00,74.02,77.24,70.76,73.09,90429
2025-01-10 20:00:00,73.09,74.26,73.03,74.21,88206
2025-01-10 21:00:00,74.21,74.47,74.15,74.34,30686
2025-01-10 22:00:00,74.34,77.79,73.45,75.77,5783
2025-01-10 23:00:00,75.77,75.9,75.58,75.75,30238
2025-01-13 00:00:00,75.75,75.89,75.66,75.71,36573
2025-01-13 01:00:00,75.71,75.89,75.4,75.66,36106
2025-01-13 02:00:00,75.66,75.91,75.57,75.67,38010
2025-01-13 03:00:00,75.67,75.9,75.6,75.87,35336
2025-01-13 04:00:00,75.87,75.9,75.5,75.56,35532
2025-01-13 05:00:00,75.56,75.59,75.28,75.49,34962
2025-01-13 06:00:00,75.49,75.76,75.31,75.73,37218
2025-01-13 07:00:00,75.73,75.95,75.62,75.69,36026
2025-01-13 08:00:00,75.69,75.86,75.15,75.75,73865
2025-01-13 09:00:00,75.75,76.26,75.49,75.92,73023
2025-01-13 10:00:00,75.92,76.09,72.73,74.44,73370
2025-01-13 11:00:00,74.44,74.72,74.18,74.47,71387
2025-01-13 12:00:00,74.47,76.39,74.02,75.55,73653
2025-01-13 13:00:00,75.55,75.84,74.73,75.2,88382
2025-01-13 14:00:00,75.2,75.74,75.03,75.24,93104
2025-01-13 15:00:00,75.24,75.51,74.82,75.43,94778
2025-01-13 16:00:00,75.43,76.14,75.22,76.1,91507
2025-01-13 17:00:00,76.1,76.48,75.92,75.99,88989
2025-01-13 18:00:00,75.99,76.44,75.58,75.82,94449
2025-01-13 19:00:00,75.82,77.9,72.98,74.23,92477
2025-01-13 20:00:00,74.23,74.73,73.8,74.59,92275
2025-01-13 21:00:00,74.59,78.29,72.13,75.85,29521
2025-01-13 22:00:00,75.85,75.91,75.84,75.85,6279
2025-01-13 23:00:00,75.85,76.08,75.79,75.84,29495
2025-01-14 00:00:00,75.84,76.06,75.74,75.93,36598
2025-01-14 01:00:00,75.93,76.34,75.92,76.25,34016
2025-01-14 02:00:00,76.25,76.67,76.13,76.63,34493
2025-01-14 03:00:00,76.63,76.94,76.5,76.73,36842
2025-01-14 04:00:00,76.73,76.78,76.47,76.6,35533
2025-01-14 05:00:00,76.6,76.82,76.48,76.68,37354
2025-01-14 06:00:00,76.68,76.93,76.62,76.8,38331
2025-01-14 07:00:00,76.8,76.97,76.3,76.38,35372
2025-01-14 08:00:00,76.38,76.45,75.89,76.1,71606
2025-01-14 09:00:00,76.1,76.42,75.67,75.71,74651
2025-01-14 10:00:00,75.71,76.41,75.44,75.7,69822
2025-01-14 11:00:00,75.7,75.77,75.2,75.47,74620
2025-01-14 12:00:00,75.47,76.19,75.34,76.12,70942
2025-01-14 13:00:00,76.12,76.5,75.76,76.06,90507
2025-01-14 14:00:00,76.06,76.2,75.12,75.52,91048
2025-01-14 15:00:00,75.52,77.09,75.14,76.72,90114
2025-01-14 16:00:00,76.72,76.87,76.24,76.65,85649
2025-01-14 17:00:00,76.65,76.84,76.03,76.49,93555
2025-01-14 18:00:00,76.49,77.14,76.42,76.86,96931
2025-01-14 19:00:00,76.86,78.81,74.94,77.4,91030
2025-01-14 20:00:00,77.4,81.33,76.96,78.96,89128
2025-01-14 21:00:00,78.96,79.28,77.64,78.07,30324
2025-01-14 22:00:00,78.07,78.39,77.96,78.25,5917
2025-01-14 23:00:00,78.25,78.41,77.26,77.95,30028
2025-01-15 00:00:00,77.95,78.9,76.56,77.23,36887
2025-01-15 01:00:00,77.23,78.17,76.43,77.41,37343
2025-01-15 02:00:00,77.41,77.54,76.0,76.27,35146
2025-01-15 03:00:00,76.27,77.33,75.83,76.5,36113
2025-01-15 04:00:00,76.5,77.38,76.16,76.68,36551
2025-01-15 05:00:00,76.68,77.75,75.99,76.84,38263
2025-01-15 06:00:00,76.84,77.26,75.58,76.27,35512
2025-01-15 07:00:00,76.27,77.38,75.49,76.81,36488
2025-01-15 08:00:00,76.81,79.49,76.0,78.77,74738
2025-01-15 09:00:00,78.77,79.92,74.74,77.54,73762
2025-01-15 10:00:00,77.54,78.19,74.79,76.65,75595
2025-01-15 11:00:00,76.65,81.38,75.87,78.0,67808
2025-01-15 12:00:00,78.0,81.92,77.74,80.58,68426
2025-01-15 13:00:00,80.58,82.79,78.77,82.16,91212
2025-01-15 14:00:00,82.16,83.43,77.46,77.84,89542
2025-01-15 15:00:00,77.84,81.03,76.69,80.24,96333
2025-01-15 16:00:00,80.24,82.19,79.09,81.03,87483
2025-01-15 17:00:00,81.03,84.31,79.55,81.99,86078
2025-01-15 18:00:00,81.99,82.82,78.62,80.93,89272
2025-01-15 19:00:00,80.93,82.94,76.66,80.88,88462
2025-01-15 20:00:00,80.88,82.88,77.14,78.31,85538
2025-01-15 21:00:00,78.31,78.67,77.46,77.76,29277
2025-01-15 22:00:00,77.76,77.85,77.42,77.78,5529
2025-01-15 23:00:00,77.78,78.07,77.04,77.65,31100
2025-01-16 00:00:00,77.65,78.95,77.19,78.03,37427
2025-01-16 01:00:00,78.03,79.86,77.61,78.92,37535
2025-01-16 02:00:00,78.92,80.43,78.46,79.62,35069
2025-01-16 03:00:00,79.62,81.58,79.47,81.28,36696
2025-01-16 04:00:00,81.28,83.25,80.92,82.21,37768
2025-01-16 05:00:00,82.21,82.61,81.11,81.4,36233
2025-01-16 06:00:00,81.4,82.34,80.96,81.65,34520
2025-01-16 07:00:00,81.65,82.07,80.35,81.83,36263
2025-01-16 08:00:00,81.83,83.84,80.73,83.03,69468
2025-01-16 09:00:00,83.03,85.34,82.17,84.5,68660
2025-01-16 10:00:00,84.5,85.8,82.48,84.07,73654
2025-01-16 11:00:00,84.07,87.11,82.5,84.96,75741
2025-01-16 12:00:00,84.96,87.41,83.62,84.85,66939
2025-01-16 13:00:00,84.85,89.17,83.81,87.16,89725
2025-01-16 14:00:00,87.16,89.46,84.22,88.32,86094
2025-01-16 15:00:00,88.32,95.14,87.73,92.07,85503
2025-01-16 16:00:00,92.07,94.55,90.73,91.72,85546
2025-01-16 17:00:00,91.72,98.36,90.78,96.52,89667
2025-01-16 18:00:00,96.52,98.54,93.53,94.75,83324
2025-01-16 19:00:00,94.75,96.22,89.72,92.48,88472
2025-01-16 20:00:00,92.48,94.47,90.64,91.57,86755
2025-01-16 21:00:00,91.57,91.62,89.46,90.32,30346
2025-01-16 22:00:00,90.32,90.51,89.92,90.11,6194
2025-01-16 23:00:00,90.11,90.57,88.75,89.12,28698
2025-01-17 00:00:00,89.12,90.57,88.84,90.33,35113
2025-01-17 01:00:00,90.33,90.54,89.59,89.73,34677
2025-01-17 02:00:00,89.73,89.86,89.22,89.33,35100
2025-01-17 03:00:00,89.33,89.45,88.63,88.79,35971
2025-01-17 04:00:00,88.79,88.91,85.06,86.25,37542
2025-01-17 05:00:00,86.25,86.47,85.78,85.81,34411
2025-01-17 06:00:00,85.81,85.89,85.43,85.61,33198
2025-01-17 07:00:00,85.61,85.67,84.7,84.85,33157
2025-01-17 08:00:00,84.85,85.05,83.32,83.85,70426
2025-01-17 09:00:00,83.85,84.24,83.03,83.09,66446
2025-01-17 10:00:00,83.09,83.15,81.57,81.63,74503
2025-01-17 11:00:00,81.63,81.89,81.02,81.08,77600
2025-01-17 12:00:00,81.08,81.39,79.7,80.18,72535
2025-01-17 13:00:00,80.18,80.61,79.53,79.98,93591
2025-01-17 14:00:00,79.98,80.13,78.91,79.77,83931
2025-01-17 15:00:00,79.77,80.21,78.58,78.63,93646
2025-01-17 16:00:00,78.63,78.71,76.78,77.59,94930
2025-01-17 17:00:00,77.59,78.15,77.04,77.18,78069
2025-01-17 18:00:00,77.18,77.63,76.64,77.2,91722
2025-01-17 19:00:00,77.2,77.4,76.74,77.09,88210
2025-01-17 20:00:00,77.09,77.72,76.17,76.27,86452
2025-01-17 21:00:00,76.27,76.35,75.65,75.68,30207
2025-01-17 22:00:00,75.68,75.71,74.94,74.96,6311
2025-01-17 23:00:00,74.96,75.03,74.56,74.7,28431
2025-01-20 00:00:00,74.7,74.8,74.07,74.09,38109
2025-01-20 01:00:00,74.09,74.13,73.2,73.24,34530
2025-01-20 02:00:00,73.24,73.28,72.36,72.4,33859
2025-01-20 03:00:00,72.4,72.49,72.02,72.11,36698
2025-01-20 04:00:00,72.11,72.13,71.56,71.67,37363
2025-01-20 05:00:00,71.67,71.7,70.66,70.69,37912
2025-01-20 06:00:00,70.69,70.92,70.24,70.4,36709
2025-01-20 07:00:00,70.4,70.52,69.63,69.78,36728
2025-01-20 08:00:00,69.78,69.81,68.46,68.68,73208
2025-01-20 09:00:00,68.68,68.88,67.77,68.15,70472
2025-01-20 10:00:00,68.15,68.24,66.73,66.84,72081
2025-01-20 11:00:00,66.84,67.05,66.38,66.61,66948
2025-01-20 12:00:00,66.61,66.82,66.02,66.14,72938
2025-01-20 13:00:00,66.14,66.27,65.11,65.41,84048
2025-01-20 14:00:00,65.41,66.07,64.85,65.22,89450
2025-01-20 15:00:00,65.22,65.87,64.53,64.75,91730
2025-01-20 16:00:00,64.75,65.14,64.14,64.4,88361
2025-01-20 17:00:00,64.4,64.45,63.17,63.24,88587
2025-01-20 18:00:00,63.24,63.44,62.22,62.52,95893
2025-01-20 19:00:00,62.52,62.78,61.66,62.09,94446
2025-01-20 20:00:00,62.09,62.66,61.86,61.99,97144
2025-01-20 21:00:00,61.99,62.03,61.41,61.48,30155
2025-01-20 22:00:00,61.48,61.49,60.88,60.89,5849
2025-01-20 23:00:00,60.89,60.94,60.27,60.37,30212
2025-01-21 00:00:00,60.37,60.5,59.81,59.91,36716
2025-01-21 01:00:00,59.91,59.98,59.51,59.59,34435
2025-01-21 02:00:00,59.59,59.62,58.8,58.84,35392
2025-01-21 03:00:00,58.84,58.89,58.27,58.34,36974
2025-01-21 04:00:00,58.34,59.49,56.89,56.93,36794
2025-01-21 05:00:00,56.93,56.98,56.51,56.62,35652
2025-01-21 06:00:00,56.62,56.65,56.05,56.18,36325
2025-01-21 07:00:00,56.18,56.23,55.48,55.49,34046
2025-01-21 08:00:00,55.49,57.06,55.26,56.86,69152
2025-01-21 09:00:00,56.86,58.93,55.96,57.63,69360
2025-01-21 10:00:00,57.63,59.59,57.25,58.76,70445
2025-01-21 11:00:00,58.76,59.43,57.14,59.06,71568
2025-01-21 12:00:00,59.06,59.97,56.51,57.01,71575
2025-01-21 13:00:00,57.01,58.03,53.98,56.44,98070
2025-01-21 14:00:00,56.44,59.48,55.88,57.87,92752
2025-01-21 15:00:00,57.87,58.91,56.51,58.49,97658
2025-01-21 16:00:00,58.49,59.12,56.97,58.32,88310
2025-01-21 17:00:00,58.32,58.55,53.87,54.45,91586
2025-01-21 18:00:00,54.45,56.0,53.51,55.44,81512
2025-01-21 19:00:00,55.44,56.34,53.96,55.53,90089
2025-01-21 20:00:00,55.53,56.0,53.36,55.27,89547
2025-01-21 21:00:00,55.27,55.66,54.94,55.32,29189
2025-01-21 22:00:00,55.32,55.37,55.07,55.28,5878
2025-01-21 23:00:00,55.28,55.91,55.11,55.54,30516
2025-01-22 00:00:00,55.54,56.11,55.26,55.8,35229
2025-01-22 01:00:00,55.8,56.29,55.48,55.96,35536
2025-01-22 02:00:00,55.96,56.43,55.3,55.72,33956
2025-01-22 03:00:00,55.72,56.67,55.67,56.24,36255
2025-01-22 04:00:00,56.24,56.97,55.75,56.83,35482
2025-01-22 05:00:00,56.83,57.53,56.45,56.79,38901
2025-01-22 06:00:00,56.79,57.21,55.27,55.44,37392
2025-01-22 07:00:00,55.44,56.24,54.79,56.21,37197
2025-01-22 08:00:00,56.21,57.41,54.5,55.38,73974
2025-01-22 09:00:00,55.38,57.18,54.19,55.25,70887
2025-01-22 10:00:00,55.25,57.42,55.06,56.52,72420
2025-01-22 11:00:00,56.52,57.11,55.05,55.7,67987
2025-01-22 12:00:00,55.7,58.16,54.01,56.09,71691
2025-01-22 13:00:00,56.09,56.45,52.76,53.32,88718
2025-01-22 14:00:00,53.32,54.18,51.46,52.87,89612
2025-01-22 15:00:00,52.87,53.13,48.97,49.71,85068
2025-01-22 16:00:00,49.71,51.39,48.17,50.27,87253
2025-01-22 17:00:00,50.27,51.11,48.66,50.31,89335
2025-01-22 18:00:00,50.31,51.17,47.18,48.38,86233
2025-01-22 19:00:00,48.38,48.66,46.19,46.85,88002
2025-01-22 20:00:00,46.85,48.22,46.0,46.76,92612
2025-01-22 21:00:00,46.76,47.38,46.47,47.25,29826
2025-01-22 22:00:00,47.25,48.28,45.59,46.63,6092
2025-01-22 23:00:00,46.63,46.97,46.37,46.57,29620
2025-01-23 00:00:00,46.57,47.84,46.41,47.66,34422
2025-01-23 01:00:00,47.66,48.48,47.48,48.27,35868
2025-01-23 02:00:00,48.27,48.83,48.11,48.33,36717
2025-01-23 03:00:00,48.33,49.16,48.31,48.81,38230
2025-01-23 04:00:00,48.81,49.04,47.83,48.57,34734
2025-01-23 05:00:00,48.57,48.93,47.64,47.99,35396
2025-01-23 06:00:00,47.99,48.08,47.07,47.12,36044
2025-01-23 07:00:00,47.12,47.67,46.13,46.2,34695
2025-01-23 08:00:00,46.2,47.57,45.17,47.43,75707
2025-01-23 09:00:00,47.43,48.09,45.33,45.9,69647
2025-01-23 10:00:00,45.9,46.49,44.96,45.26,74992
2025-01-23 11:00:00,45.26,45.65,43.88,44.37,72656
2025-01-23 12:00:00,44.37,45.01,43.39,43.88,69518
2025-01-23 13:00:00,43.88,44.01,40.83,41.22,92646
2025-01-23 14:00:00,41.22,42.82,40.16,42.36,85240
2025-01-23 15:00:00,42.36,43.11,41.31,42.6,87092
2025-01-23 16:00:00,42.6,45.36,41.41,44.69,87392
2025-01-23 17:00:00,44.69,46.38,43.12,45.73,89954
2025-01-23 18:00:00,45.73,49.06,43.26,45.96,91699
2025-01-23 19:00:00,45.96,48.01,44.6,47.55,91145
2025-01-23 20:00:00,47.55,48.08,44.68,45.17,89855
2025-01-23 21:00:00,45.17,45.92,45.11,45.85,28090
2025-01-23 22:00:00,45.85,46.14,45.8,45.97,6295
2025-01-23 23:00:00,45.97,46.14,45.58,45.97,31528
2025-01-24 00:00:00,45.97,46.28,45.22,45.86,36052
2025-01-24 01:00:00,45.86,46.52,45.35,45.66,39256
2025-01-24 02:00:00,45.66,46.28,45.44,45.69,37207
2025-01-24 03:00:00,45.69,45.98,44.43,44.82,33585
2025-01-24 04:00:00,44.82,45.3,44.07,44.23,34373
2025-01-24 05:00:00,44.23,44.55,43.65,43.97,37148
2025-01-24 06:00:00,43.97,44.91,43.81,44.78,32207
2025-01-24 07:00:00,44.78,44.95,44.32,44.52,36241
2025-01-24 08:00:00,44.52,44.98,43.33,44.01,74395
2025-01-24 09:00:00,44.01,44.37,42.45,43.26,71897
2025-01-24 10:00:00,43.26,43.46,43.07,43.09,69747
2025-01-24 11:00:00,43.09,43.33,43.04,43.19,75462
2025-01-24 12:00:00,43.19,43.38,42.91,42.95,70981
2025-01-24 13:00:00,42.95,43.0,42.44,42.64,93846
2025-01-24 14:00:00,42.64,43.09,42.52,42.78,90943
2025-01-24 15:00:00,42.78,43.17,42.68,42.98,94363
2025-01-24 16:00:00,42.98,43.05,42.63,42.7,94285
2025-01-24 17:00:00,42.7,42.81,42.35,42.47,91448
2025-01-24 18:00:00,42.47,42.71,42.32,42.66,90717
2025-01-24 19:00:00,42.66,42.97,42.48,42.65,84496
2025-01-24 20:00:00,42.65,42.98,42.56,42.84,90973
2025-01-24 21:00:00,42.84,42.92,42.78,42.88,29240
2025-01-24 22:00:00,42.88,42.89,42.85,42.87,5843
2025-01-24 23:00:00,42.87,43.0,42.79,42.86,29968
2025-01-27 00:00:00,42.86,42.95,42.75,42.91,36854
2025-01-27 01:00:00,42.91,43.03,42.89,42.99,35331
2025-01-27 02:00:00,42.99,43.1,42.93,43.07,35807
2025-01-27 03:00:00,43.07,43.11,42.86,42.97,37635
2025-01-27 04:00:00,42.97,42.99,42.85,42.9,38102
2025-01-27 05:00:00,42.9,43.05,42.86,43.01,34661
2025-01-27 06:00:00,43.01,43.08,42.87,42.95,33888
2025-01-27 07:00:00,42.95,43.01,42.83,42.99,37003
2025-01-27 08:00:00,42.99,43.21,42.82,43.01,70702
2025-01-27 09:00:00,43.01,43.29,42.93,43.07,75454
2025-01-27 10:00:00,43.07,43.27,42.98,43.22,73302
2025-01-27 11:00:00,43.22,43.72,43.11,43.63,70547
2025-01-27 12:00:00,43.63,43.74,43.2,43.38,71037
2025-01-27 13:00:00,43.38,44.65,43.29,44.34,98302
2025-01-27 14:00:00,44.34,44.82,43.96,44.07,91713
2025-01-27 15:00:00,44.07,44.36,43.73,44.21,84013
2025-01-27 16:00:00,44.21,45.13,44.14,44.93,85261
2025-01-27 17:00:00,44.93,45.36,44.33,45.07,82876
2025-01-27 18:00:00,45.07,46.36,44.77,46.14,88008
2025-01-27 19:00:00,46.14,46.62,45.87,46.42,86715
2025-01-27 20:00:00,46.42,47.13,46.1,47.0,94164
2025-01-27 21:00:00,47.0,47.38,46.95,47.35,30544
2025-01-27 22:00:00,47.35,47.82,47.35,47.79,5807
2025-01-27 23:00:00,47.79,48.39,47.79,48.39,30409
2025-01-28 00:00:00,48.39,48.86,48.32,48.85,36089
2025-01-28 01:00:00,48.85,49.56,48.62,49.53,35194
2025-01-28 02:00:00,49.53,50.36,49.38,50.33,33657
2025-01-28 03:00:00,50.33,50.69,50.24,50.48,36105
2025-01-28 04:00:00,50.48,51.69,48.63,49.98,36547
2025-01-28 05:00:00,49.98,50.46,49.95,50.42,35684
2025-01-28 06:00:00,50.42,51.01,50.34,50.9,36377
2025-01-28 07:00:00,50.9,51.64,50.77,51.61,35249
2025-01-28 08:00:00,51.61,52.54,51.53,52.32,67496
2025-01-28 09:00:00,52.32,54.01,51.79,53.76,75857
2025-01-28 10:00:00,53.76,53.95,53.42,53.55,66499
2025-01-28 11:00:00,53.55,54.29,53.29,54.23,76848
2025-01-28 12:00:00,54.23,54.89,54.08,54.54,72384
2025-01-28 13:00:00,54.54,55.52,54.19,55.33,96490
2025-01-28 14:00:00,55.33,55.76,55.11,55.36,92066
2025-01-28 15:00:00,55.36,56.02,55.1,55.7,91017
2025-01-28 16:00:00,55.7,56.68,55.41,56.61,92021
2025-01-28 17:00:00,56.61,57.53,56.47,57.25,92567
2025-01-28 18:00:00,57.25,58.39,56.93,58.25,86920
2025-01-28 19:00:00,58.25,58.91,58.04,58.6,88752
2025-01-28 20:00:00,58.6,59.05,58.26,58.46,86751
2025-01-28 21:00:00,58.46,58.75,58.35,58.66,30755
2025-01-28 22:00:00,58.66,59.17,58.65,59.15,5889
2025-01-28 23:00:00,59.15,59.66,59.1,59.62,30243
2025-01-29 00:00:00,59.62,60.33,59.58,60.32,35847
2025-01-29 01:00:00,60.32,61.12,60.3,61.1,35723
2025-01-29 02:00:00,61.1,61.52,60.98,61.48,35160
2025-01-29 03:00:00,61.48,61.9,61.4,61.69,36047
2025-01-29 04:00:00,61.69,62.52,61.66,62.41,34320
2025-01-29 05:00:00,62.41,63.12,62.33,63.04,34348
2025-01-29 06:00:00,63.04,63.59,62.87,63.38,36015
2025-01-29 07:00:00,63.38,63.91,63.36,63.88,34933
2025-01-29 08:00:00,63.88,64.71,63.47,64.61,71215
2025-01-29 09:00:00,64.61,64.88,64.26,64.51,77393
2025-01-29 10:00:00,64.51,65.68,64.45,65.53,74010
2025-01-29 11:00:00,65.53,66.77,65.4,66.47,68956
2025-01-29 12:00:00,66.47,67.45,66.3,67.07,71477
2025-01-29 13:00:00,67.07,68.72,66.68,68.63,90979
2025-01-29 14:00:00,68.63,69.45,68.5,68.96,94049
2025-01-29 15:00:00,68.96,71.47,68.36,70.77,93957
2025-01-29 16:00:00,70.77,71.87,70.27,71.68,97078
2025-01-29 17:00:00,71.68,72.5,71.24,72.34,90511
2025-01-29 18:00:00,72.34,72.9,71.67,72.42,91701
2025-01-29 19:00:00,72.42,73.05,71.81,72.83,90832
2025-01-29 20:00:00,72.83,74.22,72.77,74.17,92794
2025-01-29 21:00:00,74.17,74.77,74.14,74.74,30979
2025-01-29 22:00:00,74.74,75.38,74.71,75.37,6104
2025-01-29 23:00:00,75.37,76.3,75.27,76.26,31474
2025-01-30 00:00:00,76.26,76.97,76.21,76.85,34427
2025-01-30 01:00:00,76.85,77.67,76.71,77.65,36107
2025-01-30 02:00:00,77.65,78.88,77.56,78.82,36494
2025-01-30 03:00:00,78.82,83.54,77.45,80.9,36987
2025-01-30 04:00:00,80.9,82.0,80.88,81.81,36692
2025-01-30 05:00:00,81.81,82.46,81.53,82.18,34288
2025-01-30 06:00:00,82.18,82.25,81.39,81.46,36368
2025-01-30 07:00:00,81.46,81.58,80.49,80.53,34918
2025-01-30 08:00:00,80.53,80.94,78.77,78.95,71847
2025-01-30 09:00:00,78.95,79.17,78.0,78.05,69958
2025-01-30 10:00:00,78.05,78.16,76.69,76.91,70524
2025-01-30 11:00:00,76.91,77.18,75.4,75.91,73398
2025-01-30 12:00:00,75.91,76.95,75.05,75.43,70259
2025-01-30 13:00:00,75.43,75.75,74.09,74.34,88107
2025-01-30 14:00:00,74.34,74.83,73.68,74.15,89110
2025-01-30 15:00:00,74.15,74.55,73.47,73.55,95912
2025-01-30 16:00:00,73.55,73.65,72.06,72.12,84812
2025-01-30 17:00:00,72.12,72.2,71.13,71.52,87131
2025-01-30 18:00:00,71.52,71.83,70.5,70.66,96555
2025-01-30 19:00:00,70.66,71.0,69.42,69.66,93439
2025-01-30 20:00:00,69.66,69.92,68.37,68.5,92335
2025-01-30 21:00:00,68.5,68.56,67.65,67.68,29784
2025-01-30 22:00:00,67.68,67.68,67.1,67.12,5691
2025-01-30 23:00:00,67.12,69.57,65.14,68.4,28696
2025-01-31 00:00:00,68.4,68.49,67.94,67.98,35187
2025-01-31 01:00:00,67.98,68.06,67.38,67.44,34938
2025-01-31 02:00:00,67.44,67.52,66.8,66.82,35845
2025-01-31 03:00:00,66.82,66.88,66.43,66.45,34205
2025-01-31 04:00:00,66.45,66.52,66.03,66.14,38117
2025-01-31 05:00:00,66.14,66.18,65.06,65.32,38339
2025-01-31 06:00:00,65.32,65.37,64.98,65.12,36304
2025-01-31 07:00:00,65.12,65.23,64.95,65.15,37079
2025-01-31 08:00:00,65.15,65.68,65.14,65.46,69616
2025-01-31 09:00:00,65.46,65.66,64.97,65.15,72576
2025-01-31 10:00:00,65.15,65.33,64.84,65.06,77494
2025-01-31 11:00:00,65.06,65.13,64.58,64.73,72642
2025-01-31 12:00:00,64.73,65.01,64.65,64.83,73124
2025-01-31 13:00:00,64.83,65.5,64.69,65.04,86904
2025-01-31 14:00:00,65.04,65.31,64.59,64.87,88513
2025-01-31 15:00:00,64.87,65.01,63.78,63.91,92933
2025-01-31 16:00:00,63.91,64.16,63.52,63.74,87865
2025-01-31 17:00:00,63.74,64.41,63.64,63.99,89793
2025-01-31 18:00:00,63.99,65.51,62.73,65.17,92837
2025-01-31 19:00:00,65.17,65.68,64.77,65.6,83044
2025-01-31 20:00:00,65.6,65.92,65.1,65.21,94035
2025-01-31 21:00:00,65.21,65.29,65.06,65.14,28814
2025-01-31 22:00:00,65.14,65.16,65.11,65.14,5979
2025-01-31 23:00:00,65.14,65.21,64.96,64.98,31814
2025-02-03 00:00:00,64.98,65.56,63.54,63.82,37106
2025-02-03 01:00:00,63.82,64.09,63.76,64.02,37393
2025-02-03 02:00:00,64.02,64.16,63.86,64.03,33545
2025-02-03 03:00:00,64.03,64.17,63.8,63.9,36794
2025-02-03 04:00:00,63.9,64.13,63.86,63.95,35652
2025-02-03 05:00:00,63.95,64.13,63.88,63.93,34561
2025-02-03 06:00:00,63.93,64.02,60.41,61.88,37616
2025-02-03 07:00:00,61.88,61.97,61.77,61.86,34771
2025-02-03 08:00:00,61.86,62.2,61.63,62.05,67740
2025-02-03 09:00:00,62.05,62.13,61.62,61.92,70753
2025-02-03 10:00:00,61.92,62.35,61.74,62.11,76103
2025-02-03 11:00:00,62.11,62.63,62.0,62.41,70980
2025-02-03 12:00:00,62.41,62.79,62.35,62.65,71135
2025-02-03 13:00:00,62.65,63.05,61.76,61.91,85495
2025-02-03 14:00:00,61.91,65.13,59.01,63.5,90284
2025-02-03 15:00:00,63.5,63.78,62.98,63.15,84809
2025-02-03 16:00:00,63.15,65.64,60.22,62.26,86266
2025-02-03 17:00:00,62.26,62.31,61.63,61.97,86946
2025-02-03 18:00:00,61.97,62.17,61.29,61.64,85054
2025-02-03 19:00:00,61.64,62.18,61.4,61.92,84821
2025-02-03 20:00:00,61.92,62.8,61.89,62.61,88852
2025-02-03 21:00:00,62.61,62.79,62.57,62.71,30480
2025-02-03 22:00:00,62.71,64.2,62.68,63.77,5666
2025-02-03 23:00:00,63.77,63.87,63.68,63.83,32345
2025-02-04 00:00:00,63.83,64.03,63.73,63.83,35478
2025-02-04 01:00:00,63.83,64.98,62.4,62.86,37386
2025-02-04 02:00:00,62.86,63.37,62.81,63.26,37496
2025-02-04 03:00:00,63.26,64.43,61.54,62.64,35652
2025-02-04 04:00:00,62.64,62.75,62.55,62.65,36207
2025-02-04 05:00:00,62.65,62.83,62.52,62.69,35330
2025-02-04 06:00:00,62.69,62.95,62.59,62.77,36651
2025-02-04 07:00:00,62.77,62.98,62.64,62.96,35170
2025-02-04 08:00:00,62.96,63.13,62.61,62.89,72414
2025-02-04 09:00:00,62.89,63.46,62.81,63.32,74816
2025-02-04 10:00:00,63.32,63.41,62.78,63.08,72935
2025-02-04 11:00:00,63.08,63.56,62.92,63.48,74855
2025-02-04 12:00:00,63.48,63.69,63.2,63.63,73098
2025-02-04 13:00:00,63.63,64.0,63.51,63.76,88999
2025-02-04 14:00:00,63.76,64.14,63.27,63.69,87404
2025-02-04 15:00:00,63.69,64.06,63.18,63.28,86484
2025-02-04 16:00:00,63.28,63.55,62.89,63.35,86125
2025-02-04 17:00:00,63.35,63.61,63.02,63.31,87564
2025-02-04 18:00:00,63.31,63.56,63.05,63.39,89757
2025-02-04 19:00:00,63.39,63.66,62.91,63.58,93619
2025-02-04 20:00:00,63.58,64.09,63.29,63.86,88010
2025-02-04 21:00:00,63.86,63.94,63.78,63.93,27416
2025-02-04 22:00:00,63.93,63.97,63.91,63.97,5353
2025-02-04 23:00:00,63.97,64.98,62.86,62.88,29273
2025-02-05 00:00:00,62.88,62.99,62.78,62.85,37307
2025-02-05 01:00:00,62.85,64.61,62.55,63.88,35196
2025-02-05 02:00:00,63.88,63.99,63.67,63.79,36347
2025-02-05 03:00:00,63.79,64.04,63.7,64.0,36603
2025-02-05 04:00:00,64.0,64.27,63.93,64.27,35574
2025-02-05 05:00:00,64.27,64.36,64.06,64.17,34305
2025-02-05 06:00:00,64.17,64.31,63.95,64.07,38218
2025-02-05 07:00:00,64.07,64.1,63.79,63.97,35914
2025-02-05 08:00:00,63.97,64.63,63.87,64.58,67229
2025-02-05 09:00:00,64.58,64.75,64.09,64.36,69178
2025-02-05 10:00:00,64.36,64.69,64.13,64.31,70737
2025-02-05 11:00:00,64.31,64.38,63.83,63.94,67280
2025-02-05 12:00:00,63.94,64.17,63.79,64.08,74960
2025-02-05 13:00:00,64.08,64.47,63.8,64.41,86774
2025-02-05 14:00:00,64.41,65.12,64.25,64.72,92745
2025-02-05 15:00:00,64.72,67.17,62.96,66.2,93328
2025-02-05 16:00:00,66.2,66.89,66.1,66.42,94607
2025-02-05 17:00:00,66.42,66.77,66.0,66.27,95643
2025-02-05 18:00:00,66.27,66.99,65.96,66.91,89532
2025-02-05 19:00:00,66.91,67.45,64.2,66.09,90191
2025-02-05 20:00:00,66.09,66.45,65.26,65.3,90124
2025-02-05 21:00:00,65.3,65.38,65.17,65.36,29797
2025-02-05 22:00:00,65.36,65.36,65.31,65.34,6149
2025-02-05 23:00:00,65.34,65.38,65.22,65.23,29856
2025-02-06 00:00:00,65.23,65.42,65.1,65.22,34869
2025-02-06 01:00:00,65.22,67.53,64.92,66.11,37686
2025-02-06 02:00:00,66.11,66.18,65.79,66.12,36436
2025-02-06 03:00:00,66.12,66.33,66.08,66.27,34001
2025-02-06 04:00:00,66.27,66.3,65.78,65.83,36890
2025-02-06 05:00:00,65.83,66.02,65.7,65.83,36258
2025-02-06 06:00:00,65.83,65.92,65.64,65.71,35899
2025-02-06 07:00:00,65.71,65.8,65.47,65.5,34476
2025-02-06 08:00:00,65.5,65.58,64.41,64.97,71525
2025-02-06 09:00:00,64.97,65.17,64.71,64.92,71337
2025-02-06 10:00:00,64.92,65.16,64.56,64.88,76013
2025-02-06 11:00:00,64.88,64.91,64.25,64.39,70659
2025-02-06 12:00:00,64.39,64.66,64.1,64.49,75812
2025-02-06 13:00:00,64.49,65.13,64.15,65.09,93877
2025-02-06 14:00:00,65.09,65.33,64.76,65.01,82149
2025-02-06 15:00:00,65.01,65.32,64.58,65.02,93335
2025-02-06 16:00:00,65.02,65.22,64.45,64.61,82163
2025-02-06 17:00:00,64.61,64.79,64.04,64.15,92044
2025-02-06 18:00:00,64.15,64.25,63.32,63.66,87058
2025-02-06 19:00:00,63.66,63.82,62.95,63.2,87358
2025-02-06 20:00:00,63.2,63.4,62.78,63.02,87560
2025-02-06 21:00:00,63.02,63.07,62.84,62.87,28616
2025-02-06 22:00:00,62.87,62.89,62.82,62.85,6050
2025-02-06 23:00:00,62.85,63.03,62.82,62.91,32516
2025-02-07 00:00:00,62.91,63.04,62.76,62.96,35619
2025-02-07 01:00:00,62.96,63.13,62.87,62.91,35959
2025-02-07 02:00:00,62.91,62.99,62.69,62.72,34360
2025-02-07 03:00:00,62.72,62.85,62.56,62.81,36515
2025-02-07 04:00:00,62.81,63.05,62.75,62.98,34474
2025-02-07 05:00:00,62.98,63.24,62.91,63.09,37129
2025-02-07 06:00:00,63.09,63.16,62.97,63.01,34160
2025-02-07 07:00:00,63.01,63.13,62.73,62.94,32783
2025-02-07 08:00:00,62.94,63.35,62.72,63.29,70953
2025-02-07 09:00:00,63.29,63.53,63.12,63.35,71439
2025-02-07 10:00:00,63.35,63.77,63.29,63.37,76007
2025-02-07 11:00:00,63.37,63.95,63.28,63.75,69469
2025-02-07 12:00:00,63.75,64.49,61.62,62.85,73438
2025-02-07 13:00:00,62.85,63.43,62.78,63.1,85511
2025-02-07 14:00:00,63.1,63.58,62.95,63.46,88737
2025-02-07 15:00:00,63.46,63.96,63.09,63.48,86726
2025-02-07 16:00:00,63.48,63.84,63.24,63.45,96557
2025-02-07 17:00:00,63.45,63.85,63.29,63.44,93105
2025-02-07 18:00:00,63.44,63.47,62.77,63.17,91015
2025-02-07 19:00:00,63.17,63.39,62.7,63.07,87953
2025-02-07 20:00:00,63.07,64.03,62.73,63.72,86962
2025-02-07 21:00:00,63.72,65.63,63.48,64.48,30492
2025-02-07 22:00:00,64.48,64.51,64.43,64.46,5800
2025-02-07 23:00:00,64.46,64.56,64.35,64.44,29011
2025-02-10 00:00:00,64.44,64.55,64.23,64.35,35992
2025-02-10 01:00:00,64.35,64.47,64.19,64.24,35229
2025-02-10 02:00:00,64.24,64.4,64.19,64.27,37657
2025-02-10 03:00:00,64.27,64.44,64.19,64.26,38480
2025-02-10 04:00:00,64.26,64.36,64.12,64.24,37486
2025-02-10 05:00:00,64.24,64.36,64.18,64.3,36965
2025-02-10 06:00:00,64.3,64.39,63.94,63.95,34520
2025-02-10 07:00:00,63.95,64.0,63.69,63.83,34720
2025-02-10 08:00:00,63.83,63.98,63.38,63.48,72357
2025-02-10 09:00:00,63.48,63.83,63.24,63.71,68885
2025-02-10 10:00:00,63.71,64.02,63.53,63.67,71042
2025-02-10 11:00:00,63.67,63.82,63.12,63.23,72241
2025-02-10 12:00:00,63.23,63.38,62.85,63.12,70633
2025-02-10 13:00:00,63.12,63.6,62.93,63.08,89446
2025-02-10 14:00:00,63.08,63.83,62.81,63.66,88515
2025-02-10 15:00:00,63.66,63.92,63.18,63.27,90213
2025-02-10 16:00:00,63.27,66.04,61.5,64.69,92220
2025-02-10 17:00:00,64.69,64.75,64.28,64.51,87173
2025-02-10 18:00:00,64.51,64.64,63.96,64.25,86905
2025-02-10 19:00:00,64.25,67.95,62.79,65.76,88866
2025-02-10 20:00:00,65.76,66.53,65.47,66.49,83288
2025-02-10 21:00:00,66.49,66.79,66.41,66.71,30523
2025-02-10 22:00:00,66.71,66.73,66.66,66.69,5752
2025-02-10 23:00:00,66.69,66.73,66.38,66.5,29794
2025-02-11 00:00:00,66.5,66.7,66.37,66.53,36713
2025-02-11 01:00:00,66.53,66.66,66.3,66.44,35860
2025-02-11 02:00:00,66.44,66.68,66.39,66.56,37378
2025-02-11 03:00:00,66.56,66.69,66.37,66.6,33972
2025-02-11 04:00:00,66.6,66.89,66.54,66.79,38285
2025-02-11 05:00:00,66.79,66.96,66.74,66.93,34973
2025-02-11 06:00:00,66.93,67.13,66.89,67.1,37782
2025-02-11 07:00:00,67.1,67.3,66.97,67.28,34571
2025-02-11 08:00:00,67.28,67.42,66.99,67.16,70665
2025-02-11 09:00:00,67.16,67.49,66.97,67.09,74226
2025-02-11 10:00:00,67.09,67.83,66.94,67.57,70285
2025-02-11 11:00:00,67.57,67.66,67.04,67.43,76167
2025-02-11 12:00:00,67.43,67.92,67.23,67.69,69918
2025-02-11 13:00:00,67.69,67.81,67.27,67.44,87433
2025-02-11 14:00:00,67.44,67.89,67.34,67.72,96180
2025-02-11 15:00:00,67.72,68.02,67.43,67.72,88413
2025-02-11 16:00:00,67.72,68.09,67.39,67.77,88369
2025-02-11 17:00:00,67.77,68.11,67.47,67.68,93935
2025-02-11 18:00:00,67.68,68.3,67.52,67.66,93809
2025-02-11 19:00:00,67.66,68.17,67.39,67.91,87594
2025-02-11 20:00:00,67.91,68.55,67.74,68.34,90728
2025-02-11 21:00:00,68.34,68.42,68.17,68.3,30368
2025-02-11 22:00:00,68.3,68.34,68.27,68.29,5934
2025-02-11 23:00:00,68.29,68.43,68.24,68.32,31555
2025-02-12 00:00:00,68.32,68.51,68.27,68.43,36216
2025-02-12 01:00:00,68.43,68.74,68.27,68.71,35868
2025-02-12 02:00:00,68.71,68.84,68.52,68.58,36098
2025-02-12 03:00:00,68.58,68.71,68.44,68.64,33735
2025-02-12 04:00:00,68.64,69.08,66.4,66.51,34898
2025-02-12 05:00:00,66.51,66.65,66.44,66.5,37305
2025-02-12 06:00:00,66.5,67.44,64.41,65.39,36579
2025-02-12 07:00:00,65.39,65.51,65.28,65.41,33842
2025-02-12 08:00:00,65.41,65.54,65.0,65.28,70599
2025-02-12 09:00:00,65.28,66.95,63.11,64.28,72550
2025-02-12 10:00:00,64.28,64.44,63.93,64.41,71998
2025-02-12 11:00:00,64.41,64.72,64.11,64.3,77529
2025-02-12 12:00:00,64.3,64.59,63.93,64.11,70505
2025-02-12 13:00:00,64.11,64.77,63.69,64.22,94622
2025-02-12 14:00:00,64.22,64.39,63.59,64.04,90058
2025-02-12 15:00:00,64.04,64.38,63.67,64.06,84889
2025-02-12 16:00:00,64.06,64.36,63.5,63.68,90112
2025-02-12 17:00:00,63.68,64.29,63.54,63.89,88692
2025-02-12 18:00:00,63.89,64.23,63.53,63.84,98678
2025-02-12 19:00:00,63.84,63.95,63.25,63.39,90636
2025-02-12 20:00:00,63.39,63.54,62.8,62.88,89003
2025-02-12 21:00:00,62.88,63.01,62.78,62.89,30931
2025-02-12 22:00:00,62.89,62.93,62.85,62.88,5700
2025-02-12 23:00:00,62.88,62.93,62.76,62.82,29978
2025-02-13 00:00:00,62.82,63.11,62.71,62.85,35537
2025-02-13 01:00:00,62.85,63.03,60.76,60.84,37367
2025-02-13 02:00:00,60.84,61.0,60.6,60.78,36802
2025-02-13 03:00:00,60.78,60.86,60.35,60.37,36900
2025-02-13 04:00:00,60.37,60.43,59.8,59.86,36009
2025-02-13 05:00:00,59.86,60.08,59.53,59.66,38483
2025-02-13 06:00:00,59.66,59.7,59.12,59.19,36832
2025-02-13 07:00:00,59.19,59.28,58.72,58.81,37006
2025-02-13 08:00:00,58.81,59.02,58.31,58.4,70200
2025-02-13 09:00:00,58.4,58.74,57.64,57.69,69953
2025-02-13 10:00:00,57.69,57.91,56.96,57.16,73718
2025-02-13 11:00:00,57.16,57.28,56.38,56.63,72053
2025-02-13 12:00:00,56.63,57.27,54.96,55.06,69724
2025-02-13 13:00:00,55.06,55.35,54.47,54.84,87306
2025-02-13 14:00:00,54.84,54.98,53.89,53.93,89858
2025-02-13 15:00:00,53.93,54.17,52.97,53.09,93139
2025-02-13 16:00:00,53.09,53.29,51.18,51.75,87504
2025-02-13 17:00:00,51.75,51.89,51.02,51.27,88919
2025-02-13 18:00:00,51.27,51.51,50.68,50.8,91484
2025-02-13 19:00:00,50.8,50.87,49.65,49.91,91183
2025-02-13 20:00:00,49.91,50.04,48.9,49.33,92754
2025-02-13 21:00:00,49.33,49.4,48.7,48.76,29249
2025-02-13 22:00:00,48.76,48.77,48.34,48.34,5794
2025-02-13 23:00:00,48.34,48.35,47.74,47.78,29552
2025-02-14 00:00:00,47.78,47.81,47.36,47.51,37444
2025-02-14 01:00:00,47.51,47.56,46.95,47.01,36799
2025-02-14 02:00:00,47.01,47.1,46.6,46.65,36858
2025-02-14 03:00:00,46.65,46.7,46.01,46.07,35011
2025-02-14 04:00:00,46.07,46.16,45.61,45.76,37899
2025-02-14 05:00:00,45.76,45.83,45.28,45.33,34740
2025-02-14 06:00:00,45.33,45.7,45.18,45.62,37007
2025-02-14 07:00:00,45.62,46.03,45.52,45.82,35655
2025-02-14 08:00:00,45.82,46.13,45.68,46.01,64055
2025-02-14 09:00:00,46.01,47.62,45.53,47.1,74161
2025-02-14 10:00:00,47.1,47.79,47.06,47.73,70648
2025-02-14 11:00:00,47.73,48.65,47.62,48.45,68201
2025-02-14 12:00:00,48.45,49.17,48.21,48.98,71920
2025-02-14 13:00:00,48.98,51.13,48.84,50.72,93776
2025-02-14 14:00:00,50.72,51.47,50.57,51.46,88914
2025-02-14 15:00:00,51.46,52.59,51.4,52.48,90277
2025-02-14 16:00:00,52.48,53.02,51.73,52.33,94829
2025-02-14 17:00:00,52.33,52.82,52.21,52.67,89144
2025-02-14 18:00:00,52.67,53.8,52.46,53.7,92749
2025-02-14 19:00:00,53.7,54.43,53.61,54.19,90151
2025-02-14 20:00:00,54.19,54.61,53.83,53.96,88332
2025-02-14 21:00:00,53.96,54.55,53.87,54.51,28403
2025-02-14 22:00:00,54.51,55.51,52.79,54.1,5824
2025-02-14 23:00:00,54.1,54.49,54.05,54.43,29972
2025-02-17 00:00:00,54.43,55.19,54.4,55.16,37004
2025-02-17 01:00:00,55.16,55.91,55.12,55.84,37736
2025-02-17 02:00:00,55.84,56.49,55.79,56.45,36207
2025-02-17 03:00:00,56.45,57.38,56.4,57.32,34709
2025-02-17 04:00:00,57.32,57.95,57.24,57.92,37233
2025-02-17 05:00:00,57.92,58.47,57.89,58.38,36793
2025-02-17 06:00:00,58.38,58.92,58.29,58.78,38222
2025-02-17 07:00:00,58.78,59.1,58.7,59.06,37380
2025-02-17 08:00:00,59.06,60.46,58.94,60.23,72255
2025-02-17 09:00:00,60.23,60.91,60.0,60.66,68917
2025-02-17 10:00:00,60.66,60.91,60.13,60.78,69615
2025-02-17 11:00:00,60.78,62.05,60.64,61.72,73162
2025-02-17 12:00:00,61.72,62.5,61.51,62.33,72941
2025-02-17 13:00:00,62.33,63.14,61.92,62.86,91754
2025-02-17 14:00:00,62.86,63.83,62.76,63.62,93911
2025-02-17 15:00:00,63.62,65.15,63.39,64.81,92622
2025-02-17 16:00:00,64.81,66.16,64.77,65.79,86636
2025-02-17 17:00:00,65.79,69.38,64.68,67.63,95279
2025-02-17 18:00:00,67.63,68.78,67.53,67.98,86848
2025-02-17 19:00:00,67.98,68.91,67.72,68.59,92714
2025-02-17 20:00:00,68.59,69.63,68.45,68.83,89960
2025-02-17 21:00:00,68.83,70.02,67.85,68.2,28976
2025-02-17 22:00:00,68.2,68.84,68.18,68.83,5677
2025-02-17 23:00:00,68.83,69.73,68.76,69.67,31123
2025-02-18 00:00:00,69.67,70.21,69.6,70.13,36776
2025-02-18 01:00:00,70.13,71.17,70.09,71.09,37395
2025-02-18 02:00:00,71.09,71.95,71.06,71.85,35449
2025-02-18 03:00:00,71.85,72.69,71.8,72.64,34404
2025-02-18 04:00:00,72.64,72.75,72.29,72.42,36486
2025-02-18 05:00:00,72.42,73.94,70.3,71.91,35242
2025-02-18 06:00:00,71.91,73.84,69.89,71.2,35435
2025-02-18 07:00:00,71.2,71.75,71.16,71.61,36005
2025-02-18 08:00:00,71.61,72.82,71.36,72.72,72544
2025-02-18 09:00:00,72.72,73.32,72.45,73.21,70243
2025-02-18 10:00:00,73.21,74.08,72.69,73.82,69630
2025-02-18 11:00:00,73.82,74.55,73.34,74.48,79785
2025-02-18 12:00:00,74.48,76.09,74.22,76.0,71064
2025-02-18 13:00:00,76.0,76.99,75.94,76.64,86891
2025-02-18 14:00:00,76.64,77.16,76.17,76.68,83472
2025-02-18 15:00:00,76.68,76.99,76.07,76.68,94562
2025-02-18 16:00:00,76.68,78.35,76.47,78.23,88487
2025-02-18 17:00:00,78.23,79.5,74.05,76.78,90414
2025-02-18 18:00:00,76.78,78.27,76.35,77.93,89408
2025-02-18 19:00:00,77.93,78.91,77.54,78.2,91604
2025-02-18 20:00:00,78.2,79.14,78.04,78.61,89041
2025-02-18 21:00:00,78.61,79.93,78.46,79.79,29124
2025-02-18 22:00:00,79.79,80.55,79.79,80.53,5664
2025-02-18 23:00:00,80.53,81.4,80.46,81.35,31154
2025-02-19 00:00:00,81.35,81.59,81.17,81.54,36224
2025-02-19 01:00:00,81.54,82.45,81.48,82.24,36139
2025-02-19 02:00:00,82.24,83.09,82.12,82.95,36999
2025-02-19 03:00:00,82.95,83.04,82.5,82.82,35369
2025-02-19 04:00:00,82.82,83.68,82.68,83.58,36215
2025-02-19 05:00:00,83.58,84.34,83.34,84.26,36380
2025-02-19 06:00:00,84.26,85.36,84.08,85.14,34326
2025-02-19 07:00:00,85.14,85.98,85.01,85.97,36586
2025-02-19 08:00:00,85.97,88.11,85.88,87.76,69956
2025-02-19 09:00:00,87.76,88.58,87.57,87.95,73299
2025-02-19 10:00:00,87.95,90.72,85.86,86.95,72330
2025-02-19 11:00:00,86.95,87.2,82.73,83.73,76338
2025-02-19 12:00:00,83.73,86.74,83.01,84.38,70860
2025-02-19 13:00:00,84.38,86.56,82.37,85.49,85741
2025-02-19 14:00:00,85.49,88.85,82.14,82.41,92649
2025-02-19 15:00:00,82.41,83.57,80.21,81.55,87844
2025-02-19 16:00:00,81.55,83.0,79.99,80.56,88202
2025-02-19 17:00:00,80.56,81.66,77.9,80.11,94834
2025-02-19 18:00:00,80.11,80.63,76.79,77.48,92938
2025-02-19 19:00:00,77.48,80.66,76.41,78.64,86603
2025-02-19 20:00:00,78.64,82.29,77.95,80.96,89991
2025-02-19 21:00:00,80.96,81.16,79.35,79.44,28128
2025-02-19 22:00:00,79.44,79.6,79.15,79.28,5803
2025-02-19 23:00:00,79.28,80.77,79.13,79.95,29557
2025-02-20 00:00:00,79.95,80.39,78.34,78.98,36649
2025-02-20 01:00:00,78.98,79.55,77.69,78.21,37447
2025-02-20 02:00:00,78.21,78.36,75.87,76.33,36434
2025-02-20 03:00:00,76.33,77.46,75.53,75.73,36265
2025-02-20 04:00:00,75.73,76.48,74.85,76.38,35313
2025-02-20 05:00:00,76.38,76.89,75.16,76.33,34864
2025-02-20 06:00:00,76.33,77.71,75.97,77.13,35898
2025-02-20 07:00:00,77.13,78.25,76.88,77.39,34949
2025-02-20 08:00:00,77.39,78.12,73.27,73.66,72287
2025-02-20 09:00:00,73.66,77.09,72.8,76.5,71271
2025-02-20 10:00:00,76.5,78.62,74.32,74.91,70231
2025-02-20 11:00:00,74.91,77.95,74.01,76.98,72825
2025-02-20 12:00:00,76.98,77.92,75.33,76.74,75903
2025-02-20 13:00:00,76.74,77.94,74.45,76.57,84646
2025-02-20 14:00:00,76.57,79.64,74.14,75.89,86463
2025-02-20 15:00:00,75.89,76.59,74.28,75.25,90823
2025-02-20 16:00:00,75.25,76.57,72.03,72.97,83844
2025-02-20 17:00:00,72.97,73.59,69.61,73.04,91172
2025-02-20 18:00:00,73.04,75.86,71.52,72.6,88055
2025-02-20 19:00:00,72.6,75.59,71.28,74.73,92633
2025-02-20 20:00:00,74.73,76.24,72.53,75.83,85930
2025-02-20 21:00:00,75.83,76.4,74.69,74.82,31107
2025-02-20 22:00:00,74.82,74.97,74.54,74.58,6017
2025-02-20 23:00:00,74.58,75.77,74.46,75.25,31010
2025-02-21 00:00:00,75.25,75.52,74.37,74.81,35711
2025-02-21 01:00:00,74.81,75.5,73.29,74.04,35723
2025-02-21 02:00:00,74.04,75.73,73.78,75.16,32794
2025-02-21 03:00:00,75.16,76.37,74.91,75.45,36572
2025-02-21 04:00:00,75.45,75.76,73.21,73.65,36583
2025-02-21 05:00:00,73.65,75.62,73.18,75.47,36155
2025-02-21 06:00:00,75.47,76.55,75.01,75.32,37020
2025-02-21 07:00:00,75.32,75.82,74.17,74.8,36673
2025-02-21 08:00:00,74.8,75.0,72.1,73.51,69898
2025-02-21 09:00:00,73.51,74.77,70.61,72.09,72952
2025-02-21 10:00:00,72.09,74.34,70.81,72.47,74041
2025-02-21 11:00:00,72.47,73.83,71.27,71.66,67992
2025-02-21 12:00:00,71.66,72.67,69.7,70.14,72877
2025-02-21 13:00:00,70.14,76.49,70.07,75.3,90711
2025-02-21 14:00:00,75.3,78.36,74.42,76.49,89420
2025-02-21 15:00:00,76.49,78.78,74.14,78.49,94533
2025-02-21 16:00:00,78.49,81.94,77.89,80.82,90356
2025-02-21 17:00:00,80.82,82.52,78.27,80.75,88083
2025-02-21 18:00:00,80.75,83.07,79.1,79.9,89602
2025-02-21 19:00:00,79.9,82.03,77.55,79.06,91648
2025-02-21 20:00:00,79.06,83.24,77.61,79.08,90777
2025-02-21 21:00:00,79.08,79.19,77.9,78.54,28865
2025-02-21 22:00:00,78.54,78.84,78.46,78.76,6160
2025-02-21 23:00:00,78.76,78.97,77.16,78.08,30399
2025-02-24 00:00:00,78.08,79.63,77.23,78.83,35551
2025-02-24 01:00:00,78.83,79.19,77.52,78.23,36743
2025-02-24 02:00:00,78.23,79.53,77.92,79.01,35019
2025-02-24 03:00:00,79.01,80.2,78.64,78.79,33541
2025-02-24 04:00:00,78.79,80.01,78.44,79.18,38249
2025-02-24 05:00:00,79.18,80.28,78.83,79.46,37116
2025-02-24 06:00:00,79.46,80.09,77.18,77.63,37392
2025-02-24 07:00:00,77.63,79.66,77.28,78.66,34013
2025-02-24 08:00:00,78.66,80.84,77.16,77.93,75405
2025-02-24 09:00:00,77.93,79.26,75.36,75.59,65574
2025-02-24 10:00:00,75.59,78.68,74.36,75.62,73722
2025-02-24 11:00:00,75.62,77.06,74.75,75.35,69159
2025-02-24 12:00:00,75.35,76.18,71.3,73.87,75784
2025-02-24 13:00:00,73.87,75.73,72.34,75.16,93576
2025-02-24 14:00:00,75.16,76.4,71.22,71.96,89364
2025-02-24 15:00:00,71.96,73.39,70.39,71.07,88657
2025-02-24 16:00:00,71.07,76.71,70.79,75.41,87139
2025-02-24 17:00:00,75.41,76.27,72.58,73.3,86575
2025-02-24 18:00:00,73.3,73.78,69.59,70.82,94923
2025-02-24 19:00:00,70.82,74.03,68.57,71.13,88196
2025-02-24 20:00:00,71.13,73.12,69.18,69.81,90971
2025-02-24 21:00:00,69.81,70.57,69.42,69.8,30772
2025-02-24 22:00:00,69.8,69.86,69.42,69.6,6056
2025-02-24 23:00:00,69.6,70.89,69.46,69.91,29861
2025-02-25 00:00:00,69.91,70.32,69.15,69.92,34778
2025-02-25 01:00:00,69.92,70.61,68.7,69.49,37278
2025-02-25 02:00:00,69.49,70.41,69.01,69.72,37256
2025-02-25 03:00:00,69.72,70.65,69.28,70.21,34684
2025-02-25 04:00:00,70.21,71.0,69.71,70.92,39133
2025-02-25 05:00:00,70.92,71.79,70.64,71.33,35422
2025-02-25 06:00:00,71.33,72.39,71.23,72.09,34621
2025-02-25 07:00:00,72.09,72.82,71.64,71.97,38381
2025-02-25 08:00:00,71.97,75.61,71.78,73.51,76399
2025-02-25 09:00:00,73.51,75.23,70.49,71.98,70308
2025-02-25 10:00:00,71.98,74.97,71.06,74.05,73512
2025-02-25 11:00:00,74.05,74.21,70.09,71.98,73264
2025-02-25 12:00:00,71.98,72.35,67.73,69.71,71924
2025-02-25 13:00:00,69.71,71.74,67.98,71.05,86510
2025-02-25 14:00:00,71.05,72.68,68.26,68.51,92445
2025-02-25 15:00:00,68.51,71.63,62.59,63.75,89674
2025-02-25 16:00:00,63.75,66.71,62.42,65.49,90242
2025-02-25 17:00:00,65.49,69.22,64.61,67.84,87033
2025-02-25 18:00:00,67.84,69.27,66.03,68.78,86846
2025-02-25 19:00:00,68.78,69.83,64.93,65.44,86129
2025-02-25 20:00:00,65.44,68.15,64.58,66.47,89112
2025-02-25 21:00:00,66.47,66.89,65.86,66.69,31903
2025-02-25 22:00:00,66.69,66.89,66.54,66.82,5743
2025-02-25 23:00:00,66.82,67.63,66.47,67.29,30658
2025-02-26 00:00:00,67.29,67.52,64.92,65.14,33711
2025-02-26 01:00:00,65.14,65.74,64.09,65.1,39918
2025-02-26 02:00:00,65.1,66.43,64.8,65.94,38883
2025-02-26 03:00:00,65.94,67.21,65.84,66.72,37294
2025-02-26 04:00:00,66.72,67.76,66.48,67.66,36158
2025-02-26 05:00:00,67.66,69.0,67.49,68.45,35509
2025-02-26 06:00:00,68.45,68.89,67.67,68.59,35483
2025-02-26 07:00:00,68.59,69.49,68.37,68.68,36408
2025-02-26 08:00:00,68.68,70.28,66.93,67.95,70946
2025-02-26 09:00:00,67.95,72.45,67.55,71.13,68637
2025-02-26 10:00:00,71.13,72.11,70.01,71.8,76474
2025-02-26 11:00:00,71.8,73.99,70.75,72.6,70722
2025-02-26 12:00:00,72.6,74.49,69.95,71.86,74543
2025-02-26 13:00:00,71.86,74.67,70.86,72.13,88184
2025-02-26 14:00:00,72.13,72.98,69.39,70.88,90005
2025-02-26 15:00:00,70.88,72.17,67.77,68.3,88951
2025-02-26 16:00:00,68.3,71.47,68.06,69.28,85863
2025-02-26 17:00:00,69.28,70.26,67.42,67.79,94135
2025-02-26 18:00:00,67.79,68.05,67.58,67.96,87541
2025-02-26 19:00:00,67.96,68.27,67.7,67.9,93238
2025-02-26 20:00:00,67.9,68.08,66.61,67.07,86517
2025-02-26 21:00:00,67.07,67.18,66.87,66.9,29517
2025-02-26 22:00:00,66.9,69.17,66.36,67.72,5633
2025-02-26 23:00:00,67.72,67.78,67.53,67.68,28899
2025-02-27 00:00:00,67.68,67.95,67.62,67.79,34724
2025-02-27 01:00:00,67.79,68.06,67.77,68.0,34310
2025-02-27 02:00:00,68.0,68.23,67.9,68.13,36223
2025-02-27 03:00:00,68.13,68.27,68.02,68.15,34859
2025-02-27 04:00:00,68.15,70.2,64.28,67.05,35418
2025-02-27 05:00:00,67.05,67.12,66.89,66.94,34528
2025-02-27 06:00:00,66.94,66.98,66.74,66.83,37092
2025-02-27 07:00:00,66.83,66.93,66.67,66.86,36660
2025-02-27 08:00:00,66.86,67.19,66.74,66.98,73190
2025-02-27 09:00:00,66.98,67.26,66.77,67.03,75067
2025-02-27 10:00:00,67.03,67.29,66.64,67.22,73221
2025-02-27 11:00:00,67.22,67.65,66.93,67.54,69580
2025-02-27 12:00:00,67.54,67.65,67.13,67.27,75975
2025-02-27 13:00:00,67.27,67.4,66.67,67.17,88414
2025-02-27 14:00:00,67.17,67.41,66.76,67.07,98149
2025-02-27 15:00:00,67.07,67.8,66.71,67.63,88149
2025-02-27 16:00:00,67.63,67.73,67.16,67.57,88568
2025-02-27 17:00:00,67.57,67.87,67.23,67.3,94237
2025-02-27 18:00:00,67.3,67.92,67.13,67.77,91609
2025-02-27 19:00:00,67.77,67.98,67.27,67.44,90807
2025-02-27 20:00:00,67.44,68.07,66.94,67.61,88330
2025-02-27 21:00:00,67.61,67.74,66.6,66.66,30431
2025-02-27 22:00:00,66.66,66.66,66.14,66.15,5764
2025-02-27 23:00:00,66.15,66.15,65.36,65.42,28848
2025-02-28 00:00:00,65.42,65.5,65.01,65.17,36103
2025-02-28 01:00:00,65.17,65.3,64.65,64.74,37776
2025-02-28 02:00:00,64.74,67.6,63.67,65.66,34353
2025-02-28 03:00:00,65.66,65.81,65.4,65.45,35984
2025-02-28 04:00:00,65.45,65.5,64.84,64.93,37423
2025-02-28 05:00:00,64.93,65.12,64.27,64.37,37337
2025-02-28 06:00:00,64.37,64.43,63.98,63.99,35484
2025-02-28 07:00:00,63.99,64.23,63.85,63.95,35125
2025-02-28 08:00:00,63.95,64.31,62.83,63.14,73566
2025-02-28 09:00:00,63.14,63.31,62.26,62.74,71731
2025-02-28 10:00:00,62.74,62.91,62.22,62.27,81011
2025-02-28 11:00:00,62.27,62.41,61.28,61.34,69725
2025-02-28 12:00:00,61.34,61.46,60.07,60.29,74404
2025-02-28 13:00:00,60.29,60.58,59.23,59.45,86837
2025-02-28 14:00:00,59.45,60.22,57.36,59.89,95051
2025-02-28 15:00:00,59.89,59.96,58.78,59.06,92602
2025-02-28 16:00:00,59.06,60.52,55.92,58.15,88126
2025-02-28 17:00:00,58.15,58.65,56.45,56.7,92021
2025-02-28 18:00:00,56.7,56.75,55.87,56.34,88362
2025-02-28 19:00:00,56.34,56.69,55.7,56.22,89297
2025-02-28 20:00:00,56.22,56.41,55.12,55.21,90361
2025-02-28 21:00:00,55.21,55.35,54.72,54.78,28761
2025-02-28 22:00:00,54.78,54.79,53.36,53.37,6300
2025-02-28 23:00:00,53.37,53.41,53.04,53.11,28915
2025-03-03 00:00:00,53.11,53.24,52.73,52.82,37819
2025-03-03 01:00:00,52.82,52.94,52.38,52.46,36190
2025-03-03 02:00:00,52.46,52.5,51.58,51.76,35120
2025-03-03 03:00:00,51.76,52.56,49.85,50.72,35851
2025-03-03 04:00:00,50.72,50.75,50.2,50.23,35171
2025-03-03 05:00:00,50.23,50.29,49.28,49.37,34684
2025-03-03 06:00:00,49.37,49.41,48.72,48.77,33809
2025-03-03 07:00:00,48.77,48.83,48.36,48.4,36173
2025-03-03 08:00:00,48.4,48.5,47.91,47.99,72797
2025-03-03 09:00:00,47.99,48.02,47.44,47.65,72478
2025-03-03 10:00:00,47.65,48.44,47.54,48.26,72418
2025-03-03 11:00:00,48.26,48.85,48.0,48.73,72244
2025-03-03 12:00:00,48.73,49.79,48.55,49.56,70237
2025-03-03 13:00:00,49.56,50.53,49.48,50.31,79107
2025-03-03 14:00:00,50.31,51.48,50.22,51.21,93845
2025-03-03 15:00:00,51.21,52.39,51.11,52.21,93440
2025-03-03 16:00:00,52.21,53.08,51.91,52.92,89581
2025-03-03 17:00:00,52.92,54.28,52.51,52.71,88357
2025-03-03 18:00:00,52.71,54.34,52.53,54.19,84822
2025-03-03 19:00:00,54.19,55.68,54.08,55.51,93030
2025-03-03 20:00:00,55.51,55.61,54.05,54.62,92417
2025-03-03 21:00:00,54.62,55.31,54.6,55.22,28952
2025-03-03 22:00:00,55.22,56.48,54.84,56.45,6233
2025-03-03 23:00:00,56.45,56.91,56.43,56.86,30636
2025-03-04 00:00:00,56.86,57.49,56.69,57.46,37434
2025-03-04 01:00:00,57.46,58.01,57.42,57.91,32943
2025-03-04 02:00:00,57.91,60.21,57.89,59.36,33900
2025-03-04 03:00:00,59.36,60.0,59.24,59.97,33787
2025-03-04 04:00:00,59.97,60.48,59.88,60.39,38066
2025-03-04 05:00:00,60.39,60.86,60.31,60.75,37845
2025-03-04 06:00:00,60.75,62.81,60.71,62.76,35886
2025-03-04 07:00:00,62.76,63.29,62.69,63.25,36684
2025-03-04 08:00:00,63.25,64.43,63.03,64.08,71410
2025-03-04 09:00:00,64.08,64.51,63.85,64.28,74382
2025-03-04 10:00:00,64.28,65.02,63.83,64.92,73202
2025-03-04 11:00:00,64.92,65.88,64.55,65.66,70146
2025-03-04 12:00:00,65.66,66.65,65.37,66.5,74192
2025-03-04 13:00:00,66.5,67.75,66.1,67.52,82851
2025-03-04 14:00:00,67.52,70.0,66.8,67.61,88211
2025-03-04 15:00:00,67.61,68.45,67.26,68.36,91571
2025-03-04 16:00:00,68.36,69.22,68.0,68.31,93164
2025-03-04 17:00:00,68.31,68.98,67.96,68.6,92079
2025-03-04 18:00:00,68.6,69.64,68.41,69.42,90524
2025-03-04 19:00:00,69.42,70.7,69.03,70.19,87200
2025-03-04 20:00:00,70.19,71.72,70.03,71.37,85407
2025-03-04 21:00:00,71.37,71.99,71.33,71.97,30887
2025-03-04 22:00:00,71.97,72.59,71.94,72.58,5957
2025-03-04 23:00:00,72.58,73.06,72.53,72.85,29382
2025-03-05 00:00:00,72.85,73.67,72.76,73.63,36648
2025-03-05 01:00:00,73.63,75.64,71.24,73.4,35313
2025-03-05 02:00:00,73.4,74.44,73.36,74.4,35808
2025-03-05 03:00:00,74.4,75.26,74.24,75.14,33730
2025-03-05 04:00:00,75.14,75.8,74.95,75.7,36407
2025-03-05 05:00:00,75.7,76.24,75.6,76.19,37061
2025-03-05 06:00:00,76.19,76.87,72.9,76.45,37173
2025-03-05 07:00:00,76.45,77.31,76.43,77.19,36993
2025-03-05 08:00:00,77.19,78.27,76.99,77.94,69407
2025-03-05 09:00:00,77.94,79.8,77.67,79.59,68544
2025-03-05 10:00:00,79.59,81.01,79.36,80.75,74456
2025-03-05 11:00:00,80.75,82.25,80.67,81.92,71741
2025-03-05 12:00:00,81.92,83.67,78.0,80.49,73235
2025-03-05 13:00:00,80.49,81.28,80.14,80.96,91345
2025-03-05 14:00:00,80.96,82.91,80.92,82.61,89215
2025-03-05 15:00:00,82.61,82.87,81.51,82.26,86521
2025-03-05 16:00:00,82.26,82.44,81.55,81.79,90702
2025-03-05 17:00:00,81.79,83.76,81.63,83.53,90903
2025-03-05 18:00:00,83.53,85.06,83.16,84.59,86711
2025-03-05 19:00:00,84.59,86.3,84.32,86.15,97046
2025-03-05 20:00:00,86.15,87.04,85.61,86.97,89851
2025-03-05 21:00:00,86.97,87.64,86.84,87.57,31542
2025-03-05 22:00:00,87.57,88.49,87.53,88.47,6120
2025-03-05 23:00:00,88.47,88.85,88.45,88.69,29244
2025-03-06 00:00:00,88.69,88.8,88.5,88.69,39663
2025-03-06 01:00:00,88.69,88.87,88.32,88.4,32040
2025-03-06 02:00:00,88.4,88.45,88.12,88.2,36988
2025-03-06 03:00:00,88.2,88.37,88.08,88.33,37756
2025-03-06 04:00:00,88.33,88.38,87.88,88.03,35791
2025-03-06 05:00:00,88.03,88.44,87.91,88.32,38046
2025-03-06 06:00:00,88.32,88.84,88.28,88.75,34232
2025-03-06 07:00:00,88.75,88.97,88.7,88.94,33637
2025-03-06 08:00:00,88.94,89.21,88.44,88.74,68813
2025-03-06 09:00:00,88.74,88.96,88.14,88.87,69049
2025-03-06 10:00:00,88.87,88.99,88.42,88.63,65650
2025-03-06 11:00:00,88.63,88.74,88.06,88.39,74232
2025-03-06 12:00:00,88.39,88.65,88.01,88.27,74025
2025-03-06 13:00:00,88.27,88.97,88.16,88.67,85741
2025-03-06 14:00:00,88.67,89.34,88.43,88.51,91901
2025-03-06 15:00:00,88.51,88.9,87.69,88.17,89183
2025-03-06 16:00:00,88.17,88.72,86.03,86.62,86947
2025-03-06 17:00:00,86.62,88.06,83.52,85.46,91200
2025-03-06 18:00:00,85.46,85.56,84.79,85.32,84994
2025-03-06 19:00:00,85.32,85.9,84.53,85.81,90173
2025-03-06 20:00:00,85.81,86.35,85.36,85.54,89546
2025-03-06 21:00:00,85.54,85.73,85.4,85.62,27964
2025-03-06 22:00:00,85.62,85.64,85.51,85.56,6081
2025-03-06 23:00:00,85.56,85.69,85.38,85.51,28338
2025-03-07 00:00:00,85.51,85.69,85.36,85.44,32420
2025-03-07 01:00:00,85.44,85.68,85.34,85.44,38920
2025-03-07 02:00:00,85.44,87.1,84.09,84.46,35339
2025-03-07 03:00:00,84.46,84.62,84.15,84.31,36076
2025-03-07 04:00:00,84.31,84.57,84.19,84.38,37015
2025-03-07 05:00:00,84.38,84.54,84.19,84.28,35156
2025-03-07 06:00:00,84.28,84.77,84.26,84.62,36848
2025-03-07 07:00:00,84.62,84.93,84.55,84.9,35162
2025-03-07 08:00:00,84.9,85.2,84.66,84.96,72885
2025-03-07 09:00:00,84.96,85.25,84.7,84.83,72837
2025-03-07 10:00:00,84.83,85.45,84.57,85.37,71386
2025-03-07 11:00:00,85.37,85.56,84.89,85.42,69749
2025-03-07 12:00:00,85.42,86.43,85.35,86.34,71587
2025-03-07 13:00:00,86.34,89.85,81.79,84.74,90791
2025-03-07 14:00:00,84.74,84.97,83.89,84.14,87912
2025-03-07 15:00:00,84.14,84.3,83.46,84.19,83351
2025-03-07 16:00:00,84.19,84.45,83.36,83.83,85908
2025-03-07 17:00:00,83.83,84.79,83.65,84.32,89363
2025-03-07 18:00:00,84.32,84.97,82.98,83.2,91494
2025-03-07 19:00:00,83.2,83.29,82.1,82.2,91971
2025-03-07 20:00:00,82.2,82.47,81.78,82.25,92968
2025-03-07 21:00:00,82.25,82.39,82.12,82.16,30548
2025-03-07 22:00:00,82.16,82.18,82.02,82.06,6053
2025-03-07 23:00:00,82.06,82.39,82.02,82.31,28729
2025-03-10 00:00:00,82.31,82.43,82.02,82.23,34981
2025-03-10 01:00:00,82.23,82.25,81.97,82.11,35381
2025-03-10 02:00:00,82.11,82.28,81.99,82.21,36592
2025-03-10 03:00:00,82.21,82.31,78.57,81.14,35178
2025-03-10 04:00:00,81.14,81.24,80.94,81.1,37342
2025-03-10 05:00:00,81.1,81.24,80.97,81.22,37708
2025-03-10 06:00:00,81.22,81.45,81.09,81.4,35933
2025-03-10 07:00:00,81.4,81.56,81.3,81.41,37734
2025-03-10 08:00:00,81.41,82.53,77.93,80.57,74014
2025-03-10 09:00:00,80.57,80.72,79.84,80.1,78796
2025-03-10 10:00:00,80.1,80.32,79.75,79.84,72208
2025-03-10 11:00:00,79.84,80.04,79.48,79.78,72852
2025-03-10 12:00:00,79.78,79.88,79.02,79.47,65037
2025-03-10 13:00:00,79.47,80.17,79.3,79.65,89977
2025-03-10 14:00:00,79.65,80.01,79.36,79.88,86184
2025-03-10 15:00:00,79.88,80.19,79.39,79.43,85252
2025-03-10 16:00:00,79.43,79.94,79.1,79.62,90661
2025-03-10 17:00:00,79.62,80.35,79.15,80.24,91050
2025-03-10 18:00:00,80.24,81.0,80.01,80.5,89717
2025-03-10 19:00:00,80.5,80.64,79.88,80.42,86897
2025-03-10 20:00:00,80.42,80.92,80.04,80.61,87014
2025-03-10 21:00:00,80.61,80.8,80.54,80.64,29911
2025-03-10 22:00:00,80.64,82.49,79.07,79.46,5874
2025-03-10 23:00:00,79.46,79.78,79.37,79.66,30674
2025-03-11 00:00:00,79.66,79.82,79.55,79.56,34170
2025-03-11 01:00:00,79.56,79.59,79.26,79.31,34889
2025-03-11 02:00:00,79.31,81.3,75.74,77.99,34856
2025-03-11 03:00:00,77.99,78.14,77.88,77.97,37090
2025-03-11 04:00:00,77.97,78.16,77.89,78.1,36676
2025-03-11 05:00:00,78.1,78.34,77.95,78.24,39011
2025-03-11 06:00:00,78.24,78.46,78.14,78.31,35324
2025-03-11 07:00:00,78.31,80.96,76.58,79.23,36054
2025-03-11 08:00:00,79.23,79.69,79.09,79.48,72710
2025-03-11 09:00:00,79.48,79.74,79.12,79.29,74769
2025-03-11 10:00:00,79.29,79.48,78.96,79.04,73654
2025-03-11 11:00:00,79.04,82.14,76.82,80.28,71427
2025-03-11 12:00:00,80.28,80.85,79.96,80.54,74481
2025-03-11 13:00:00,80.54,82.11,79.37,81.71,100313
2025-03-11 14:00:00,81.71,81.89,80.98,81.05,88889
2025-03-11 15:00:00,81.05,81.51,80.81,80.87,89465
2025-03-11 16:00:00,80.87,81.49,80.61,81.38,95198
2025-03-11 17:00:00,81.38,81.79,81.24,81.57,90737
2025-03-11 18:00:00,81.57,82.23,81.47,81.97,84972
2025-03-11 19:00:00,81.97,82.81,81.79,82.45,94894
2025-03-11 20:00:00,82.45,85.91,81.0,83.64,84300
2025-03-11 21:00:00,83.64,83.84,83.59,83.82,30190
2025-03-11 22:00:00,83.82,83.83,83.75,83.79,6116
2025-03-11 23:00:00,83.79,83.94,83.64,83.84,28025
2025-03-12 00:00:00,83.84,88.15,81.35,85.34,33976
2025-03-12 01:00:00,85.34,85.43,85.03,85.24,37966
2025-03-12 02:00:00,85.24,85.41,85.14,85.38,35706
2025-03-12 03:00:00,85.38,85.93,85.34,85.89,36894
2025-03-12 04:00:00,85.89,86.04,85.75,85.86,37227
2025-03-12 05:00:00,85.86,86.06,85.78,85.81,35208
2025-03-12 06:00:00,85.81,85.91,85.62,85.75,35141
2025-03-12 07:00:00,85.75,85.9,85.51,85.8,34707
2025-03-12 08:00:00,85.8,85.89,85.41,85.58,70373
2025-03-12 09:00:00,85.58,86.17,85.4,85.76,75175
2025-03-12 10:00:00,85.76,86.22,85.5,85.82,70500
2025-03-12 11:00:00,85.82,85.99,85.24,85.58,69687
2025-03-12 12:00:00,85.58,85.82,85.1,85.32,65503
2025-03-12 13:00:00,85.32,89.68,84.4,87.57,93465
2025-03-12 14:00:00,87.57,88.25,87.35,87.6,92290
2025-03-12 15:00:00,87.6,88.13,87.49,88.02,90642
2025-03-12 16:00:00,88.02,88.25,87.51,87.81,89719
2025-03-12 17:00:00,87.81,88.33,87.5,87.72,91966
2025-03-12 18:00:00,87.72,88.68,87.62,88.37,90186
2025-03-12 19:00:00,88.37,88.49,87.46,87.97,88560
2025-03-12 20:00:00,87.97,88.83,87.63,88.58,95214
2025-03-12 21:00:00,88.58,88.73,88.44,88.58,31428
2025-03-12 22:00:00,88.58,88.64,88.56,88.6,6284
2025-03-12 23:00:00,88.6,88.82,88.42,88.76,30138
2025-03-13 00:00:00,88.76,88.89,88.37,88.5,37232
2025-03-13 01:00:00,88.5,88.54,88.03,88.3,35938
2025-03-13 02:00:00,88.3,88.6,88.05,88.18,36105
2025-03-13 03:00:00,88.18,88.52,88.14,88.42,34193
2025-03-13 04:00:00,88.42,88.84,88.11,88.38,37206
2025-03-13 05:00:00,88.38,88.63,88.28,88.48,37225
2025-03-13 06:00:00,88.48,88.78,88.45,88.68,34623
2025-03-13 07:00:00,88.68,88.75,88.15,88.19,33909
2025-03-13 08:00:00,88.19,88.38,87.48,87.61,69518
2025-03-13 09:00:00,87.61,87.88,87.01,87.38,70604
2025-03-13 10:00:00,87.38,88.11,87.05,87.93,72399
2025-03-13 11:00:00,87.93,88.18,87.57,87.87,72076
2025-03-13 12:00:00,87.87,88.36,87.28,87.47,75041
2025-03-13 13:00:00,87.47,88.16,86.24,86.37,90995
2025-03-13 14:00:00,86.37,86.87,85.36,85.52,86860
2025-03-13 15:00:00,85.52,87.16,81.67,82.86,94980
2025-03-13 16:00:00,82.86,83.1,81.32,81.64,93582
2025-03-13 17:00:00,81.64,82.18,80.6,80.68,87293
2025-03-13 18:00:00,80.68,81.13,78.78,79.04,93413
2025-03-13 19:00:00,79.04,79.13,77.24,77.53,94913
2025-03-13 20:00:00,77.53,78.26,77.3,77.51,86318
2025-03-13 21:00:00,77.51,77.57,76.52,76.74,28660
2025-03-13 22:00:00,76.74,76.75,76.07,76.08,5495
2025-03-13 23:00:00,76.08,76.21,74.84,74.93,31359
2025-03-14 00:00:00,74.93,75.07,74.18,74.31,34297
2025-03-14 01:00:00,74.31,74.35,73.28,73.33,37379
2025-03-14 02:00:00,73.33,73.39,72.1,72.23,34632
2025-03-14 03:00:00,72.23,72.25,71.54,71.61,35956
2025-03-14 04:00:00,71.61,71.7,70.78,70.84,36907
2025-03-14 05:00:00,70.84,71.11,70.27,70.35,36401
2025-03-14 06:00:00,70.35,70.49,70.06,70.17,33112
2025-03-14 07:00:00,70.17,70.37,69.6,69.69,35693
2025-03-14 08:00:00,69.69,69.75,67.73,68.06,70239
2025-03-14 09:00:00,68.06,68.14,67.06,67.25,73487
2025-03-14 10:00:00,67.25,67.63,66.76,66.79,70909
2025-03-14 11:00:00,66.79,67.16,66.33,66.76,69955
2025-03-14 12:00:00,66.76,66.97,66.32,66.62,69398
2025-03-14 13:00:00,66.62,66.95,65.84,66.08,89346
2025-03-14 14:00:00,66.08,66.16,65.15,65.51,91269
2025-03-14 15:00:00,65.51,65.71,64.84,65.04,94274
2025-03-14 16:00:00,65.04,65.51,64.16,64.49,98527
2025-03-14 17:00:00,64.49,64.83,63.74,64.67,89016
2025-03-14 18:00:00,64.67,64.91,64.07,64.36,87413
2025-03-14 19:00:00,64.36,64.69,63.6,64.04,95520
2025-03-14 20:00:00,64.04,65.68,63.69,65.2,91599
2025-03-14 21:00:00,65.2,65.26,64.55,64.56,30315
2025-03-14 22:00:00,64.56,64.59,63.97,63.99,6114
2025-03-14 23:00:00,63.99,64.03,63.51,63.62,30416
2025-03-17 00:00:00,63.62,63.68,62.81,62.9,34855
2025-03-17 01:00:00,62.9,63.1,62.53,62.55,37182
2025-03-17 02:00:00,62.55,62.61,61.96,61.99,33280
2025-03-17 03:00:00,61.99,62.06,61.51,61.58,36252
2025-03-17 04:00:00,61.58,61.6,61.08,61.29,34557
2025-03-17 05:00:00,61.29,61.84,61.24,61.63,35043
2025-03-17 06:00:00,61.63,62.22,60.01,61.5,35121
2025-03-17 07:00:00,61.5,62.28,61.42,62.17,36649
2025-03-17 08:00:00,62.17,63.05,61.95,62.87,72085
2025-03-17 09:00:00,62.87,63.7,62.48,63.64,74446
2025-03-17 10:00:00,63.64,64.35,63.0,64.31,69471
2025-03-17 11:00:00,64.31,66.41,64.26,66.25,71824
2025-03-17 12:00:00,66.25,68.45,65.54,65.91,72788
2025-03-17 13:00:00,65.91,67.17,65.86,66.67,87710
2025-03-17 14:00:00,66.67,68.02,66.57,67.69,93213
2025-03-17 15:00:00,67.69,68.49,67.56,68.33,89680
2025-03-17 16:00:00,68.33,70.13,68.13,69.98,90238
2025-03-17 17:00:00,69.98,71.05,69.69,70.89,92728
2025-03-17 18:00:00,70.89,71.28,70.09,70.85,84298
2025-03-17 19:00:00,70.85,75.09,68.59,70.68,88709
2025-03-17 20:00:00,70.68,72.85,70.28,72.28,85585
2025-03-17 21:00:00,72.28,72.75,72.19,72.65,30345
2025-03-17 22:00:00,72.65,73.38,72.64,73.37,5982
2025-03-17 23:00:00,73.37,75.29,73.34,75.24,31709
2025-03-18 00:00:00,75.24,76.26,75.16,76.21,37035
2025-03-18 01:00:00,76.21,77.58,76.1,77.44,33576
2025-03-18 02:00:00,77.44,78.46,77.38,78.26,36605
2025-03-18 03:00:00,78.26,78.82,78.16,78.75,34988
2025-03-18 04:00:00,78.75,79.18,78.74,79.08,37746
2025-03-18 05:00:00,79.08,79.87,79.05,79.78,35678
2025-03-18 06:00:00,79.78,82.18,79.06,81.97,32510
2025-03-18 07:00:00,81.97,82.37,81.9,82.17,34454
2025-03-18 08:00:00,82.17,83.11,81.94,82.1,75390
2025-03-18 09:00:00,82.1,83.59,81.6,83.49,72126
2025-03-18 10:00:00,83.49,84.91,83.05,84.75,73776
2025-03-18 11:00:00,84.75,87.09,81.17,86.82,68863
2025-03-18 12:00:00,86.82,88.76,86.51,88.59,69111
2025-03-18 13:00:00,88.59,89.66,88.12,89.36,93621
2025-03-18 14:00:00,89.36,90.53,88.88,90.31,86545
2025-03-18 15:00:00,90.31,90.62,90.02,90.33,88562
2025-03-18 16:00:00,90.33,90.53,89.07,89.17,91051
2025-03-18 17:00:00,89.17,89.94,88.71,89.35,88963
2025-03-18 18:00:00,89.35,89.48,87.97,88.4,83916
2025-03-18 19:00:00,88.4,92.32,87.95,89.74,88081
2025-03-18 20:00:00,89.74,90.36,89.28,89.98,86788
2025-03-18 21:00:00,89.98,90.07,89.66,89.9,29437
2025-03-18 22:00:00,89.9,89.95,89.87,89.92,6179
2025-03-18 23:00:00,89.92,89.99,89.71,89.79,30263
2025-03-19 00:00:00,89.79,90.05,89.77,89.91,34202
2025-03-19 01:00:00,89.91,90.0,89.66,89.79,33348
2025-03-19 02:00:00,89.79,89.93,89.62,89.73,35471
2025-03-19 03:00:00,89.73,89.76,89.21,89.42,35833
2025-03-19 04:00:00,89.42,89.55,88.95,89.09,35961
2025-03-19 05:00:00,89.09,89.33,88.8,89.14,34017
2025-03-19 06:00:00,89.14,89.27,88.94,89.11,35971
2025-03-19 07:00:00,89.11,89.49,89.01,89.21,36906
2025-03-19 08:00:00,89.21,89.52,89.05,89.22,64700
2025-03-19 09:00:00,89.22,89.49,88.8,88.85,69032
2025-03-19 10:00:00,88.85,89.15,88.51,89.04,74256
2025-03-19 11:00:00,89.04,89.25,88.63,88.79,71595
2025-03-19 12:00:00,88.79,89.12,88.46,88.64,74060
2025-03-19 13:00:00,88.64,89.41,88.19,89.04,89519
2025-03-19 14:00:00,89.04,89.64,88.49,89.24,89502
2025-03-19 15:00:00,89.24,89.33,88.44,88.85,87671
2025-03-19 16:00:00,88.85,89.96,88.71,89.72,89316
2025-03-19 17:00:00,89.72,90.58,89.24,90.22,89763
2025-03-19 18:00:00,90.22,90.52,89.59,89.79,85318
2025-03-19 19:00:00,89.79,90.12,89.27,89.8,85827
2025-03-19 20:00:00,89.8,90.4,89.5,90.29,90097
2025-03-19 21:00:00,90.29,90.47,90.19,90.31,30180
2025-03-19 22:00:00,90.31,90.36,90.28,90.34,6105
2025-03-19 23:00:00,90.34,90.6,87.08,88.56,31097
2025-03-20 00:00:00,88.56,88.61,88.21,88.53,36452
2025-03-20 01:00:00,88.53,88.57,88.18,88.31,36133
2025-03-20 02:00:00,88.31,88.38,87.86,87.98,36877
2025-03-20 03:00:00,87.98,88.26,87.67,88.04,39503
2025-03-20 04:00:00,88.04,88.13,87.65,87.71,36266
2025-03-20 05:00:00,87.71,89.17,87.07,89.16,35967
2025-03-20 06:00:00,89.16,89.32,88.84,88.98,36616
2025-03-20 07:00:00,88.98,89.05,88.69,88.9,33398
2025-03-20 08:00:00,88.9,89.28,88.73,88.98,74956
2025-03-20 09:00:00,88.98,89.24,88.61,89.09,68553
2025-03-20 10:00:00,89.09,89.4,88.95,89.09,68929
2025-03-20 11:00:00,89.09,89.59,88.81,89.5,71793
2025-03-20 12:00:00,89.5,89.96,89.29,89.77,71524
2025-03-20 13:00:00,89.77,91.6,88.39,91.57,91146
2025-03-20 14:00:00,91.57,92.41,91.3,92.26,90402
2025-03-20 15:00:00,92.26,92.52,91.45,91.8,89489
2025-03-20 16:00:00,91.8,91.81,91.03,91.32,89141
2025-03-20 17:00:00,91.32,92.23,91.15,92.04,90811
2025-03-20 18:00:00,92.04,92.89,91.66,92.32,90634
2025-03-20 19:00:00,92.32,92.51,91.57,92.08,89495
2025-03-20 20:00:00,92.08,92.41,91.38,91.91,93216
2025-03-20 21:00:00,91.91,92.01,91.71,91.75,31775
2025-03-20 22:00:00,91.75,91.82,91.73,91.79,5819
2025-03-20 23:00:00,91.79,92.11,91.72,92.1,29100
2025-03-21 00:00:00,92.1,92.44,92.0,92.24,34576
2025-03-21 01:00:00,92.24,92.53,92.14,92.5,35856
2025-03-21 02:00:00,92.5,92.65,92.26,92.5,35327
2025-03-21 03:00:00,92.5,92.63,92.19,92.27,33534
2025-03-21 04:00:00,92.27,92.62,92.09,92.34,34651
2025-03-21 05:00:00,92.34,94.13,88.39,90.95,36967
2025-03-21 06:00:00,90.95,91.51,90.75,91.22,35287
2025-03-21 07:00:00,91.22,91.45,91.15,91.28,36010
2025-03-21 08:00:00,91.28,91.38,90.58,90.88,75161
2025-03-21 09:00:00,90.88,91.29,90.42,90.81,71549
2025-03-21 10:00:00,90.81,91.19,90.45,90.81,69175
2025-03-21 11:00:00,90.81,91.28,90.62,90.89,70796
2025-03-21 12:00:00,90.89,90.94,90.19,90.66,69446
2025-03-21 13:00:00,90.66,90.78,89.97,90.21,95593
2025-03-21 14:00:00,90.21,90.7,89.99,90.23,95746
2025-03-21 15:00:00,90.23,91.68,90.07,90.74,87048
2025-03-21 16:00:00,90.74,91.63,90.43,90.98,84906
2025-03-21 17:00:00,90.98,92.19,90.76,91.94,98302
2025-03-21 18:00:00,91.94,92.46,88.14,90.12,90542
2025-03-21 19:00:00,90.12,90.28,88.8,89.26,93206
2025-03-21 20:00:00,89.26,89.47,88.66,88.77,93876
2025-03-21 21:00:00,88.77,88.9,88.68,88.82,29848
2025-03-21 22:00:00,88.82,88.85,88.79,88.84,5302
2025-03-21 23:00:00,88.84,88.9,88.55,88.64,30753
2025-03-24 00:00:00,88.64,93.76,86.14,91.66,35488
2025-03-24 01:00:00,91.66,91.77,91.34,91.4,36214
2025-03-24 02:00:00,91.4,91.54,91.15,91.29,37116
2025-03-24 03:00:00,91.29,91.67,91.17,91.5,36922
2025-03-24 04:00:00,91.5,91.57,90.99,91.27,35798
2025-03-24 05:00:00,91.27,91.41,91.06,91.15,36915
2025-03-24 06:00:00,91.15,91.35,90.96,91.19,35448
2025-03-24 07:00:00,91.19,91.22,90.93,90.98,37553
2025-03-24 08:00:00,90.98,91.95,90.84,91.79,74376
2025-03-24 09:00:00,91.79,91.93,91.05,91.79,70392
2025-03-24 10:00:00,91.79,93.2,91.62,92.74,72281
2025-03-24 11:00:00,92.74,93.43,92.59,92.89,69924
2025-03-24 12:00:00,92.89,95.05,91.59,91.96,68938
2025-03-24 13:00:00,91.96,92.7,91.8,91.98,88974
2025-03-24 14:00:00,91.98,92.53,91.56,92.25,88783
2025-03-24 15:00:00,92.25,92.89,91.61,92.05,91026
2025-03-24 16:00:00,92.05,92.41,91.46,92.15,95253
2025-03-24 17:00:00,92.15,92.64,91.12,91.56,85390
2025-03-24 18:00:00,91.56,92.29,91.09,91.77,90760
2025-03-24 19:00:00,91.77,91.99,90.67,90.89,87021
2025-03-24 20:00:00,90.89,91.5,90.32,91.28,93383
2025-03-24 21:00:00,91.28,91.3,90.99,91.1,30147
2025-03-24 22:00:00,91.1,91.12,90.35,90.38,5919
2025-03-24 23:00:00,90.38,90.62,90.05,90.22,31176
2025-03-25 00:00:00,90.22,90.33,89.08,89.32,35880
2025-03-25 01:00:00,89.32,91.22,86.46,87.11,36236
2025-03-25 02:00:00,87.11,87.39,86.13,86.42,34988
2025-03-25 03:00:00,86.42,86.65,85.75,85.88,37637
2025-03-25 04:00:00,85.88,86.04,85.17,85.32,37118
2025-03-25 05:00:00,85.32,85.39,84.5,84.67,34414
2025-03-25 06:00:00,84.67,84.73,83.38,83.45,33166
2025-03-25 07:00:00,83.45,83.59,82.31,82.39,34268
2025-03-25 08:00:00,82.39,84.92,80.46,83.17,71473
2025-03-25 09:00:00,83.17,83.3,82.44,82.89,73206
2025-03-25 10:00:00,82.89,83.37,81.99,82.3,68225
2025-03-25 11:00:00,82.3,82.42,80.84,81.13,74425
2025-03-25 12:00:00,81.13,81.41,80.33,81.26,69914
2025-03-25 13:00:00,81.26,82.06,80.3,80.48,92782
2025-03-25 14:00:00,80.48,80.72,78.33,78.76,92633
2025-03-25 15:00:00,78.76,79.48,78.27,78.67,90690
2025-03-25 16:00:00,78.67,79.21,76.76,77.0,92424
2025-03-25 17:00:00,77.0,77.21,75.73,76.14,88154
2025-03-25 18:00:00,76.14,76.32,75.16,75.74,84518
2025-03-25 19:00:00,75.74,75.96,74.49,74.56,86947
2025-03-25 20:00:00,74.56,74.73,72.13,72.42,91711
2025-03-25 21:00:00,72.42,72.49,71.73,71.86,30328
2025-03-25 22:00:00,71.86,71.87,71.06,71.09,6246
2025-03-25 23:00:00,71.09,71.15,70.55,70.69,29322
2025-03-26 00:00:00,70.69,70.75,69.99,70.11,34820
2025-03-26 01:00:00,70.11,70.14,69.0,69.19,33100
2025-03-26 02:00:00,69.19,69.27,68.6,68.7,37958
2025-03-26 03:00:00,68.7,68.72,67.6,67.61,35825
2025-03-26 04:00:00,67.61,67.67,66.9,66.99,34923
2025-03-26 05:00:00,66.99,67.1,66.57,66.69,36356
2025-03-26 06:00:00,66.69,66.73,65.73,65.76,35927
2025-03-26 07:00:00,65.76,65.86,65.04,65.15,36897
2025-03-26 08:00:00,65.15,65.42,64.09,64.25,72565
2025-03-26 09:00:00,64.25,64.75,63.51,63.64,80041
2025-03-26 10:00:00,63.64,63.86,62.56,62.83,69801
2025-03-26 11:00:00,62.83,62.9,61.48,61.58,71694
2025-03-26 12:00:00,61.58,61.79,61.1,61.26,72518
2025-03-26 13:00:00,61.26,62.38,59.54,61.15,91927
2025-03-26 14:00:00,61.15,61.63,60.44,60.66,90847
2025-03-26 15:00:00,60.66,61.4,60.62,61.11,90351
2025-03-26 16:00:00,61.11,61.5,58.65,59.22,92222
2025-03-26 17:00:00,59.22,59.62,58.86,59.16,85254
2025-03-26 18:00:00,59.16,59.59,58.3,58.87,81887
2025-03-26 19:00:00,58.87,59.44,58.47,58.71,84503
2025-03-26 20:00:00,58.71,58.94,58.02,58.27,88359
2025-03-26 21:00:00,58.27,58.32,57.89,57.89,28832
2025-03-26 22:00:00,57.89,57.9,57.43,57.44,6329
2025-03-26 23:00:00,57.44,57.52,56.93,56.96,29974
2025-03-27 00:00:00,56.96,56.96,56.41,56.42,36932
2025-03-27 01:00:00,56.42,57.43,55.3,56.85,39336
2025-03-27 02:00:00,56.85,56.89,56.26,56.3,34779
2025-03-27 03:00:00,56.3,56.38,55.83,55.91,36315
2025-03-27 04:00:00,55.91,56.02,55.35,55.39,35239
2025-03-27 05:00:00,55.39,55.46,55.08,55.16,36464
2025-03-27 06:00:00,55.16,55.28,54.6,54.62,35674
2025-03-27 07:00:00,54.62,54.72,53.97,54.02,35663
2025-03-27 08:00:00,54.02,54.18,53.31,53.68,69613
2025-03-27 09:00:00,53.68,55.21,52.67,54.1,74959
2025-03-27 10:00:00,54.1,55.91,53.73,54.7,70943
2025-03-27 11:00:00,54.7,54.91,53.88,54.06,70497
2025-03-27 12:00:00,54.06,54.13,53.33,53.54,72706
2025-03-27 13:00:00,53.54,53.96,53.19,53.49,84794
2025-03-27 14:00:00,53.49,53.62,52.85,53.1,91055
2025-03-27 15:00:00,53.1,53.39,52.77,53.26,90406
2025-03-27 16:00:00,53.26,53.59,52.93,53.12,86973
2025-03-27 17:00:00,53.12,53.35,52.49,52.64,95723
2025-03-27 18:00:00,52.64,53.05,52.48,52.7,97142
2025-03-27 19:00:00,52.7,52.99,52.28,52.45,93315
2025-03-27 20:00:00,52.45,52.74,51.73,52.02,89214
2025-03-27 21:00:00,52.02,52.08,51.41,51.51,30137
2025-03-27 22:00:00,51.51,51.52,51.01,51.02,6132
2025-03-27 23:00:00,51.02,51.03,50.38,50.41,29704
2025-03-28 00:00:00,50.41,50.46,49.89,50.05,34074
2025-03-28 01:00:00,50.05,50.06,49.41,49.54,37362
2025-03-28 02:00:00,49.54,49.59,48.93,48.97,33632
2025-03-28 03:00:00,48.97,49.08,48.61,48.71,35433
2025-03-28 04:00:00,48.71,48.72,47.98,48.05,36681
2025-03-28 05:00:00,48.05,48.18,47.49,47.59,35517
2025-03-28 06:00:00,47.59,47.6,47.18,47.27,36649
2025-03-28 07:00:00,47.27,47.43,47.22,47.42,37623
2025-03-28 08:00:00,47.42,47.51,47.03,47.24,70981
2025-03-28 09:00:00,47.24,47.84,47.21,47.75,68694
2025-03-28 10:00:00,47.75,47.91,47.59,47.79,74438
2025-03-28 11:00:00,47.79,47.95,47.67,47.89,70220
2025-03-28 12:00:00,47.89,48.3,47.84,48.22,72123
2025-03-28 13:00:00,48.22,48.43,47.84,47.9,91472
2025-03-28 14:00:00,47.9,48.0,47.62,47.79,89991
2025-03-28 15:00:00,47.79,48.59,45.98,47.12,87015
2025-03-28 16:00:00,47.12,47.55,46.95,47.34,89414
2025-03-28 17:00:00,47.34,47.48,47.05,47.24,94933
2025-03-28 18:00:00,47.24,47.8,47.08,47.67,96149
2025-03-28 19:00:00,47.67,47.9,47.4,47.75,94515
2025-03-28 20:00:00,47.75,47.85,47.43,47.61,90250
2025-03-28 21:00:00,47.61,47.69,47.56,47.63,31375
2025-03-28 22:00:00,47.63,47.64,47.58,47.58,6472
2025-03-28 23:00:00,47.58,47.72,47.55,47.71,29107
2025-03-31 00:00:00,47.71,47.96,47.66,47.92,36032
2025-03-31 01:00:00,47.92,48.12,47.74,47.85,35329
2025-03-31 02:00:00,47.85,47.92,47.69,47.77,34770
2025-03-31 03:00:00,47.77,47.84,47.67,47.71,37022
2025-03-31 04:00:00,47.71,47.89,47.68,47.71,36943
2025-03-31 05:00:00,47.71,47.74,47.47,47.5,37117
2025-03-31 06:00:00,47.5,47.54,47.29,47.36,38533
2025-03-31 07:00:00,47.36,47.42,47.3,47.36,35939
2025-03-31 08:00:00,47.36,47.67,47.24,47.51,66654
2025-03-31 09:00:00,47.51,47.82,47.36,47.77,71110
2025-03-31 10:00:00,47.77,48.1,47.65,47.72,72147
2025-03-31 11:00:00,47.72,49.86,47.61,48.03,70760
2025-03-31 12:00:00,48.03,48.19,47.77,47.96,75704
2025-03-31 13:00:00,47.96,48.31,47.9,48.16,95650
2025-03-31 14:00:00,48.16,48.49,47.91,48.22,87945
2025-03-31 15:00:00,48.22,48.32,47.81,47.9,93243
2025-03-31 16:00:00,47.9,48.06,47.72,47.89,89709
2025-03-31 17:00:00,47.89,47.99,47.31,47.82,81439
2025-03-31 18:00:00,47.82,47.98,47.5,47.62,90742
2025-03-31 19:00:00,47.62,47.94,47.48,47.77,87738
2025-03-31 20:00:00,47.77,48.3,47.73,47.98,92868
2025-03-31 21:00:00,47.98,48.0,47.83,47.9,29779
2025-03-31 22:00:00,47.9,48.35,46.44,47.13,6116
2025-03-31 23:00:00,47.13,47.23,47.09,47.22,30247
2025-04-01 00:00:00,47.22,47.29,47.09,47.25,34694
2025-04-01 01:00:00,47.25,47.36,47.15,47.32,34401
2025-04-01 02:00:00,47.32,47.42,47.26,47.28,35699
2025-04-01 03:00:00,47.28,47.32,47.13,47.2,38990
2025-04-01 04:00:00,47.2,47.25,47.01,47.06,35723
2025-04-01 05:00:00,47.06,47.17,46.9,46.93,35332
2025-04-01 06:00:00,46.93,47.16,46.89,47.15,37851
2025-04-01 07:00:00,47.15,47.25,46.89,46.96,33384
2025-04-01 08:00:00,46.96,47.15,46.77,46.89,72073
2025-04-01 09:00:00,46.89,47.02,46.66,46.82,70094
2025-04-01 10:00:00,46.82,47.2,46.78,47.02,69088
2025-04-01 11:00:00,47.02,47.27,46.76,47.15,69119
2025-04-01 12:00:00,47.15,47.31,46.9,47.03,73419
2025-04-01 13:00:00,47.03,47.3,46.7,46.95,91988
2025-04-01 14:00:00,46.95,47.15,46.67,47.11,87332
2025-04-01 15:00:00,47.11,47.25,46.64,46.86,90403
2025-04-01 16:00:00,46.86,47.04,46.45,46.51,92681
2025-04-01 17:00:00,46.51,46.89,46.43,46.78,87811
2025-04-01 18:00:00,46.78,49.12,46.62,48.3,93773
2025-04-01 19:00:00,48.3,48.63,48.19,48.25,87550
2025-04-01 20:00:00,48.25,49.08,48.22,48.99,87562
2025-04-01 21:00:00,48.99,49.07,48.93,48.99,29487
2025-04-01 22:00:00,48.99,49.02,48.96,48.99,5652
2025-04-01 23:00:00,48.99,49.0,48.83,48.9,31337
2025-04-02 00:00:00,48.9,48.94,48.79,48.82,37051
2025-04-02 01:00:00,48.82,49.02,48.8,48.93,38283
2025-04-02 02:00:00,48.93,49.03,48.89,48.97,35125
2025-04-02 03:00:00,48.97,48.99,48.69,48.73,37053
2025-04-02 04:00:00,48.73,48.83,48.65,48.79,36927
2025-04-02 05:00:00,48.79,48.85,48.51,48.55,38993
2025-04-02 06:00:00,48.55,48.73,48.49,48.65,34034
2025-04-02 07:00:00,48.65,48.81,48.58,48.71,37437
2025-04-02 08:00:00,48.71,48.92,48.51,48.74,71046
2025-04-02 09:00:00,48.74,48.87,48.26,48.44,75267
2025-04-02 10:00:00,48.44,48.87,48.39,48.69,73542
2025-04-02 11:00:00,48.69,49.03,48.62,48.81,74515
2025-04-02 12:00:00,48.81,48.86,48.53,48.57,75904
2025-04-02 13:00:00,48.57,48.61,48.17,48.24,93976
2025-04-02 14:00:00,48.24,48.32,47.9,48.11,89896
2025-04-02 15:00:00,48.11,48.45,47.79,48.16,92519
2025-04-02 16:00:00,48.16,48.41,47.73,47.93,86746
2025-04-02 17:00:00,47.93,48.06,47.49,47.66,89799
2025-04-02 18:00:00,47.66,47.74,47.19,47.27,93150
2025-04-02 19:00:00,47.27,47.41,46.7,46.89,90872
2025-04-02 20:00:00,46.89,47.22,46.7,46.81,91751
2025-04-02 21:00:00,46.81,47.08,46.79,46.98,30070
2025-04-02 22:00:00,46.98,46.99,46.95,46.96,5812
2025-04-02 23:00:00,46.96,47.08,46.93,47.01,31739
2025-04-03 00:00:00,47.01,47.08,46.94,47.02,36458
2025-04-03 01:00:00,47.02,48.79,45.52,48.11,36955
2025-04-03 02:00:00,48.11,48.36,48.08,48.25,35641
2025-04-03 03:00:00,48.25,48.37,48.16,48.21,34234
2025-04-03 04:00:00,48.21,48.23,47.99,48.02,34968
2025-04-03 05:00:00,48.02,48.11,47.88,47.96,38420
2025-04-03 06:00:00,47.96,48.01,47.88,47.95,36454
2025-04-03 07:00:00,47.95,48.03,47.81,48.02,36404
2025-04-03 08:00:00,48.02,48.28,47.88,47.96,69108
2025-04-03 09:00:00,47.96,48.3,46.59,47.53,67411
2025-04-03 10:00:00,47.53,48.66,45.0,46.38,71612
2025-04-03 11:00:00,46.38,46.69,46.32,46.49,75608
2025-04-03 12:00:00,46.49,46.76,46.33,46.45,72470
2025-04-03 13:00:00,46.45,46.68,46.2,46.44,89974
2025-04-03 14:00:00,46.44,47.01,46.33,46.93,87475
2025-04-03 15:00:00,46.93,46.99,46.36,46.61,91269
2025-04-03 16:00:00,46.61,46.71,46.16,46.23,93540
2025-04-03 17:00:00,46.23,46.74,46.08,46.5,90194
2025-04-03 18:00:00,46.5,46.58,45.97,46.08,85293
2025-04-03 19:00:00,46.08,46.19,45.71,45.94,91308
2025-04-03 20:00:00,45.94,46.35,45.79,46.13,91927
2025-04-03 21:00:00,46.13,46.23,46.01,46.06,30509
2025-04-03 22:00:00,46.06,46.08,46.02,46.05,6239
2025-04-03 23:00:00,46.05,47.27,44.91,46.76,32198
2025-04-04 00:00:00,46.76,47.02,46.7,46.96,35609
2025-04-04 01:00:00,46.96,47.03,46.84,46.88,35667
2025-04-04 02:00:00,46.88,46.92,46.79,46.85,34614
2025-04-04 03:00:00,46.85,48.3,46.37,47.83,34939
2025-04-04 04:00:00,47.83,47.91,47.7,47.82,33346
2025-04-04 05:00:00,47.82,47.97,47.76,47.79,36061
2025-04-04 06:00:00,47.79,47.84,47.66,47.79,35138
2025-04-04 07:00:00,47.79,47.88,47.66,47.84,35056
2025-04-04 08:00:00,47.84,48.02,47.64,47.83,74436
2025-04-04 09:00:00,47.83,48.92,45.29,47.39,75601
2025-04-04 10:00:00,47.39,47.41,46.97,47.06,70732
2025-04-04 11:00:00,47.06,47.58,46.88,47.4,72199
2025-04-04 12:00:00,47.4,47.83,47.17,47.74,71252
2025-04-04 13:00:00,47.74,48.29,47.69,48.11,91034
2025-04-04 14:00:00,48.11,48.42,48.06,48.29,84840
2025-04-04 15:00:00,48.29,48.78,48.25,48.47,93683
2025-04-04 16:00:00,48.47,48.95,48.38,48.86,91437
2025-04-04 17:00:00,48.86,49.06,48.64,48.96,93964
2025-04-04 18:00:00,48.96,49.16,48.56,48.7,92852
2025-04-04 19:00:00,48.7,48.83,48.39,48.44,88346
2025-04-04 20:00:00,48.44,48.61,48.11,48.19,85355
2025-04-04 21:00:00,48.19,48.25,48.05,48.1,29828
2025-04-04 22:00:00,48.1,48.11,48.06,48.08,5784
2025-04-04 23:00:00,48.08,48.14,47.95,48.06,30114
2025-04-07 00:00:00,48.06,48.11,47.9,47.93,35186
2025-04-07 01:00:00,47.93,48.05,47.9,48.0,34246
2025-04-07 02:00:00,48.0,48.03,47.55,47.62,36031
2025-04-07 03:00:00,47.62,47.68,47.27,47.4,37919
2025-04-07 04:00:00,47.4,47.5,46.9,46.93,37079
2025-04-07 05:00:00,46.93,47.09,46.31,46.38,34952
2025-04-07 06:00:00,46.38,46.46,45.84,45.92,35855
2025-04-07 07:00:00,45.92,46.03,45.5,45.56,36357
2025-04-07 08:00:00,45.56,45.69,45.12,45.41,71244
2025-04-07 09:00:00,45.41,45.66,44.75,44.9,70036
2025-04-07 10:00:00,44.9,44.97,43.72,43.86,69602
2025-04-07 11:00:00,43.86,43.94,42.82,43.03,70839
2025-04-07 12:00:00,43.03,43.31,42.53,43.21,71214
2025-04-07 13:00:00,43.21,43.57,42.63,42.69,87235
2025-04-07 14:00:00,42.69,42.81,41.98,42.09,93138
2025-04-07 15:00:00,42.09,42.17,41.59,42.02,88873
2025-04-07 16:00:00,42.02,42.27,41.38,41.71,93035
2025-04-07 17:00:00,41.71,42.06,41.38,41.51,87946
2025-04-07 18:00:00,41.51,41.65,40.69,41.19,89819
2025-04-07 19:00:00,41.19,41.45,40.68,40.84,89768
2025-04-07 20:00:00,40.84,41.04,40.31,40.5,93272
2025-04-07 21:00:00,40.5,40.56,39.97,39.98,30407
2025-04-07 22:00:00,39.98,39.98,39.58,39.58,6093
2025-04-07 23:00:00,39.58,39.61,39.31,39.4,31515
2025-04-08 00:00:00,39.4,39.42,39.06,39.1,36394
2025-04-08 01:00:00,39.1,39.14,38.74,38.76,38790
2025-04-08 02:00:00,38.76,38.79,38.44,38.46,34473
2025-04-08 03:00:00,38.46,38.51,38.07,38.12,34654
2025-04-08 04:00:00,38.12,38.21,37.66,37.7,34950
2025-04-08 05:00:00,37.7,37.74,37.32,37.37,36386
2025-04-08 06:00:00,37.37,37.43,36.88,36.94,34810
2025-04-08 07:00:00,36.94,36.95,36.62,36.65,36309
2025-04-08 08:00:00,36.65,36.78,36.01,36.14,68611
2025-04-08 09:00:00,36.14,36.28,35.78,35.93,74047
2025-04-08 10:00:00,35.93,35.99,35.6,35.65,68363
2025-04-08 11:00:00,35.65,35.79,35.24,35.28,70253
2025-04-08 12:00:00,35.28,36.61,34.89,35.84,78466
2025-04-08 13:00:00,35.84,36.14,35.36,35.57,89222
2025-04-08 14:00:00,35.57,35.7,34.82,35.12,90391
2025-04-08 15:00:00,35.12,35.99,34.28,35.36,84714
2025-04-08 16:00:00,35.36,35.71,35.22,35.28,85133
2025-04-08 17:00:00,35.28,36.84,34.5,35.94,93388
2025-04-08 18:00:00,35.94,36.09,35.36,35.44,88026
2025-04-08 19:00:00,35.44,35.73,34.81,35.05,91131
2025-04-08 20:00:00,35.05,35.12,34.11,34.29,87941
2025-04-08 21:00:00,34.29,35.03,33.17,33.42,30436
2025-04-08 22:00:00,33.42,33.42,33.13,33.13,5836
2025-04-08 23:00:00,33.13,33.15,32.85,32.88,30526
2025-04-09 00:00:00,32.88,32.93,32.56,32.56,39530
2025-04-09 01:00:00,32.56,32.6,32.23,32.24,34170
2025-04-09 02:00:00,32.24,32.25,31.75,31.79,36930
2025-04-09 03:00:00,31.79,31.85,31.36,31.39,34773
2025-04-09 04:00:00,31.39,31.4,30.99,31.0,35985
2025-04-09 05:00:00,31.0,31.01,30.69,30.7,36766
2025-04-09 06:00:00,30.7,30.71,30.43,30.49,35763
2025-04-09 07:00:00,30.49,30.56,30.36,30.39,36070
2025-04-09 08:00:00,30.39,30.48,30.07,30.31,70805
2025-04-09 09:00:00,30.31,30.34,29.79,30.05,69842
2025-04-09 10:00:00,30.05,30.08,29.51,29.54,65173
2025-04-09 11:00:00,29.54,29.69,29.27,29.48,74664
2025-04-09 12:00:00,29.48,29.69,29.17,29.2,66629
2025-04-09 13:00:00,29.2,29.37,29.0,29.22,93470
2025-04-09 14:00:00,29.22,29.28,28.6,28.65,86684
2025-04-09 15:00:00,28.65,28.99,28.5,28.82,94542
2025-04-09 16:00:00,28.82,28.9,28.22,28.32,90456
2025-04-09 17:00:00,28.32,28.72,28.28,28.36,86454
2025-04-09 18:00:00,28.36,28.65,28.24,28.48,84690
2025-04-09 19:00:00,28.48,28.6,27.45,27.57,91127
2025-04-09 20:00:00,27.57,27.7,27.07,27.18,88196
2025-04-09 21:00:00,27.18,27.25,26.87,26.89,29417
2025-04-09 22:00:00,26.89,26.9,26.68,26.69,5364
2025-04-09 23:00:00,26.69,26.72,26.43,26.43,29851
2025-04-10 00:00:00,26.43,26.44,26.16,26.19,37715
2025-04-10 01:00:00,26.19,26.22,25.96,26.01,33778
2025-04-10 02:00:00,26.01,26.04,25.74,25.8,36229
2025-04-10 03:00:00,25.8,25.84,25.68,25.69,36396
2025-04-10 04:00:00,25.69,25.71,25.47,25.51,37495
2025-04-10 05:00:00,25.51,25.52,25.24,25.25,36837
2025-04-10 06:00:00,25.25,25.27,24.88,24.93,36772
2025-04-10 07:00:00,24.93,24.96,24.77,24.79,38315
2025-04-10 08:00:00,24.79,25.07,24.29,24.59,75469
2025-04-10 09:00:00,24.59,25.17,24.16,24.89,71013
2025-04-10 10:00:00,24.89,25.53,24.09,24.53,68057
2025-04-10 11:00:00,24.53,24.7,23.1,23.34,75659
2025-04-10 12:00:00,23.34,23.93,23.1,23.52,73979
2025-04-10 13:00:00,23.52,23.87,22.49,23.37,88187
2025-04-10 14:00:00,23.37,23.9,22.76,23.16,88668
2025-04-10 15:00:00,23.16,24.2,23.09,23.87,89630
2025-04-10 16:00:00,23.87,24.03,22.85,23.6,94752
2025-04-10 17:00:00,23.6,24.49,23.04,23.21,91885
2025-04-10 18:00:00,23.21,23.44,22.49,22.81,89268
2025-04-10 19:00:00,22.81,23.49,22.02,23.28,93965
2025-04-10 20:00:00,23.28,23.94,22.84,23.68,92058
2025-04-10 21:00:00,23.68,23.81,23.47,23.63,31902
2025-04-10 22:00:00,23.63,23.7,23.6,23.66,5548
2025-04-10 23:00:00,23.66,23.78,22.88,22.97,28104
2025-04-11 00:00:00,22.97,23.05,22.62,22.84,33429
2025-04-11 01:00:00,22.84,23.04,22.61,22.85,35501
2025-04-11 02:00:00,22.85,22.94,22.43,22.78,37826
2025-04-11 03:00:00,22.78,23.06,22.65,22.7,36210
2025-04-11 04:00:00,22.7,23.04,22.51,22.9,35623
2025-04-11 05:00:00,22.9,23.03,22.53,22.69,35063
2025-04-11 06:00:00,22.69,22.77,22.45,22.53,38917
2025-04-11 07:00:00,22.53,22.88,22.51,22.67,38802
2025-04-11 08:00:00,22.67,23.41,22.19,22.72,71916
2025-04-11 09:00:00,22.72,22.82,21.3,21.43,69976
2025-04-11 10:00:00,21.43,22.64,20.84,21.3,76974
2025-04-11 11:00:00,21.3,21.41,20.74,21.09,70930
2025-04-11 12:00:00,21.09,21.53,20.0,20.42,73989
2025-04-11 13:00:00,20.42,21.46,20.32,21.2,88897
2025-04-11 14:00:00,21.2,21.27,21.03,21.19,84792
2025-04-11 15:00:00,21.19,21.33,21.13,21.2,87959
2025-04-11 16:00:00,21.2,21.66,20.6,20.91,90177
2025-04-11 17:00:00,20.91,20.98,20.7,20.85,92070
2025-04-11 18:00:00,20.85,20.98,20.77,20.82,92808
2025-04-11 19:00:00,20.82,20.83,20.56,20.57,95185
2025-04-11 20:00:00,20.57,20.64,20.45,20.53,86722
2025-04-11 21:00:00,20.53,20.57,20.51,20.52,30022
2025-04-11 22:00:00,20.52,20.53,20.51,20.52,5818
2025-04-11 23:00:00,20.52,20.65,20.51,20.62,29451
2025-04-14 00:00:00,20.62,20.66,20.54,20.56,36581
2025-04-14 01:00:00,20.56,20.59,20.49,20.54,36210
2025-04-14 02:00:00,20.54,20.6,20.52,20.56,33720
2025-04-14 03:00:00,20.56,20.59,20.52,20.54,36086
2025-04-14 04:00:00,20.54,20.58,20.49,20.53,34571
2025-04-14 05:00:00,20.53,20.53,20.44,20.46,34983
2025-04-14 06:00:00,20.46,20.49,20.41,20.46,35598
2025-04-14 07:00:00,20.46,20.52,20.44,20.44,36954
2025-04-14 08:00:00,20.44,20.57,20.41,20.55,69571
2025-04-14 09:00:00,20.55,20.71,20.52,20.69,69569
2025-04-14 10:00:00,20.69,20.71,20.55,20.62,73632
2025-04-14 11:00:00,20.62,20.65,20.52,20.56,73507
2025-04-14 12:00:00,20.56,20.64,20.41,20.55,77052
2025-04-14 13:00:00,20.55,20.74,20.52,20.67,92424
2025-04-14 14:00:00,20.67,20.75,20.54,20.56,93328
2025-04-14 15:00:00,20.56,20.67,20.46,20.6,91271
2025-04-14 16:00:00,20.6,20.79,20.55,20.66,90713
2025-04-14 17:00:00,20.66,20.72,20.51,20.58,92012
2025-04-14 18:00:00,20.58,21.64,20.48,20.94,98517
2025-04-14 19:00:00,20.94,21.11,20.89,20.98,91280
2025-04-14 20:00:00,20.98,21.12,20.95,21.05,85031
2025-04-14 21:00:00,21.05,21.05,20.99,21.03,31881
2025-04-14 22:00:00,21.03,21.04,21.02,21.03,6426
2025-04-14 23:00:00,21.03,21.12,21.0,21.11,30525
2025-04-15 00:00:00,21.11,21.14,21.06,21.09,36357
2025-04-15 01:00:00,21.09,21.1,21.01,21.04,36195
2025-04-15 02:00:00,21.04,21.1,21.0,21.04,32666
2025-04-15 03:00:00,21.04,21.11,21.01,21.03,37033
2025-04-15 04:00:00,21.03,21.06,20.99,21.02,35902
2025-04-15 05:00:00,21.02,21.05,20.9,20.91,37068
2025-04-15 06:00:00,20.91,20.93,20.83,20.9,35570
2025-04-15 07:00:00,20.9,20.94,20.82,20.85,36757
2025-04-15 08:00:00,20.85,20.89,20.65,20.74,72582
2025-04-15 09:00:00,20.74,20.87,20.68,20.7,73767
2025-04-15 10:00:00,20.7,20.8,20.64,20.67,71500
2025-04-15 11:00:00,20.67,20.82,20.64,20.71,73610
2025-04-15 12:00:00,20.71,21.08,20.68,21.05,67971
2025-04-15 13:00:00,21.05,21.2,21.02,21.12,91155
2025-04-15 14:00:00,21.12,21.2,21.01,21.13,95330
2025-04-15 15:00:00,21.13,21.23,21.06,21.13,86915
2025-04-15 16:00:00,21.13,21.28,21.08,21.25,90621
2025-04-15 17:00:00,21.25,21.34,21.15,21.32,92235
2025-04-15 18:00:00,21.32,21.46,21.22,21.4,87930
2025-04-15 19:00:00,21.4,21.44,21.29,21.36,93595
2025-04-15 20:00:00,21.36,21.49,21.25,21.35,93022
2025-04-15 21:00:00,21.35,21.4,21.31,21.39,31475
2025-04-15 22:00:00,21.39,21.4,21.38,21.39,5599
2025-04-15 23:00:00,21.39,21.41,21.34,21.36,31714
2025-04-16 00:00:00,21.36,21.46,21.32,21.44,38244
2025-04-16 01:00:00,21.44,21.47,21.39,21.41,34138
2025-04-16 02:00:00,21.41,21.52,21.38,21.5,36046
2025-04-16 03:00:00,21.5,21.57,21.46,21.52,34600
2025-04-16 04:00:00,21.52,21.55,21.47,21.49,35925
2025-04-16 05:00:00,21.49,22.38,21.45,21.8,34325
2025-04-16 06:00:00,21.8,21.83,21.75,21.81,35996
2025-04-16 07:00:00,21.81,21.86,21.75,21.82,35767
2025-04-16 08:00:00,21.82,21.92,21.77,21.89,72525
2025-04-16 09:00:00,21.89,22.38,21.86,22.33,72222
2025-04-16 10:00:00,22.33,22.45,22.2,22.32,75096
2025-04-16 11:00:00,22.32,22.4,22.12,22.18,70133
2025-04-16 12:00:00,22.18,22.28,22.12,22.22,70838
2025-04-16 13:00:00,22.22,23.09,22.18,22.66,90584
2025-04-16 14:00:00,22.66,22.68,22.47,22.57,88272
2025-04-16 15:00:00,22.57,23.15,22.14,23.01,86782
2025-04-16 16:00:00,23.01,23.32,22.99,23.3,94463
2025-04-16 17:00:00,23.3,23.4,23.23,23.28,84532
2025-04-16 18:00:00,23.28,23.37,23.09,23.21,97581
2025-04-16 19:00:00,23.21,23.32,23.16,23.29,83394
2025-04-16 20:00:00,23.29,23.62,23.21,23.46,91084
2025-04-16 21:00:00,23.46,23.49,23.41,23.46,30294
2025-04-16 22:00:00,23.46,23.47,23.45,23.46,5757
2025-04-16 23:00:00,23.46,23.54,23.43,23.52,31876
2025-04-17 00:00:00,23.52,23.54,23.44,23.52,36539
2025-04-17 01:00:00,23.52,23.61,23.51,23.56,34918
2025-04-17 02:00:00,23.56,23.67,23.52,23.65,36407
2025-04-17 03:00:00,23.65,23.68,23.55,23.59,36037
2025-04-17 04:00:00,23.59,23.61,23.52,23.55,37645
2025-04-17 05:00:00,23.55,23.64,23.52,23.58,33628
2025-04-17 06:00:00,23.58,23.63,23.53,23.58,37063
2025-04-17 07:00:00,23.58,23.63,23.54,23.58,36558
2025-04-17 08:00:00,23.58,23.63,23.35,23.44,70846
2025-04-17 09:00:00,23.44,23.53,23.38,23.4,72800
2025-04-17 10:00:00,23.4,23.45,23.2,23.39,74620
2025-04-17 11:00:00,23.39,23.56,23.34,23.53,76890
2025-04-17 12:00:00,23.53,23.65,23.47,23.55,68293
2025-04-17 13:00:00,23.55,23.78,23.51,23.68,93824
2025-04-17 14:00:00,23.68,24.22,23.06,23.37,80184
2025-04-17 15:00:00,23.37,23.55,23.21,23.48,89394
2025-04-17 16:00:00,23.48,23.57,23.42,23.52,89134
2025-04-17 17:00:00,23.52,23.75,23.49,23.73,92240
2025-04-17 18:00:00,23.73,23.91,23.66,23.8,89728
2025-04-17 19:00:00,23.8,23.99,23.78,23.83,92368
2025-04-17 20:00:00,23.83,23.92,23.68,23.77,92525
2025-04-17 21:00:00,23.77,23.8,23.68,23.72,29432
2025-04-17 22:00:00,23.72,23.73,23.71,23.72,6063
2025-04-17 23:00:00,23.72,23.78,23.7,23.74,27882
2025-04-18 00:00:00,23.74,23.8,23.68,23.8,36252
2025-04-18 01:00:00,23.8,23.83,23.74,23.77,36514
2025-04-18 02:00:00,23.77,23.8,23.7,23.75,36298
2025-04-18 03:00:00,23.75,23.77,23.7,23.72,37497
2025-04-18 04:00:00,23.72,23.82,23.66,23.79,36228
2025-04-18 05:00:00,23.79,23.95,23.77,23.91,35325
2025-04-18 06:00:00,23.91,23.98,23.87,23.91,35977
2025-04-18 07:00:00,23.91,23.94,23.85,23.91,37513
2025-04-18 08:00:00,23.91,24.29,23.87,24.25,71605
2025-04-18 09:00:00,24.25,24.35,24.15,24.19,72565
2025-04-18 10:00:00,24.19,24.28,24.04,24.14,72854
2025-04-18 11:00:00,24.14,24.23,24.02,24.12,70310
2025-04-18 12:00:00,24.12,24.19,23.94,24.0,73568
2025-04-18 13:00:00,24.0,24.28,23.87,24.2,92305
2025-04-18 14:00:00,24.2,24.42,24.09,24.39,93969
2025-04-18 15:00:00,24.39,24.84,24.37,24.78,92408
2025-04-18 16:00:00,24.78,24.89,24.33,24.44,89087
2025-04-18 17:00:00,24.44,24.57,24.21,24.3,89647
2025-04-18 18:00:00,24.3,24.41,24.03,24.13,91690
2025-04-18 19:00:00,24.13,24.42,24.08,24.41,89340
2025-04-18 20:00:00,24.41,24.63,24.37,24.57,86305
2025-04-18 21:00:00,24.57,24.6,24.45,24.46,27521
2025-04-18 22:00:00,24.46,24.47,24.45,24.46,6218
2025-04-18 23:00:00,24.46,24.86,24.28,24.83,30228
2025-04-21 00:00:00,24.83,24.87,24.74,24.77,37216
2025-04-21 01:00:00,24.77,24.77,24.65,24.68,36629
2025-04-21 02:00:00,24.68,24.72,24.61,24.65,36984
2025-04-21 03:00:00,24.65,24.71,24.56,24.7,35229
2025-04-21 04:00:00,24.7,24.77,24.64,24.69,35729
2025-04-21 05:00:00,24.69,24.75,24.66,24.71,35115
2025-04-21 06:00:00,24.71,24.81,24.68,24.78,34599
2025-04-21 07:00:00,24.78,24.81,24.7,24.77,35141
2025-04-21 08:00:00,24.77,24.82,24.64,24.7,67714
2025-04-21 09:00:00,24.7,24.87,24.65,24.77,69022
2025-04-21 10:00:00,24.77,24.89,24.72,24.82,71683
2025-04-21 11:00:00,24.82,24.87,24.55,24.63,73404
2025-04-21 12:00:00,24.63,24.68,24.46,24.6,72871
2025-04-21 13:00:00,24.6,24.63,24.41,24.54,91356
2025-04-21 14:00:00,24.54,24.62,24.4,24.5,89040
2025-04-21 15:00:00,24.5,24.57,24.32,24.34,84158
2025-04-21 16:00:00,24.34,24.89,24.32,24.81,89529
2025-04-21 17:00:00,24.81,24.85,24.44,24.52,87884
2025-04-21 18:00:00,24.52,24.63,24.32,24.38,96869
2025-04-21 19:00:00,24.38,24.46,24.13,24.26,87200
2025-04-21 20:00:00,24.26,24.53,24.24,24.46,88474
2025-04-21 21:00:00,24.46,24.48,24.4,24.42,29188
2025-04-21 22:00:00,24.42,24.43,24.41,24.42,5829
2025-04-21 23:00:00,24.42,24.46,24.39,24.45,28769
2025-04-22 00:00:00,24.45,24.53,24.42,24.46,36916
2025-04-22 01:00:00,24.46,24.49,24.38,24.46,34654
2025-04-22 02:00:00,24.46,24.88,24.41,24.77,36943
2025-04-22 03:00:00,24.77,24.79,24.64,24.65,37373
2025-04-22 04:00:00,24.65,24.82,24.62,24.78,34353
2025-04-22 05:00:00,24.78,24.86,24.76,24.78,39700
2025-04-22 06:00:00,24.78,24.84,24.76,24.8,34079
2025-04-22 07:00:00,24.8,24.83,24.74,24.8,35069
2025-04-22 08:00:00,24.8,24.9,24.62,24.74,71507
2025-04-22 09:00:00,24.74,24.8,24.6,24.63,74632
2025-04-22 10:00:00,24.63,24.66,24.42,24.48,75943
2025-04-22 11:00:00,24.48,24.52,24.35,24.45,71722
2025-04-22 12:00:00,24.45,24.61,24.31,24.4,70839
2025-04-22 13:00:00,24.4,24.44,24.15,24.34,87240
2025-04-22 14:00:00,24.34,24.53,24.23,24.43,91478
2025-04-22 15:00:00,24.43,24.6,24.37,24.56,86386
2025-04-22 16:00:00,24.56,24.75,24.47,24.64,85763
2025-04-22 17:00:00,24.64,24.78,24.59,24.71,92437
2025-04-22 18:00:00,24.71,24.78,24.48,24.72,81871
2025-04-22 19:00:00,24.72,24.83,24.61,24.71,96850
2025-04-22 20:00:00,24.71,24.72,24.43,24.65,93377
2025-04-22 21:00:00,24.65,24.67,24.52,24.54,29928
2025-04-22 22:00:00,24.54,24.55,24.53,24.54,6118
2025-04-22 23:00:00,24.54,24.59,24.48,24.51,29295
2025-04-23 00:00:00,24.51,24.62,24.48,24.62,34468
2025-04-23 01:00:00,24.62,24.63,24.53,24.56,37157
2025-04-23 02:00:00,24.56,24.58,24.47,24.52,36622
2025-04-23 03:00:00,24.52,24.94,23.99,24.18,35961
2025-04-23 04:00:00,24.18,24.28,24.15,24.27,39992
2025-04-23 05:00:00,24.27,24.33,24.21,24.25,36096
2025-04-23 06:00:00,24.25,24.32,24.17,24.2,36734
2025-04-23 07:00:00,24.2,24.28,24.19,24.22,33103
2025-04-23 08:00:00,24.22,24.26,24.04,24.17,72086
2025-04-23 09:00:00,24.17,24.2,24.0,24.02,69221
2025-04-23 10:00:00,24.02,24.16,23.97,24.05,69691
2025-04-23 11:00:00,24.05,24.13,23.98,24.03,73331
2025-04-23 12:00:00,24.03,24.08,23.77,23.87,71408
2025-04-23 13:00:00,23.87,24.05,23.82,23.98,83686
2025-04-23 14:00:00,23.98,24.25,23.94,24.21,93431
2025-04-23 15:00:00,24.21,24.45,24.06,24.4,90240
2025-04-23 16:00:00,24.4,24.58,24.34,24.35,86720
2025-04-23 17:00:00,24.35,24.51,24.19,24.25,86128
2025-04-23 18:00:00,24.25,24.43,24.13,24.4,90227
2025-04-23 19:00:00,24.4,24.44,24.2,24.23,87792
2025-04-23 20:00:00,24.23,24.35,24.01,24.1,93675
2025-04-23 21:00:00,24.1,24.12,23.91,23.96,30124
2025-04-23 22:00:00,23.96,24.72,23.28,23.45,6107
2025-04-23 23:00:00,23.45,23.75,23.33,23.64,29574
2025-04-24 00:00:00,23.64,23.7,23.16,23.32,36251
2025-04-24 01:00:00,23.32,23.36,22.66,23.1,35875
2025-04-24 02:00:00,23.1,23.29,22.71,23.02,36874
2025-04-24 03:00:00,23.02,23.61,22.43,23.04,37139
2025-04-24 04:00:00,23.04,23.11,22.27,22.31,36312
2025-04-24 05:00:00,22.31,22.4,22.03,22.32,36541
2025-04-24 06:00:00,22.32,22.5,21.96,21.99,38080
2025-04-24 07:00:00,21.99,22.09,21.59,21.8,35366
2025-04-24 08:00:00,21.8,22.65,21.4,22.01,70021
2025-04-24 09:00:00,22.01,22.54,21.51,22.28,68541
2025-04-24 10:00:00,22.28,22.61,21.46,21.57,71027
2025-04-24 11:00:00,21.57,21.87,20.63,20.95,73274
2025-04-24 12:00:00,20.95,21.05,20.08,20.89,67262
2025-04-24 13:00:00,20.89,21.23,20.38,20.9,89495
2025-04-24 14:00:00,20.9,21.65,20.53,20.87,82675
2025-04-24 15:00:00,20.87,21.7,20.63,21.52,97082
2025-04-24 16:00:00,21.52,22.13,21.02,21.23,89927
2025-04-24 17:00:00,21.23,22.23,20.75,21.32,91782
2025-04-24 18:00:00,21.32,21.38,20.35,20.71,90274
2025-04-24 19:00:00,20.71,21.06,20.0,20.6,90975
2025-04-24 20:00:00,20.6,21.14,20.28,21.09,86209
2025-04-24 21:00:00,21.09,21.16,20.83,20.91,32072
2025-04-24 22:00:00,20.91,20.94,20.85,20.93,6191
2025-04-24 23:00:00,20.93,21.01,20.71,20.8,31032
2025-04-25 00:00:00,20.8,20.85,20.44,20.46,33934
2025-04-25 01:00:00,20.46,20.57,20.18,20.48,37161
2025-04-25 02:00:00,20.48,20.79,20.42,20.63,34299
2025-04-25 03:00:00,20.63,21.01,20.59,20.91,35858
2025-04-25 04:00:00,20.91,21.57,20.27,21.46,35853
2025-04-25 05:00:00,21.46,21.69,21.07,21.38,35948
2025-04-25 06:00:00,21.38,21.47,20.79,20.85,35209
2025-04-25 07:00:00,20.85,21.02,20.67,20.92,37095
2025-04-25 08:00:00,20.92,21.34,20.55,20.68,75352
2025-04-25 09:00:00,20.68,21.21,20.16,20.9,69261
2025-04-25 10:00:00,20.9,21.15,19.81,20.29,71112
2025-04-25 11:00:00,20.29,20.73,19.42,19.89,75021
2025-04-25 12:00:00,19.89,20.17,19.36,19.49,70076
2025-04-25 13:00:00,19.49,20.82,19.24,20.35,94469
2025-04-25 14:00:00,20.35,21.05,20.07,20.81,90797
2025-04-25 15:00:00,20.81,21.36,20.41,20.78,93991
2025-04-25 16:00:00,20.78,21.44,20.0,21.13,90923
2025-04-25 17:00:00,21.13,21.6,20.71,21.33,84693
2025-04-25 18:00:00,21.33,21.85,21.07,21.59,87150
2025-04-25 19:00:00,21.59,22.2,21.06,21.79,89163
2025-04-25 20:00:00,21.79,21.92,20.87,21.1,92539
2025-04-25 21:00:00,21.1,21.23,20.91,21.11,29896
2025-04-25 22:00:00,21.11,21.12,20.98,20.99,6024
2025-04-25 23:00:00,20.99,21.37,20.83,21.12,29631
2025-04-28 00:00:00,21.12,21.3,20.53,20.69,33637
2025-04-28 01:00:00,20.69,20.88,20.53,20.61,37806
2025-04-28 02:00:00,20.61,20.84,20.47,20.62,35048
2025-04-28 03:00:00,20.62,20.71,20.34,20.49,37060
2025-04-28 04:00:00,20.49,20.76,20.22,20.36,37783
2025-04-28 05:00:00,20.36,20.69,20.25,20.66,37931
2025-04-28 06:00:00,20.66,21.3,20.61,21.11,36713
2025-04-28 07:00:00,21.11,21.57,20.65,20.67,34922
2025-04-28 08:00:00,20.67,20.77,19.82,20.23,65921
2025-04-28 09:00:00,20.23,20.37,19.61,20.24,71838
2025-04-28 10:00:00,20.24,20.59,19.89,20.38,67554
2025-04-28 11:00:00,20.38,20.83,19.7,19.94,71695
2025-04-28 12:00:00,19.94,20.08,19.31,19.75,68996
2025-04-28 13:00:00,19.75,20.69,19.43,20.53,94842
2025-04-28 14:00:00,20.53,20.76,19.86,20.42,93683
2025-04-28 15:00:00,20.42,21.36,19.86,20.94,91691
2025-04-28 16:00:00,20.94,21.65,20.49,21.22,89590
2025-04-28 17:00:00,21.22,21.55,19.99,20.44,91555
2025-04-28 18:00:00,20.44,21.09,20.15,20.48,89016
2025-04-28 19:00:00,20.48,21.32,19.61,20.98,96980
2025-04-28 20:00:00,20.98,21.77,20.62,21.03,89479
2025-04-28 21:00:00,21.03,21.33,20.44,21.06,29727
2025-04-28 22:00:00,21.06,21.11,20.96,21.01,5541
2025-04-28 23:00:00,21.01,21.3,20.88,21.11,28332
2025-04-29 00:00:00,21.11,21.23,20.77,20.83,36690
2025-04-29 01:00:00,20.83,21.67,20.68,21.09,36891
2025-04-29 02:00:00,21.09,21.18,21.08,21.15,38177
2025-04-29 03:00:00,21.15,21.17,21.08,21.14,34853
2025-04-29 04:00:00,21.14,21.23,21.12,21.19,35261
2025-04-29 05:00:00,21.19,21.34,21.17,21.29,34737
2025-04-29 06:00:00,21.29,21.45,21.26,21.39,36384
2025-04-29 07:00:00,21.39,21.42,21.35,21.39,33133
2025-04-29 08:00:00,21.39,21.48,21.31,21.39,78773
2025-04-29 09:00:00,21.39,21.5,21.36,21.47,68948
2025-04-29 10:00:00,21.47,21.52,21.38,21.48,68686
2025-04-29 11:00:00,21.48,21.52,21.32,21.39,71551
2025-04-29 12:00:00,21.39,21.64,21.37,21.59,68317
2025-04-29 13:00:00,21.59,21.68,21.42,21.51,95851
2025-04-29 14:00:00,21.51,21.58,21.43,21.52,91052
2025-04-29 15:00:00,21.52,21.64,21.47,21.53,88840
2025-04-29 16:00:00,21.53,21.59,21.42,21.54,87321
2025-04-29 17:00:00,21.54,22.03,20.23,21.29,90224
2025-04-29 18:00:00,21.29,21.46,21.2,21.39,90990
2025-04-29 19:00:00,21.39,22.02,20.88,21.11,96873
2025-04-29 20:00:00,21.11,21.18,20.97,21.13,93957
2025-04-29 21:00:00,21.13,21.15,21.03,21.03,28104
2025-04-29 22:00:00,21.03,21.04,21.02,21.03,5922
2025-04-29 23:00:00,21.03,21.06,20.95,20.96,28115
2025-04-30 00:00:00,20.96,20.99,20.86,20.87,34548
2025-04-30 01:00:00,20.87,20.9,20.8,20.81,36330
2025-04-30 02:00:00,20.81,20.87,20.79,20.84,36131
2025-04-30 03:00:00,20.84,20.94,20.82,20.9,35632
2025-04-30 04:00:00,20.9,20.97,20.85,20.96,36357
2025-04-30 05:00:00,20.96,21.04,20.95,20.99,35489
2025-04-30 06:00:00,20.99,21.05,20.97,21.04,37890
2025-04-30 07:00:00,21.04,21.05,20.97,21.0,34340
2025-04-30 08:00:00,21.0,21.03,20.84,20.93,74503
2025-04-30 09:00:00,20.93,21.06,20.88,20.92,67765
2025-04-30 10:00:00,20.92,21.01,20.76,20.85,67992
2025-04-30 11:00:00,20.85,21.0,20.79,20.79,69772
2025-04-30 12:00:00,20.79,20.85,20.66,20.68,71960
2025-04-30 13:00:00,20.68,20.71,20.49,20.63,92118
2025-04-30 14:00:00,20.63,20.68,20.38,20.47,95143
2025-04-30 15:00:00,20.47,20.62,19.41,19.99,83532
2025-04-30 16:00:00,19.99,20.06,19.85,19.92,84985
2025-04-30 17:00:00,19.92,20.13,19.86,19.98,86750
2025-04-30 18:00:00,19.98,20.11,19.91,20.05,89004
2025-04-30 19:00:00,20.05,20.15,19.97,20.1,90542
2025-04-30 20:00:00,20.1,20.26,20.07,20.21,93582
2025-04-30 21:00:00,20.21,20.24,20.15,20.17,30876
2025-04-30 22:00:00,20.17,20.18,20.16,20.17,5988
2025-04-30 23:00:00,20.17,20.18,20.1,20.15,29636
2025-05-01 00:00:00,20.15,20.16,20.09,20.12,39177
2025-05-01 01:00:00,20.12,20.16,20.06,20.11,36280
2025-05-01 02:00:00,20.11,20.17,20.08,20.13,37076
2025-05-01 03:00:00,20.13,20.16,20.06,20.08,37550
2025-05-01 04:00:00,20.08,20.19,20.06,20.18,33980
2025-05-01 05:00:00,20.18,20.2,20.12,20.18,35649
2025-05-01 06:00:00,20.18,20.22,20.17,20.2,36567
2025-05-01 07:00:00,20.2,20.26,20.18,20.25,36847
2025-05-01 08:00:00,20.25,20.29,20.01,20.05,70240
2025-05-01 09:00:00,20.05,20.12,19.99,20.07,70048
2025-05-01 10:00:00,20.07,20.3,19.99,20.2,70928
2025-05-01 11:00:00,20.2,20.23,20.08,20.09,74635
2025-05-01 12:00:00,20.09,20.19,20.01,20.15,73039
2025-05-01 13:00:00,20.15,20.2,20.02,20.15,88729
2025-05-01 14:00:00,20.15,20.26,19.98,20.16,93232
2025-05-01 15:00:00,20.16,20.74,19.09,19.83,92921
2025-05-01 16:00:00,19.83,19.92,19.73,19.83,87977
2025-05-01 17:00:00,19.83,19.87,19.63,19.66,90756
2025-05-01 18:00:00,19.66,19.92,19.49,19.8,92675
2025-05-01 19:00:00,19.8,19.83,19.58,19.69,93525
2025-05-01 20:00:00,19.69,19.79,19.59,19.62,91558
2025-05-01 21:00:00,19.62,19.64,19.56,19.56,31532
2025-05-01 22:00:00,19.56,19.57,19.55,19.56,6180
2025-05-01 23:00:00,19.56,19.57,19.51,19.55,29196
2025-05-02 00:00:00,19.55,19.59,19.51,19.56,34162
2025-05-02 01:00:00,19.56,19.56,19.47,19.52,35584
2025-05-02 02:00:00,19.52,19.59,19.51,19.54,34717
2025-05-02 03:00:00,19.54,19.66,19.51,19.63,36787
2025-05-02 04:00:00,19.63,19.7,19.62,19.67,34926
2025-05-02 05:00:00,19.67,19.69,19.63,19.65,35463
2025-05-02 06:00:00,19.65,19.69,19.6,19.61,34178
2025-05-02 07:00:00,19.61,19.69,19.56,19.66,35537
2025-05-02 08:00:00,19.66,19.69,19.43,19.5,71924
2025-05-02 09:00:00,19.5,19.59,19.47,19.56,72986
2025-05-02 10:00:00,19.56,19.58,19.39,19.5,68886
2025-05-02 11:00:00,19.5,19.61,19.42,19.54,74398
2025-05-02 12:00:00,19.54,19.75,19.52,19.71,71185
2025-05-02 13:00:00,19.71,19.77,19.27,19.39,85235
2025-05-02 14:00:00,19.39,19.47,18.84,19.1,87932
2025-05-02 15:00:00,19.1,19.18,19.0,19.11,92852
2025-05-02 16:00:00,19.11,19.26,19.0,19.22,87912
2025-05-02 17:00:00,19.22,19.33,19.09,19.28,88802
2025-05-02 18:00:00,19.28,19.34,19.11,19.22,95472
2025-05-02 19:00:00,19.22,19.24,19.07,19.18,88660
2025-05-02 20:00:00,19.18,19.66,19.09,19.48,96604
2025-05-02 21:00:00,19.48,19.51,19.44,19.47,28193
2025-05-02 22:00:00,19.47,19.47,19.46,19.47,5880
2025-05-02 23:00:00,19.47,19.49,19.41,19.44,31035
2025-05-05 00:00:00,19.44,19.46,19.34,19.36,37106
2025-05-05 01:00:00,19.36,19.38,19.3,19.33,35964
2025-05-05 02:00:00,19.33,19.35,19.28,19.29,37453
2025-05-05 03:00:00,19.29,19.33,19.27,19.29,35903
2025-05-05 04:00:00,19.29,19.33,19.24,19.25,36974
2025-05-05 05:00:00,19.25,19.32,19.19,19.31,35784
2025-05-05 06:00:00,19.31,19.32,19.2,19.23,35293
2025-05-05 07:00:00,19.23,19.24,19.14,19.22,36251
2025-05-05 08:00:00,19.22,19.28,19.1,19.11,69896
2025-05-05 09:00:00,19.11,19.17,19.0,19.01,70772
2025-05-05 10:00:00,19.01,19.08,18.94,18.97,68680
2025-05-05 11:00:00,18.97,19.04,18.9,18.99,73277
2025-05-05 12:00:00,18.99,19.03,18.86,18.94,72727
2025-05-05 13:00:00,18.94,19.13,18.92,19.06,92324
2025-05-05 14:00:00,19.06,19.09,18.77,18.83,94559
2025-05-05 15:00:00,18.83,18.87,18.75,18.82,94344
2025-05-05 16:00:00,18.82,18.92,18.74,18.86,87292
2025-05-05 17:00:00,18.86,19.0,18.82,18.89,89548
2025-05-05 18:00:00,18.89,19.0,18.8,18.95,88286
2025-05-05 19:00:00,18.95,19.04,18.81,18.9,86769
2025-05-05 20:00:00,18.9,18.93,18.72,18.91,84473
2025-05-05 21:00:00,18.91,19.49,18.75,19.17,29797
2025-05-05 22:00:00,19.17,19.22,18.81,18.83,6103
2025-05-05 23:00:00,18.83,19.51,18.46,19.03,27287
2025-05-06 00:00:00,19.03,19.07,18.99,19.06,35848
2025-05-06 01:00:00,19.06,19.09,19.02,19.03,38884
2025-05-06 02:00:00,19.03,19.04,18.96,18.99,35626
2025-05-06 03:00:00,18.99,19.06,18.96,19.02,33890
2025-05-06 04:00:00,19.02,19.04,18.98,19.01,36831
2025-05-06 05:00:00,19.01,19.1,19.0,19.07,36431
2025-05-06 06:00:00,19.07,19.1,19.0,19.04,36470
2025-05-06 07:00:00,19.04,19.11,19.03,19.08,35146
2025-05-06 08:00:00,19.08,19.16,19.03,19.06,67122
2025-05-06 09:00:00,19.06,19.07,18.81,18.89,72580
2025-05-06 10:00:00,18.89,18.94,18.8,18.89,70431
2025-05-06 11:00:00,18.89,18.92,18.78,18.8,72533
2025-05-06 12:00:00,18.8,18.95,18.76,18.9,71944
2025-05-06 13:00:00,18.9,18.95,18.76,18.82,91394
2025-05-06 14:00:00,18.82,19.01,18.76,18.9,89588
2025-05-06 15:00:00,18.9,19.31,18.4,18.57,91560
2025-05-06 16:00:00,18.57,18.6,18.37,18.45,88147
2025-05-06 17:00:00,18.45,18.48,18.31,18.41,87816
2025-05-06 18:00:00,18.41,18.65,18.31,18.47,94036
2025-05-06 19:00:00,18.47,18.55,18.36,18.47,85832
2025-05-06 20:00:00,18.47,18.57,17.48,18.02,89832
2025-05-06 21:00:00,18.02,18.07,18.0,18.01,29682
2025-05-06 22:00:00,18.01,18.02,18.0,18.01,5598
2025-05-06 23:00:00,18.01,18.06,17.96,18.05,29891
2025-05-07 00:00:00,18.05,18.07,17.95,17.98,34880
2025-05-07 01:00:00,17.98,18.02,17.94,17.97,34339
2025-05-07 02:00:00,17.97,18.02,17.92,17.96,34803
2025-05-07 03:00:00,17.96,17.98,17.88,17.9,36002
2025-05-07 04:00:00,17.9,17.92,17.82,17.86,36952
2025-05-07 05:00:00,17.86,17.89,17.81,17.88,34909
2025-05-07 06:00:00,17.88,17.9,17.8,17.82,38398
2025-05-07 07:00:00,17.82,17.87,17.77,17.82,35750
2025-05-07 08:00:00,17.82,17.87,17.71,17.86,70478
2025-05-07 09:00:00,17.86,17.88,17.67,17.74,71314
2025-05-07 10:00:00,17.74,17.91,17.69,17.85,77078
2025-05-07 11:00:00,17.85,17.97,17.77,17.92,71578
2025-05-07 12:00:00,17.92,17.95,17.78,17.91,72937
2025-05-07 13:00:00,17.91,17.96,17.79,17.86,89329
2025-05-07 14:00:00,17.86,18.03,16.97,17.42,87630
2025-05-07 15:00:00,17.42,17.55,17.35,17.49,94538
2025-05-07 16:00:00,17.49,17.6,17.39,17.58,87646
2025-05-07 17:00:00,17.58,18.09,17.42,17.81,87288
2025-05-07 18:00:00,17.81,17.91,17.7,17.86,94347
2025-05-07 19:00:00,17.86,18.01,17.86,17.94,89795
2025-05-07 20:00:00,17.94,18.15,17.9,18.11,92469
2025-05-07 21:00:00,18.11,18.15,18.1,18.13,31303
2025-05-07 22:00:00,18.13,18.14,18.12,18.13,6222
2025-05-07 23:00:00,18.13,18.15,18.07,18.08,31002
2025-05-08 00:00:00,18.08,18.26,17.41,17.86,36608
2025-05-08 01:00:00,17.86,18.16,17.72,18.09,34982
2025-05-08 02:00:00,18.09,18.13,18.06,18.07,33366
2025-05-08 03:00:00,18.07,18.1,18.0,18.08,35072
2025-05-08 04:00:00,18.08,18.12,18.04,18.11,36827
2025-05-08 05:00:00,18.11,18.17,18.08,18.14,35096
2025-05-08 06:00:00,18.14,18.2,18.11,18.18,36605
2025-05-08 07:00:00,18.18,18.22,18.14,18.2,34969
2025-05-08 08:00:00,18.2,18.22,18.1,18.15,70745
2025-05-08 09:00:00,18.15,18.25,18.12,18.14,68827
2025-05-08 10:00:00,18.14,18.26,18.08,18.2,73790
2025-05-08 11:00:00,18.2,18.33,18.11,18.21,73848
2025-05-08 12:00:00,18.21,18.27,17.94,18.08,70545
2025-05-08 13:00:00,18.08,18.16,17.76,17.82,87364
2025-05-08 14:00:00,17.82,17.9,17.6,17.63,91575
2025-05-08 15:00:00,17.63,17.67,17.37,17.49,88597
2025-05-08 16:00:00,17.49,17.58,17.28,17.41,90745
2025-05-08 17:00:00,17.41,17.46,17.07,17.26,87883
2025-05-08 18:00:00,17.26,17.31,16.94,17.03,87323
2025-05-08 19:00:00,17.03,17.13,16.64,16.65,96760
2025-05-08 20:00:00,16.65,16.7,16.39,16.56,85219
2025-05-08 21:00:00,16.56,16.57,16.4,16.4,31099
2025-05-08 22:00:00,16.4,16.41,16.37,16.37,6394
2025-05-08 23:00:00,16.37,16.39,16.2,16.22,28549
2025-05-09 00:00:00,16.22,16.24,16.09,16.11,35190
2025-05-09 01:00:00,16.11,16.53,15.75,15.85,36089
2025-05-09 02:00:00,15.85,15.86,15.69,15.71,37226
2025-05-09 03:00:00,15.71,15.74,15.56,15.57,38035
2025-05-09 04:00:00,15.57,15.62,15.4,15.43,36891
2025-05-09 05:00:00,15.43,15.73,14.88,15.63,37065
2025-05-09 06:00:00,15.63,15.64,15.44,15.46,34542
2025-05-09 07:00:00,15.46,15.47,15.27,15.3,35732
2025-05-09 08:00:00,15.3,15.54,14.8,15.25,72318
2025-05-09 09:00:00,15.25,15.3,15.11,15.2,73763
2025-05-09 10:00:00,15.2,15.34,15.18,15.22,72692
2025-05-09 11:00:00,15.22,15.24,14.9,14.99,75165
2025-05-09 12:00:00,14.99,15.03,14.76,14.8,69259
2025-05-09 13:00:00,14.8,14.94,14.76,14.84,92806
2025-05-09 14:00:00,14.84,14.87,14.43,14.51,88041
2025-05-09 15:00:00,14.51,14.69,14.42,14.63,89056
2025-05-09 16:00:00,14.63,14.77,14.59,14.69,88188
2025-05-09 17:00:00,14.69,14.73,14.29,14.31,89080
2025-05-09 18:00:00,14.31,14.38,14.14,14.16,90343
2025-05-09 19:00:00,14.16,14.2,13.87,13.94,85474
2025-05-09 20:00:00,13.94,13.97,13.55,13.59,92014
2025-05-09 21:00:00,13.59,13.6,13.48,13.5,27523
2025-05-09 22:00:00,13.5,13.51,13.49,13.5,5794
2025-05-09 23:00:00,13.5,13.67,12.67,13.1,30857
2025-05-12 00:00:00,13.1,13.14,13.04,13.04,35214
2025-05-12 01:00:00,13.04,13.05,12.89,12.89,35845
2025-05-12 02:00:00,12.89,12.9,12.77,12.81,33921
2025-05-12 03:00:00,12.81,12.82,12.67,12.68,36397
2025-05-12 04:00:00,12.68,12.72,12.64,12.67,36847
2025-05-12 05:00:00,12.67,12.67,12.45,12.45,35377
2025-05-12 06:00:00,12.45,12.49,12.38,12.39,38640
2025-05-12 07:00:00,12.39,12.43,12.29,12.31,37264
2025-05-12 08:00:00,12.31,12.32,11.82,11.97,70015
2025-05-12 09:00:00,11.97,12.13,11.68,11.83,74253
2025-05-12 10:00:00,11.83,11.92,11.5,11.69,72881
2025-05-12 11:00:00,11.69,11.83,11.34,11.74,74000
2025-05-12 12:00:00,11.74,11.84,11.41,11.62,70027
2025-05-12 13:00:00,11.62,11.98,11.51,11.65,86261
2025-05-12 14:00:00,11.65,12.21,11.26,12.16,95721
2025-05-12 15:00:00,12.16,12.52,11.85,12.38,90358
2025-05-12 16:00:00,12.38,12.6,12.14,12.41,88059
2025-05-12 17:00:00,12.41,12.74,12.21,12.52,86712
2025-05-12 18:00:00,12.52,13.43,12.42,13.15,89822
2025-05-12 19:00:00,13.15,13.46,12.98,13.04,92395
2025-05-12 20:00:00,13.04,13.64,12.48,13.57,87433
2025-05-12 21:00:00,13.57,13.66,13.43,13.65,31524
2025-05-12 22:00:00,13.65,13.69,13.58,13.66,5788
2025-05-12 23:00:00,13.66,13.74,13.55,13.63,31820
2025-05-13 00:00:00,13.63,13.77,13.39,13.55,36764
2025-05-13 01:00:00,13.55,13.82,13.49,13.53,35915
2025-05-13 02:00:00,13.53,13.56,13.36,13.54,35896
2025-05-13 03:00:00,13.54,13.67,13.41,13.57,36037
2025-05-13 04:00:00,13.57,13.66,13.42,13.44,35996
2025-05-13 05:00:00,13.44,13.69,13.28,13.66,35995
2025-05-13 06:00:00,13.66,14.12,13.59,14.05,38546
2025-05-13 07:00:00,14.05,14.39,14.0,14.26,36664
2025-05-13 08:00:00,14.26,14.4,13.64,13.82,69349
2025-05-13 09:00:00,13.82,14.03,13.47,13.76,72968
2025-05-13 10:00:00,13.76,14.24,13.57,14.07,72307
2025-05-13 11:00:00,14.07,14.13,13.4,13.57,72263
2025-05-13 12:00:00,13.57,13.79,13.32,13.55,71012
2025-05-13 13:00:00,13.55,13.67,12.94,13.48,94022
2025-05-13 14:00:00,13.48,13.98,13.38,13.55,85505
2025-05-13 15:00:00,13.55,14.55,13.33,14.09,94877
2025-05-13 16:00:00,14.09,14.32,13.23,13.27,89814
2025-05-13 17:00:00,13.27,13.85,13.03,13.53,90997
2025-05-13 18:00:00,13.53,13.84,13.24,13.61,91326
2025-05-13 19:00:00,13.61,13.85,13.02,13.08,82798
2025-05-13 20:00:00,13.08,13.52,12.91,13.5,86045
2025-05-13 21:00:00,13.5,13.52,13.21,13.25,30410
2025-05-13 22:00:00,13.25,13.26,13.17,13.21,5678
2025-05-13 23:00:00,13.21,13.37,13.14,13.32,30301
2025-05-14 00:00:00,13.32,13.41,13.1,13.38,33118
2025-05-14 01:00:00,13.38,13.65,13.26,13.56,37507
2025-05-14 02:00:00,13.56,13.9,13.51,13.8,36701
2025-05-14 03:00:00,13.8,13.88,13.51,13.69,37730
2025-05-14 04:00:00,13.69,13.93,13.64,13.79,36592
2025-05-14 05:00:00,13.79,13.88,13.61,13.76,33544
2025-05-14 06:00:00,13.76,13.92,13.63,13.78,36493
2025-05-14 07:00:00,13.78,13.86,13.58,13.62,36336
2025-05-14 08:00:00,13.62,13.89,13.43,13.85,70270
2025-05-14 09:00:00,13.85,14.15,12.97,13.45,69488
2025-05-14 10:00:00,13.45,13.61,13.12,13.24,69209
2025-05-14 11:00:00,13.24,13.63,13.01,13.54,76422
2025-05-14 12:00:00,13.54,13.72,13.27,13.36,75902
2025-05-14 13:00:00,13.36,14.52,13.1,14.41,89026
2025-05-14 14:00:00,14.41,15.04,13.97,14.51,86177
2025-05-14 15:00:00,14.51,14.95,14.26,14.6,91211
2025-05-14 16:00:00,14.6,14.76,13.28,13.41,100384
2025-05-14 17:00:00,13.41,13.59,12.99,13.2,89383
2025-05-14 18:00:00,13.2,13.7,13.12,13.47,92104
2025-05-14 19:00:00,13.47,13.71,13.22,13.42,94741
2025-05-14 20:00:00,13.42,13.97,13.06,13.56,90218
2025-05-14 21:00:00,13.56,13.71,13.47,13.65,28560
2025-05-14 22:00:00,13.65,13.71,13.62,13.7,6159
2025-05-14 23:00:00,13.7,13.83,13.37,13.43,29628
2025-05-15 00:00:00,13.43,13.62,13.38,13.53,37021
2025-05-15 01:00:00,13.53,13.68,13.41,13.49,35388
2025-05-15 02:00:00,13.49,13.66,12.85,13.13,32620
2025-05-15 03:00:00,13.13,13.37,13.06,13.33,36788
2025-05-15 04:00:00,13.33,13.42,12.74,12.9,36036
2025-05-15 05:00:00,12.9,13.11,12.65,13.09,36116
2025-05-15 06:00:00,13.09,13.16,13.07,13.15,35092
2025-05-15 07:00:00,13.15,13.16,13.1,13.14,37081
2025-05-15 08:00:00,13.14,13.16,13.08,13.11,72228
2025-05-15 09:00:00,13.11,13.16,13.0,13.06,72147
2025-05-15 10:00:00,13.06,13.09,12.99,13.01,73939
2025-05-15 11:00:00,13.01,13.08,12.97,12.99,68521
2025-05-15 12:00:00,12.99,13.11,12.95,13.03,72739
2025-05-15 13:00:00,13.03,13.1,12.98,13.08,88493
2025-05-15 14:00:00,13.08,13.22,13.07,13.15,89678
2025-05-15 15:00:00,13.15,13.28,13.15,13.24,93657
2025-05-15 16:00:00,13.24,13.31,13.18,13.3,89183
2025-05-15 17:00:00,13.3,13.36,13.23,13.35,90766
2025-05-15 18:00:00,13.35,13.49,13.3,13.39,92465
2025-05-15 19:00:00,13.39,13.44,13.2,13.28,91983
2025-05-15 20:00:00,13.28,13.41,13.18,13.34,89452
2025-05-15 21:00:00,13.34,13.36,13.31,13.32,29314
2025-05-15 22:00:00,13.32,13.33,13.31,13.32,5897
2025-05-15 23:00:00,13.32,13.34,13.3,13.31,28964
2025-05-16 00:00:00,13.31,13.32,13.27,13.3,35652
2025-05-16 01:00:00,13.3,13.32,13.27,13.31,33329
2025-05-16 02:00:00,13.31,13.33,13.26,13.29,34791
2025-05-16 03:00:00,13.29,13.3,13.21,13.26,36454
2025-05-16 04:00:00,13.26,13.32,13.24,13.31,34650
2025-05-16 05:00:00,13.31,13.34,13.27,13.28,36173
2025-05-16 06:00:00,13.28,13.37,13.26,13.35,36388
2025-05-16 07:00:00,13.35,13.43,13.32,13.42,34696
2025-05-16 08:00:00,13.42,13.49,13.37,13.47,72370
2025-05-16 09:00:00,13.47,13.58,13.43,13.56,71620
2025-05-16 10:00:00,13.56,13.61,13.48,13.52,70850
2025-05-16 11:00:00,13.52,13.59,13.47,13.49,72609
2025-05-16 12:00:00,13.49,13.52,13.45,13.5,68165
2025-05-16 13:00:00,13.5,13.9,13.45,13.62,85655
2025-05-16 14:00:00,13.62,13.81,13.1,13.52,90688
2025-05-16 15:00:00,13.52,13.57,13.46,13.53,88309
2025-05-16 16:00:00,13.53,13.56,13.45,13.49,93031
2025-05-16 17:00:00,13.49,13.59,13.45,13.5,92445
2025-05-16 18:00:00,13.5,13.65,13.46,13.6,92727
2025-05-16 19:00:00,13.6,13.74,13.58,13.63,93129
2025-05-16 20:00:00,13.63,13.75,13.58,13.66,94029
2025-05-16 21:00:00,13.66,13.67,13.63,13.66,29876
2025-05-16 22:00:00,13.66,13.67,13.66,13.66,5602
2025-05-16 23:00:00,13.66,13.69,13.64,13.67,30050
2025-05-19 00:00:00,13.67,13.68,13.6,13.63,35637
2025-05-19 01:00:00,13.63,13.64,13.58,13.59,33857
2025-05-19 02:00:00,13.59,13.63,13.56,13.59,36573
2025-05-19 03:00:00,13.59,13.65,13.59,13.62,35384
2025-05-19 04:00:00,13.62,13.69,13.61,13.67,34940
2025-05-19 05:00:00,13.67,13.68,13.62,13.67,36674
2025-05-19 06:00:00,13.67,13.68,13.61,13.66,36508
2025-05-19 07:00:00,13.66,13.67,13.63,13.65,36017
2025-05-19 08:00:00,13.65,13.8,13.65,13.74,70835
2025-05-19 09:00:00,13.74,13.75,13.52,13.53,69315
2025-05-19 10:00:00,13.53,13.57,13.48,13.56,73019
2025-05-19 11:00:00,13.56,13.6,13.4,13.42,74939
2025-05-19 12:00:00,13.42,13.48,13.34,13.4,70846
2025-05-19 13:00:00,13.4,13.46,13.33,13.4,87380
2025-05-19 14:00:00,13.4,13.51,13.37,13.46,85970
2025-05-19 15:00:00,13.46,13.49,13.32,13.35,88221
2025-05-19 16:00:00,13.35,13.38,13.25,13.32,89879
2025-05-19 17:00:00,13.32,13.38,13.24,13.31,90757
2025-05-19 18:00:00,13.31,13.37,13.14,13.19,89522
2025-05-19 19:00:00,13.19,13.32,13.15,13.27,93820
2025-05-19 20:00:00,13.27,13.36,13.21,13.26,93108
2025-05-19 21:00:00,13.26,13.3,13.24,13.29,30708
2025-05-19 22:00:00,13.29,13.3,13.28,13.29,5987
2025-05-19 23:00:00,13.29,13.42,12.99,13.12,29681
2025-05-20 00:00:00,13.12,13.16,13.08,13.09,37335
2025-05-20 01:00:00,13.09,13.12,13.02,13.07,37413
2025-05-20 02:00:00,13.07,13.11,13.06,13.07,37561
2025-05-20 03:00:00,13.07,13.1,13.05,13.08,38376
2025-05-20 04:00:00,13.08,13.51,12.74,12.89,33854
2025-05-20 05:00:00,12.89,12.96,12.88,12.92,34180
2025-05-20 06:00:00,12.92,12.98,12.91,12.97,36897
2025-05-20 07:00:00,12.97,13.02,12.95,13.0,36005
2025-05-20 08:00:00,13.0,13.04,12.95,12.98,72697
2025-05-20 09:00:00,12.98,13.01,12.92,12.96,69213
2025-05-20 10:00:00,12.96,12.98,12.82,12.86,71338
2025-05-20 11:00:00,12.86,12.87,12.71,12.74,71156
2025-05-20 12:00:00,12.74,12.85,12.68,12.79,69015
2025-05-20 13:00:00,12.79,13.03,12.39,12.53,91125
2025-05-20 14:00:00,12.53,12.66,12.49,12.61,88925
2025-05-20 15:00:00,12.61,12.68,12.56,12.6,88923
2025-05-20 16:00:00,12.6,12.68,12.55,12.58,84890
2025-05-20 17:00:00,12.58,12.6,12.41,12.48,87708
2025-05-20 18:00:00,12.48,12.51,12.34,12.43,89618
2025-05-20 19:00:00,12.43,12.55,12.39,12.52,96857
2025-05-20 20:00:00,12.52,12.57,12.45,12.51,91658
2025-05-20 21:00:00,12.51,12.55,12.5,12.54,29822
2025-05-20 22:00:00,12.54,12.55,12.54,12.54,5812
2025-05-20 23:00:00,12.54,12.58,12.52,12.58,27583
2025-05-21 00:00:00,12.58,12.63,12.55,12.61,36154
2025-05-21 01:00:00,12.61,12.67,12.6,12.65,36271
2025-05-21 02:00:00,12.65,12.69,12.63,12.68,35464
2025-05-21 03:00:00,12.68,12.69,12.64,12.66,35715
2025-05-21 04:00:00,12.66,12.68,12.63,12.65,34752
2025-05-21 05:00:00,12.65,12.7,12.64,12.68,35916
2025-05-21 06:00:00,12.68,12.71,12.66,12.67,38373
2025-05-21 07:00:00,12.67,12.73,12.66,12.72,36314
2025-05-21 08:00:00,12.72,12.73,12.61,12.66,77328
2025-05-21 09:00:00,12.66,12.72,12.62,12.66,74627
2025-05-21 10:00:00,12.66,12.69,12.6,12.62,71456
2025-05-21 11:00:00,12.62,12.8,12.6,12.78,64502
2025-05-21 12:00:00,12.78,12.81,12.66,12.8,69606
2025-05-21 13:00:00,12.8,12.87,12.74,12.79,91605
2025-05-21 14:00:00,12.79,12.92,12.76,12.87,87160
2025-05-21 15:00:00,12.87,12.89,12.77,12.83,86643
2025-05-21 16:00:00,12.83,12.85,12.69,12.72,95120
2025-05-21 17:00:00,12.72,12.77,12.66,12.71,80174
2025-05-21 18:00:00,12.71,13.04,12.45,12.62,93120
2025-05-21 19:00:00,12.62,12.66,12.47,12.52,87247
2025-05-21 20:00:00,12.52,12.69,12.28,12.41,89290
2025-05-21 21:00:00,12.41,12.43,12.4,12.41,31534
2025-05-21 22:00:00,12.41,12.41,12.4,12.41,6096
2025-05-21 23:00:00,12.41,12.42,12.38,12.39,30532
2025-05-22 00:00:00,12.39,12.4,12.36,12.37,36272
2025-05-22 01:00:00,12.37,12.39,12.34,12.37,35661
2025-05-22 02:00:00,12.37,12.77,12.0,12.22,37594
2025-05-22 03:00:00,12.22,12.23,12.17,12.19,35173
2025-05-22 04:00:00,12.19,12.21,12.16,12.18,37244
2025-05-22 05:00:00,12.18,12.19,12.12,12.13,38337
2025-05-22 06:00:00,12.13,12.17,12.12,12.15,36370
2025-05-22 07:00:00,12.15,12.16,12.09,12.11,35905
2025-05-22 08:00:00,12.11,12.12,11.99,12.02,72585
2025-05-22 09:00:00,12.02,12.06,11.94,12.0,70218
2025-05-22 10:00:00,12.0,12.05,11.97,12.01,73418
2025-05-22 11:00:00,12.01,12.05,11.94,11.98,67518
2025-05-22 12:00:00,11.98,12.06,11.95,12.05,65807
2025-05-22 13:00:00,12.05,12.12,11.99,12.04,89997
2025-05-22 14:00:00,12.04,12.12,12.01,12.09,89833
2025-05-22 15:00:00,12.09,12.15,12.0,12.12,95074
2025-05-22 16:00:00,12.12,12.14,11.96,11.98,86752
2025-05-22 17:00:00,11.98,12.02,11.92,11.94,96729
2025-05-22 18:00:00,11.94,11.96,11.84,11.87,90016
2025-05-22 19:00:00,11.87,11.9,11.8,11.82,86682
2025-05-22 20:00:00,11.82,11.86,11.73,11.8,93054
2025-05-22 21:00:00,11.8,11.81,11.77,11.79,30172
2025-05-22 22:00:00,11.79,11.79,11.79,11.79,6096
2025-05-22 23:00:00,11.79,11.81,11.78,11.8,29179
2025-05-23 00:00:00,11.8,12.01,11.32,11.66,35414
2025-05-23 01:00:00,11.66,11.71,11.65,11.68,35854
2025-05-23 02:00:00,11.68,11.77,11.68,11.74,38494
2025-05-23 03:00:00,11.74,11.81,11.73,11.79,36493
2025-05-23 04:00:00,11.79,11.81,11.75,11.77,36801
2025-05-23 05:00:00,11.77,11.79,11.75,11.77,38363
2025-05-23 06:00:00,11.77,11.81,11.77,11.79,36248
2025-05-23 07:00:00,11.79,11.8,11.74,11.75,35440
2025-05-23 08:00:00,11.75,11.79,11.65,11.68,71503
2025-05-23 09:00:00,11.68,11.78,11.63,11.68,69474
2025-05-23 10:00:00,11.68,11.82,11.67,11.81,68634
2025-05-23 11:00:00,11.81,11.82,11.72,11.75,73346
2025-05-23 12:00:00,11.75,11.82,11.72,11.74,74746
2025-05-23 13:00:00,11.74,11.91,11.72,11.9,91479
2025-05-23 14:00:00,11.9,11.93,11.83,11.84,90720
2025-05-23 15:00:00,11.84,11.86,11.68,11.69,86613
2025-05-23 16:00:00,11.69,11.76,11.64,11.64,90515
2025-05-23 17:00:00,11.64,11.66,11.5,11.55,94308
2025-05-23 18:00:00,11.55,11.72,11.54,11.66,91077
2025-05-23 19:00:00,11.66,11.71,11.57,11.62,92443
2025-05-23 20:00:00,11.62,11.94,11.38,11.91,86089
2025-05-23 21:00:00,11.91,11.93,11.88,11.93,28463
2025-05-23 22:00:00,11.93,11.93,11.92,11.93,5772
2025-05-23 23:00:00,11.93,11.94,11.9,11.92,32092
2025-05-26 00:00:00,11.92,11.93,11.87,11.9,35006
2025-05-26 01:00:00,11.9,11.91,11.84,11.85,36245
2025-05-26 02:00:00,11.85,11.89,11.84,11.86,34694
2025-05-26 03:00:00,11.86,11.88,11.81,11.83,37286
2025-05-26 04:00:00,11.83,11.85,11.81,11.85,34806
2025-05-26 05:00:00,11.85,12.41,11.79,12.1,35026
2025-05-26 06:00:00,12.1,12.11,12.06,12.09,36649
2025-05-26 07:00:00,12.09,12.11,12.03,12.04,36631
2025-05-26 08:00:00,12.04,12.07,11.97,12.02,65628
2025-05-26 09:00:00,12.02,12.12,12.01,12.11,70783
2025-05-26 10:00:00,12.11,12.21,12.05,12.19,72342
2025-05-26 11:00:00,12.19,12.31,12.15,12.27,73278
2025-05-26 12:00:00,12.27,12.29,12.11,12.14,71517
2025-05-26 13:00:00,12.14,12.34,11.99,12.2,90908
2025-05-26 14:00:00,12.2,12.78,11.82,12.41,89111
2025-05-26 15:00:00,12.41,12.44,12.29,12.31,87570
2025-05-26 16:00:00,12.31,12.57,12.09,12.22,88180
2025-05-26 17:00:00,12.22,12.28,12.17,12.22,86084
2025-05-26 18:00:00,12.22,12.27,12.19,12.24,85909
2025-05-26 19:00:00,12.24,12.4,12.24,12.37,92116
2025-05-26 20:00:00,12.37,12.4,12.28,12.37,90175
2025-05-26 21:00:00,12.37,12.4,12.35,12.38,28759
2025-05-26 22:00:00,12.38,12.38,12.38,12.38,6013
2025-05-26 23:00:00,12.38,12.39,12.33,12.36,29281
2025-05-27 00:00:00,12.36,12.6,12.18,12.53,32924
2025-05-27 01:00:00,12.53,12.6,12.51,12.58,36099
2025-05-27 02:00:00,12.58,12.6,12.5,12.54,35606
2025-05-27 03:00:00,12.54,12.57,12.51,12.56,39623
2025-05-27 04:00:00,12.56,12.61,12.51,12.52,36107
2025-05-27 05:00:00,12.52,12.57,12.5,12.54,36734
2025-05-27 06:00:00,12.54,12.56,12.49,12.5,36434
2025-05-27 07:00:00,12.5,12.52,12.44,12.45,34907
2025-05-27 08:00:00,12.45,12.53,12.42,12.49,70690
2025-05-27 09:00:00,12.49,12.59,12.43,12.55,73148
2025-05-27 10:00:00,12.55,12.57,12.39,12.44,74109
2025-05-27 11:00:00,12.44,12.54,12.4,12.49,72756
2025-05-27 12:00:00,12.49,12.51,12.38,12.45,70654
2025-05-27 13:00:00,12.45,12.58,12.41,12.56,92760
2025-05-27 14:00:00,12.56,12.65,12.51,12.6,95321
2025-05-27 15:00:00,12.6,12.78,12.58,12.62,84080
2025-05-27 16:00:00,12.62,12.71,12.59,12.64,85213
2025-05-27 17:00:00,12.64,12.7,12.58,12.64,89233
2025-05-27 18:00:00,12.64,12.66,12.51,12.55,93214
2025-05-27 19:00:00,12.55,12.84,12.31,12.72,84335
2025-05-27 20:00:00,12.72,13.04,12.45,12.49,93862
2025-05-27 21:00:00,12.49,12.5,12.44,12.45,27829
2025-05-27 22:00:00,12.45,12.45,12.45,12.45,5889
2025-05-27 23:00:00,12.45,12.47,12.42,12.44,29997
2025-05-28 00:00:00,12.44,12.55,12.06,12.26,37949
2025-05-28 01:00:00,12.26,12.28,12.23,12.25,35556
2025-05-28 02:00:00,12.25,12.27,12.23,12.25,37381
2025-05-28 03:00:00,12.25,12.29,12.24,12.26,35721
2025-05-28 04:00:00,12.26,12.3,12.23,12.29,36685
2025-05-28 05:00:00,12.29,12.32,12.26,12.27,36784
2025-05-28 06:00:00,12.27,12.28,12.21,12.23,38008
2025-05-28 07:00:00,12.23,12.25,12.19,12.24,36939
2025-05-28 08:00:00,12.24,12.26,12.14,12.17,71922
2025-05-28 09:00:00,12.17,12.22,12.14,12.19,70880
2025-05-28 10:00:00,12.19,12.22,12.14,12.19,70750
2025-05-28 11:00:00,12.19,12.33,12.15,12.25,67885
2025-05-28 12:00:00,12.25,12.34,12.22,12.3,73442
2025-05-28 13:00:00,12.3,12.48,12.28,12.45,85009
2025-05-28 14:00:00,12.45,12.53,12.4,12.51,91342
2025-05-28 15:00:00,12.51,12.55,12.3,12.35,89906
2025-05-28 16:00:00,12.35,12.38,12.23,12.28,90377
2025-05-28 17:00:00,12.28,12.36,12.22,12.27,91604
2025-05-28 18:00:00,12.27,12.35,12.24,12.3,91542
2025-05-28 19:00:00,12.3,12.35,12.24,12.3,87065
2025-05-28 20:00:00,12.3,12.39,12.22,12.38,90866
2025-05-28 21:00:00,12.38,12.39,12.33,12.35,29150
2025-05-28 22:00:00,12.35,12.35,12.35,12.35,5847
2025-05-28 23:00:00,12.35,12.38,12.33,12.37,28910
2025-05-29 00:00:00,12.37,12.38,12.31,12.34,36575
2025-05-29 01:00:00,12.34,12.39,12.33,12.37,32093
2025-05-29 02:00:00,12.37,12.59,12.05,12.22,37903
2025-05-29 03:00:00,12.22,12.23,12.14,12.15,34924
2025-05-29 04:00:00,12.15,12.17,12.09,12.13,36906
2025-05-29 05:00:00,12.13,12.15,12.08,12.11,36503
2025-05-29 06:00:00,12.11,12.13,12.08,12.11,35321
2025-05-29 07:00:00,12.11,12.44,11.85,12.28,34506
2025-05-29 08:00:00,12.28,12.35,12.26,12.33,73099
2025-05-29 09:00:00,12.33,12.83,12.28,12.46,70669
2025-05-29 10:00:00,12.46,12.5,12.44,12.48,74293
2025-05-29 11:00:00,12.48,12.51,12.35,12.39,72368
2025-05-29 12:00:00,12.39,12.43,12.29,12.33,70021
2025-05-29 13:00:00,12.33,12.47,12.29,12.38,92623
2025-05-29 14:00:00,12.38,12.41,12.27,12.31,94783
2025-05-29 15:00:00,12.31,12.42,12.28,12.34,88129
2025-05-29 16:00:00,12.34,12.45,12.3,12.3,89624
2025-05-29 17:00:00,12.3,12.39,12.24,12.26,92680
2025-05-29 18:00:00,12.26,12.32,12.22,12.27,86873
2025-05-29 19:00:00,12.27,12.31,12.12,12.15,87274
2025-05-29 20:00:00,12.15,12.2,12.05,12.13,89601
2025-05-29 21:00:00,12.13,12.15,12.11,12.13,29554
2025-05-29 22:00:00,12.13,12.35,11.55,11.76,5993
2025-05-29 23:00:00,11.76,11.78,11.73,11.74,31045
2025-05-30 00:00:00,11.74,11.78,11.71,11.76,36357
2025-05-30 01:00:00,11.76,11.81,11.74,11.79,37654
2025-05-30 02:00:00,11.79,11.82,11.78,11.79,35072
2025-05-30 03:00:00,11.79,11.8,11.75,11.75,35162
2025-05-30 04:00:00,11.75,11.79,11.74,11.75,34316
2025-05-30 05:00:00,11.75,11.77,11.73,11.75,35831
2025-05-30 06:00:00,11.75,11.8,11.74,11.78,38113
2025-05-30 07:00:00,11.78,11.79,11.72,11.73,37432
2025-05-30 08:00:00,11.73,11.8,11.7,11.74,72403
2025-05-30 09:00:00,11.74,11.78,11.66,11.71,70107
2025-05-30 10:00:00,11.71,11.75,11.66,11.72,73459
2025-05-30 11:00:00,11.72,11.76,11.6,11.66,71455
2025-05-30 12:00:00,11.66,11.69,11.54,11.58,70477
2025-05-30 13:00:00,11.58,11.67,11.52,11.55,90124
2025-05-30 14:00:00,11.55,11.68,11.51,11.53,91270
2025-05-30 15:00:00,11.53,11.87,11.32,11.68,95866
2025-05-30 16:00:00,11.68,11.96,11.36,11.48,89748
2025-05-30 17:00:00,11.48,11.8,11.09,11.35,88259
2025-05-30 18:00:00,11.35,11.79,10.92,10.96,94112
2025-05-30 19:00:00,10.96,11.3,10.77,11.06,96211
2025-05-30 20:00:00,11.06,11.29,10.81,10.98,93622
2025-05-30 21:00:00,10.98,11.04,10.88,10.99,29561
2025-05-30 22:00:00,10.99,11.0,10.66,10.76,5774
2025-05-30 23:00:00,10.76,10.93,10.65,10.69,30175
2025-06-02 00:00:00,10.69,10.92,10.6,10.84,33987
2025-06-02 01:00:00,10.84,11.05,10.77,10.91,35780
2025-06-02 02:00:00,10.91,11.07,10.8,10.93,36968
2025-06-02 03:00:00,10.93,10.96,10.69,10.86,35201
2025-06-02 04:00:00,10.86,10.94,10.73,10.88,37483
2025-06-02 05:00:00,10.88,10.95,10.59,10.77,38864
2025-06-02 06:00:00,10.77,10.8,10.6,10.76,36809
2025-06-02 07:00:00,10.76,10.87,10.63,10.79,35408
2025-06-02 08:00:00,10.79,11.26,10.58,10.92,76038
2025-06-02 09:00:00,10.92,11.41,10.77,11.19,68567
2025-06-02 10:00:00,11.19,11.27,10.79,10.87,72283
2025-06-02 11:00:00,10.87,10.87,10.42,10.61,71168
2025-06-02 12:00:00,10.61,10.82,10.26,10.3,73235
2025-06-02 13:00:00,10.3,10.4,9.88,10.11,96624
2025-06-02 14:00:00,10.11,10.24,9.61,9.9,90898
2025-06-02 15:00:00,9.9,10.2,9.41,9.5,89267
2025-06-02 16:00:00,9.5,10.03,9.39,9.74,88251
2025-06-02 17:00:00,9.74,9.9,9.25,9.58,85950
2025-06-02 18:00:00,9.58,9.68,9.14,9.48,91748
2025-06-02 19:00:00,9.48,9.71,9.18,9.35,89733
2025-06-02 20:00:00,9.35,9.88,9.15,9.75,94741
2025-06-02 21:00:00,9.75,9.81,9.64,9.69,28512
2025-06-02 22:00:00,9.69,9.71,9.64,9.65,6009
2025-06-02 23:00:00,9.65,9.7,9.57,9.64,30302
2025-06-03 00:00:00,9.64,9.67,9.43,9.49,37426
2025-06-03 01:00:00,9.49,9.6,9.25,9.42,36334
2025-06-03 02:00:00,9.42,9.52,9.31,9.39,35116
2025-06-03 03:00:00,9.39,9.44,9.27,9.35,35506
2025-06-03 04:00:00,9.35,9.52,9.33,9.48,36921
2025-06-03 05:00:00,9.48,9.54,9.29,9.38,37743
2025-06-03 06:00:00,9.38,9.68,9.27,9.65,36015
2025-06-03 07:00:00,9.65,9.82,9.58,9.61,36203
2025-06-03 08:00:00,9.61,9.98,9.57,9.71,73182
2025-06-03 09:00:00,9.71,9.84,9.42,9.57,70641
2025-06-03 10:00:00,9.57,9.99,9.26,9.6,72021
2025-06-03 11:00:00,9.6,10.08,9.5,9.72,64757
2025-06-03 12:00:00,9.72,9.87,9.57,9.58,73307
2025-06-03 13:00:00,9.58,9.94,9.48,9.59,87141
2025-06-03 14:00:00,9.59,9.65,9.12,9.15,90009
2025-06-03 15:00:00,9.15,9.33,8.78,8.81,81510
2025-06-03 16:00:00,8.81,8.99,8.39,8.69,78549
2025-06-03 17:00:00,8.69,8.83,8.22,8.48,89143
2025-06-03 18:00:00,8.48,8.94,8.41,8.87,85781
2025-06-03 19:00:00,8.87,8.98,8.52,8.83,88951
2025-06-03 20:00:00,8.83,9.22,8.66,9.12,87659
2025-06-03 21:00:00,9.12,9.43,9.07,9.42,28438
2025-06-03 22:00:00,9.42,9.45,9.4,9.43,5951
2025-06-03 23:00:00,9.43,9.49,9.31,9.37,29434
2025-06-04 00:00:00,9.37,9.47,9.3,9.37,37676
2025-06-04 01:00:00,9.37,9.5,9.23,9.48,35899
2025-06-04 02:00:00,9.48,9.57,9.29,9.47,34308
2025-06-04 03:00:00,9.47,9.66,9.42,9.6,36536
2025-06-04 04:00:00,9.6,9.7,9.55,9.59,35182
2025-06-04 05:00:00,9.59,9.66,9.53,9.62,34525
2025-06-04 06:00:00,9.62,9.73,9.55,9.58,36790
2025-06-04 07:00:00,9.58,9.62,9.13,9.37,36334
2025-06-04 08:00:00,9.37,9.83,9.24,9.7,72519
2025-06-04 09:00:00,9.7,10.03,9.61,9.92,71129
2025-06-04 10:00:00,9.92,10.0,9.84,9.89,71032
2025-06-04 11:00:00,9.89,9.91,9.8,9.81,77625
2025-06-04 12:00:00,9.81,9.82,9.54,9.57,67398
2025-06-04 13:00:00,9.57,9.59,9.46,9.49,84471
2025-06-04 14:00:00,9.49,9.53,9.32,9.38,90109
2025-06-04 15:00:00,9.38,9.41,9.24,9.24,87813
2025-06-04 16:00:00,9.24,9.31,9.08,9.13,92104
2025-06-04 17:00:00,9.13,9.18,8.92,8.93,87291
2025-06-04 18:00:00,8.93,9.31,8.62,8.99,89609
2025-06-04 19:00:00,8.99,9.02,8.79,8.8,83589
2025-06-04 20:00:00,8.8,8.85,8.67,8.75,89270
2025-06-04 21:00:00,8.75,8.77,8.7,8.72,28707
2025-06-04 22:00:00,8.72,8.73,8.71,8.72,6054
2025-06-04 23:00:00,8.72,8.73,8.65,8.66,29959
2025-06-05 00:00:00,8.66,8.67,8.56,8.57,37237
2025-06-05 01:00:00,8.57,8.57,8.46,8.47,35071
2025-06-05 02:00:00,8.47,8.47,8.33,8.34,36810
2025-06-05 03:00:00,8.34,8.35,8.26,8.27,36399
2025-06-05 04:00:00,8.27,8.29,8.19,8.19,36185
2025-06-05 05:00:00,8.19,8.2,8.1,8.1,36122
2025-06-05 06:00:00,8.1,8.12,8.08,8.1,36227
2025-06-05 07:00:00,8.1,8.11,8.03,8.04,36283
2025-06-05 08:00:00,8.04,8.08,7.96,7.98,68142
2025-06-05 09:00:00,7.98,8.02,7.91,7.92,69828
2025-06-05 10:00:00,7.92,7.93,7.8,7.8,70696
2025-06-05 11:00:00,7.8,7.82,7.63,7.65,71245
2025-06-05 12:00:00,7.65,7.69,7.56,7.58,73116
2025-06-05 13:00:00,7.58,7.62,7.33,7.35,91393
2025-06-05 14:00:00,7.35,7.39,7.24,7.29,88691
2025-06-05 15:00:00,7.29,7.32,7.16,7.24,86737
2025-06-05 16:00:00,7.24,7.34,7.2,7.25,85312
2025-06-05 17:00:00,7.25,7.29,7.18,7.2,92300
2025-06-05 18:00:00,7.2,7.24,6.95,7.09,90089
2025-06-05 19:00:00,7.09,7.1,6.9,6.91,89797
2025-06-05 20:00:00,6.91,6.94,6.81,6.84,88433
2025-06-05 21:00:00,6.84,6.85,6.79,6.8,27629
2025-06-05 22:00:00,6.8,6.8,6.79,6.8,5611
2025-06-05 23:00:00,6.8,6.82,6.79,6.79,29434
2025-06-06 00:00:00,6.79,6.8,6.74,6.76,35356
2025-06-06 01:00:00,6.76,6.77,6.71,6.72,35908
2025-06-06 02:00:00,6.72,6.73,6.64,6.65,38488
2025-06-06 03:00:00,6.65,6.66,6.64,6.65,35558
2025-06-06 04:00:00,6.65,6.65,6.59,6.6,37280
2025-06-06 05:00:00,6.6,6.61,6.56,6.58,37163
2025-06-06 06:00:00,6.58,6.58,6.5,6.52,33082
2025-06-06 07:00:00,6.52,6.53,6.45,6.46,34951
2025-06-06 08:00:00,6.46,6.53,6.44,6.5,73023
2025-06-06 09:00:00,6.5,6.52,6.18,6.34,70330
2025-06-06 10:00:00,6.34,6.35,6.24,6.27,68489
2025-06-06 11:00:00,6.27,6.48,6.18,6.35,70611
2025-06-06 12:00:00,6.35,6.39,6.31,6.34,73061
2025-06-06 13:00:00,6.34,6.38,6.19,6.24,90603
2025-06-06 14:00:00,6.24,6.26,6.11,6.15,86302
2025-06-06 15:00:00,6.15,6.17,6.11,6.13,90111
2025-06-06 16:00:00,6.13,6.15,6.02,6.02,94454
2025-06-06 17:00:00,6.02,6.08,5.91,5.93,91464
2025-06-06 18:00:00,5.93,5.95,5.86,5.89,87402
2025-06-06 19:00:00,5.89,5.95,5.84,5.88,91309
2025-06-06 20:00:00,5.88,5.92,5.78,5.83,86716
2025-06-06 21:00:00,5.83,5.84,5.8,5.81,31169
2025-06-06 22:00:00,5.81,5.81,5.8,5.81,5894
2025-06-06 23:00:00,5.81,5.82,5.79,5.79,32355
2025-06-09 00:00:00,5.79,5.8,5.73,5.75,35264
2025-06-09 01:00:00,5.75,5.76,5.72,5.73,35351
2025-06-09 02:00:00,5.73,5.73,5.68,5.69,34633
2025-06-09 03:00:00,5.69,5.7,5.66,5.67,35304
2025-06-09 04:00:00,5.67,5.68,5.62,5.62,35455
2025-06-09 05:00:00,5.62,5.65,5.61,5.62,35759
2025-06-09 06:00:00,5.62,5.64,5.59,5.6,36760
2025-06-09 07:00:00,5.6,5.62,5.54,5.56,34696
2025-06-09 08:00:00,5.56,5.59,5.45,5.49,69871
2025-06-09 09:00:00,5.49,5.51,5.37,5.4,77735
2025-06-09 10:00:00,5.4,5.41,5.32,5.33,69245
2025-06-09 11:00:00,5.33,5.35,5.24,5.25,71743
2025-06-09 12:00:00,5.25,5.26,5.14,5.16,74147
2025-06-09 13:00:00,5.16,5.19,4.9,4.92,89598
2025-06-09 14:00:00,4.92,5.0,4.91,4.98,92528
2025-06-09 15:00:00,4.98,5.05,4.96,5.04,93043
2025-06-09 16:00:00,5.04,5.19,5.03,5.06,89420
2025-06-09 17:00:00,5.06,5.08,4.97,5.03,88137
2025-06-09 18:00:00,5.03,5.1,4.81,5.05,86451
2025-06-09 19:00:00,5.05,5.08,5.0,5.04,87606
2025-06-09 20:00:00,5.04,5.1,5.03,5.09,91488
2025-06-09 21:00:00,5.09,5.1,5.08,5.09,28288
2025-06-09 22:00:00,5.09,5.09,5.08,5.09,5603
2025-06-09 23:00:00,5.09,5.1,5.08,5.09,30801
2025-06-10 00:00:00,5.09,5.25,4.99,5.15,37504
2025-06-10 01:00:00,5.15,5.27,5.04,5.07,35460
2025-06-10 02:00:00,5.07,5.08,5.05,5.06,36119
2025-06-10 03:00:00,5.06,5.07,5.03,5.04,37045
2025-06-10 04:00:00,5.04,5.05,5.02,5.03,35846
2025-06-10 05:00:00,5.03,5.04,5.02,5.03,36660
2025-06-10 06:00:00,5.03,5.04,5.0,5.01,36385
2025-06-10 07:00:00,5.01,5.03,4.97,4.98,35774
2025-06-10 08:00:00,4.98,4.99,4.92,4.93,74054
2025-06-10 09:00:00,4.93,4.97,4.72,4.8,69509
2025-06-10 10:00:00,4.8,4.8,4.71,4.72,73867
2025-06-10 11:00:00,4.72,4.72,4.63,4.65,71772
2025-06-10 12:00:00,4.65,4.66,4.53,4.54,72617
2025-06-10 13:00:00,4.54,4.55,4.4,4.41,92177
2025-06-10 14:00:00,4.41,4.42,4.31,4.36,97423
2025-06-10 15:00:00,4.36,4.4,4.3,4.31,89393
2025-06-10 16:00:00,4.31,4.32,4.17,4.18,97190
2025-06-10 17:00:00,4.18,4.21,4.12,4.15,90827
2025-06-10 18:00:00,4.15,4.2,4.13,4.16,93302
2025-06-10 19:00:00,4.16,4.18,4.13,4.17,87425
2025-06-10 20:00:00,4.17,4.2,4.15,4.16,91494
2025-06-10 21:00:00,4.16,4.17,4.15,4.16,30116
2025-06-10 22:00:00,4.16,4.16,4.16,4.16,5891
2025-06-10 23:00:00,4.16,4.17,4.15,4.16,30616
2025-06-11 00:00:00,4.16,4.17,4.15,4.16,36705
2025-06-11 01:00:00,4.16,4.17,4.14,4.15,37255
2025-06-11 02:00:00,4.15,4.16,4.14,4.15,34193
2025-06-11 03:00:00,4.15,4.16,4.14,4.15,35941
2025-06-11 04:00:00,4.15,4.16,4.14,4.15,35675
2025-06-11 05:00:00,4.15,4.16,4.14,4.15,35129
2025-06-11 06:00:00,4.15,4.15,4.13,4.14,35426
2025-06-11 07:00:00,4.14,4.15,4.12,4.13,33786
2025-06-11 08:00:00,4.13,4.14,4.02,4.03,71268
2025-06-11 09:00:00,4.03,4.04,3.98,3.99,75584
2025-06-11 10:00:00,3.99,4.15,3.92,4.03,75063
2025-06-11 11:00:00,4.03,4.03,3.99,4.01,73180
2025-06-11 12:00:00,4.01,4.03,3.95,3.96,71159
2025-06-11 13:00:00,3.96,3.97,3.89,3.92,91341
2025-06-11 14:00:00,3.92,3.94,3.83,3.86,89621
2025-06-11 15:00:00,3.86,3.89,3.79,3.79,92503
2025-06-11 16:00:00,3.79,3.8,3.74,3.75,86780
2025-06-11 17:00:00,3.75,3.76,3.65,3.67,95365
2025-06-11 18:00:00,3.67,3.72,3.62,3.65,89197
2025-06-11 19:00:00,3.65,3.74,3.57,3.59,85811
2025-06-11 20:00:00,3.59,3.65,3.57,3.62,86950
2025-06-11 21:00:00,3.62,3.63,3.61,3.62,28610
2025-06-11 22:00:00,3.62,3.62,3.62,3.62,5844
2025-06-11 23:00:00,3.62,3.63,3.61,3.62,29366
2025-06-12 00:00:00,3.62,3.63,3.61,3.62,33428
2025-06-12 01:00:00,3.62,3.63,3.61,3.62,34244
2025-06-12 02:00:00,3.62,3.63,3.61,3.62,35058
2025-06-12 03:00:00,3.62,3.63,3.6,3.61,35811
2025-06-12 04:00:00,3.61,3.62,3.6,3.61,37083
2025-06-12 05:00:00,3.61,3.62,3.6,3.61,37963
2025-06-12 06:00:00,3.61,3.62,3.6,3.61,34024
2025-06-12 07:00:00,3.61,3.62,3.6,3.61,35894
2025-06-12 08:00:00,3.61,3.62,3.59,3.6,69719
2025-06-12 09:00:00,3.6,3.61,3.59,3.6,75972
2025-06-12 10:00:00,3.6,3.61,3.58,3.59,69580
2025-06-12 11:00:00,3.59,3.6,3.57,3.58,70442
2025-06-12 12:00:00,3.58,3.59,3.57,3.58,73103
2025-06-12 13:00:00,3.58,3.6,3.56,3.59,92954
2025-06-12 14:00:00,3.59,3.62,3.58,3.61,95149
2025-06-12 15:00:00,3.61,3.63,3.6,3.61,90395
2025-06-12 16:00:00,3.61,3.62,3.58,3.6,94378
2025-06-12 17:00:00,3.6,3.63,3.59,3.62,89888
2025-06-12 18:00:00,3.62,3.63,3.59,3.6,95780
2025-06-12 19:00:00,3.6,3.61,3.57,3.58,90906
2025-06-12 20:00:00,3.58,3.6,3.57,3.59,93343
2025-06-12 21:00:00,3.59,3.59,3.58,3.59,29788
2025-06-12 22:00:00,3.59,3.59,3.59,3.59,5794
2025-06-12 23:00:00,3.59,3.6,3.58,3.59,28523
2025-06-13 00:00:00,3.59,3.6,3.59,3.59,35789
2025-06-13 01:00:00,3.59,3.73,3.51,3.64,34897
2025-06-13 02:00:00,3.64,3.64,3.63,3.64,38200
2025-06-13 03:00:00,3.64,3.65,3.63,3.64,35424
2025-06-13 04:00:00,3.64,3.64,3.63,3.64,35133
2025-06-13 05:00:00,3.64,3.64,3.64,3.64,36094
2025-06-13 06:00:00,3.64,3.64,3.64,3.64,35033
2025-06-13 07:00:00,3.64,3.65,3.63,3.64,37775
2025-06-13 08:00:00,3.64,3.65,3.63,3.64,73519
2025-06-13 09:00:00,3.64,3.65,3.63,3.64,70469
2025-06-13 10:00:00,3.64,3.65,3.62,3.63,68608
2025-06-13 11:00:00,3.63,3.65,3.62,3.64,71933
2025-06-13 12:00:00,3.64,3.65,3.63,3.64,69097
2025-06-13 13:00:00,3.64,3.65,3.62,3.64,90507
2025-06-13 14:00:00,3.64,3.67,3.63,3.66,89300
2025-06-13 15:00:00,3.66,3.67,3.65,3.66,92706
2025-06-13 16:00:00,3.66,3.67,3.61,3.62,89415
2025-06-13 17:00:00,3.62,3.64,3.61,3.63,88980
2025-06-13 18:00:00,3.63,3.64,3.6,3.63,92013
2025-06-13 19:00:00,3.63,3.65,3.6,3.62,90716
2025-06-13 20:00:00,3.62,3.64,3.61,3.62,88660
2025-06-13 21:00:00,3.62,3.62,3.62,3.62,28386
2025-06-13 22:00:00,3.62,3.62,3.62,3.62,5868
2025-06-13 23:00:00,3.62,3.63,3.62,3.62,28867
2025-06-16 00:00:00,3.62,3.62,3.61,3.62,38895
2025-06-16 01:00:00,3.62,3.63,3.61,3.62,36354
2025-06-16 02:00:00,3.62,3.62,3.61,3.62,37447
2025-06-16 03:00:00,3.62,3.63,3.61,3.62,35428
2025-06-16 04:00:00,3.62,3.62,3.61,3.62,37228
2025-06-16 05:00:00,3.62,3.63,3.61,3.62,35031
2025-06-16 06:00:00,3.62,3.63,3.62,3.62,35457
2025-06-16 07:00:00,3.62,3.62,3.61,3.62,34901
2025-06-16 08:00:00,3.62,3.63,3.61,3.62,71390
2025-06-16 09:00:00,3.62,3.64,3.61,3.63,70384
2025-06-16 10:00:00,3.63,3.65,3.62,3.64,70184
2025-06-16 11:00:00,3.64,3.65,3.63,3.64,76714
2025-06-16 12:00:00,3.64,3.65,3.63,3.64,71292
2025-06-16 13:00:00,3.64,3.66,3.63,3.65,87974
2025-06-16 14:00:00,3.65,3.67,3.64,3.66,89751
2025-06-16 15:00:00,3.66,3.77,3.65,3.71,93218
2025-06-16 16:00:00,3.71,3.75,3.7,3.74,86397
2025-06-16 17:00:00,3.74,3.76,3.73,3.76,93632
2025-06-16 18:00:00,3.76,3.77,3.73,3.75,88164
2025-06-16 19:00:00,3.75,3.86,3.61,3.71,88998
2025-06-16 20:00:00,3.71,3.74,3.7,3.73,95635
2025-06-16 21:00:00,3.73,3.74,3.72,3.73,29819
2025-06-16 22:00:00,3.73,3.73,3.73,3.73,5842
2025-06-16 23:00:00,3.73,3.74,3.72,3.73,30058
2025-06-17 00:00:00,3.73,3.74,3.72,3.73,34352
2025-06-17 01:00:00,3.73,3.73,3.72,3.73,38047
2025-06-17 02:00:00,3.73,3.74,3.72,3.73,38061
2025-06-17 03:00:00,3.73,3.74,3.72,3.73,34729
2025-06-17 04:00:00,3.73,3.74,3.73,3.73,34148
2025-06-17 05:00:00,3.73,3.74,3.72,3.73,33268
2025-06-17 06:00:00,3.73,3.74,3.73,3.73,35544
2025-06-17 07:00:00,3.73,3.73,3.73,3.73,36759
2025-06-17 08:00:00,3.73,3.74,3.72,3.73,72291
2025-06-17 09:00:00,3.73,3.74,3.7,3.72,68169
2025-06-17 10:00:00,3.72,3.75,3.64,3.67,70794
2025-06-17 11:00:00,3.67,3.69,3.66,3.69,68680
2025-06-17 12:00:00,3.69,3.7,3.68,3.69,71161
2025-06-17 13:00:00,3.69,3.72,3.68,3.7,85685
2025-06-17 14:00:00,3.7,3.71,3.68,3.7,90563
2025-06-17 15:00:00,3.7,3.72,3.69,3.7,94428
2025-06-17 16:00:00,3.7,3.71,3.67,3.68,89996
2025-06-17 17:00:00,3.68,3.69,3.66,3.67,90758
2025-06-17 18:00:00,3.67,3.68,3.66,3.66,93952
2025-06-17 19:00:00,3.66,3.8,3.55,3.7,90602
2025-06-17 20:00:00,3.7,3.73,3.69,3.7,91272
2025-06-17 21:00:00,3.7,3.71,3.7,3.7,28828
2025-06-17 22:00:00,3.7,3.7,3.7,3.7,6053
2025-06-17 23:00:00,3.7,3.7,3.69,3.7,29922
2025-06-18 00:00:00,3.7,3.71,3.69,3.7,36444
2025-06-18 01:00:00,3.7,3.82,3.62,3.75,35702
2025-06-18 02:00:00,3.75,3.76,3.74,3.75,35681
2025-06-18 03:00:00,3.75,3.76,3.75,3.75,36787
2025-06-18 04:00:00,3.75,3.76,3.74,3.75,35970
2025-06-18 05:00:00,3.75,3.76,3.74,3.75,35975
2025-06-18 06:00:00,3.75,3.75,3.74,3.75,38495
2025-06-18 07:00:00,3.75,3.9,3.69,3.81,35345
2025-06-18 08:00:00,3.81,3.83,3.8,3.82,76396
2025-06-18 09:00:00,3.82,3.83,3.81,3.82,70112
2025-06-18 10:00:00,3.82,3.84,3.81,3.83,72367
2025-06-18 11:00:00,3.83,3.84,3.81,3.82,71169
2025-06-18 12:00:00,3.82,3.83,3.79,3.8,70546
2025-06-18 13:00:00,3.8,3.81,3.79,3.8,94258
2025-06-18 14:00:00,3.8,3.83,3.79,3.82,92314
2025-06-18 15:00:00,3.82,3.99,3.76,3.78,91101
2025-06-18 16:00:00,3.78,3.82,3.77,3.78,86026
2025-06-18 17:00:00,3.78,3.79,3.76,3.77,97255
2025-06-18 18:00:00,3.77,3.85,3.66,3.84,86489
2025-06-18 19:00:00,3.84,3.86,3.82,3.83,89128
2025-06-18 20:00:00,3.83,3.87,3.81,3.85,99824
2025-06-18 21:00:00,3.85,3.86,3.85,3.85,29078
2025-06-18 22:00:00,3.85,3.92,3.75,3.91,5893
2025-06-18 23:00:00,3.91,3.91,3.91,3.91,29847
2025-06-19 00:00:00,3.91,3.92,3.91,3.91,36641
2025-06-19 01:00:00,3.91,3.92,3.9,3.91,34740
2025-06-19 02:00:00,3.91,3.92,3.9,3.91,34312
2025-06-19 03:00:00,3.91,3.92,3.9,3.91,35522
2025-06-19 04:00:00,3.91,3.92,3.9,3.91,33894
2025-06-19 05:00:00,3.91,3.92,3.9,3.91,34963
2025-06-19 06:00:00,3.91,3.92,3.9,3.91,34524
2025-06-19 07:00:00,3.91,3.92,3.9,3.91,36221
2025-06-19 08:00:00,3.91,3.92,3.87,3.88,67171
2025-06-19 09:00:00,3.88,3.89,3.85,3.86,75525
2025-06-19 10:00:00,3.86,3.87,3.85,3.87,70819
2025-06-19 11:00:00,3.87,3.87,3.83,3.84,72504
2025-06-19 12:00:00,3.84,3.97,3.75,3.9,72962
2025-06-19 13:00:00,3.9,3.92,3.85,3.86,91227
2025-06-19 14:00:00,3.86,3.87,3.82,3.82,89208
2025-06-19 15:00:00,3.82,3.84,3.78,3.83,87086
2025-06-19 16:00:00,3.83,3.86,3.69,3.78,92730
2025-06-19 17:00:00,3.78,3.79,3.75,3.76,88325
2025-06-19 18:00:00,3.76,3.78,3.73,3.74,87050
2025-06-19 19:00:00,3.74,3.76,3.73,3.75,86113
2025-06-19 20:00:00,3.75,3.76,3.71,3.72,91364
2025-06-19 21:00:00,3.72,3.72,3.71,3.72,28379
2025-06-19 22:00:00,3.72,3.72,3.72,3.72,5807
2025-06-19 23:00:00,3.72,3.72,3.71,3.72,27593
2025-06-20 00:00:00,3.72,3.73,3.72,3.72,38182
2025-06-20 01:00:00,3.72,3.73,3.71,3.72,34646
2025-06-20 02:00:00,3.72,3.73,3.71,3.72,35309
2025-06-20 03:00:00,3.72,3.72,3.71,3.72,35119
2025-06-20 04:00:00,3.72,3.73,3.71,3.72,38262
2025-06-20 05:00:00,3.72,3.73,3.71,3.72,34500
2025-06-20 06:00:00,3.72,3.73,3.71,3.72,35698
2025-06-20 07:00:00,3.72,3.73,3.71,3.72,35559
2025-06-20 08:00:00,3.72,3.73,3.71,3.72,72867
2025-06-20 09:00:00,3.72,3.74,3.72,3.73,71339
2025-06-20 10:00:00,3.73,3.75,3.72,3.73,69213
2025-06-20 11:00:00,3.73,3.75,3.72,3.73,69020
2025-06-20 12:00:00,3.73,3.75,3.71,3.72,72132
2025-06-20 13:00:00,3.72,3.74,3.71,3.72,90049
2025-06-20 14:00:00,3.72,3.74,3.71,3.73,86701
2025-06-20 15:00:00,3.73,3.74,3.71,3.72,88339
2025-06-20 16:00:00,3.72,3.75,3.7,3.74,88646
2025-06-20 17:00:00,3.74,3.77,3.73,3.76,91658
2025-06-20 18:00:00,3.76,3.79,3.74,3.78,88839
2025-06-20 19:00:00,3.78,3.79,3.73,3.74,85973
2025-06-20 20:00:00,3.74,3.8,3.56,3.66,90188
2025-06-20 21:00:00,3.66,3.67,3.66,3.66,27716
2025-06-20 22:00:00,3.66,3.66,3.66,3.66,6266
2025-06-20 23:00:00,3.66,3.66,3.65,3.66,29926
2025-06-23 00:00:00,3.66,3.67,3.66,3.66,34212
2025-06-23 01:00:00,3.66,3.67,3.65,3.66,34468
2025-06-23 02:00:00,3.66,3.67,3.65,3.66,37633
2025-06-23 03:00:00,3.66,3.68,3.54,3.61,36610
2025-06-23 04:00:00,3.61,3.62,3.6,3.61,36672
2025-06-23 05:00:00,3.61,3.62,3.61,3.61,34747
2025-06-23 06:00:00,3.61,3.61,3.6,3.61,35987
2025-06-23 07:00:00,3.61,3.62,3.6,3.61,37363
2025-06-23 08:00:00,3.61,3.62,3.59,3.6,69036
2025-06-23 09:00:00,3.6,3.61,3.59,3.6,72391
2025-06-23 10:00:00,3.6,3.61,3.59,3.6,69556
2025-06-23 11:00:00,3.6,3.62,3.59,3.61,70617
2025-06-23 12:00:00,3.61,3.62,3.6,3.61,73238
2025-06-23 13:00:00,3.61,3.65,3.6,3.63,90788
2025-06-23 14:00:00,3.63,3.66,3.62,3.65,89592
2025-06-23 15:00:00,3.65,3.65,3.61,3.62,86184
2025-06-23 16:00:00,3.62,3.63,3.6,3.63,94110
2025-06-23 17:00:00,3.63,3.64,3.59,3.6,88845
2025-06-23 18:00:00,3.6,3.62,3.59,3.6,86182
2025-06-23 19:00:00,3.6,3.63,3.6,3.62,86152
2025-06-23 20:00:00,3.62,3.63,3.61,3.61,83284
2025-06-23 21:00:00,3.61,3.62,3.6,3.61,30759
2025-06-23 22:00:00,3.61,3.61,3.61,3.61,6142
2025-06-23 23:00:00,3.61,3.62,3.61,3.61,30127
2025-06-24 00:00:00,3.61,3.62,3.6,3.61,37026
2025-06-24 01:00:00,3.61,3.62,3.6,3.61,36227
2025-06-24 02:00:00,3.61,3.62,3.61,3.61,34794
2025-06-24 03:00:00,3.61,3.62,3.6,3.61,35924
2025-06-24 04:00:00,3.61,3.7,3.51,3.55,33446
2025-06-24 05:00:00,3.55,3.56,3.55,3.55,36785
2025-06-24 06:00:00,3.55,3.56,3.54,3.55,36247
2025-06-24 07:00:00,3.55,3.56,3.54,3.55,36440
2025-06-24 08:00:00,3.55,3.56,3.54,3.55,66504
2025-06-24 09:00:00,3.55,3.58,3.54,3.57,70314
2025-06-24 10:00:00,3.57,3.58,3.56,3.57,70315
2025-06-24 11:00:00,3.57,3.58,3.56,3.57,74800
2025-06-24 12:00:00,3.57,3.6,3.56,3.59,75741
2025-06-24 13:00:00,3.59,3.61,3.58,3.6,89632
2025-06-24 14:00:00,3.6,3.62,3.59,3.61,93602
2025-06-24 15:00:00,3.61,3.63,3.6,3.61,88110
2025-06-24 16:00:00,3.61,3.62,3.59,3.6,84870
2025-06-24 17:00:00,3.6,3.63,3.59,3.61,84725
2025-06-24 18:00:00,3.61,3.64,3.6,3.64,86923
2025-06-24 19:00:00,3.64,3.64,3.6,3.61,91107
2025-06-24 20:00:00,3.61,3.64,3.61,3.63,90156
2025-06-24 21:00:00,3.63,3.63,3.62,3.63,30961
2025-06-24 22:00:00,3.63,3.63,3.63,3.63,6230
2025-06-24 23:00:00,3.63,3.64,3.63,3.63,31611
2025-06-25 00:00:00,3.63,3.64,3.63,3.63,35522
2025-06-25 01:00:00,3.63,3.64,3.62,3.63,36925
2025-06-25 02:00:00,3.63,3.64,3.62,3.63,32796
2025-06-25 03:00:00,3.63,3.64,3.62,3.63,38304
2025-06-25 04:00:00,3.63,3.63,3.62,3.63,34872
2025-06-25 05:00:00,3.63,3.64,3.62,3.63,35270
2025-06-25 06:00:00,3.63,3.64,3.62,3.63,35675
2025-06-25 07:00:00,3.63,3.67,3.56,3.58,36092
2025-06-25 08:00:00,3.58,3.59,3.56,3.58,72041
2025-06-25 09:00:00,3.58,3.64,3.46,3.55,72430
2025-06-25 10:00:00,3.55,3.57,3.54,3.56,66598
2025-06-25 11:00:00,3.56,3.56,3.53,3.54,69336
2025-06-25 12:00:00,3.54,3.56,3.53,3.55,73037
2025-06-25 13:00:00,3.55,3.57,3.54,3.56,84795
2025-06-25 14:00:00,3.56,3.57,3.52,3.54,86134
2025-06-25 15:00:00,3.54,3.56,3.52,3.54,93725
2025-06-25 16:00:00,3.54,3.56,3.52,3.54,89225
2025-06-25 17:00:00,3.54,3.56,3.52,3.55,89950
2025-06-25 18:00:00,3.55,3.56,3.52,3.53,92671
2025-06-25 19:00:00,3.53,3.54,3.51,3.52,92993
2025-06-25 20:00:00,3.52,3.56,3.51,3.54,88852
2025-06-25 21:00:00,3.54,3.55,3.53,3.54,29626
2025-06-25 22:00:00,3.54,3.54,3.54,3.54,5834
2025-06-25 23:00:00,3.54,3.54,3.54,3.54,29498
2025-06-26 00:00:00,3.54,3.54,3.53,3.54,31734
2025-06-26 01:00:00,3.54,3.55,3.53,3.54,34602
2025-06-26 02:00:00,3.54,3.55,3.53,3.54,36408
2025-06-26 03:00:00,3.54,3.55,3.53,3.54,35786
2025-06-26 04:00:00,3.54,3.55,3.53,3.54,36166
2025-06-26 05:00:00,3.54,3.55,3.53,3.54,37383
2025-06-26 06:00:00,3.54,3.55,3.53,3.54,33656
2025-06-26 07:00:00,3.54,3.55,3.53,3.54,36524
2025-06-26 08:00:00,3.54,3.55,3.51,3.54,69665
2025-06-26 09:00:00,3.54,3.55,3.52,3.53,74289
2025-06-26 10:00:00,3.53,3.53,3.45,3.46,70326
2025-06-26 11:00:00,3.46,3.47,3.42,3.45,76432
2025-06-26 12:00:00,3.45,3.48,3.43,3.43,70178
2025-06-26 13:00:00,3.43,3.46,3.4,3.42,88042
2025-06-26 14:00:00,3.42,3.43,3.35,3.36,88616
2025-06-26 15:00:00,3.36,3.37,3.3,3.31,91408
2025-06-26 16:00:00,3.31,3.33,3.28,3.31,84755
2025-06-26 17:00:00,3.31,3.32,3.25,3.26,82980
2025-06-26 18:00:00,3.26,3.28,3.2,3.2,92544
2025-06-26 19:00:00,3.2,3.21,3.15,3.18,94577
2025-06-26 20:00:00,3.18,3.2,3.11,3.13,91603
2025-06-26 21:00:00,3.13,3.16,3.0,3.07,30193
2025-06-26 22:00:00,3.07,3.07,3.07,3.07,5893
2025-06-26 23:00:00,3.07,3.08,3.06,3.07,30367
2025-06-27 00:00:00,3.07,3.08,3.06,3.07,35210
2025-06-27 01:00:00,3.07,3.08,3.06,3.07,36344
2025-06-27 02:00:00,3.07,3.08,3.06,3.07,37354
2025-06-27 03:00:00,3.07,3.08,3.06,3.07,37046
2025-06-27 04:00:00,3.07,3.08,3.06,3.07,36603
2025-06-27 05:00:00,3.07,3.08,3.06,3.07,36500
2025-06-27 06:00:00,3.07,3.08,3.06,3.07,34436
2025-06-27 07:00:00,3.07,3.08,3.06,3.07,33491
2025-06-27 08:00:00,3.07,3.09,3.06,3.06,69778
2025-06-27 09:00:00,3.06,3.14,3.02,3.14,73096
2025-06-27 10:00:00,3.14,3.16,3.12,3.13,70212
2025-06-27 11:00:00,3.13,3.15,3.12,3.14,74750
2025-06-27 12:00:00,3.14,3.26,3.05,3.17,72927
2025-06-27 13:00:00,3.17,3.17,3.1,3.12,92966
2025-06-27 14:00:00,3.12,3.13,3.01,3.02,83794
2025-06-27 15:00:00,3.02,3.04,2.91,2.97,91437
2025-06-27 16:00:00,2.97,2.99,2.94,2.97,88263
2025-06-27 17:00:00,2.97,3.03,2.96,3.0,88950
2025-06-27 18:00:00,3.0,3.03,2.98,3.01,87498
2025-06-27 19:00:00,3.01,3.04,2.99,3.01,84677
2025-06-27 20:00:00,3.01,3.02,2.98,3.01,93574
2025-06-27 21:00:00,3.01,3.02,3.0,3.01,30168
2025-06-27 22:00:00,3.01,3.01,3.01,3.01,5688
2025-06-27 23:00:00,3.01,3.03,3.0,3.01,30150
2025-06-30 00:00:00,3.01,3.02,3.0,3.01,37312
2025-06-30 01:00:00,3.01,3.02,3.0,3.01,34546
2025-06-30 02:00:00,3.01,3.02,3.01,3.01,36895
2025-06-30 03:00:00,3.01,3.02,3.01,3.01,35762
2025-06-30 04:00:00,3.01,3.02,3.0,3.01,37183
2025-06-30 05:00:00,3.01,3.02,3.01,3.01,33821
2025-06-30 06:00:00,3.01,3.02,3.01,3.01,37784
2025-06-30 07:00:00,3.01,3.02,3.0,3.01,35414
2025-06-30 08:00:00,3.01,3.06,3.01,3.04,73647
2025-06-30 09:00:00,3.04,3.13,2.98,3.08,70720
2025-06-30 10:00:00,3.08,3.09,3.06,3.07,72361
2025-06-30 11:00:00,3.07,3.08,3.05,3.07,74486
2025-06-30 12:00:00,3.07,3.15,3.01,3.03,67526
2025-06-30 13:00:00,3.03,3.07,3.01,3.06,90259
2025-06-30 14:00:00,3.06,3.13,3.06,3.11,79512
2025-06-30 15:00:00,3.11,3.13,3.09,3.1,92073
2025-06-30 16:00:00,3.1,3.13,3.01,3.09,90855
2025-06-30 17:00:00,3.09,3.26,3.0,3.2,84027
2025-06-30 18:00:00,3.2,3.25,3.18,3.24,94568
2025-06-30 19:00:00,3.24,3.32,3.14,3.3,86991
2025-06-30 20:00:00,3.3,3.39,3.28,3.39,87656
2025-06-30 21:00:00,3.39,3.4,3.38,3.39,28451
2025-06-30 22:00:00,3.39,3.39,3.39,3.39,6111
2025-06-30 23:00:00,3.39,3.4,3.38,3.39,29191
2025-07-01 00:00:00,3.39,3.4,3.38,3.39,34998
2025-07-01 01:00:00,3.39,3.4,3.38,3.39,36128
2025-07-01 02:00:00,3.39,3.4,3.38,3.39,35276
2025-07-01 03:00:00,3.39,3.4,3.38,3.39,37456
2025-07-01 04:00:00,3.39,3.4,3.39,3.39,36035
2025-07-01 05:00:00,3.39,3.4,3.38,3.39,36827
2025-07-01 06:00:00,3.39,3.4,3.38,3.39,37359
2025-07-01 07:00:00,3.39,3.4,3.38,3.39,34014
2025-07-01 08:00:00,3.39,3.44,3.38,3.43,69829
2025-07-01 09:00:00,3.43,3.51,3.36,3.45,73055
2025-07-01 10:00:00,3.45,3.47,3.44,3.44,73736
2025-07-01 11:00:00,3.44,3.46,3.42,3.45,74720
2025-07-01 12:00:00,3.45,3.46,3.44,3.45,71759
2025-07-01 13:00:00,3.45,3.47,3.44,3.46,89206
2025-07-01 14:00:00,3.46,3.48,3.45,3.47,89575
2025-07-01 15:00:00,3.47,3.5,3.46,3.48,87085
2025-07-01 16:00:00,3.48,3.5,3.46,3.49,88333
2025-07-01 17:00:00,3.49,3.51,3.48,3.5,88861
2025-07-01 18:00:00,3.5,3.53,3.5,3.51,88009
2025-07-01 19:00:00,3.51,3.54,3.5,3.52,88832
2025-07-01 20:00:00,3.52,3.52,3.49,3.51,89810
2025-07-01 21:00:00,3.51,3.61,3.47,3.56,29573
2025-07-01 22:00:00,3.56,3.56,3.56,3.56,5879
2025-07-01 23:00:00,3.56,3.56,3.56,3.56,30275
2025-07-02 00:00:00,3.56,3.57,3.55,3.56,34806
2025-07-02 01:00:00,3.56,3.57,3.56,3.56,34967
2025-07-02 02:00:00,3.56,3.68,3.55,3.62,36433
2025-07-02 03:00:00,3.62,3.62,3.62,3.62,37681
2025-07-02 04:00:00,3.62,3.62,3.61,3.62,38176
2025-07-02 05:00:00,3.62,3.63,3.61,3.62,32494
2025-07-02 06:00:00,3.62,3.63,3.61,3.62,37068
2025-07-02 07:00:00,3.62,3.63,3.61,3.62,35374
2025-07-02 08:00:00,3.62,3.63,3.61,3.62,69159
2025-07-02 09:00:00,3.62,3.63,3.6,3.62,71393
2025-07-02 10:00:00,3.62,3.63,3.61,3.62,73549
2025-07-02 11:00:00,3.62,3.63,3.61,3.62,70842
2025-07-02 12:00:00,3.62,3.63,3.61,3.62,75746
2025-07-02 13:00:00,3.62,3.63,3.6,3.62,92726
2025-07-02 14:00:00,3.62,3.64,3.61,3.62,81609
2025-07-02 15:00:00,3.62,3.63,3.6,3.61,91675
2025-07-02 16:00:00,3.61,3.63,3.58,3.62,89233
2025-07-02 17:00:00,3.62,3.64,3.6,3.61,90198
2025-07-02 18:00:00,3.61,3.63,3.59,3.6,92135
2025-07-02 19:00:00,3.6,3.61,3.56,3.58,95839
2025-07-02 20:00:00,3.58,3.61,3.57,3.6,90901
2025-07-02 21:00:00,3.6,3.61,3.6,3.6,31426
2025-07-02 22:00:00,3.6,3.6,3.6,3.6,6090
2025-07-02 23:00:00,3.6,3.6,3.6,3.6,29554
2025-07-03 00:00:00,3.6,3.6,3.6,3.6,36142
2025-07-03 01:00:00,3.6,3.61,3.59,3.6,37950
2025-07-03 02:00:00,3.6,3.78,3.48,3.67,36167
2025-07-03 03:00:00,3.67,3.68,3.67,3.67,36279
2025-07-03 04:00:00,3.67,3.68,3.67,3.67,37629
2025-07-03 05:00:00,3.67,3.78,3.56,3.73,35537
2025-07-03 06:00:00,3.73,3.74,3.72,3.73,35650
2025-07-03 07:00:00,3.73,3.74,3.72,3.73,34837
2025-07-03 08:00:00,3.73,3.75,3.72,3.74,70875
2025-07-03 09:00:00,3.74,3.76,3.73,3.74,70230
2025-07-03 10:00:00,3.74,3.76,3.73,3.74,70708
2025-07-03 11:00:00,3.74,3.76,3.73,3.75,72023
2025-07-03 12:00:00,3.75,3.76,3.74,3.75,72962
2025-07-03 13:00:00,3.75,3.9,3.7,3.78,90375
2025-07-03 14:00:00,3.78,3.81,3.76,3.8,90677
2025-07-03 15:00:00,3.8,3.81,3.77,3.78,89052
2025-07-03 16:00:00,3.78,3.8,3.76,3.77,88801
2025-07-03 17:00:00,3.77,3.82,3.76,3.8,87900
2025-07-03 18:00:00,3.8,3.92,3.74,3.86,94596
2025-07-03 19:00:00,3.86,3.91,3.85,3.9,86704
2025-07-03 20:00:00,3.9,3.92,3.87,3.87,89040
2025-07-03 21:00:00,3.87,3.87,3.87,3.87,30367
2025-07-03 22:00:00,3.87,4.05,3.78,3.81,5574
2025-07-03 23:00:00,3.81,3.82,3.8,3.81,28484
2025-07-04 00:00:00,3.81,3.82,3.79,3.8,34758
2025-07-04 01:00:00,3.8,3.81,3.79,3.8,37141
2025-07-04 02:00:00,3.8,3.81,3.79,3.8,35877
2025-07-04 03:00:00,3.8,3.81,3.79,3.8,36357
2025-07-04 04:00:00,3.8,3.81,3.79,3.8,38699
2025-07-04 05:00:00,3.8,3.81,3.79,3.8,35287
2025-07-04 06:00:00,3.8,3.81,3.79,3.8,38204
2025-07-04 07:00:00,3.8,3.81,3.78,3.79,36490
2025-07-04 08:00:00,3.79,3.81,3.76,3.8,72099
2025-07-04 09:00:00,3.8,3.82,3.75,3.78,67475
2025-07-04 10:00:00,3.78,3.8,3.68,3.7,76561
2025-07-04 11:00:00,3.7,3.72,3.66,3.68,69443
2025-07-04 12:00:00,3.68,3.7,3.61,3.62,71006
2025-07-04 13:00:00,3.62,3.62,3.5,3.51,87985
2025-07-04 14:00:00,3.51,3.55,3.47,3.47,83842
2025-07-04 15:00:00,3.47,3.5,3.43,3.45,87258
2025-07-04 16:00:00,3.45,3.51,3.44,3.48,86881
2025-07-04 17:00:00,3.48,3.5,3.4,3.42,87915
2025-07-04 18:00:00,3.42,3.44,3.36,3.38,89299
2025-07-04 19:00:00,3.38,3.39,3.33,3.35,91404
2025-07-04 20:00:00,3.35,3.36,3.3,3.33,88772
2025-07-04 21:00:00,3.33,3.34,3.32,3.33,30502
2025-07-04 22:00:00,3.33,3.33,3.33,3.33,6137
2025-07-04 23:00:00,3.33,3.34,3.32,3.33,28430
2025-07-07 00:00:00,3.33,3.33,3.32,3.33,35132
2025-07-07 01:00:00,3.33,3.34,3.32,3.33,36177
2025-07-07 02:00:00,3.33,3.41,3.31,3.37,35630
2025-07-07 03:00:00,3.37,3.38,3.37,3.37,34800
2025-07-07 04:00:00,3.37,3.38,3.37,3.37,36023
2025-07-07 05:00:00,3.37,3.37,3.36,3.37,35105
2025-07-07 06:00:00,3.37,3.37,3.36,3.37,36632
2025-07-07 07:00:00,3.37,3.38,3.36,3.37,37375
2025-07-07 08:00:00,3.37,3.39,3.36,3.38,69900
2025-07-07 09:00:00,3.38,3.39,3.37,3.38,71551
2025-07-07 10:00:00,3.38,3.39,3.37,3.38,69157
2025-07-07 11:00:00,3.38,3.39,3.37,3.38,72882
2025-07-07 12:00:00,3.38,3.4,3.37,3.4,72789
2025-07-07 13:00:00,3.4,3.41,3.38,3.4,89108
2025-07-07 14:00:00,3.4,3.42,3.39,3.4,86704
2025-07-07 15:00:00,3.4,3.42,3.39,3.41,93802
2025-07-07 16:00:00,3.41,3.44,3.39,3.43,87541
2025-07-07 17:00:00,3.43,3.44,3.4,3.41,95039
2025-07-07 18:00:00,3.41,3.43,3.4,3.41,93232
2025-07-07 19:00:00,3.41,3.43,3.4,3.41,93124
2025-07-07 20:00:00,3.41,3.43,3.39,3.4,93088
2025-07-07 21:00:00,3.4,3.4,3.4,3.4,28681
2025-07-07 22:00:00,3.4,3.4,3.4,3.4,5979
2025-07-07 23:00:00,3.4,3.4,3.39,3.4,30742
2025-07-08 00:00:00,3.4,3.4,3.4,3.4,35010
2025-07-08 01:00:00,3.4,3.41,3.39,3.4,36546
2025-07-08 02:00:00,3.4,3.4,3.39,3.4,38977
2025-07-08 03:00:00,3.4,3.4,3.39,3.4,37415
2025-07-08 04:00:00,3.4,3.41,3.39,3.4,33486
2025-07-08 05:00:00,3.4,3.41,3.24,3.34,38122
2025-07-08 06:00:00,3.34,3.34,3.34,3.34,35317
2025-07-08 07:00:00,3.34,3.35,3.33,3.34,34705
2025-07-08 08:00:00,3.34,3.35,3.33,3.34,68980
2025-07-08 09:00:00,3.34,3.36,3.33,3.35,69166
2025-07-08 10:00:00,3.35,3.36,3.34,3.35,71099
2025-07-08 11:00:00,3.35,3.36,3.34,3.36,67777
2025-07-08 12:00:00,3.36,3.37,3.35,3.36,73270
2025-07-08 13:00:00,3.36,3.39,3.35,3.37,92608
2025-07-08 14:00:00,3.37,3.39,3.35,3.37,85378
2025-07-08 15:00:00,3.37,3.38,3.35,3.36,92205
2025-07-08 16:00:00,3.36,3.44,3.35,3.43,88254
2025-07-08 17:00:00,3.43,3.45,3.42,3.43,95259
2025-07-08 18:00:00,3.43,3.44,3.42,3.43,88446
2025-07-08 19:00:00,3.43,3.44,3.4,3.42,93376
2025-07-08 20:00:00,3.42,3.42,3.31,3.38,91451
2025-07-08 21:00:00,3.38,3.38,3.38,3.38,31916
2025-07-08 22:00:00,3.38,3.4,3.23,3.32,5921
2025-07-08 23:00:00,3.32,3.33,3.32,3.32,28767
2025-07-09 00:00:00,3.32,3.33,3.32,3.32,36096
2025-07-09 01:00:00,3.32,3.32,3.32,3.32,34597
2025-07-09 02:00:00,3.32,3.33,3.32,3.32,36845
2025-07-09 03:00:00,3.32,3.33,3.31,3.32,39277
2025-07-09 04:00:00,3.32,3.39,3.31,3.35,35603
2025-07-09 05:00:00,3.35,3.37,3.28,3.29,37026
2025-07-09 06:00:00,3.29,3.35,3.24,3.28,35052
2025-07-09 07:00:00,3.28,3.34,3.07,3.09,36935
2025-07-09 08:00:00,3.09,3.32,3.08,3.22,76837
2025-07-09 09:00:00,3.22,3.34,3.17,3.32,65756
2025-07-09 10:00:00,3.32,3.39,3.2,3.21,72168
2025-07-09 11:00:00,3.21,3.24,3.14,3.2,70497
2025-07-09 12:00:00,3.2,3.27,3.16,3.18,70587
2025-07-09 13:00:00,3.18,3.3,3.17,3.23,93962
2025-07-09 14:00:00,3.23,3.36,3.19,3.24,87597
2025-07-09 15:00:00,3.24,3.31,3.2,3.24,92074
2025-07-09 16:00:00,3.24,3.27,3.02,3.07,90732
2025-07-09 17:00:00,3.07,3.12,2.98,3.07,91882
2025-07-09 18:00:00,3.07,3.1,2.9,2.93,89207
2025-07-09 19:00:00,2.93,2.96,2.79,2.9,91060
2025-07-09 20:00:00,2.9,2.95,2.81,2.83,88400
2025-07-09 21:00:00,2.83,2.85,2.81,2.82,29186
2025-07-09 22:00:00,2.82,2.82,2.82,2.82,5886
2025-07-09 23:00:00,2.82,2.83,2.77,2.78,30703
2025-07-10 00:00:00,2.78,2.84,2.77,2.8,33963
2025-07-10 01:00:00,2.8,2.82,2.73,2.74,36660
2025-07-10 02:00:00,2.74,2.77,2.69,2.71,35850
2025-07-10 03:00:00,2.71,2.72,2.65,2.7,33802
2025-07-10 04:00:00,2.7,2.74,2.67,2.69,34290
2025-07-10 05:00:00,2.69,2.69,2.64,2.64,35321
2025-07-10 06:00:00,2.64,2.7,2.63,2.64,37712
2025-07-10 07:00:00,2.64,2.72,2.63,2.68,36643
2025-07-10 08:00:00,2.68,2.72,2.51,2.6,72856
2025-07-10 09:00:00,2.6,2.65,2.52,2.54,73475
2025-07-10 10:00:00,2.54,2.63,2.49,2.59,71582
2025-07-10 11:00:00,2.59,2.64,2.55,2.62,70474
2025-07-10 12:00:00,2.62,2.67,2.55,2.59,73732
2025-07-10 13:00:00,2.59,2.63,2.48,2.52,88409
2025-07-10 14:00:00,2.52,2.55,2.37,2.38,83385
2025-07-10 15:00:00,2.38,2.43,2.31,2.33,94677
2025-07-10 16:00:00,2.33,2.36,2.18,2.2,84661
2025-07-10 17:00:00,2.2,2.31,2.16,2.29,91267
2025-07-10 18:00:00,2.29,2.32,2.21,2.29,88072
2025-07-10 19:00:00,2.29,2.41,2.27,2.35,88716
2025-07-10 20:00:00,2.35,2.38,2.19,2.28,91565
2025-07-10 21:00:00,2.28,2.32,2.27,2.3,27786
2025-07-10 22:00:00,2.3,2.31,2.3,2.3,6000
2025-07-10 23:00:00,2.3,2.31,2.27,2.3,28606
2025-07-11 00:00:00,2.3,2.34,2.24,2.26,36522
2025-07-11 01:00:00,2.26,2.31,2.24,2.28,35086
2025-07-11 02:00:00,2.28,2.29,2.23,2.27,37647
2025-07-11 03:00:00,2.27,2.31,2.26,2.31,32558
2025-07-11 04:00:00,2.31,2.36,2.3,2.35,32589
2025-07-11 05:00:00,2.35,2.4,2.33,2.36,38502
2025-07-11 06:00:00,2.36,2.4,2.33,2.39,37560
2025-07-11 07:00:00,2.39,2.42,2.38,2.41,36322
2025-07-11 08:00:00,2.41,2.45,2.35,2.42,72281
2025-07-11 09:00:00,2.42,2.53,2.4,2.47,71622
2025-07-11 10:00:00,2.47,2.57,2.42,2.55,71836
2025-07-11 11:00:00,2.55,2.57,2.48,2.49,69698
2025-07-11 12:00:00,2.49,2.52,2.36,2.39,71638
2025-07-11 13:00:00,2.39,2.47,2.33,2.36,90677
2025-07-11 14:00:00,2.36,2.37,2.29,2.35,91572
2025-07-11 15:00:00,2.35,2.38,2.34,2.36,91957
2025-07-11 16:00:00,2.36,2.4,2.35,2.39,88420
2025-07-11 17:00:00,2.39,2.4,2.36,2.37,86255
2025-07-11 18:00:00,2.37,2.41,2.37,2.4,86893
2025-07-11 19:00:00,2.4,2.45,2.39,2.44,88021
2025-07-11 20:00:00,2.44,2.45,2.41,2.42,93765
2025-07-11 21:00:00,2.42,2.43,2.42,2.42,31893
2025-07-11 22:00:00,2.42,2.42,2.42,2.42,5920
2025-07-11 23:00:00,2.42,2.42,2.41,2.42,30902
2025-07-14 00:00:00,2.42,2.43,2.41,2.42,35603
2025-07-14 01:00:00,2.42,2.42,2.41,2.42,37544
2025-07-14 02:00:00,2.42,2.43,2.42,2.42,35792
2025-07-14 03:00:00,2.42,2.43,2.41,2.42,37143
2025-07-14 04:00:00,2.42,2.43,2.42,2.42,36620
2025-07-14 05:00:00,2.42,2.43,2.42,2.42,36125
2025-07-14 06:00:00,2.42,2.43,2.42,2.42,35978
2025-07-14 07:00:00,2.42,2.43,2.41,2.42,35670
2025-07-14 08:00:00,2.42,2.45,2.41,2.44,76753
2025-07-14 09:00:00,2.44,2.46,2.43,2.45,70846
2025-07-14 10:00:00,2.45,2.46,2.44,2.45,70104
2025-07-14 11:00:00,2.45,2.48,2.45,2.47,65397
2025-07-14 12:00:00,2.47,2.49,2.46,2.48,73750
2025-07-14 13:00:00,2.48,2.5,2.46,2.48,89462
2025-07-14 14:00:00,2.48,2.52,2.47,2.49,88820
2025-07-14 15:00:00,2.49,2.5,2.46,2.47,91394
2025-07-14 16:00:00,2.47,2.52,2.47,2.51,85625
2025-07-14 17:00:00,2.51,2.52,2.5,2.51,91251
2025-07-14 18:00:00,2.51,2.53,2.49,2.51,87878
2025-07-14 19:00:00,2.51,2.57,2.47,2.49,88333
2025-07-14 20:00:00,2.49,2.52,2.47,2.51,93535
2025-07-14 21:00:00,2.51,2.52,2.5,2.51,29698
2025-07-14 22:00:00,2.51,2.51,2.51,2.51,5882
2025-07-14 23:00:00,2.51,2.52,2.5,2.51,31680
2025-07-15 00:00:00,2.51,2.52,2.51,2.51,38023
2025-07-15 01:00:00,2.51,2.52,2.5,2.51,35104
2025-07-15 02:00:00,2.51,2.52,2.5,2.51,34532
2025-07-15 03:00:00,2.51,2.52,2.5,2.51,35516
2025-07-15 04:00:00,2.51,2.52,2.5,2.51,35942
2025-07-15 05:00:00,2.51,2.52,2.5,2.51,34494
2025-07-15 06:00:00,2.51,2.52,2.5,2.51,36491
2025-07-15 07:00:00,2.51,2.58,2.41,2.47,36754
2025-07-15 08:00:00,2.47,2.48,2.45,2.46,76175
2025-07-15 09:00:00,2.46,2.47,2.45,2.46,72976
2025-07-15 10:00:00,2.46,2.47,2.45,2.46,69432
2025-07-15 11:00:00,2.46,2.47,2.45,2.46,68783
2025-07-15 12:00:00,2.46,2.48,2.45,2.46,74768
2025-07-15 13:00:00,2.46,2.48,2.44,2.47,88192
2025-07-15 14:00:00,2.47,2.49,2.46,2.49,87469
2025-07-15 15:00:00,2.49,2.53,2.48,2.52,92799
2025-07-15 16:00:00,2.52,2.54,2.5,2.53,90722
2025-07-15 17:00:00,2.53,2.55,2.52,2.54,94326
2025-07-15 18:00:00,2.54,2.56,2.51,2.52,84881
2025-07-15 19:00:00,2.52,2.62,2.51,2.61,90625
2025-07-15 20:00:00,2.61,2.65,2.59,2.64,90913
2025-07-15 21:00:00,2.64,2.65,2.63,2.64,29787
2025-07-15 22:00:00,2.64,2.64,2.64,2.64,6137
2025-07-15 23:00:00,2.64,2.65,2.64,2.64,32174
2025-07-16 00:00:00,2.64,2.65,2.64,2.64,33346
2025-07-16 01:00:00,2.64,2.65,2.63,2.64,34164
2025-07-16 02:00:00,2.64,2.65,2.63,2.64,36246
2025-07-16 03:00:00,2.64,2.65,2.63,2.64,33295
2025-07-16 04:00:00,2.64,2.65,2.63,2.64,35198
2025-07-16 05:00:00,2.64,2.65,2.63,2.64,34510
2025-07-16 06:00:00,2.64,2.65,2.63,2.64,37909
2025-07-16 07:00:00,2.64,2.65,2.63,2.64,35894
2025-07-16 08:00:00,2.64,2.66,2.63,2.65,71878
2025-07-16 09:00:00,2.65,2.69,2.64,2.68,74169
2025-07-16 10:00:00,2.68,2.69,2.67,2.68,71888
2025-07-16 11:00:00,2.68,2.69,2.67,2.68,70527
2025-07-16 12:00:00,2.68,2.78,2.6,2.72,68992
2025-07-16 13:00:00,2.72,2.73,2.71,2.72,93189
2025-07-16 14:00:00,2.72,2.73,2.71,2.72,90535
2025-07-16 15:00:00,2.72,2.73,2.71,2.72,86594
2025-07-16 16:00:00,2.72,2.73,2.71,2.72,95283
2025-07-16 17:00:00,2.72,2.73,2.7,2.72,90788
2025-07-16 18:00:00,2.72,2.73,2.71,2.73,86327
2025-07-16 19:00:00,2.73,2.74,2.72,2.73,95371
2025-07-16 20:00:00,2.73,2.75,2.71,2.74,86465
2025-07-16 21:00:00,2.74,2.74,2.74,2.74,31221
2025-07-16 22:00:00,2.74,2.74,2.74,2.74,5825
2025-07-16 23:00:00,2.74,2.74,2.74,2.74,29510
2025-07-17 00:00:00,2.74,2.74,2.74,2.74,34807
2025-07-17 01:00:00,2.74,2.75,2.74,2.74,37694
2025-07-17 02:00:00,2.74,2.75,2.74,2.74,38313
2025-07-17 03:00:00,2.74,2.74,2.74,2.74,36975
2025-07-17 04:00:00,2.74,2.74,2.73,2.74,35665
2025-07-17 05:00:00,2.74,2.74,2.74,2.74,36012
2025-07-17 06:00:00,2.74,2.74,2.74,2.74,35069
2025-07-17 07:00:00,2.74,2.74,2.74,2.74,34457
2025-07-17 08:00:00,2.74,2.76,2.73,2.75,69836
2025-07-17 09:00:00,2.75,2.76,2.74,2.75,74401
2025-07-17 10:00:00,2.75,2.76,2.74,2.75,75790
2025-07-17 11:00:00,2.75,2.76,2.74,2.75,78420
2025-07-17 12:00:00,2.75,2.76,2.74,2.75,75999
2025-07-17 13:00:00,2.75,2.77,2.63,2.7,88677
2025-07-17 14:00:00,2.7,2.71,2.69,2.69,87830
2025-07-17 15:00:00,2.69,2.7,2.67,2.68,92851
2025-07-17 16:00:00,2.68,2.69,2.67,2.68,91195
2025-07-17 17:00:00,2.68,2.69,2.66,2.68,88317
2025-07-17 18:00:00,2.68,2.69,2.66,2.67,88518
2025-07-17 19:00:00,2.67,2.68,2.66,2.67,84604
2025-07-17 20:00:00,2.67,2.68,2.66,2.68,87156
2025-07-17 21:00:00,2.68,2.79,2.62,2.7,30516
2025-07-17 22:00:00,2.7,2.7,2.7,2.7,6034
2025-07-17 23:00:00,2.7,2.72,2.63,2.66,30595
2025-07-18 00:00:00,2.66,2.67,2.65,2.66,36633
2025-07-18 01:00:00,2.66,2.66,2.65,2.66,36178
2025-07-18 02:00:00,2.66,2.66,2.65,2.66,35820
2025-07-18 03:00:00,2.66,2.66,2.66,2.66,36688
2025-07-18 04:00:00,2.66,2.66,2.66,2.66,37319
2025-07-18 05:00:00,2.66,2.66,2.66,2.66,35134
2025-07-18 06:00:00,2.66,2.68,2.63,2.66,34977
2025-07-18 07:00:00,2.66,2.67,2.59,2.6,34432
2025-07-18 08:00:00,2.6,2.64,2.53,2.62,74789
2025-07-18 09:00:00,2.62,2.89,2.56,2.81,69678
2025-07-18 10:00:00,2.81,2.85,2.73,2.76,70035
2025-07-18 11:00:00,2.76,2.8,2.72,2.76,69003
2025-07-18 12:00:00,2.76,2.82,2.73,2.74,76324
2025-07-18 13:00:00,2.74,2.79,2.62,2.67,92437
2025-07-18 14:00:00,2.67,2.77,2.66,2.73,84745
2025-07-18 15:00:00,2.73,2.89,2.69,2.82,88888
2025-07-18 16:00:00,2.82,2.94,2.75,2.85,90918
2025-07-18 17:00:00,2.85,2.89,2.71,2.79,95143
2025-07-18 18:00:00,2.79,2.86,2.62,2.67,89884
2025-07-18 19:00:00,2.67,2.85,2.64,2.77,88436
2025-07-18 20:00:00,2.77,2.96,2.72,2.89,95641
2025-07-18 21:00:00,2.89,3.01,2.86,2.9,31233
2025-07-18 22:00:00,2.9,2.97,2.79,2.91,5982
2025-07-18 23:00:00,2.91,2.94,2.9,2.91,29472
2025-07-21 00:00:00,2.91,2.97,2.87,2.95,36152
2025-07-21 01:00:00,2.95,2.98,2.9,2.91,36032
2025-07-21 02:00:00,2.91,2.92,2.86,2.87,39442
2025-07-21 03:00:00,2.87,2.89,2.79,2.82,36720
2025-07-21 04:00:00,2.82,2.86,2.77,2.78,36572
2025-07-21 05:00:00,2.78,2.86,2.75,2.79,34340
2025-07-21 06:00:00,2.79,2.82,2.78,2.81,36791
2025-07-21 07:00:00,2.81,2.84,2.79,2.81,35358
2025-07-21 08:00:00,2.81,2.87,2.72,2.81,74322
2025-07-21 09:00:00,2.81,2.83,2.65,2.69,70319
2025-07-21 10:00:00,2.69,3.0,2.68,2.89,69255
2025-07-21 11:00:00,2.89,3.0,2.86,2.96,68783
2025-07-21 12:00:00,2.96,3.02,2.86,2.99,73141
2025-07-21 13:00:00,2.99,3.03,2.92,3.0,88252
2025-07-21 14:00:00,3.0,3.03,2.88,2.91,88160
2025-07-21 15:00:00,2.91,3.03,2.76,2.78,92893
2025-07-21 16:00:00,2.78,2.98,2.72,2.93,90066
2025-07-21 17:00:00,2.93,3.07,2.89,3.03,90708
2025-07-21 18:00:00,3.03,3.07,2.84,3.03,91496
2025-07-21 19:00:00,3.03,3.07,2.95,2.96,89987
2025-07-21 20:00:00,2.96,2.98,2.91,2.92,87373
2025-07-21 21:00:00,2.92,2.93,2.91,2.92,29833
2025-07-21 22:00:00,2.92,2.92,2.92,2.92,6137
2025-07-21 23:00:00,2.92,2.92,2.91,2.92,31311
2025-07-22 00:00:00,2.92,2.93,2.91,2.92,36891
2025-07-22 01:00:00,2.92,2.93,2.91,2.92,38205
2025-07-22 02:00:00,2.92,2.93,2.91,2.92,34866
2025-07-22 03:00:00,2.92,2.92,2.91,2.92,38017
2025-07-22 04:00:00,2.92,2.92,2.91,2.92,35093
2025-07-22 05:00:00,2.92,2.93,2.91,2.92,36655
2025-07-22 06:00:00,2.92,2.93,2.9,2.91,35593
2025-07-22 07:00:00,2.91,2.92,2.9,2.91,36625
2025-07-22 08:00:00,2.91,2.92,2.87,2.88,74030
2025-07-22 09:00:00,2.88,2.94,2.81,2.81,71681
2025-07-22 10:00:00,2.81,2.83,2.79,2.8,73674
2025-07-22 11:00:00,2.8,2.84,2.77,2.81,77283
2025-07-22 12:00:00,2.81,2.83,2.8,2.82,77062
2025-07-22 13:00:00,2.82,2.84,2.71,2.76,85816
2025-07-22 14:00:00,2.76,2.78,2.74,2.76,89411
2025-07-22 15:00:00,2.76,2.77,2.72,2.73,86942
2025-07-22 16:00:00,2.73,2.76,2.7,2.7,91812
2025-07-22 17:00:00,2.7,2.72,2.65,2.66,92554
2025-07-22 18:00:00,2.66,2.67,2.63,2.63,89763
2025-07-22 19:00:00,2.63,2.64,2.6,2.61,89037
2025-07-22 20:00:00,2.61,2.63,2.56,2.57,88735
2025-07-22 21:00:00,2.57,2.57,2.57,2.57,30489
2025-07-22 22:00:00,2.57,2.57,2.57,2.57,5973
2025-07-22 23:00:00,2.57,2.57,2.56,2.57,32335
2025-07-23 00:00:00,2.57,2.57,2.56,2.57,35988
2025-07-23 01:00:00,2.57,2.57,2.56,2.57,34738
2025-07-23 02:00:00,2.57,2.58,2.56,2.57,33851
2025-07-23 03:00:00,2.57,2.57,2.56,2.57,34328
2025-07-23 04:00:00,2.57,2.58,2.56,2.57,36858
2025-07-23 05:00:00,2.57,2.67,2.53,2.6,34373
2025-07-23 06:00:00,2.6,2.61,2.59,2.6,35780
2025-07-23 07:00:00,2.6,2.61,2.59,2.6,37436
2025-07-23 08:00:00,2.6,2.61,2.56,2.59,69070
2025-07-23 09:00:00,2.59,2.62,2.58,2.61,70732
2025-07-23 10:00:00,2.61,2.62,2.6,2.61,73457
2025-07-23 11:00:00,2.61,2.62,2.6,2.61,70847
2025-07-23 12:00:00,2.61,2.63,2.59,2.6,72109
2025-07-23 13:00:00,2.6,2.63,2.59,2.61,86087
2025-07-23 14:00:00,2.61,2.63,2.59,2.6,94809
2025-07-23 15:00:00,2.6,2.63,2.56,2.58,86398
2025-07-23 16:00:00,2.58,2.59,2.55,2.56,90396
2025-07-23 17:00:00,2.56,2.59,2.53,2.55,87859
2025-07-23 18:00:00,2.55,2.57,2.52,2.53,93564
2025-07-23 19:00:00,2.53,2.55,2.49,2.5,91883
2025-07-23 20:00:00,2.5,2.51,2.47,2.49,91456
2025-07-23 21:00:00,2.49,2.54,2.39,2.53,30748
2025-07-23 22:00:00,2.53,2.53,2.53,2.53,5779
2025-07-23 23:00:00,2.53,2.53,2.52,2.53,30461
2025-07-24 00:00:00,2.53,2.56,2.49,2.49,35734
2025-07-24 01:00:00,2.49,2.51,2.44,2.45,36321
2025-07-24 02:00:00,2.45,2.45,2.44,2.45,34843
2025-07-24 03:00:00,2.45,2.46,2.44,2.45,34336
2025-07-24 04:00:00,2.45,2.5,2.42,2.49,37078
2025-07-24 05:00:00,2.49,2.64,2.4,2.53,37244
2025-07-24 06:00:00,2.53,2.54,2.53,2.53,36302
2025-07-24 07:00:00,2.53,2.53,2.52,2.53,34535
2025-07-24 08:00:00,2.53,2.55,2.52,2.54,68578
2025-07-24 09:00:00,2.54,2.55,2.51,2.52,71689
2025-07-24 10:00:00,2.52,2.53,2.5,2.52,69897
2025-07-24 11:00:00,2.52,2.54,2.51,2.53,73599
2025-07-24 12:00:00,2.53,2.54,2.52,2.53,72941
2025-07-24 13:00:00,2.53,2.54,2.52,2.54,88067
2025-07-24 14:00:00,2.54,2.55,2.53,2.54,89892
2025-07-24 15:00:00,2.54,2.57,2.52,2.54,87944
2025-07-24 16:00:00,2.54,2.56,2.53,2.55,86912
2025-07-24 17:00:00,2.55,2.56,2.54,2.55,86967
2025-07-24 18:00:00,2.55,2.56,2.54,2.55,88347
2025-07-24 19:00:00,2.55,2.56,2.54,2.55,88010
2025-07-24 20:00:00,2.55,2.57,2.54,2.55,83799
2025-07-24 21:00:00,2.55,2.55,2.55,2.55,30230
2025-07-24 22:00:00,2.55,2.55,2.55,2.55,5934
2025-07-24 23:00:00,2.55,2.55,2.55,2.55,29445
2025-07-25 00:00:00,2.55,2.55,2.55,2.55,34209
2025-07-25 01:00:00,2.55,2.55,2.55,2.55,36334
2025-07-25 02:00:00,2.55,2.55,2.55,2.55,36943
2025-07-25 03:00:00,2.55,2.55,2.55,2.55,35607
2025-07-25 04:00:00,2.55,2.55,2.55,2.55,36876
2025-07-25 05:00:00,2.55,2.55,2.54,2.55,36094
2025-07-25 06:00:00,2.55,2.55,2.55,2.55,37244
2025-07-25 07:00:00,2.55,2.55,2.55,2.55,36432
2025-07-25 08:00:00,2.55,2.56,2.54,2.55,76430
2025-07-25 09:00:00,2.55,2.55,2.54,2.55,70220
2025-07-25 10:00:00,2.55,2.56,2.54,2.55,72616
2025-07-25 11:00:00,2.55,2.56,2.54,2.55,73897
2025-07-25 12:00:00,2.55,2.56,2.54,2.55,73090
2025-07-25 13:00:00,2.55,2.57,2.54,2.55,93867
2025-07-25 14:00:00,2.55,2.63,2.52,2.6,91560
2025-07-25 15:00:00,2.6,2.61,2.59,2.6,89492
2025-07-25 16:00:00,2.6,2.61,2.58,2.59,93741
2025-07-25 17:00:00,2.59,2.61,2.58,2.59,92280
2025-07-25 18:00:00,2.59,2.61,2.58,2.6,87944
2025-07-25 19:00:00,2.6,2.65,2.53,2.63,87059
2025-07-25 20:00:00,2.63,2.64,2.62,2.63,89193
2025-07-25 21:00:00,2.63,2.63,2.63,2.63,30258
2025-07-25 22:00:00,2.63,2.63,2.63,2.63,5686
2025-07-25 23:00:00,2.63,2.63,2.63,2.63,29243
2025-07-28 00:00:00,2.63,2.63,2.63,2.63,33447
2025-07-28 01:00:00,2.63,2.63,2.63,2.63,35125
2025-07-28 02:00:00,2.63,2.63,2.55,2.59,37891
2025-07-28 03:00:00,2.59,2.6,2.59,2.59,34903
2025-07-28 04:00:00,2.59,2.6,2.59,2.59,35133
2025-07-28 05:00:00,2.59,2.59,2.59,2.59,32498
2025-07-28 06:00:00,2.59,2.59,2.59,2.59,37373
2025-07-28 07:00:00,2.59,2.59,2.59,2.59,33880
2025-07-28 08:00:00,2.59,2.6,2.58,2.59,69847
2025-07-28 09:00:00,2.59,2.6,2.58,2.59,72180
2025-07-28 10:00:00,2.59,2.6,2.58,2.59,73837
2025-07-28 11:00:00,2.59,2.6,2.58,2.59,71625
2025-07-28 12:00:00,2.59,2.6,2.58,2.59,72684
2025-07-28 13:00:00,2.59,2.61,2.58,2.6,88302
2025-07-28 14:00:00,2.6,2.61,2.59,2.6,91124
2025-07-28 15:00:00,2.6,2.61,2.59,2.6,96342
2025-07-28 16:00:00,2.6,2.61,2.59,2.6,91997
2025-07-28 17:00:00,2.6,2.61,2.58,2.59,78951
2025-07-28 18:00:00,2.59,2.6,2.58,2.59,88056
2025-07-28 19:00:00,2.59,2.6,2.57,2.59,87461
2025-07-28 20:00:00,2.59,2.6,2.58,2.59,83259
2025-07-28 21:00:00,2.59,2.59,2.58,2.59,31180
2025-07-28 22:00:00,2.59,2.59,2.59,2.59,5765
2025-07-28 23:00:00,2.59,2.59,2.59,2.59,30816
2025-07-29 00:00:00,2.59,2.59,2.59,2.59,36615
2025-07-29 01:00:00,2.59,2.59,2.58,2.59,35532
2025-07-29 02:00:00,2.59,2.59,2.59,2.59,36853
2025-07-29 03:00:00,2.59,2.59,2.58,2.59,34922
2025-07-29 04:00:00,2.59,2.59,2.59,2.59,38210
2025-07-29 05:00:00,2.59,2.59,2.59,2.59,35847
2025-07-29 06:00:00,2.59,2.6,2.59,2.59,34782
2025-07-29 07:00:00,2.59,2.59,2.59,2.59,35397
2025-07-29 08:00:00,2.59,2.6,2.58,2.59,69147
2025-07-29 09:00:00,2.59,2.6,2.58,2.59,70265
2025-07-29 10:00:00,2.59,2.6,2.58,2.59,71304
2025-07-29 11:00:00,2.59,2.6,2.58,2.59,69915
2025-07-29 12:00:00,2.59,2.6,2.58,2.59,72362
2025-07-29 13:00:00,2.59,2.6,2.58,2.59,86123
2025-07-29 14:00:00,2.59,2.6,2.58,2.59,94578
2025-07-29 15:00:00,2.59,2.6,2.57,2.58,88478
2025-07-29 16:00:00,2.58,2.59,2.56,2.57,83557
2025-07-29 17:00:00,2.57,2.59,2.56,2.58,87781
2025-07-29 18:00:00,2.58,2.59,2.57,2.58,85289
2025-07-29 19:00:00,2.58,2.59,2.57,2.57,91706
2025-07-29 20:00:00,2.57,2.59,2.56,2.59,86051
2025-07-29 21:00:00,2.59,2.6,2.59,2.59,30378
2025-07-29 22:00:00,2.59,2.59,2.59,2.59,6087
2025-07-29 23:00:00,2.59,2.6,2.58,2.59,30490
2025-07-30 00:00:00,2.59,2.59,2.58,2.59,35035
2025-07-30 01:00:00,2.59,2.6,2.58,2.59,34160
2025-07-30 02:00:00,2.59,2.6,2.58,2.59,35844
2025-07-30 03:00:00,2.59,2.6,2.59,2.59,38496
2025-07-30 04:00:00,2.59,2.6,2.58,2.59,36817
2025-07-30 05:00:00,2.59,2.6,2.58,2.59,38011
2025-07-30 06:00:00,2.59,2.6,2.58,2.59,35810
2025-07-30 07:00:00,2.59,2.6,2.58,2.59,36214
2025-07-30 08:00:00,2.59,2.61,2.58,2.6,70944
2025-07-30 09:00:00,2.6,2.66,2.59,2.64,69524
2025-07-30 10:00:00,2.64,2.7,2.63,2.67,72165
2025-07-30 11:00:00,2.67,2.69,2.66,2.68,76225
2025-07-30 12:00:00,2.68,2.72,2.67,2.71,73745
2025-07-30 13:00:00,2.71,2.78,2.65,2.68,90060
2025-07-30 14:00:00,2.68,2.69,2.65,2.67,95236
2025-07-30 15:00:00,2.67,2.77,2.66,2.69,86295
2025-07-30 16:00:00,2.69,2.72,2.66,2.69,88754
2025-07-30 17:00:00,2.69,2.7,2.67,2.69,88021
2025-07-30 18:00:00,2.69,2.71,2.67,2.69,88307
2025-07-30 19:00:00,2.69,2.71,2.68,2.7,85531
2025-07-30 20:00:00,2.7,2.74,2.69,2.71,97482
2025-07-30 21:00:00,2.71,2.72,2.71,2.71,30868
2025-07-30 22:00:00,2.71,2.71,2.71,2.71,6148
2025-07-30 23:00:00,2.71,2.72,2.7,2.71,27074
2025-07-31 00:00:00,2.71,2.72,2.7,2.71,34579
2025-07-31 01:00:00,2.71,2.72,2.7,2.71,36860
2025-07-31 02:00:00,2.71,2.72,2.7,2.71,34505
2025-07-31 03:00:00,2.71,2.72,2.7,2.71,35011
2025-07-31 04:00:00,2.71,2.72,2.7,2.71,35661
2025-07-31 05:00:00,2.71,2.72,2.7,2.71,37379
2025-07-31 06:00:00,2.71,2.72,2.7,2.71,35562
2025-07-31 07:00:00,2.71,2.72,2.7,2.71,37232
2025-07-31 08:00:00,2.71,2.73,2.7,2.71,73275
2025-07-31 09:00:00,2.71,2.73,2.7,2.72,71432
2025-07-31 10:00:00,2.72,2.75,2.71,2.74,78388
2025-07-31 11:00:00,2.74,2.75,2.71,2.74,72683
2025-07-31 12:00:00,2.74,2.77,2.74,2.76,76081
2025-07-31 13:00:00,2.76,2.78,2.72,2.73,89372
2025-07-31 14:00:00,2.73,2.77,2.72,2.75,89696
2025-07-31 15:00:00,2.75,2.77,2.73,2.75,93721
2025-07-31 16:00:00,2.75,2.82,2.67,2.81,94561
2025-07-31 17:00:00,2.81,2.82,2.78,2.79,84903
2025-07-31 18:00:00,2.79,2.82,2.77,2.8,91611
2025-07-31 19:00:00,2.8,2.81,2.76,2.77,91100
2025-07-31 20:00:00,2.77,2.79,2.75,2.76,90186
2025-07-31 21:00:00,2.76,2.77,2.75,2.76,29879
2025-07-31 22:00:00,2.76,2.82,2.69,2.72,5845
2025-07-31 23:00:00,2.72,2.73,2.71,2.72,29934
2025-08-01 00:00:00,2.72,2.73,2.71,2.72,37407
2025-08-01 01:00:00,2.72,2.73,2.71,2.72,35692
2025-08-01 02:00:00,2.72,2.73,2.72,2.72,35210
2025-08-01 03:00:00,2.72,2.73,2.71,2.72,35846
2025-08-01 04:00:00,2.72,2.73,2.71,2.72,37397
2025-08-01 05:00:00,2.72,2.73,2.71,2.72,37413
2025-08-01 06:00:00,2.72,2.72,2.71,2.72,36590
2025-08-01 07:00:00,2.72,2.73,2.71,2.72,36639
2025-08-01 08:00:00,2.72,2.74,2.64,2.7,73661
2025-08-01 09:00:00,2.7,2.76,2.65,2.72,73099
2025-08-01 10:00:00,2.72,2.78,2.68,2.73,70876
2025-08-01 11:00:00,2.73,2.78,2.64,2.68,71942
2025-08-01 12:00:00,2.68,2.72,2.62,2.67,69539
2025-08-01 13:00:00,2.67,2.75,2.6,2.68,90553
2025-08-01 14:00:00,2.68,2.88,2.66,2.81,87259
2025-08-01 15:00:00,2.81,2.9,2.7,2.71,94030
2025-08-01 16:00:00,2.71,2.77,2.6,2.61,90845
2025-08-01 17:00:00,2.61,2.69,2.55,2.65,93875
2025-08-01 18:00:00,2.65,2.73,2.56,2.61,90841
2025-08-01 19:00:00,2.61,2.73,2.59,2.71,99294
2025-08-01 20:00:00,2.71,2.78,2.66,2.68,86071
2025-08-01 21:00:00,2.68,2.78,2.56,2.64,29002
2025-08-01 22:00:00,2.64,2.65,2.63,2.64,6154
2025-08-01 23:00:00,2.64,2.71,2.62,2.7,29444
2025-08-04 00:00:00,2.7,2.75,2.69,2.73,34814
2025-08-04 01:00:00,2.73,2.76,2.69,2.75,36808
2025-08-04 02:00:00,2.75,2.83,2.73,2.83,34677
2025-08-04 03:00:00,2.83,2.87,2.82,2.85,38469
2025-08-04 04:00:00,2.85,2.93,2.81,2.92,33710
2025-08-04 05:00:00,2.92,2.96,2.88,2.9,36732
2025-08-04 06:00:00,2.9,2.98,2.81,2.94,36085
2025-08-04 07:00:00,2.94,2.96,2.88,2.93,38954
2025-08-04 08:00:00,2.93,3.22,2.91,3.12,73386
2025-08-04 09:00:00,3.12,3.21,3.04,3.09,72894
2025-08-04 10:00:00,3.09,3.2,3.05,3.12,73628
2025-08-04 11:00:00,3.12,3.31,3.09,3.19,70257
2025-08-04 12:00:00,3.19,3.2,3.04,3.1,75006
2025-08-04 13:00:00,3.1,3.23,3.07,3.1,92735
2025-08-04 14:00:00,3.1,3.17,3.01,3.13,89408
2025-08-04 15:00:00,3.13,3.14,2.98,3.07,90479
2025-08-04 16:00:00,3.07,3.15,3.02,3.05,91658
2025-08-04 17:00:00,3.05,3.16,3.02,3.08,90202
2025-08-04 18:00:00,3.08,3.16,2.95,3.04,92363
2025-08-04 19:00:00,3.04,3.08,2.86,2.91,89143
2025-08-04 20:00:00,2.91,2.98,2.83,2.88,91256
2025-08-04 21:00:00,2.88,2.94,2.87,2.93,29822
2025-08-04 22:00:00,2.93,2.93,2.93,2.93,5880
2025-08-04 23:00:00,2.93,2.94,2.86,2.87,28937
2025-08-05 00:00:00,2.87,2.89,2.8,2.83,36467
2025-08-05 01:00:00,2.83,2.9,2.8,2.89,37127
2025-08-05 02:00:00,2.89,2.93,2.86,2.91,33063
2025-08-05 03:00:00,2.91,2.93,2.88,2.9,36977
2025-08-05 04:00:00,2.9,2.99,2.87,2.96,37708
2025-08-05 05:00:00,2.96,3.03,2.95,3.02,33872
2025-08-05 06:00:00,3.02,3.04,2.97,2.99,35862
2025-08-05 07:00:00,2.99,3.04,2.97,3.02,32215
2025-08-05 08:00:00,3.02,3.08,2.95,3.04,70721
2025-08-05 09:00:00,3.04,3.11,2.97,3.04,72892
2025-08-05 10:00:00,3.04,3.17,2.97,3.04,74458
2025-08-05 11:00:00,3.04,3.11,3.0,3.07,72960
2025-08-05 12:00:00,3.07,3.12,3.01,3.03,74467
2025-08-05 13:00:00,3.03,3.08,2.96,2.97,90987
2025-08-05 14:00:00,2.97,2.99,2.86,2.97,90289
2025-08-05 15:00:00,2.97,2.99,2.89,2.95,88977
2025-08-05 16:00:00,2.95,3.08,2.92,2.99,87831
2025-08-05 17:00:00,2.99,3.21,2.93,3.19,88150
2025-08-05 18:00:00,3.19,3.35,3.1,3.34,88798
2025-08-05 19:00:00,3.34,3.57,3.29,3.52,89377
2025-08-05 20:00:00,3.52,3.56,3.38,3.39,85494
2025-08-05 21:00:00,3.39,3.41,3.35,3.39,30579
2025-08-05 22:00:00,3.39,3.39,3.38,3.39,5702
2025-08-05 23:00:00,3.39,3.42,3.35,3.41,29572
2025-08-06 00:00:00,3.41,3.49,3.39,3.41,35699
2025-08-06 01:00:00,3.41,3.45,3.39,3.41,35169
2025-08-06 02:00:00,3.41,3.43,3.35,3.39,36648
2025-08-06 03:00:00,3.39,3.46,3.3,3.31,37345
2025-08-06 04:00:00,3.31,3.32,3.24,3.29,38832
2025-08-06 05:00:00,3.29,3.32,3.24,3.26,38672
2025-08-06 06:00:00,3.26,3.36,3.26,3.35,35577
2025-08-06 07:00:00,3.35,3.36,3.27,3.33,33696
2025-08-06 08:00:00,3.33,3.35,3.12,3.17,72419
2025-08-06 09:00:00,3.17,3.19,3.02,3.05,74425
2025-08-06 10:00:00,3.05,3.1,2.99,3.08,74998
2025-08-06 11:00:00,3.08,3.12,2.96,2.99,70614
2025-08-06 12:00:00,2.99,3.0,2.95,2.96,70331
2025-08-06 13:00:00,2.96,2.97,2.91,2.93,92113
2025-08-06 14:00:00,2.93,2.94,2.87,2.89,88223
2025-08-06 15:00:00,2.89,2.89,2.82,2.83,96294
2025-08-06 16:00:00,2.83,2.86,2.79,2.8,94100
2025-08-06 17:00:00,2.8,2.81,2.75,2.77,83580
2025-08-06 18:00:00,2.77,2.78,2.73,2.75,90075
2025-08-06 19:00:00,2.75,2.77,2.73,2.74,88002
2025-08-06 20:00:00,2.74,2.76,2.73,2.74,90453
2025-08-06 21:00:00,2.74,2.75,2.73,2.74,31371
2025-08-06 22:00:00,2.74,2.74,2.74,2.74,5811
2025-08-06 23:00:00,2.74,2.74,2.73,2.74,30377
2025-08-07 00:00:00,2.74,2.75,2.72,2.73,37813
2025-08-07 01:00:00,2.73,2.74,2.72,2.73,37238
2025-08-07 02:00:00,2.73,2.74,2.72,2.73,36754
2025-08-07 03:00:00,2.73,2.74,2.72,2.73,35430
2025-08-07 04:00:00,2.73,2.74,2.72,2.73,36948
2025-08-07 05:00:00,2.73,2.74,2.72,2.73,34386
2025-08-07 06:00:00,2.73,2.74,2.72,2.73,36049
2025-08-07 07:00:00,2.73,2.83,2.63,2.78,35443
2025-08-07 08:00:00,2.78,2.79,2.76,2.78,73567
2025-08-07 09:00:00,2.78,2.79,2.76,2.77,74808
2025-08-07 10:00:00,2.77,2.8,2.76,2.79,72194
2025-08-07 11:00:00,2.79,2.81,2.78,2.8,73571
2025-08-07 12:00:00,2.8,2.81,2.79,2.8,71392
2025-08-07 13:00:00,2.8,2.84,2.79,2.83,85737
2025-08-07 14:00:00,2.83,2.85,2.78,2.79,85886
2025-08-07 15:00:00,2.79,2.8,2.74,2.77,89536
2025-08-07 16:00:00,2.77,2.79,2.75,2.78,90548
2025-08-07 17:00:00,2.78,2.83,2.77,2.8,93860
2025-08-07 18:00:00,2.8,2.82,2.75,2.76,89084
2025-08-07 19:00:00,2.76,2.77,2.71,2.71,94878
2025-08-07 20:00:00,2.71,2.73,2.69,2.7,94985
2025-08-07 21:00:00,2.7,2.71,2.69,2.7,30169
2025-08-07 22:00:00,2.7,2.7,2.7,2.7,5799
2025-08-07 23:00:00,2.7,2.76,2.63,2.74,29928
2025-08-08 00:00:00,2.74,2.75,2.73,2.74,31993
2025-08-08 01:00:00,2.74,2.75,2.73,2.74,34478
2025-08-08 02:00:00,2.74,2.75,2.73,2.74,35199
2025-08-08 03:00:00,2.74,2.75,2.73,2.74,37763
2025-08-08 04:00:00,2.74,2.75,2.73,2.74,36854
2025-08-08 05:00:00,2.74,2.75,2.73,2.74,33405
2025-08-08 06:00:00,2.74,2.74,2.73,2.74,36075
2025-08-08 07:00:00,2.74,2.75,2.73,2.74,37590
2025-08-08 08:00:00,2.74,2.75,2.72,2.73,71834
2025-08-08 09:00:00,2.73,2.74,2.72,2.73,69716
2025-08-08 10:00:00,2.73,2.74,2.71,2.73,70241
2025-08-08 11:00:00,2.73,2.74,2.66,2.67,68239
2025-08-08 12:00:00,2.67,2.68,2.64,2.65,70604
2025-08-08 13:00:00,2.65,2.67,2.62,2.65,90308
2025-08-08 14:00:00,2.65,2.73,2.54,2.61,86265
2025-08-08 15:00:00,2.61,2.62,2.56,2.57,92434
2025-08-08 16:00:00,2.57,2.6,2.55,2.58,90845
2025-08-08 17:00:00,2.58,2.59,2.52,2.53,92910
2025-08-08 18:00:00,2.53,2.55,2.5,2.51,96746
2025-08-08 19:00:00,2.51,2.52,2.48,2.5,93564
2025-08-08 20:00:00,2.5,2.5,2.45,2.46,95182
2025-08-08 21:00:00,2.46,2.46,2.46,2.46,29984
2025-08-08 22:00:00,2.46,2.46,2.46,2.46,6104
2025-08-08 23:00:00,2.46,2.47,2.33,2.42,30109
2025-08-11 00:00:00,2.42,2.42,2.41,2.42,36377
2025-08-11 01:00:00,2.42,2.42,2.41,2.42,35823
2025-08-11 02:00:00,2.42,2.43,2.41,2.42,36332
2025-08-11 03:00:00,2.42,2.42,2.41,2.42,35881
2025-08-11 04:00:00,2.42,2.42,2.41,2.42,35313
2025-08-11 05:00:00,2.42,2.42,2.41,2.42,39957
2025-08-11 06:00:00,2.42,2.43,2.41,2.42,34712
2025-08-11 07:00:00,2.42,2.42,2.42,2.42,32417
2025-08-11 08:00:00,2.42,2.43,2.41,2.42,77095
2025-08-11 09:00:00,2.42,2.43,2.31,2.37,74197
2025-08-11 10:00:00,2.37,2.38,2.35,2.36,69450
2025-08-11 11:00:00,2.36,2.37,2.34,2.35,76950
2025-08-11 12:00:00,2.35,2.36,2.34,2.35,65945
2025-08-11 13:00:00,2.35,2.36,2.32,2.33,90575
2025-08-11 14:00:00,2.33,2.36,2.32,2.35,89458
2025-08-11 15:00:00,2.35,2.37,2.33,2.34,85177
2025-08-11 16:00:00,2.34,2.35,2.3,2.31,90079
2025-08-11 17:00:00,2.31,2.34,2.29,2.33,95068
2025-08-11 18:00:00,2.33,2.37,2.32,2.35,90405
2025-08-11 19:00:00,2.35,2.38,2.34,2.36,90178
2025-08-11 20:00:00,2.36,2.37,2.35,2.36,90524
2025-08-11 21:00:00,2.36,2.37,2.35,2.36,30990
2025-08-11 22:00:00,2.36,2.36,2.36,2.36,6069
2025-08-11 23:00:00,2.36,2.37,2.36,2.36,30894
2025-08-12 00:00:00,2.36,2.37,2.36,2.36,36907
2025-08-12 01:00:00,2.36,2.37,2.36,2.36,37176
2025-08-12 02:00:00,2.36,2.37,2.36,2.36,35285
2025-08-12 03:00:00,2.36,2.37,2.36,2.36,35851
2025-08-12 04:00:00,2.36,2.37,2.35,2.36,34382
2025-08-12 05:00:00,2.36,2.37,2.35,2.36,32890
2025-08-12 06:00:00,2.36,2.37,2.36,2.36,36640
2025-08-12 07:00:00,2.36,2.37,2.35,2.36,38174
2025-08-12 08:00:00,2.36,2.37,2.35,2.36,73867
2025-08-12 09:00:00,2.36,2.37,2.35,2.36,69080
2025-08-12 10:00:00,2.36,2.37,2.35,2.36,73397
2025-08-12 11:00:00,2.36,2.37,2.34,2.35,75222
2025-08-12 12:00:00,2.35,2.37,2.34,2.36,73821
2025-08-12 13:00:00,2.36,2.39,2.35,2.38,90582
2025-08-12 14:00:00,2.38,2.42,2.37,2.4,90947
2025-08-12 15:00:00,2.4,2.45,2.39,2.43,88581
2025-08-12 16:00:00,2.43,2.45,2.41,2.43,90172
2025-08-12 17:00:00,2.43,2.44,2.42,2.43,87543
2025-08-12 18:00:00,2.43,2.47,2.41,2.42,92684
2025-08-12 19:00:00,2.42,2.45,2.41,2.43,90189
2025-08-12 20:00:00,2.43,2.45,2.4,2.44,88718
2025-08-12 21:00:00,2.44,2.45,2.43,2.44,32491
2025-08-12 22:00:00,2.44,2.44,2.44,2.44,6071
2025-08-12 23:00:00,2.44,2.44,2.44,2.44,29764
2025-08-13 00:00:00,2.44,2.45,2.44,2.44,37797
2025-08-13 01:00:00,2.44,2.45,2.43,2.44,36346
2025-08-13 02:00:00,2.44,2.45,2.44,2.44,36385
2025-08-13 03:00:00,2.44,2.45,2.43,2.44,35068
2025-08-13 04:00:00,2.44,2.45,2.43,2.44,34433
2025-08-13 05:00:00,2.44,2.45,2.44,2.44,35465
2025-08-13 06:00:00,2.44,2.44,2.44,2.44,34013
2025-08-13 07:00:00,2.44,2.45,2.44,2.44,34411
2025-08-13 08:00:00,2.44,2.45,2.42,2.43,69840
2025-08-13 09:00:00,2.43,2.48,2.36,2.39,69053
2025-08-13 10:00:00,2.39,2.41,2.38,2.4,73887
2025-08-13 11:00:00,2.4,2.44,2.36,2.38,74102
2025-08-13 12:00:00,2.38,2.39,2.37,2.38,71364
2025-08-13 13:00:00,2.38,2.4,2.37,2.38,88975
2025-08-13 14:00:00,2.38,2.41,2.37,2.4,86270
2025-08-13 15:00:00,2.4,2.49,2.39,2.48,92680
2025-08-13 16:00:00,2.48,2.5,2.47,2.48,95420
2025-08-13 17:00:00,2.48,2.5,2.46,2.48,89711
2025-08-13 18:00:00,2.48,2.57,2.47,2.56,88324
2025-08-13 19:00:00,2.56,2.64,2.56,2.63,85898
2025-08-13 20:00:00,2.63,2.65,2.62,2.64,91773
2025-08-13 21:00:00,2.64,2.64,2.64,2.64,30845
2025-08-13 22:00:00,2.64,2.64,2.64,2.64,5704
2025-08-13 23:00:00,2.64,2.65,2.64,2.64,28530
2025-08-14 00:00:00,2.64,2.65,2.64,2.64,39270
2025-08-14 01:00:00,2.64,2.65,2.63,2.64,39158
2025-08-14 02:00:00,2.64,2.65,2.63,2.64,35276
2025-08-14 03:00:00,2.64,2.65,2.63,2.64,40072
2025-08-14 04:00:00,2.64,2.64,2.63,2.64,34048
2025-08-14 05:00:00,2.64,2.65,2.63,2.64,37484
2025-08-14 06:00:00,2.64,2.65,2.64,2.64,34460
2025-08-14 07:00:00,2.64,2.65,2.64,2.64,36008
2025-08-14 08:00:00,2.64,2.65,2.63,2.64,69448
2025-08-14 09:00:00,2.64,2.67,2.62,2.65,74242
2025-08-14 10:00:00,2.65,2.67,2.56,2.59,70651
2025-08-14 11:00:00,2.59,2.65,2.51,2.56,69511
2025-08-14 12:00:00,2.56,2.64,2.54,2.62,73195
2025-08-14 13:00:00,2.62,2.72,2.53,2.62,93162
2025-08-14 14:00:00,2.62,2.67,2.55,2.58,88243
2025-08-14 15:00:00,2.58,2.66,2.52,2.64,91354
2025-08-14 16:00:00,2.64,2.91,2.6,2.88,87081
2025-08-14 17:00:00,2.88,2.95,2.81,2.86,87822
2025-08-14 18:00:00,2.86,3.01,2.66,2.73,88233
2025-08-14 19:00:00,2.73,2.88,2.72,2.77,95158
2025-08-14 20:00:00,2.77,2.82,2.7,2.76,85856
2025-08-14 21:00:00,2.76,2.77,2.72,2.74,29323
2025-08-14 22:00:00,2.74,2.75,2.73,2.74,6142
2025-08-14 23:00:00,2.74,2.79,2.72,2.76,31652
2025-08-15 00:00:00,2.76,2.9,2.65,2.8,35923
2025-08-15 01:00:00,2.8,2.83,2.74,2.76,36234
2025-08-15 02:00:00,2.76,2.79,2.71,2.72,35999
2025-08-15 03:00:00,2.72,2.74,2.69,2.7,35820
2025-08-15 04:00:00,2.7,2.72,2.67,2.7,35210
2025-08-15 05:00:00,2.7,2.76,2.69,2.74,37390
2025-08-15 06:00:00,2.74,2.83,2.71,2.82,35357
2025-08-15 07:00:00,2.82,2.83,2.74,2.76,34742
2025-08-15 08:00:00,2.76,2.79,2.66,2.75,70563
2025-08-15 09:00:00,2.75,2.79,2.6,2.7,69283
2025-08-15 10:00:00,2.7,2.71,2.62,2.66,72729
2025-08-15 11:00:00,2.66,2.8,2.61,2.69,74790
2025-08-15 12:00:00,2.69,2.74,2.54,2.63,73445
2025-08-15 13:00:00,2.63,2.74,2.6,2.64,84090
2025-08-15 14:00:00,2.64,2.73,2.57,2.66,87436
2025-08-15 15:00:00,2.66,2.74,2.58,2.62,85793
2025-08-15 16:00:00,2.62,2.77,2.61,2.76,90186
2025-08-15 17:00:00,2.76,2.97,2.73,2.94,91007
2025-08-15 18:00:00,2.94,3.04,2.86,3.01,84634
2025-08-15 19:00:00,3.01,3.13,2.93,3.07,79811
2025-08-15 20:00:00,3.07,3.08,3.06,3.06,89443
2025-08-15 21:00:00,3.06,3.06,3.06,3.06,29176
2025-08-15 22:00:00,3.06,3.06,3.06,3.06,5683
2025-08-15 23:00:00,3.06,3.06,3.06,3.06,29403
2025-08-18 00:00:00,3.06,3.11,2.93,3.01,38238
2025-08-18 01:00:00,3.01,3.01,3.0,3.01,37071
2025-08-18 02:00:00,3.01,3.01,3.01,3.01,36572
2025-08-18 03:00:00,3.01,3.02,3.01,3.01,36714
2025-08-18 04:00:00,3.01,3.02,3.0,3.01,36194
2025-08-18 05:00:00,3.01,3.02,3.01,3.01,35458
2025-08-18 06:00:00,3.01,3.02,3.0,3.01,36293
2025-08-18 07:00:00,3.01,3.01,3.01,3.01,36487
2025-08-18 08:00:00,3.01,3.02,3.0,3.01,74676
2025-08-18 09:00:00,3.01,3.02,3.0,3.01,70835
2025-08-18 10:00:00,3.01,3.03,3.0,3.02,69483
2025-08-18 11:00:00,3.02,3.03,3.0,3.01,69186
2025-08-18 12:00:00,3.01,3.02,3.0,3.01,66769
2025-08-18 13:00:00,3.01,3.04,3.01,3.03,94263
2025-08-18 14:00:00,3.03,3.13,2.99,3.08,90264
2025-08-18 15:00:00,3.08,3.13,3.07,3.12,90201
2025-08-18 16:00:00,3.12,3.14,3.11,3.13,88607
2025-08-18 17:00:00,3.13,3.14,2.99,3.08,90987
2025-08-18 18:00:00,3.08,3.09,3.07,3.08,90157
2025-08-18 19:00:00,3.08,3.1,3.07,3.08,93236
2025-08-18 20:00:00,3.08,3.09,3.07,3.08,88698
2025-08-18 21:00:00,3.08,3.09,3.08,3.08,27774
2025-08-18 22:00:00,3.08,3.08,3.08,3.08,5841
2025-08-18 23:00:00,3.08,3.08,3.08,3.08,29972
2025-08-19 00:00:00,3.08,3.08,3.07,3.08,34905
2025-08-19 01:00:00,3.08,3.09,3.07,3.08,35414
2025-08-19 02:00:00,3.08,3.08,3.08,3.08,35104
2025-08-19 03:00:00,3.08,3.08,3.08,3.08,33169
2025-08-19 04:00:00,3.08,3.09,3.08,3.08,36786
2025-08-19 05:00:00,3.08,3.09,3.07,3.08,36430
2025-08-19 06:00:00,3.08,3.09,3.08,3.08,37986
2025-08-19 07:00:00,3.08,3.08,3.08,3.08,33445
2025-08-19 08:00:00,3.08,3.09,3.07,3.08,74671
2025-08-19 09:00:00,3.08,3.09,3.07,3.08,67732
2025-08-19 10:00:00,3.08,3.08,3.06,3.07,71968
2025-08-19 11:00:00,3.07,3.21,3.03,3.11,73284
2025-08-19 12:00:00,3.11,3.12,3.1,3.11,72366
2025-08-19 13:00:00,3.11,3.12,3.08,3.09,89964
2025-08-19 14:00:00,3.09,3.16,3.07,3.13,86351
2025-08-19 15:00:00,3.13,3.32,3.08,3.28,90164
2025-08-19 16:00:00,3.28,3.33,3.15,3.28,91464
2025-08-19 17:00:00,3.28,3.41,3.23,3.25,83459
2025-08-19 18:00:00,3.25,3.32,3.11,3.22,88094
2025-08-19 19:00:00,3.22,3.27,3.12,3.14,90290
2025-08-19 20:00:00,3.14,3.26,3.08,3.19,91593
2025-08-19 21:00:00,3.19,3.23,3.17,3.21,30417
2025-08-19 22:00:00,3.21,3.22,3.2,3.21,6276
2025-08-19 23:00:00,3.21,3.41,3.06,3.23,28991
2025-08-20 00:00:00,3.23,3.24,3.17,3.19,35104
2025-08-20 01:00:00,3.19,3.25,3.15,3.24,35586
2025-08-20 02:00:00,3.24,3.29,3.21,3.23,36448
2025-08-20 03:00:00,3.23,3.25,3.18,3.21,36795
2025-08-20 04:00:00,3.21,3.29,3.14,3.24,33848
2025-08-20 05:00:00,3.24,3.32,3.21,3.31,34695
2025-08-20 06:00:00,3.31,3.37,3.26,3.37,37530
2025-08-20 07:00:00,3.37,3.4,3.3,3.35,36129
2025-08-20 08:00:00,3.35,3.38,3.19,3.24,74131
2025-08-20 09:00:00,3.24,3.29,3.16,3.23,72042
2025-08-20 10:00:00,3.23,3.27,3.16,3.22,69563
2025-08-20 11:00:00,3.22,3.34,3.21,3.29,69666
2025-08-20 12:00:00,3.29,3.34,3.23,3.27,75123
2025-08-20 13:00:00,3.27,3.43,3.14,3.37,95296
2025-08-20 14:00:00,3.37,3.47,3.24,3.34,86079
2025-08-20 15:00:00,3.34,3.44,3.25,3.43,85944
2025-08-20 16:00:00,3.43,3.5,3.36,3.45,88669
2025-08-20 17:00:00,3.45,3.54,3.33,3.46,87789
2025-08-20 18:00:00,3.46,3.55,3.36,3.49,88571
2025-08-20 19:00:00,3.49,3.55,3.22,3.31,90805
2025-08-20 20:00:00,3.31,3.51,3.28,3.4,87430
2025-08-20 21:00:00,3.4,3.45,3.38,3.4,31598
2025-08-20 22:00:00,3.4,3.4,3.39,3.4,6394
2025-08-20 23:00:00,3.4,3.44,3.38,3.41,31207
2025-08-21 00:00:00,3.41,3.45,3.37,3.38,37115
2025-08-21 01:00:00,3.38,3.46,3.37,3.44,34901
2025-08-21 02:00:00,3.44,3.58,3.35,3.55,36306
2025-08-21 03:00:00,3.55,3.61,3.43,3.51,38336
2025-08-21 04:00:00,3.51,3.53,3.44,3.47,35608
2025-08-21 05:00:00,3.47,3.55,3.45,3.53,35408
2025-08-21 06:00:00,3.53,3.64,3.51,3.61,34014
2025-08-21 07:00:00,3.61,3.62,3.54,3.56,36914
2025-08-21 08:00:00,3.56,3.68,3.55,3.62,71185
2025-08-21 09:00:00,3.62,3.7,3.58,3.64,73323
2025-08-21 10:00:00,3.64,3.79,3.62,3.72,72773
2025-08-21 11:00:00,3.72,3.89,3.69,3.86,71854
2025-08-21 12:00:00,3.86,3.88,3.8,3.83,72984
2025-08-21 13:00:00,3.83,3.88,3.76,3.77,93893
2025-08-21 14:00:00,3.77,3.81,3.76,3.78,86166
2025-08-21 15:00:00,3.78,3.79,3.76,3.78,91646
2025-08-21 16:00:00,3.78,3.79,3.75,3.78,91488
2025-08-21 17:00:00,3.78,3.79,3.75,3.77,83807
2025-08-21 18:00:00,3.77,3.79,3.72,3.73,90107
2025-08-21 19:00:00,3.73,3.76,3.72,3.75,92465
2025-08-21 20:00:00,3.75,3.77,3.73,3.74,96376
2025-08-21 21:00:00,3.74,3.75,3.73,3.74,30706
2025-08-21 22:00:00,3.74,3.74,3.74,3.74,6003
2025-08-21 23:00:00,3.74,3.75,3.73,3.74,32246
2025-08-22 00:00:00,3.74,3.74,3.74,3.74,35257
2025-08-22 01:00:00,3.74,3.74,3.73,3.74,37477
2025-08-22 02:00:00,3.74,3.75,3.73,3.74,36209
2025-08-22 03:00:00,3.74,3.75,3.73,3.74,33191
2025-08-22 04:00:00,3.74,3.75,3.73,3.74,36938
2025-08-22 05:00:00,3.74,3.75,3.74,3.74,36138
2025-08-22 06:00:00,3.74,3.75,3.73,3.74,37771
2025-08-22 07:00:00,3.74,3.75,3.73,3.74,37022
2025-08-22 08:00:00,3.74,3.78,3.73,3.77,71580
2025-08-22 09:00:00,3.77,3.78,3.75,3.76,67845
2025-08-22 10:00:00,3.76,3.79,3.75,3.78,69406
2025-08-22 11:00:00,3.78,3.8,3.77,3.78,72587
2025-08-22 12:00:00,3.78,3.79,3.77,3.78,75068
2025-08-22 13:00:00,3.78,3.79,3.76,3.77,86403
2025-08-22 14:00:00,3.77,3.79,3.75,3.76,88460
2025-08-22 15:00:00,3.76,3.77,3.74,3.75,86012
2025-08-22 16:00:00,3.75,3.76,3.72,3.74,92793
2025-08-22 17:00:00,3.74,3.75,3.68,3.68,89214
2025-08-22 18:00:00,3.68,3.71,3.67,3.69,89074
2025-08-22 19:00:00,3.69,3.7,3.6,3.61,90694
2025-08-22 20:00:00,3.61,3.62,3.59,3.6,89652
2025-08-22 21:00:00,3.6,3.61,3.59,3.6,30232
2025-08-22 22:00:00,3.6,3.6,3.6,3.6,5822
2025-08-22 23:00:00,3.6,3.6,3.6,3.6,29849
2025-08-25 00:00:00,3.6,3.61,3.6,3.6,34357
2025-08-25 01:00:00,3.6,3.61,3.59,3.6,37754
2025-08-25 02:00:00,3.6,3.61,3.59,3.6,34773
2025-08-25 03:00:00,3.6,3.6,3.59,3.6,36063
2025-08-25 04:00:00,3.6,3.61,3.6,3.6,35670
2025-08-25 05:00:00,3.6,3.61,3.59,3.6,36158
2025-08-25 06:00:00,3.6,3.6,3.59,3.6,37395
2025-08-25 07:00:00,3.6,3.62,3.54,3.54,37209
2025-08-25 08:00:00,3.54,3.61,3.46,3.48,72756
2025-08-25 09:00:00,3.48,3.49,3.46,3.47,66573
2025-08-25 10:00:00,3.47,3.48,3.46,3.47,74092
2025-08-25 11:00:00,3.47,3.48,3.44,3.45,72567
2025-08-25 12:00:00,3.45,3.46,3.44,3.44,73215
2025-08-25 13:00:00,3.44,3.45,3.4,3.42,91765
2025-08-25 14:00:00,3.42,3.49,3.34,3.48,89366
2025-08-25 15:00:00,3.48,3.49,3.47,3.48,89847
2025-08-25 16:00:00,3.48,3.49,3.46,3.48,86033
2025-08-25 17:00:00,3.48,3.5,3.46,3.48,89085
2025-08-25 18:00:00,3.48,3.49,3.46,3.47,89716
2025-08-25 19:00:00,3.47,3.48,3.45,3.46,90248
2025-08-25 20:00:00,3.46,3.48,3.41,3.43,90375
2025-08-25 21:00:00,3.43,3.44,3.43,3.43,30073
2025-08-25 22:00:00,3.43,3.43,3.43,3.43,6065
2025-08-25 23:00:00,3.43,3.44,3.42,3.43,30504
2025-08-26 00:00:00,3.43,3.44,3.42,3.43,36357
2025-08-26 01:00:00,3.43,3.44,3.43,3.43,36354
2025-08-26 02:00:00,3.43,3.44,3.42,3.43,35254
2025-08-26 03:00:00,3.43,3.44,3.42,3.43,34301
2025-08-26 04:00:00,3.43,3.44,3.42,3.43,34768
2025-08-26 05:00:00,3.43,3.44,3.43,3.43,36466
2025-08-26 06:00:00,3.43,3.44,3.43,3.43,36300
2025-08-26 07:00:00,3.43,3.51,3.36,3.49,34629
2025-08-26 08:00:00,3.49,3.5,3.48,3.49,69780
2025-08-26 09:00:00,3.49,3.51,3.48,3.5,72553
2025-08-26 10:00:00,3.5,3.52,3.49,3.51,73535
2025-08-26 11:00:00,3.51,3.53,3.5,3.52,70184
2025-08-26 12:00:00,3.52,3.54,3.51,3.53,70225
2025-08-26 13:00:00,3.53,3.55,3.52,3.54,88211
2025-08-26 14:00:00,3.54,3.55,3.51,3.53,88128
2025-08-26 15:00:00,3.53,3.54,3.51,3.52,88676
2025-08-26 16:00:00,3.52,3.53,3.49,3.5,94085
2025-08-26 17:00:00,3.5,3.53,3.49,3.52,87240
2025-08-26 18:00:00,3.52,3.54,3.5,3.52,91671
2025-08-26 19:00:00,3.52,3.56,3.51,3.55,91683
2025-08-26 20:00:00,3.55,3.56,3.53,3.55,90424
2025-08-26 21:00:00,3.55,3.65,3.54,3.61,31461
2025-08-26 22:00:00,3.61,3.61,3.61,3.61,5907
2025-08-26 23:00:00,3.61,3.61,3.61,3.61,29651
2025-08-27 00:00:00,3.61,3.62,3.6,3.61,37139
2025-08-27 01:00:00,3.61,3.62,3.6,3.61,34746
2025-08-27 02:00:00,3.61,3.61,3.6,3.61,37291
2025-08-27 03:00:00,3.61,3.61,3.6,3.61,35165
2025-08-27 04:00:00,3.61,3.62,3.6,3.61,35745
2025-08-27 05:00:00,3.61,3.61,3.61,3.61,36396
2025-08-27 06:00:00,3.61,3.62,3.6,3.61,37035
2025-08-27 07:00:00,3.61,3.61,3.61,3.61,34398
2025-08-27 08:00:00,3.61,3.62,3.6,3.61,67920
2025-08-27 09:00:00,3.61,3.62,3.6,3.61,72190
2025-08-27 10:00:00,3.61,3.63,3.6,3.61,75088
2025-08-27 11:00:00,3.61,3.62,3.6,3.61,69652
2025-08-27 12:00:00,3.61,3.62,3.59,3.6,69443
2025-08-27 13:00:00,3.6,3.62,3.59,3.62,86650
2025-08-27 14:00:00,3.62,3.63,3.6,3.62,90157
2025-08-27 15:00:00,3.62,3.85,3.6,3.74,87764
2025-08-27 16:00:00,3.74,3.79,3.55,3.61,91320
2025-08-27 17:00:00,3.61,3.69,3.51,3.66,84660
2025-08-27 18:00:00,3.66,3.73,3.55,3.64,90829
2025-08-27 19:00:00,3.64,3.67,3.39,3.51,88419
2025-08-27 20:00:00,3.51,3.57,3.36,3.45,91454
2025-08-27 21:00:00,3.45,3.46,3.41,3.43,29254
2025-08-27 22:00:00,3.43,3.44,3.42,3.43,5896
2025-08-27 23:00:00,3.43,3.46,3.39,3.42,28217
2025-08-28 00:00:00,3.42,3.44,3.38,3.41,37218
2025-08-28 01:00:00,3.41,3.46,3.39,3.43,37628
2025-08-28 02:00:00,3.43,3.45,3.36,3.4,34570
2025-08-28 03:00:00,3.4,3.44,3.36,3.41,33542
2025-08-28 04:00:00,3.41,3.43,3.37,3.4,33631
2025-08-28 05:00:00,3.4,3.43,3.36,3.42,35943
2025-08-28 06:00:00,3.42,3.43,3.35,3.36,36547
2025-08-28 07:00:00,3.36,3.41,3.34,3.35,34799
2025-08-28 08:00:00,3.35,3.43,3.27,3.36,73781
2025-08-28 09:00:00,3.36,3.4,3.29,3.37,80396
2025-08-28 10:00:00,3.37,3.58,3.33,3.52,71540
2025-08-28 11:00:00,3.52,3.67,3.46,3.62,70277
2025-08-28 12:00:00,3.62,3.68,3.55,3.63,71288
2025-08-28 13:00:00,3.63,3.76,3.47,3.53,89099
2025-08-28 14:00:00,3.53,3.54,3.3,3.37,91226
2025-08-28 15:00:00,3.37,3.5,3.27,3.37,86193
2025-08-28 16:00:00,3.37,3.56,3.33,3.54,91722
2025-08-28 17:00:00,3.54,3.62,3.44,3.45,91615
2025-08-28 18:00:00,3.45,3.66,3.42,3.52,86334
2025-08-28 19:00:00,3.52,3.66,3.43,3.52,85472
2025-08-28 20:00:00,3.52,3.64,3.5,3.56,95879
2025-08-28 21:00:00,3.56,3.6,3.51,3.58,30021
2025-08-28 22:00:00,3.58,3.59,3.57,3.58,5755
2025-08-28 23:00:00,3.58,3.61,3.55,3.58,31088
2025-08-29 00:00:00,3.58,3.6,3.51,3.56,34835
2025-08-29 01:00:00,3.56,3.59,3.5,3.51,35697
2025-08-29 02:00:00,3.51,3.52,3.44,3.45,36011
2025-08-29 03:00:00,3.45,3.53,3.43,3.53,34789
2025-08-29 04:00:00,3.53,3.58,3.52,3.55,35985
2025-08-29 05:00:00,3.55,3.61,3.53,3.58,37856
2025-08-29 06:00:00,3.58,3.6,3.51,3.54,35709
2025-08-29 07:00:00,3.54,3.55,3.54,3.54,37976
2025-08-29 08:00:00,3.54,3.64,3.46,3.61,73155
2025-08-29 09:00:00,3.61,3.62,3.6,3.61,72722
2025-08-29 10:00:00,3.61,3.63,3.6,3.62,67663
2025-08-29 11:00:00,3.62,3.63,3.61,3.62,74170
2025-08-29 12:00:00,3.62,3.63,3.6,3.61,72204
2025-08-29 13:00:00,3.61,3.62,3.58,3.6,90460
2025-08-29 14:00:00,3.6,3.62,3.59,3.6,91775
2025-08-29 15:00:00,3.6,3.61,3.58,3.59,91009
2025-08-29 16:00:00,3.59,3.6,3.57,3.58,91260
2025-08-29 17:00:00,3.58,3.61,3.57,3.58,94033
2025-08-29 18:00:00,3.58,3.59,3.53,3.54,86649
2025-08-29 19:00:00,3.54,3.56,3.53,3.54,96316
2025-08-29 20:00:00,3.54,3.55,3.52,3.53,82661
2025-08-29 21:00:00,3.53,3.53,3.52,3.53,31426
2025-08-29 22:00:00,3.53,3.53,3.53,3.53,5866
2025-08-29 23:00:00,3.53,3.53,3.52,3.53,29098
2025-09-01 00:00:00,3.53,3.59,3.44,3.58,35354
2025-09-01 01:00:00,3.58,3.59,3.57,3.58,34194
2025-09-01 02:00:00,3.58,3.59,3.58,3.58,35460
2025-09-01 03:00:00,3.58,3.59,3.58,3.58,37435
2025-09-01 04:00:00,3.58,3.59,3.58,3.58,36284
2025-09-01 05:00:00,3.58,3.58,3.58,3.58,36504
2025-09-01 06:00:00,3.58,3.59,3.57,3.58,36296
2025-09-01 07:00:00,3.58,3.58,3.57,3.58,39110
2025-09-01 08:00:00,3.58,3.6,3.57,3.58,72445
2025-09-01 09:00:00,3.58,3.59,3.57,3.58,71715
2025-09-01 10:00:00,3.58,3.59,3.56,3.57,67259
2025-09-01 11:00:00,3.57,3.58,3.56,3.57,76181
2025-09-01 12:00:00,3.57,3.58,3.56,3.57,66606
2025-09-01 13:00:00,3.57,3.58,3.54,3.55,86721
2025-09-01 14:00:00,3.55,3.56,3.52,3.53,91836
2025-09-01 15:00:00,3.53,3.54,3.5,3.53,87321
2025-09-01 16:00:00,3.53,3.57,3.52,3.55,83101
2025-09-01 17:00:00,3.55,3.56,3.53,3.55,95165
2025-09-01 18:00:00,3.55,3.57,3.54,3.56,90240
2025-09-01 19:00:00,3.56,3.61,3.55,3.59,88588
2025-09-01 20:00:00,3.59,3.62,3.57,3.61,90344
2025-09-01 21:00:00,3.61,3.62,3.61,3.61,31949
2025-09-01 22:00:00,3.61,3.61,3.61,3.61,5863
2025-09-01 23:00:00,3.61,3.61,3.61,3.61,29618
2025-09-02 00:00:00,3.61,3.61,3.6,3.61,35448
2025-09-02 01:00:00,3.61,3.62,3.6,3.61,35562
2025-09-02 02:00:00,3.61,3.62,3.6,3.61,35120
2025-09-02 03:00:00,3.61,3.61,3.6,3.61,37563
2025-09-02 04:00:00,3.61,3.61,3.6,3.61,34231
2025-09-02 05:00:00,3.61,3.61,3.6,3.61,33485
2025-09-02 06:00:00,3.61,3.62,3.6,3.61,34029
2025-09-02 07:00:00,3.61,3.62,3.61,3.61,35934
2025-09-02 08:00:00,3.61,3.62,3.6,3.61,76946
2025-09-02 09:00:00,3.61,3.62,3.58,3.59,74619
2025-09-02 10:00:00,3.59,3.61,3.58,3.59,70140
2025-09-02 11:00:00,3.59,3.6,3.58,3.59,74266
2025-09-02 12:00:00,3.59,3.6,3.58,3.59,67483
2025-09-02 13:00:00,3.59,3.62,3.57,3.58,88654
2025-09-02 14:00:00,3.58,3.62,3.57,3.61,86774
2025-09-02 15:00:00,3.61,3.65,3.6,3.64,95813
2025-09-02 16:00:00,3.64,3.68,3.63,3.66,85908
2025-09-02 17:00:00,3.66,3.67,3.62,3.63,92189
2025-09-02 18:00:00,3.63,3.64,3.61,3.62,89931
2025-09-02 19:00:00,3.62,3.63,3.61,3.62,87691
2025-09-02 20:00:00,3.62,3.63,3.6,3.61,93790
2025-09-02 21:00:00,3.61,3.62,3.61,3.61,28657
2025-09-02 22:00:00,3.61,3.72,3.43,3.54,6265
2025-09-02 23:00:00,3.54,3.54,3.54,3.54,29912
2025-09-03 00:00:00,3.54,3.55,3.54,3.54,34503
2025-09-03 01:00:00,3.54,3.55,3.53,3.54,34879
2025-09-03 02:00:00,3.54,3.55,3.53,3.54,36699
2025-09-03 03:00:00,3.54,3.55,3.54,3.54,35841
2025-09-03 04:00:00,3.54,3.71,3.31,3.48,38193
2025-09-03 05:00:00,3.48,3.49,3.47,3.48,34217
2025-09-03 06:00:00,3.48,3.59,3.28,3.42,35336
2025-09-03 07:00:00,3.42,3.42,3.42,3.42,34878
2025-09-03 08:00:00,3.42,3.43,3.4,3.41,70480
2025-09-03 09:00:00,3.41,3.42,3.4,3.41,75730
2025-09-03 10:00:00,3.41,3.43,3.4,3.41,70006
2025-09-03 11:00:00,3.41,3.42,3.38,3.39,69133
2025-09-03 12:00:00,3.39,3.4,3.38,3.39,73603
2025-09-03 13:00:00,3.39,3.4,3.36,3.38,96371
2025-09-03 14:00:00,3.38,3.43,3.31,3.32,87545
2025-09-03 15:00:00,3.32,3.33,3.3,3.32,89071
2025-09-03 16:00:00,3.32,3.34,3.3,3.33,88468
2025-09-03 17:00:00,3.33,3.35,3.32,3.33,90645
2025-09-03 18:00:00,3.33,3.34,3.29,3.3,87700
2025-09-03 19:00:00,3.3,3.33,3.28,3.3,82579
2025-09-03 20:00:00,3.3,3.32,3.28,3.29,86234
2025-09-03 21:00:00,3.29,3.29,3.28,3.29,30929
2025-09-03 22:00:00,3.29,3.29,3.29,3.29,6027
2025-09-03 23:00:00,3.29,3.29,3.29,3.29,29394
2025-09-04 00:00:00,3.29,3.3,3.28,3.29,33534
2025-09-04 01:00:00,3.29,3.36,3.25,3.35,35456
2025-09-04 02:00:00,3.35,3.36,3.34,3.35,36523
2025-09-04 03:00:00,3.35,3.47,3.3,3.4,34215
2025-09-04 04:00:00,3.4,3.4,3.4,3.4,35869
2025-09-04 05:00:00,3.4,3.41,3.39,3.4,36283
2025-09-04 06:00:00,3.4,3.4,3.39,3.4,36043
2025-09-04 07:00:00,3.4,3.41,3.4,3.4,37146
2025-09-04 08:00:00,3.4,3.41,3.39,3.4,77196
2025-09-04 09:00:00,3.4,3.41,3.39,3.4,69460
2025-09-04 10:00:00,3.4,3.41,3.39,3.4,70529
2025-09-04 11:00:00,3.4,3.41,3.39,3.4,68076
2025-09-04 12:00:00,3.4,3.41,3.38,3.4,73340
2025-09-04 13:00:00,3.4,3.42,3.39,3.41,90370
2025-09-04 14:00:00,3.41,3.45,3.4,3.44,85809
2025-09-04 15:00:00,3.44,3.48,3.43,3.48,90047
2025-09-04 16:00:00,3.48,3.51,3.47,3.5,86211
2025-09-04 17:00:00,3.5,3.51,3.42,3.42,90935
2025-09-04 18:00:00,3.42,3.43,3.28,3.28,88828
2025-09-04 19:00:00,3.28,3.29,3.19,3.22,87393
2025-09-04 20:00:00,3.22,3.25,3.12,3.15,92813
2025-09-04 21:00:00,3.15,3.15,3.14,3.15,27591
2025-09-04 22:00:00,3.15,3.15,3.15,3.15,5796
2025-09-04 23:00:00,3.15,3.29,3.11,3.2,31324
2025-09-05 00:00:00,3.2,3.21,3.19,3.2,35248
2025-09-05 01:00:00,3.2,3.21,3.19,3.2,36422
2025-09-05 02:00:00,3.2,3.2,3.19,3.2,36839
2025-09-05 03:00:00,3.2,3.21,3.18,3.19,35413
2025-09-05 04:00:00,3.19,3.2,3.18,3.19,34772
2025-09-05 05:00:00,3.19,3.2,3.18,3.19,36958
2025-09-05 06:00:00,3.19,3.2,3.18,3.19,35935
2025-09-05 07:00:00,3.19,3.2,3.18,3.19,37903
2025-09-05 08:00:00,3.19,3.2,3.14,3.15,67389
2025-09-05 09:00:00,3.15,3.17,3.14,3.15,75167
2025-09-05 10:00:00,3.15,3.16,3.12,3.14,70910
2025-09-05 11:00:00,3.14,3.18,3.14,3.16,68675
2025-09-05 12:00:00,3.16,3.17,3.14,3.15,74825
2025-09-05 13:00:00,3.15,3.16,3.09,3.11,93353
2025-09-05 14:00:00,3.11,3.13,3.08,3.12,91812
2025-09-05 15:00:00,3.12,3.14,3.05,3.07,90766
2025-09-05 16:00:00,3.07,3.12,3.06,3.1,92363
2025-09-05 17:00:00,3.1,3.11,3.05,3.07,92207
2025-09-05 18:00:00,3.07,3.08,3.03,3.04,88485
2025-09-05 19:00:00,3.04,3.06,2.99,3.02,91904
2025-09-05 20:00:00,3.02,3.04,3.0,3.02,96135
2025-09-05 21:00:00,3.02,3.02,3.01,3.02,28879
2025-09-05 22:00:00,3.02,3.02,3.02,3.02,5769
2025-09-05 23:00:00,3.02,3.04,3.01,3.02,31207
2025-09-08 00:00:00,3.02,3.1,3.01,3.06,35766
2025-09-08 01:00:00,3.06,3.07,3.05,3.06,37598
2025-09-08 02:00:00,3.06,3.06,3.05,3.06,35284
2025-09-08 03:00:00,3.06,3.07,3.05,3.06,34572
2025-09-08 04:00:00,3.06,3.07,3.05,3.06,33698
2025-09-08 05:00:00,3.06,3.07,3.05,3.06,37209
2025-09-08 06:00:00,3.06,3.06,3.05,3.06,35480
2025-09-08 07:00:00,3.06,3.07,3.05,3.06,34621
2025-09-08 08:00:00,3.06,3.07,3.03,3.04,74152
2025-09-08 09:00:00,3.04,3.05,3.0,3.02,72085
2025-09-08 10:00:00,3.02,3.03,2.99,3.0,72582
2025-09-08 11:00:00,3.0,3.02,2.98,2.99,68948
2025-09-08 12:00:00,2.99,3.01,2.89,2.96,69046
2025-09-08 13:00:00,2.96,2.98,2.93,2.94,85825
2025-09-08 14:00:00,2.94,2.95,2.88,2.9,88164
2025-09-08 15:00:00,2.9,2.91,2.85,2.88,92675
2025-09-08 16:00:00,2.88,2.92,2.82,2.83,89093
2025-09-08 17:00:00,2.83,2.85,2.82,2.85,87205
2025-09-08 18:00:00,2.85,2.87,2.83,2.87,87973
2025-09-08 19:00:00,2.87,2.9,2.85,2.87,91598
2025-09-08 20:00:00,2.87,2.9,2.82,2.83,88903
2025-09-08 21:00:00,2.83,2.83,2.82,2.83,30909
2025-09-08 22:00:00,2.83,2.83,2.83,2.83,5812
2025-09-08 23:00:00,2.83,2.85,2.76,2.78,31214
2025-09-09 00:00:00,2.78,2.79,2.77,2.78,36256
2025-09-09 01:00:00,2.78,2.79,2.77,2.78,37843
2025-09-09 02:00:00,2.78,2.79,2.77,2.78,36842
2025-09-09 03:00:00,2.78,2.78,2.77,2.78,37066
2025-09-09 04:00:00,2.78,2.79,2.77,2.78,36796
2025-09-09 05:00:00,2.78,2.78,2.78,2.78,36410
2025-09-09 06:00:00,2.78,2.78,2.77,2.78,37225
2025-09-09 07:00:00,2.78,2.79,2.77,2.78,34503
2025-09-09 08:00:00,2.78,2.79,2.75,2.76,71803
2025-09-09 09:00:00,2.76,2.77,2.72,2.74,67862
2025-09-09 10:00:00,2.74,2.76,2.73,2.75,70151
2025-09-09 11:00:00,2.75,2.76,2.72,2.73,74964
2025-09-09 12:00:00,2.73,2.74,2.72,2.73,68447
2025-09-09 13:00:00,2.73,2.73,2.71,2.72,89864
2025-09-09 14:00:00,2.72,2.73,2.71,2.72,86561
2025-09-09 15:00:00,2.72,2.73,2.71,2.72,89953
2025-09-09 16:00:00,2.72,2.74,2.71,2.73,91945
2025-09-09 17:00:00,2.73,2.74,2.71,2.72,86058
2025-09-09 18:00:00,2.72,2.73,2.71,2.72,91544
2025-09-09 19:00:00,2.72,2.73,2.71,2.73,88220
2025-09-09 20:00:00,2.73,2.74,2.72,2.73,90592
2025-09-09 21:00:00,2.73,2.73,2.73,2.73,28334
2025-09-09 22:00:00,2.73,2.73,2.73,2.73,6102
2025-09-09 23:00:00,2.73,2.73,2.72,2.73,31708
2025-09-10 00:00:00,2.73,2.73,2.73,2.73,35606
2025-09-10 01:00:00,2.73,2.74,2.73,2.73,34272
2025-09-10 02:00:00,2.73,2.73,2.73,2.73,36662
2025-09-10 03:00:00,2.73,2.73,2.73,2.73,36056
2025-09-10 04:00:00,2.73,2.74,2.72,2.73,35889
2025-09-10 05:00:00,2.73,2.73,2.73,2.73,34035
2025-09-10 06:00:00,2.73,2.73,2.72,2.73,34381
2025-09-10 07:00:00,2.73,2.74,2.73,2.73,35856
2025-09-10 08:00:00,2.73,2.74,2.72,2.73,68980
2025-09-10 09:00:00,2.73,2.75,2.71,2.74,73736
2025-09-10 10:00:00,2.74,2.76,2.73,2.75,70120
2025-09-10 11:00:00,2.75,2.76,2.74,2.75,69581
2025-09-10 12:00:00,2.75,2.76,2.74,2.75,70000
2025-09-10 13:00:00,2.75,2.76,2.73,2.74,90039
2025-09-10 14:00:00,2.74,2.75,2.73,2.74,92800
2025-09-10 15:00:00,2.74,2.75,2.73,2.74,88781
2025-09-10 16:00:00,2.74,2.78,2.64,2.69,92248
2025-09-10 17:00:00,2.69,2.7,2.67,2.68,93186
2025-09-10 18:00:00,2.68,2.69,2.67,2.68,84783
2025-09-10 19:00:00,2.68,2.69,2.66,2.68,88476
2025-09-10 20:00:00,2.68,2.69,2.67,2.68,89037
2025-09-10 21:00:00,2.68,2.68,2.68,2.68,30380
2025-09-10 22:00:00,2.68,2.68,2.68,2.68,6484
2025-09-10 23:00:00,2.68,2.7,2.58,2.63,31118
2025-09-11 00:00:00,2.63,2.63,2.63,2.63,35288
2025-09-11 01:00:00,2.63,2.64,2.62,2.63,35423
2025-09-11 02:00:00,2.63,2.63,2.63,2.63,33039
2025-09-11 03:00:00,2.63,2.64,2.63,2.63,36388
2025-09-11 04:00:00,2.63,2.63,2.63,2.63,33611
2025-09-11 05:00:00,2.63,2.63,2.63,2.63,36102
2025-09-11 06:00:00,2.63,2.63,2.63,2.63,35738
2025-09-11 07:00:00,2.63,2.64,2.63,2.63,35737
2025-09-11 08:00:00,2.63,2.64,2.62,2.63,73128
2025-09-11 09:00:00,2.63,2.71,2.59,2.66,72945
2025-09-11 10:00:00,2.66,2.67,2.65,2.66,73789
2025-09-11 11:00:00,2.66,2.67,2.65,2.66,72900
2025-09-11 12:00:00,2.66,2.67,2.65,2.66,70361
2025-09-11 13:00:00,2.66,2.67,2.65,2.66,93147
2025-09-11 14:00:00,2.66,2.67,2.64,2.65,89912
2025-09-11 15:00:00,2.65,2.66,2.64,2.65,91923
2025-09-11 16:00:00,2.65,2.66,2.64,2.65,86874
2025-09-11 17:00:00,2.65,2.66,2.63,2.64,84724
2025-09-11 18:00:00,2.64,2.65,2.63,2.64,89364
2025-09-11 19:00:00,2.64,2.7,2.57,2.6,94159
2025-09-11 20:00:00,2.6,2.61,2.59,2.6,86662
2025-09-11 21:00:00,2.6,2.6,2.5,2.57,32022
2025-09-11 22:00:00,2.57,2.57,2.57,2.57,6043
2025-09-11 23:00:00,2.57,2.57,2.57,2.57,30014
2025-09-12 00:00:00,2.57,2.57,2.57,2.57,36291
2025-09-12 01:00:00,2.57,2.57,2.57,2.57,34398
2025-09-12 02:00:00,2.57,2.58,2.56,2.57,34642
2025-09-12 03:00:00,2.57,2.57,2.57,2.57,36815
2025-09-12 04:00:00,2.57,2.57,2.57,2.57,36092
2025-09-12 05:00:00,2.57,2.57,2.57,2.57,36639
2025-09-12 06:00:00,2.57,2.57,2.57,2.57,37813
2025-09-12 07:00:00,2.57,2.57,2.56,2.57,34868
2025-09-12 08:00:00,2.57,2.58,2.56,2.57,72133
2025-09-12 09:00:00,2.57,2.59,2.51,2.53,75161
2025-09-12 10:00:00,2.53,2.54,2.52,2.53,70729
2025-09-12 11:00:00,2.53,2.54,2.52,2.53,72405
2025-09-12 12:00:00,2.53,2.54,2.52,2.53,71563
2025-09-12 13:00:00,2.53,2.62,2.5,2.57,88077
2025-09-12 14:00:00,2.57,2.67,2.52,2.61,94585
2025-09-12 15:00:00,2.61,2.62,2.6,2.61,89939
2025-09-12 16:00:00,2.61,2.63,2.6,2.62,98186
2025-09-12 17:00:00,2.62,2.63,2.6,2.61,87843
2025-09-12 18:00:00,2.61,2.74,2.54,2.66,91377
2025-09-12 19:00:00,2.66,2.67,2.63,2.64,89271
2025-09-12 20:00:00,2.64,2.65,2.63,2.64,84462
2025-09-12 21:00:00,2.64,2.64,2.64,2.64,28955
2025-09-12 22:00:00,2.64,2.64,2.64,2.64,6508
2025-09-12 23:00:00,2.64,2.64,2.63,2.64,30957
2025-09-15 00:00:00,2.64,2.65,2.64,2.64,36037
2025-09-15 01:00:00,2.64,2.65,2.64,2.64,33873
2025-09-15 02:00:00,2.64,2.65,2.63,2.64,38203
2025-09-15 03:00:00,2.64,2.64,2.63,2.64,37940
2025-09-15 04:00:00,2.64,2.64,2.64,2.64,39113
2025-09-15 05:00:00,2.64,2.64,2.64,2.64,34549
2025-09-15 06:00:00,2.64,2.64,2.64,2.64,34574
2025-09-15 07:00:00,2.64,2.64,2.63,2.64,35185
2025-09-15 08:00:00,2.64,2.65,2.63,2.64,71666
2025-09-15 09:00:00,2.64,2.65,2.63,2.64,74281
2025-09-15 10:00:00,2.64,2.65,2.63,2.64,75235
2025-09-15 11:00:00,2.64,2.65,2.63,2.64,80331
2025-09-15 12:00:00,2.64,2.65,2.63,2.64,73097
2025-09-15 13:00:00,2.64,2.66,2.63,2.65,90808
2025-09-15 14:00:00,2.65,2.66,2.64,2.65,88393
2025-09-15 15:00:00,2.65,2.66,2.63,2.64,95947
2025-09-15 16:00:00,2.64,2.65,2.63,2.64,89383
2025-09-15 17:00:00,2.64,2.65,2.63,2.64,90311
2025-09-15 18:00:00,2.64,2.65,2.63,2.64,89485
2025-09-15 19:00:00,2.64,2.65,2.62,2.63,91243
2025-09-15 20:00:00,2.63,2.64,2.62,2.63,92904
2025-09-15 21:00:00,2.63,2.64,2.63,2.63,30236
2025-09-15 22:00:00,2.63,2.72,2.57,2.58,6267
2025-09-15 23:00:00,2.58,2.58,2.58,2.58,30120
2025-09-16 00:00:00,2.58,2.58,2.58,2.58,37713
2025-09-16 01:00:00,2.58,2.58,2.58,2.58,36126
2025-09-16 02:00:00,2.58,2.58,2.58,2.58,35725
2025-09-16 03:00:00,2.58,2.59,2.58,2.58,37743
2025-09-16 04:00:00,2.58,2.58,2.58,2.58,35369
2025-09-16 05:00:00,2.58,2.58,2.58,2.58,36832
2025-09-16 06:00:00,2.58,2.68,2.58,2.62,33723
2025-09-16 07:00:00,2.62,2.63,2.61,2.62,36263
2025-09-16 08:00:00,2.62,2.63,2.61,2.62,74362
2025-09-16 09:00:00,2.62,2.63,2.61,2.62,72472
2025-09-16 10:00:00,2.62,2.63,2.61,2.62,69302
2025-09-16 11:00:00,2.62,2.63,2.61,2.62,71993
2025-09-16 12:00:00,2.62,2.63,2.61,2.63,69772
2025-09-16 13:00:00,2.63,2.64,2.62,2.64,91453
2025-09-16 14:00:00,2.64,2.7,2.59,2.68,94430
2025-09-16 15:00:00,2.68,2.7,2.67,2.69,92019
2025-09-16 16:00:00,2.69,2.7,2.59,2.65,93740
2025-09-16 17:00:00,2.65,2.66,2.64,2.65,91517
2025-09-16 18:00:00,2.65,2.66,2.64,2.65,83399
2025-09-16 19:00:00,2.65,2.66,2.64,2.65,94679
2025-09-16 20:00:00,2.65,2.66,2.64,2.65,94612
2025-09-16 21:00:00,2.65,2.65,2.65,2.65,30003
2025-09-16 22:00:00,2.65,2.65,2.65,2.65,6181
2025-09-16 23:00:00,2.65,2.65,2.65,2.65,29256
2025-09-17 00:00:00,2.65,2.65,2.65,2.65,36104
2025-09-17 01:00:00,2.65,2.65,2.65,2.65,35705
2025-09-17 02:00:00,2.65,2.65,2.65,2.65,36904
2025-09-17 03:00:00,2.65,2.65,2.64,2.65,36465
2025-09-17 04:00:00,2.65,2.72,2.61,2.69,35899
2025-09-17 05:00:00,2.69,2.69,2.69,2.69,36852
2025-09-17 06:00:00,2.69,2.69,2.69,2.69,34787
2025-09-17 07:00:00,2.69,2.69,2.69,2.69,38158
2025-09-17 08:00:00,2.69,2.7,2.68,2.69,69249
2025-09-17 09:00:00,2.69,2.7,2.66,2.68,76092
2025-09-17 10:00:00,2.68,2.7,2.67,2.68,71039
2025-09-17 11:00:00,2.68,2.69,2.67,2.68,75057
2025-09-17 12:00:00,2.68,2.69,2.67,2.68,76049
2025-09-17 13:00:00,2.68,2.69,2.67,2.68,93117
2025-09-17 14:00:00,2.68,2.69,2.67,2.68,87100
2025-09-17 15:00:00,2.68,2.69,2.67,2.68,89575
2025-09-17 16:00:00,2.68,2.69,2.67,2.68,86526
2025-09-17 17:00:00,2.68,2.7,2.67,2.69,91146
2025-09-17 18:00:00,2.69,2.7,2.67,2.69,88798
2025-09-17 19:00:00,2.69,2.7,2.68,2.69,80941
2025-09-17 20:00:00,2.69,2.7,2.68,2.69,93058
2025-09-17 21:00:00,2.69,2.69,2.69,2.69,30429
2025-09-17 22:00:00,2.69,2.69,2.69,2.69,5756
2025-09-17 23:00:00,2.69,2.69,2.69,2.69,29656
2025-09-18 00:00:00,2.69,2.7,2.69,2.69,34065
2025-09-18 01:00:00,2.69,2.69,2.68,2.69,36559
2025-09-18 02:00:00,2.69,2.7,2.69,2.69,36023
2025-09-18 03:00:00,2.69,2.69,2.68,2.69,37149
2025-09-18 04:00:00,2.69,2.69,2.68,2.69,37246
2025-09-18 05:00:00,2.69,2.69,2.69,2.69,34564
2025-09-18 06:00:00,2.69,2.69,2.69,2.69,37229
2025-09-18 07:00:00,2.69,2.7,2.69,2.69,38683
2025-09-18 08:00:00,2.69,2.7,2.68,2.69,69617
2025-09-18 09:00:00,2.69,2.7,2.68,2.69,68360
2025-09-18 10:00:00,2.69,2.75,2.62,2.64,74202
2025-09-18 11:00:00,2.64,2.65,2.63,2.64,70711
2025-09-18 12:00:00,2.64,2.65,2.63,2.64,77892
2025-09-18 13:00:00,2.64,2.67,2.59,2.61,90461
2025-09-18 14:00:00,2.61,2.62,2.6,2.61,85881
2025-09-18 15:00:00,2.61,2.62,2.6,2.61,88412
2025-09-18 16:00:00,2.61,2.62,2.59,2.6,94272
2025-09-18 17:00:00,2.6,2.61,2.59,2.6,83412
2025-09-18 18:00:00,2.6,2.61,2.57,2.58,89002
2025-09-18 19:00:00,2.58,2.59,2.57,2.58,93957
2025-09-18 20:00:00,2.58,2.59,2.57,2.58,85767
2025-09-18 21:00:00,2.58,2.58,2.58,2.58,29197
2025-09-18 22:00:00,2.58,2.58,2.58,2.58,5955
2025-09-18 23:00:00,2.58,2.63,2.51,2.57,29722
2025-09-19 00:00:00,2.57,2.57,2.57,2.57,34274
2025-09-19 01:00:00,2.57,2.57,2.56,2.57,36434
2025-09-19 02:00:00,2.57,2.57,2.57,2.57,35345
2025-09-19 03:00:00,2.57,2.57,2.57,2.57,35104
2025-09-19 04:00:00,2.57,2.57,2.57,2.57,35392
2025-09-19 05:00:00,2.57,2.57,2.56,2.57,36989
2025-09-19 06:00:00,2.57,2.58,2.57,2.57,36258
2025-09-19 07:00:00,2.57,2.58,2.47,2.52,36047
2025-09-19 08:00:00,2.52,2.53,2.51,2.52,72637
2025-09-19 09:00:00,2.52,2.53,2.51,2.52,71606
2025-09-19 10:00:00,2.52,2.53,2.51,2.52,67512
2025-09-19 11:00:00,2.52,2.53,2.51,2.52,73678
2025-09-19 12:00:00,2.52,2.53,2.51,2.52,72473
2025-09-19 13:00:00,2.52,2.53,2.51,2.52,87824
2025-09-19 14:00:00,2.52,2.53,2.51,2.52,90995
2025-09-19 15:00:00,2.52,2.54,2.51,2.53,89906
2025-09-19 16:00:00,2.53,2.54,2.52,2.53,82181
2025-09-19 17:00:00,2.53,2.54,2.52,2.53,92489
2025-09-19 18:00:00,2.53,2.54,2.52,2.53,87864
2025-09-19 19:00:00,2.53,2.54,2.52,2.53,95917
2025-09-19 20:00:00,2.53,2.54,2.52,2.53,84786
2025-09-19 21:00:00,2.53,2.53,2.53,2.53,30497
2025-09-19 22:00:00,2.53,2.53,2.53,2.53,5785
2025-09-19 23:00:00,2.53,2.53,2.53,2.53,29446
2025-09-22 00:00:00,2.53,2.53,2.52,2.53,35917
2025-09-22 01:00:00,2.53,2.53,2.53,2.53,34947
2025-09-22 02:00:00,2.53,2.53,2.53,2.53,37568
2025-09-22 03:00:00,2.53,2.53,2.53,2.53,37698
2025-09-22 04:00:00,2.53,2.53,2.53,2.53,35519
2025-09-22 05:00:00,2.53,2.53,2.52,2.53,33793
2025-09-22 06:00:00,2.53,2.53,2.53,2.53,36154
2025-09-22 07:00:00,2.53,2.53,2.53,2.53,36641
2025-09-22 08:00:00,2.53,2.54,2.52,2.53,70802
2025-09-22 09:00:00,2.53,2.54,2.52,2.53,73722
2025-09-22 10:00:00,2.53,2.54,2.52,2.53,72649
2025-09-22 11:00:00,2.53,2.54,2.52,2.53,72263
2025-09-22 12:00:00,2.53,2.54,2.52,2.53,71962
2025-09-22 13:00:00,2.53,2.54,2.52,2.52,96808
2025-09-22 14:00:00,2.52,2.63,2.44,2.56,91307
2025-09-22 15:00:00,2.56,2.57,2.54,2.55,88676
2025-09-22 16:00:00,2.55,2.56,2.53,2.53,91887
2025-09-22 17:00:00,2.53,2.57,2.51,2.56,95297
2025-09-22 18:00:00,2.56,2.58,2.55,2.57,89021
2025-09-22 19:00:00,2.57,2.6,2.56,2.6,86942
2025-09-22 20:00:00,2.6,2.63,2.59,2.62,88312
2025-09-22 21:00:00,2.62,2.63,2.61,2.62,29286
2025-09-22 22:00:00,2.62,2.62,2.62,2.62,6257
2025-09-22 23:00:00,2.62,2.62,2.61,2.62,29225
2025-09-23 00:00:00,2.62,2.63,2.61,2.62,34805
2025-09-23 01:00:00,2.62,2.63,2.61,2.62,37197
2025-09-23 02:00:00,2.62,2.63,2.61,2.62,34644
2025-09-23 03:00:00,2.62,2.62,2.62,2.62,35531
2025-09-23 04:00:00,2.62,2.63,2.61,2.62,37158
2025-09-23 05:00:00,2.62,2.63,2.61,2.62,36219
2025-09-23 06:00:00,2.62,2.63,2.61,2.62,36260
2025-09-23 07:00:00,2.62,2.63,2.61,2.62,33342
2025-09-23 08:00:00,2.62,2.67,2.62,2.65,68101
2025-09-23 09:00:00,2.65,2.68,2.64,2.67,73049
2025-09-23 10:00:00,2.67,2.77,2.63,2.72,72783
2025-09-23 11:00:00,2.72,2.77,2.71,2.76,70618
2025-09-23 12:00:00,2.76,2.78,2.74,2.76,73098
2025-09-23 13:00:00,2.76,2.76,2.74,2.75,88751
2025-09-23 14:00:00,2.75,2.77,2.72,2.77,88168
2025-09-23 15:00:00,2.77,2.78,2.74,2.74,85145
2025-09-23 16:00:00,2.74,2.76,2.71,2.75,86708
2025-09-23 17:00:00,2.75,2.78,2.74,2.76,95145
2025-09-23 18:00:00,2.76,2.81,2.75,2.8,88042
2025-09-23 19:00:00,2.8,2.83,2.78,2.8,89622
2025-09-23 20:00:00,2.8,2.81,2.77,2.79,86557
2025-09-23 21:00:00,2.79,2.8,2.78,2.79,31457
2025-09-23 22:00:00,2.79,2.79,2.79,2.79,6093
2025-09-23 23:00:00,2.79,2.8,2.79,2.79,29777
2025-09-24 00:00:00,2.79,2.8,2.78,2.79,36334
2025-09-24 01:00:00,2.79,2.8,2.78,2.79,37108
2025-09-24 02:00:00,2.79,2.8,2.78,2.79,36668
2025-09-24 03:00:00,2.79,2.8,2.78,2.79,36924
2025-09-24 04:00:00,2.79,2.8,2.79,2.79,33812
2025-09-24 05:00:00,2.79,2.83,2.72,2.83,36394
2025-09-24 06:00:00,2.83,2.84,2.83,2.83,35152
2025-09-24 07:00:00,2.83,2.83,2.83,2.83,36831
2025-09-24 08:00:00,2.83,2.84,2.82,2.83,74144
2025-09-24 09:00:00,2.83,2.94,2.77,2.83,74809
2025-09-24 10:00:00,2.83,2.84,2.82,2.83,68716
2025-09-24 11:00:00,2.83,2.84,2.82,2.83,69771
2025-09-24 12:00:00,2.83,2.84,2.82,2.83,72807
2025-09-24 13:00:00,2.83,2.86,2.82,2.85,85067
2025-09-24 14:00:00,2.85,2.86,2.84,2.85,93649
2025-09-24 15:00:00,2.85,2.88,2.84,2.86,93748
2025-09-24 16:00:00,2.86,2.87,2.85,2.86,85921
2025-09-24 17:00:00,2.86,2.87,2.85,2.86,88850
2025-09-24 18:00:00,2.86,2.87,2.84,2.85,86529
2025-09-24 19:00:00,2.85,2.86,2.83,2.84,94681
2025-09-24 20:00:00,2.84,2.87,2.83,2.85,89050
2025-09-24 21:00:00,2.85,2.86,2.85,2.85,28946
2025-09-24 22:00:00,2.85,2.85,2.85,2.85,6241
2025-09-24 23:00:00,2.85,2.91,2.78,2.89,31042
2025-09-25 00:00:00,2.89,2.89,2.89,2.89,38100
2025-09-25 01:00:00,2.89,2.9,2.89,2.89,38459
2025-09-25 02:00:00,2.89,2.9,2.89,2.89,35663
2025-09-25 03:00:00,2.89,2.89,2.89,2.89,37875
2025-09-25 04:00:00,2.89,2.9,2.88,2.89,34224
2025-09-25 05:00:00,2.89,2.9,2.88,2.89,34561
2025-09-25 06:00:00,2.89,2.9,2.88,2.89,36232
2025-09-25 07:00:00,2.89,2.89,2.89,2.89,35445
2025-09-25 08:00:00,2.89,2.9,2.88,2.89,71563
2025-09-25 09:00:00,2.89,2.9,2.88,2.89,73293
2025-09-25 10:00:00,2.89,2.9,2.86,2.86,69345
2025-09-25 11:00:00,2.86,2.88,2.85,2.87,74081
2025-09-25 12:00:00,2.87,2.88,2.83,2.84,72299
2025-09-25 13:00:00,2.84,2.86,2.81,2.83,91638
2025-09-25 14:00:00,2.83,2.86,2.82,2.84,94451
2025-09-25 15:00:00,2.84,2.86,2.8,2.85,91338
2025-09-25 16:00:00,2.85,2.86,2.8,2.81,96567
2025-09-25 17:00:00,2.81,2.88,2.77,2.83,90183
2025-09-25 18:00:00,2.83,2.84,2.78,2.8,88178
2025-09-25 19:00:00,2.8,2.89,2.77,2.81,91934
2025-09-25 20:00:00,2.81,2.84,2.79,2.83,85598
2025-09-25 21:00:00,2.83,2.84,2.83,2.83,29973
2025-09-25 22:00:00,2.83,2.83,2.83,2.83,6062
2025-09-25 23:00:00,2.83,2.84,2.82,2.83,30233
2025-09-26 00:00:00,2.83,2.84,2.82,2.83,35417
2025-09-26 01:00:00,2.83,2.83,2.82,2.83,35863
2025-09-26 02:00:00,2.83,2.84,2.82,2.83,38957
2025-09-26 03:00:00,2.83,2.83,2.82,2.83,36523
2025-09-26 04:00:00,2.83,2.84,2.82,2.83,36252
2025-09-26 05:00:00,2.83,2.84,2.82,2.83,36082
2025-09-26 06:00:00,2.83,2.84,2.82,2.83,33838
2025-09-26 07:00:00,2.83,2.89,2.76,2.79,37552
2025-09-26 08:00:00,2.79,2.82,2.76,2.81,73428
2025-09-26 09:00:00,2.81,2.83,2.79,2.8,72686
2025-09-26 10:00:00,2.8,2.81,2.77,2.78,70621
2025-09-26 11:00:00,2.78,2.8,2.77,2.78,67295
2025-09-26 12:00:00,2.78,2.79,2.77,2.78,72953
2025-09-26 13:00:00,2.78,2.79,2.73,2.74,89918
2025-09-26 14:00:00,2.74,2.75,2.69,2.71,93397
2025-09-26 15:00:00,2.71,2.72,2.66,2.67,93851
2025-09-26 16:00:00,2.67,2.69,2.62,2.65,91065
2025-09-26 17:00:00,2.65,2.66,2.62,2.64,92180
2025-09-26 18:00:00,2.64,2.67,2.61,2.64,85149
2025-09-26 19:00:00,2.64,2.65,2.56,2.58,91916
2025-09-26 20:00:00,2.58,2.61,2.57,2.6,88022
2025-09-26 21:00:00,2.6,2.6,2.59,2.6,29619
2025-09-26 22:00:00,2.6,2.6,2.6,2.6,5653
2025-09-26 23:00:00,2.6,2.61,2.59,2.6,29792
2025-09-29 00:00:00,2.6,2.61,2.59,2.6,34407
2025-09-29 01:00:00,2.6,2.61,2.59,2.6,37705
2025-09-29 02:00:00,2.6,2.6,2.59,2.6,35019
2025-09-29 03:00:00,2.6,2.6,2.59,2.6,35626
2025-09-29 04:00:00,2.6,2.61,2.59,2.6,35164
2025-09-29 05:00:00,2.6,2.64,2.56,2.63,35175
2025-09-29 06:00:00,2.63,2.63,2.62,2.63,36986
2025-09-29 07:00:00,2.63,2.63,2.63,2.63,35353
2025-09-29 08:00:00,2.63,2.66,2.61,2.63,71919
2025-09-29 09:00:00,2.63,2.65,2.62,2.63,67934
2025-09-29 10:00:00,2.63,2.64,2.59,2.6,73443
2025-09-29 11:00:00,2.6,2.61,2.59,2.6,68577
2025-09-29 12:00:00,2.6,2.65,2.51,2.62,73345
2025-09-29 13:00:00,2.62,2.71,2.6,2.66,91830
2025-09-29 14:00:00,2.66,2.68,2.56,2.62,87336
2025-09-29 15:00:00,2.62,2.63,2.58,2.59,92945
2025-09-29 16:00:00,2.59,2.61,2.56,2.57,87008
2025-09-29 17:00:00,2.57,2.58,2.55,2.56,88804
2025-09-29 18:00:00,2.56,2.58,2.51,2.51,92326
2025-09-29 19:00:00,2.51,2.52,2.46,2.47,89339
2025-09-29 20:00:00,2.47,2.48,2.45,2.46,89763
2025-09-29 21:00:00,2.46,2.5,2.39,2.43,32253
2025-09-29 22:00:00,2.43,2.43,2.43,2.43,5920
2025-09-29 23:00:00,2.43,2.44,2.43,2.43,28973
2025-09-30 00:00:00,2.43,2.43,2.42,2.43,38249
2025-09-30 01:00:00,2.43,2.44,2.42,2.43,37188
2025-09-30 02:00:00,2.43,2.43,2.42,2.43,38595
2025-09-30 03:00:00,2.43,2.43,2.43,2.43,37585
2025-09-30 04:00:00,2.43,2.43,2.42,2.43,37485
2025-09-30 05:00:00,2.43,2.43,2.42,2.43,38206
2025-09-30 06:00:00,2.43,2.44,2.42,2.43,34126
2025-09-30 07:00:00,2.43,2.43,2.42,2.43,37917
2025-09-30 08:00:00,2.43,2.44,2.42,2.43,71645
2025-09-30 09:00:00,2.43,2.44,2.41,2.43,72237
2025-09-30 10:00:00,2.43,2.44,2.41,2.42,72586
2025-09-30 11:00:00,2.42,2.43,2.39,2.39,72606
2025-09-30 12:00:00,2.39,2.4,2.36,2.38,69609
2025-09-30 13:00:00,2.38,2.39,2.37,2.38,91834
2025-09-30 14:00:00,2.38,2.42,2.37,2.41,92067
2025-09-30 15:00:00,2.41,2.42,2.38,2.39,92378
2025-09-30 16:00:00,2.39,2.42,2.37,2.4,87796
2025-09-30 17:00:00,2.4,2.42,2.36,2.37,91951
2025-09-30 18:00:00,2.37,2.38,2.35,2.37,89089
2025-09-30 19:00:00,2.37,2.38,2.34,2.34,86932
2025-09-30 20:00:00,2.34,2.35,2.3,2.31,89028
2025-09-30 21:00:00,2.31,2.31,2.31,2.31,30651
2025-09-30 22:00:00,2.31,2.31,2.31,2.31,5966
2025-09-30 23:00:00,2.31,2.31,2.3,2.31,29351
2025-10-01 00:00:00,2.31,2.31,2.3,2.31,36348
2025-10-01 01:00:00,2.31,2.31,2.3,2.31,36929
2025-10-01 02:00:00,2.31,2.31,2.3,2.31,35361
2025-10-01 03:00:00,2.31,2.31,2.3,2.31,36227
2025-10-01 04:00:00,2.31,2.32,2.3,2.31,35280
2025-10-01 05:00:00,2.31,2.31,2.3,2.31,37154
2025-10-01 06:00:00,2.31,2.32,2.3,2.31,36934
2025-10-01 07:00:00,2.31,2.32,2.3,2.31,37482
2025-10-01 08:00:00,2.31,2.32,2.3,2.31,71738
2025-10-01 09:00:00,2.31,2.33,2.3,2.32,72100
2025-10-01 10:00:00,2.32,2.33,2.3,2.31,71323
2025-10-01 11:00:00,2.31,2.32,2.3,2.31,69173
2025-10-01 12:00:00,2.31,2.32,2.3,2.31,70245
2025-10-01 13:00:00,2.31,2.32,2.3,2.31,89233
2025-10-01 14:00:00,2.31,2.33,2.29,2.3,90483
2025-10-01 15:00:00,2.3,2.31,2.27,2.29,91178
2025-10-01 16:00:00,2.29,2.3,2.24,2.25,89068
2025-10-01 17:00:00,2.25,2.26,2.23,2.24,91360
2025-10-01 18:00:00,2.24,2.31,2.19,2.2,95375
2025-10-01 19:00:00,2.2,2.21,2.17,2.18,89097
2025-10-01 20:00:00,2.18,2.19,2.15,2.15,86521
2025-10-01 21:00:00,2.15,2.15,2.14,2.15,30550
2025-10-01 22:00:00,2.15,2.15,2.15,2.15,6040
2025-10-01 23:00:00,2.15,2.15,2.15,2.15,30277
2025-10-02 00:00:00,2.15,2.15,2.14,2.15,36703
2025-10-02 01:00:00,2.15,2.15,2.14,2.15,35694
2025-10-02 02:00:00,2.15,2.16,2.14,2.15,34841
2025-10-02 03:00:00,2.15,2.15,2.15,2.15,35390
2025-10-02 04:00:00,2.15,2.15,2.14,2.15,36491
2025-10-02 05:00:00,2.15,2.15,2.15,2.15,35770
2025-10-02 06:00:00,2.15,2.15,2.15,2.15,35162
2025-10-02 07:00:00,2.15,2.15,2.14,2.15,34448
2025-10-02 08:00:00,2.15,2.16,2.14,2.15,73158
2025-10-02 09:00:00,2.15,2.16,2.13,2.14,74225
2025-10-02 10:00:00,2.14,2.15,2.13,2.14,70855
2025-10-02 11:00:00,2.14,2.15,2.13,2.14,76258
2025-10-02 12:00:00,2.14,2.15,2.11,2.12,67654
2025-10-02 13:00:00,2.12,2.13,2.11,2.12,83417
2025-10-02 14:00:00,2.12,2.13,2.11,2.12,87167
2025-10-02 15:00:00,2.12,2.14,2.11,2.12,91163
2025-10-02 16:00:00,2.12,2.13,2.11,2.12,94412
2025-10-02 17:00:00,2.12,2.14,2.03,2.12,91494
2025-10-02 18:00:00,2.12,2.13,2.11,2.12,88400
2025-10-02 19:00:00,2.12,2.13,2.11,2.12,82048
2025-10-02 20:00:00,2.12,2.13,2.11,2.12,91663
2025-10-02 21:00:00,2.12,2.12,2.12,2.12,28170
2025-10-02 22:00:00,2.12,2.17,2.09,2.16,5701
2025-10-02 23:00:00,2.16,2.16,2.16,2.16,32057
2025-10-03 00:00:00,2.16,2.16,2.16,2.16,34429
2025-10-03 01:00:00,2.16,2.16,2.16,2.16,37380
2025-10-03 02:00:00,2.16,2.16,2.16,2.16,35949
2025-10-03 03:00:00,2.16,2.16,2.16,2.16,34747
2025-10-03 04:00:00,2.16,2.16,2.16,2.16,35537
2025-10-03 05:00:00,2.16,2.16,2.16,2.16,36156
2025-10-03 06:00:00,2.16,2.16,2.16,2.16,35694
2025-10-03 07:00:00,2.16,2.16,2.16,2.16,34499
2025-10-03 08:00:00,2.16,2.17,2.15,2.16,73722
2025-10-03 09:00:00,2.16,2.17,2.15,2.16,71394
2025-10-03 10:00:00,2.16,2.17,2.15,2.16,72457
2025-10-03 11:00:00,2.16,2.17,2.15,2.16,69966
2025-10-03 12:00:00,2.16,2.17,2.15,2.16,73679
2025-10-03 13:00:00,2.16,2.17,2.15,2.16,88441
2025-10-03 14:00:00,2.16,2.17,2.15,2.16,90312
2025-10-03 15:00:00,2.16,2.17,2.15,2.16,89010
2025-10-03 16:00:00,2.16,2.17,2.15,2.16,92053
2025-10-03 17:00:00,2.16,2.17,2.15,2.16,87957
2025-10-03 18:00:00,2.16,2.17,2.15,2.16,99033
2025-10-03 19:00:00,2.16,2.17,2.15,2.16,95708
2025-10-03 20:00:00,2.16,2.17,2.15,2.16,88310
2025-10-03 21:00:00,2.16,2.16,2.16,2.16,29613
2025-10-03 22:00:00,2.16,2.16,2.16,2.16,5874
2025-10-03 23:00:00,2.16,2.16,2.16,2.16,30610
2025-10-06 00:00:00,2.16,2.16,2.16,2.16,35859
2025-10-06 01:00:00,2.16,2.16,2.16,2.16,36786
2025-10-06 02:00:00,2.16,2.16,2.15,2.16,36888
2025-10-06 03:00:00,2.16,2.16,2.15,2.16,35791
2025-10-06 04:00:00,2.16,2.16,2.16,2.16,37402
2025-10-06 05:00:00,2.16,2.16,2.16,2.16,37538
2025-10-06 06:00:00,2.16,2.16,2.16,2.16,34449
2025-10-06 07:00:00,2.16,2.16,2.16,2.16,35731
2025-10-06 08:00:00,2.16,2.17,2.15,2.16,70875
2025-10-06 09:00:00,2.16,2.17,2.16,2.16,75576
2025-10-06 10:00:00,2.16,2.17,2.15,2.16,71299
2025-10-06 11:00:00,2.16,2.17,2.15,2.16,69838
2025-10-06 12:00:00,2.16,2.17,2.15,2.16,73162
2025-10-06 13:00:00,2.16,2.17,2.15,2.16,89564
2025-10-06 14:00:00,2.16,2.17,2.15,2.16,83025
2025-10-06 15:00:00,2.16,2.17,2.15,2.16,86738
2025-10-06 16:00:00,2.16,2.17,2.15,2.16,89776
2025-10-06 17:00:00,2.16,2.17,2.15,2.16,90169
2025-10-06 18:00:00,2.16,2.17,2.15,2.16,92103
2025-10-06 19:00:00,2.16,2.17,2.15,2.16,93003
2025-10-06 20:00:00,2.16,2.17,2.15,2.16,92875
2025-10-06 21:00:00,2.16,2.16,2.16,2.16,31142
2025-10-06 22:00:00,2.16,2.16,2.16,2.16,5912
2025-10-06 23:00:00,2.16,2.16,2.16,2.16,31114
2025-10-07 00:00:00,2.16,2.16,2.16,2.16,37544
2025-10-07 01:00:00,2.16,2.16,2.16,2.16,35772
2025-10-07 02:00:00,2.16,2.16,2.16,2.16,34375
2025-10-07 03:00:00,2.16,2.16,2.16,2.16,36819
2025-10-07 04:00:00,2.16,2.16,2.16,2.16,36106
2025-10-07 05:00:00,2.16,2.27,2.11,2.2,35233
2025-10-07 06:00:00,2.2,2.2,2.2,2.2,36148
2025-10-07 07:00:00,2.2,2.2,2.2,2.2,38639
2025-10-07 08:00:00,2.2,2.21,2.19,2.2,69956
2025-10-07 09:00:00,2.2,2.21,2.19,2.2,72312
2025-10-07 10:00:00,2.2,2.21,2.19,2.2,72857
2025-10-07 11:00:00,2.2,2.21,2.19,2.2,78636
2025-10-07 12:00:00,2.2,2.21,2.19,2.2,76284
2025-10-07 13:00:00,2.2,2.21,2.19,2.2,90425
2025-10-07 14:00:00,2.2,2.21,2.19,2.2,84771
2025-10-07 15:00:00,2.2,2.21,2.19,2.2,82705
2025-10-07 16:00:00,2.2,2.21,2.19,2.2,89128
2025-10-07 17:00:00,2.2,2.21,2.19,2.2,88597
2025-10-07 18:00:00,2.2,2.21,2.19,2.2,92733
2025-10-07 19:00:00,2.2,2.22,2.19,2.21,90274
2025-10-07 20:00:00,2.21,2.22,2.13,2.17,90832
2025-10-07 21:00:00,2.17,2.17,2.17,2.17,30170
2025-10-07 22:00:00,2.17,2.17,2.17,2.17,6166
2025-10-07 23:00:00,2.17,2.17,2.17,2.17,29409
2025-10-08 00:00:00,2.17,2.18,2.17,2.17,38495
2025-10-08 01:00:00,2.17,2.17,2.17,2.17,35187
2025-10-08 02:00:00,2.17,2.17,2.17,2.17,35305
2025-10-08 03:00:00,2.17,2.17,2.17,2.17,33519
2025-10-08 04:00:00,2.17,2.17,2.16,2.17,36402
2025-10-08 05:00:00,2.17,2.17,2.17,2.17,36357
2025-10-08 06:00:00,2.17,2.17,2.17,2.17,36262
2025-10-08 07:00:00,2.17,2.17,2.17,2.17,36077
2025-10-08 08:00:00,2.17,2.18,2.16,2.17,70341
2025-10-08 09:00:00,2.17,2.18,2.16,2.17,71306
2025-10-08 10:00:00,2.17,2.18,2.16,2.17,70924
2025-10-08 11:00:00,2.17,2.18,2.17,2.17,72081
2025-10-08 12:00:00,2.17,2.18,2.16,2.17,72850
2025-10-08 13:00:00,2.17,2.18,2.16,2.17,100267
2025-10-08 14:00:00,2.17,2.18,2.16,2.17,88956
2025-10-08 15:00:00,2.17,2.18,2.16,2.17,92394
2025-10-08 16:00:00,2.17,2.18,2.16,2.17,90557
2025-10-08 17:00:00,2.17,2.18,2.16,2.17,90433
2025-10-08 18:00:00,2.17,2.18,2.16,2.17,93521
2025-10-08 19:00:00,2.17,2.18,2.16,2.17,84336
2025-10-08 20:00:00,2.17,2.18,2.16,2.17,93288
2025-10-08 21:00:00,2.17,2.17,2.17,2.17,30543
2025-10-08 22:00:00,2.17,2.17,2.17,2.17,5881
2025-10-08 23:00:00,2.17,2.17,2.17,2.17,29372
2025-10-09 00:00:00,2.17,2.17,2.17,2.17,35112
2025-10-09 01:00:00,2.17,2.17,2.17,2.17,34819
2025-10-09 02:00:00,2.17,2.17,2.17,2.17,35096
2025-10-09 03:00:00,2.17,2.17,2.17,2.17,35826
2025-10-09 04:00:00,2.17,2.21,2.1,2.14,37235
2025-10-09 05:00:00,2.14,2.14,2.14,2.14,37437
2025-10-09 06:00:00,2.14,2.14,2.14,2.14,35814
2025-10-09 07:00:00,2.14,2.14,2.14,2.14,35698
2025-10-09 08:00:00,2.14,2.15,2.13,2.14,74320
2025-10-09 09:00:00,2.14,2.15,2.13,2.14,74309
2025-10-09 10:00:00,2.14,2.15,2.13,2.14,73090
2025-10-09 11:00:00,2.14,2.15,2.13,2.14,72861
2025-10-09 12:00:00,2.14,2.14,2.13,2.14,72515
2025-10-09 13:00:00,2.14,2.15,2.13,2.14,88102
2025-10-09 14:00:00,2.14,2.15,2.13,2.14,89798
2025-10-09 15:00:00,2.14,2.15,2.13,2.14,90793
2025-10-09 16:00:00,2.14,2.15,2.09,2.11,90645
2025-10-09 17:00:00,2.11,2.12,2.1,2.11,86842
2025-10-09 18:00:00,2.11,2.12,2.1,2.11,83318
2025-10-09 19:00:00,2.11,2.12,2.1,2.11,89146
2025-10-09 20:00:00,2.11,2.12,2.1,2.11,86567
2025-10-09 21:00:00,2.11,2.17,2.03,2.07,29177
2025-10-09 22:00:00,2.07,2.07,2.07,2.07,5433
2025-10-09 23:00:00,2.07,2.07,2.07,2.07,30654
2025-10-10 00:00:00,2.07,2.07,2.06,2.07,36775
2025-10-10 01:00:00,2.07,2.07,2.07,2.07,35811
2025-10-10 02:00:00,2.07,2.07,2.07,2.07,35482
2025-10-10 03:00:00,2.07,2.07,2.07,2.07,36073
2025-10-10 04:00:00,2.07,2.07,2.07,2.07,35492
2025-10-10 05:00:00,2.07,2.07,2.07,2.07,34986
2025-10-10 06:00:00,2.07,2.07,2.07,2.07,37866
2025-10-10 07:00:00,2.07,2.07,2.07,2.07,34027
2025-10-10 08:00:00,2.07,2.08,2.06,2.07,71208
2025-10-10 09:00:00,2.07,2.07,2.06,2.07,71281
2025-10-10 10:00:00,2.07,2.08,2.06,2.07,70983
2025-10-10 11:00:00,2.07,2.08,2.06,2.07,76475
2025-10-10 12:00:00,2.07,2.08,2.06,2.07,71578
2025-10-10 13:00:00,2.07,2.08,2.06,2.07,87896
2025-10-10 14:00:00,2.07,2.08,2.06,2.07,88988
2025-10-10 15:00:00,2.07,2.08,2.06,2.07,92996
2025-10-10 16:00:00,2.07,2.08,2.06,2.07,87969
2025-10-10 17:00:00,2.07,2.08,2.06,2.07,89995
2025-10-10 18:00:00,2.07,2.08,2.06,2.07,93162
2025-10-10 19:00:00,2.07,2.08,2.06,2.07,90504
2025-10-10 20:00:00,2.07,2.13,1.99,2.04,90569
2025-10-10 21:00:00,2.04,2.13,2.03,2.07,29829
2025-10-10 22:00:00,2.07,2.07,2.07,2.07,6492
2025-10-10 23:00:00,2.07,2.07,2.07,2.07,29726
2025-10-13 00:00:00,2.07,2.11,1.98,2.03,34331
2025-10-13 01:00:00,2.03,2.03,2.03,2.03,34806
2025-10-13 02:00:00,2.03,2.03,2.03,2.03,35711
2025-10-13 03:00:00,2.03,2.03,2.03,2.03,35545
2025-10-13 04:00:00,2.03,2.03,2.03,2.03,36160
2025-10-13 05:00:00,2.03,2.03,2.03,2.03,35589
2025-10-13 06:00:00,2.03,2.03,2.03,2.03,35800
2025-10-13 07:00:00,2.03,2.03,2.03,2.03,36043
2025-10-13 08:00:00,2.03,2.03,2.02,2.03,69109
2025-10-13 09:00:00,2.03,2.03,2.02,2.03,69945
2025-10-13 10:00:00,2.03,2.04,2.02,2.03,73656
2025-10-13 11:00:00,2.03,2.04,2.02,2.03,67860
2025-10-13 12:00:00,2.03,2.12,2.01,2.06,74152
2025-10-13 13:00:00,2.06,2.07,2.05,2.06,92268
2025-10-13 14:00:00,2.06,2.07,2.05,2.06,96043
2025-10-13 15:00:00,2.06,2.07,2.05,2.06,95811
2025-10-13 16:00:00,2.06,2.07,2.04,2.05,87935
2025-10-13 17:00:00,2.05,2.06,2.04,2.05,87721
2025-10-13 18:00:00,2.05,2.06,2.04,2.05,89638
2025-10-13 19:00:00,2.05,2.06,2.04,2.05,92794
2025-10-13 20:00:00,2.05,2.06,2.04,2.05,88944
2025-10-13 21:00:00,2.05,2.05,2.05,2.05,28610
2025-10-13 22:00:00,2.05,2.14,2.02,2.08,5961
2025-10-13 23:00:00,2.08,2.1,1.9,2.04,30225
2025-10-14 00:00:00,2.04,2.04,2.04,2.04,34792
2025-10-14 01:00:00,2.04,2.04,2.04,2.04,32770
2025-10-14 02:00:00,2.04,2.04,2.04,2.04,38187
2025-10-14 03:00:00,2.04,2.04,2.04,2.04,34640
2025-10-14 04:00:00,2.04,2.09,2.0,2.07,36312
2025-10-14 05:00:00,2.07,2.08,2.06,2.07,35710
2025-10-14 06:00:00,2.07,2.07,2.07,2.07,36102
2025-10-14 07:00:00,2.07,2.08,2.07,2.07,34641
2025-10-14 08:00:00,2.07,2.09,2.06,2.08,70703
2025-10-14 09:00:00,2.08,2.09,2.06,2.07,75265
2025-10-14 10:00:00,2.07,2.08,2.06,2.07,73313
2025-10-14 11:00:00,2.07,2.08,2.06,2.07,70503
2025-10-14 12:00:00,2.07,2.08,2.06,2.07,72377
2025-10-14 13:00:00,2.07,2.12,2.01,2.11,96651
2025-10-14 14:00:00,2.11,2.13,2.1,2.13,93517
2025-10-14 15:00:00,2.13,2.2,2.08,2.19,93086
2025-10-14 16:00:00,2.19,2.2,2.17,2.18,93578
2025-10-14 17:00:00,2.18,2.19,2.15,2.18,91967
2025-10-14 18:00:00,2.18,2.2,2.17,2.18,86779
2025-10-14 19:00:00,2.18,2.2,2.17,2.19,94555
2025-10-14 20:00:00,2.19,2.2,2.17,2.18,90367
2025-10-14 21:00:00,2.18,2.19,2.18,2.18,32263
2025-10-14 22:00:00,2.18,2.18,2.18,2.18,5629
2025-10-14 23:00:00,2.18,2.19,2.17,2.18,29186
2025-10-15 00:00:00,2.18,2.19,2.17,2.18,34185
2025-10-15 01:00:00,2.18,2.22,2.12,2.15,35535
2025-10-15 02:00:00,2.15,2.21,2.07,2.12,36024
2025-10-15 03:00:00,2.12,2.13,2.12,2.12,34833
2025-10-15 04:00:00,2.12,2.13,2.12,2.12,36503
2025-10-15 05:00:00,2.12,2.13,2.12,2.12,34042
2025-10-15 06:00:00,2.12,2.13,2.12,2.12,34553
2025-10-15 07:00:00,2.12,2.12,2.12,2.12,36005
2025-10-15 08:00:00,2.12,2.13,2.11,2.12,73991
2025-10-15 09:00:00,2.12,2.13,2.11,2.12,67438
2025-10-15 10:00:00,2.12,2.12,2.11,2.12,78055
2025-10-15 11:00:00,2.12,2.13,2.11,2.12,70349
2025-10-15 12:00:00,2.12,2.12,2.11,2.12,71690
2025-10-15 13:00:00,2.12,2.13,2.11,2.12,92531
2025-10-15 14:00:00,2.12,2.13,2.11,2.12,96146
2025-10-15 15:00:00,2.12,2.19,2.08,2.15,92097
2025-10-15 16:00:00,2.15,2.16,2.14,2.14,96532
2025-10-15 17:00:00,2.14,2.15,2.13,2.14,87875
2025-10-15 18:00:00,2.14,2.16,2.12,2.14,89684
2025-10-15 19:00:00,2.14,2.15,2.13,2.14,91323
2025-10-15 20:00:00,2.14,2.15,2.13,2.14,95599
2025-10-15 21:00:00,2.14,2.14,2.14,2.14,29762
2025-10-15 22:00:00,2.14,2.14,2.14,2.14,5890
2025-10-15 23:00:00,2.14,2.14,2.14,2.14,28842
2025-10-16 00:00:00,2.14,2.14,2.14,2.14,37908
2025-10-16 01:00:00,2.14,2.14,2.14,2.14,35017
2025-10-16 02:00:00,2.14,2.14,2.14,2.14,35980
2025-10-16 03:00:00,2.14,2.14,2.14,2.14,35139
2025-10-16 04:00:00,2.14,2.15,2.13,2.14,36473
2025-10-16 05:00:00,2.14,2.14,2.14,2.14,37651
2025-10-16 06:00:00,2.14,2.18,2.06,2.1,37701
2025-10-16 07:00:00,2.1,2.1,2.1,2.1,37300
2025-10-16 08:00:00,2.1,2.11,2.1,2.1,71040
2025-10-16 09:00:00,2.1,2.11,2.09,2.1,70567
2025-10-16 10:00:00,2.1,2.1,2.09,2.1,67056
2025-10-16 11:00:00,2.1,2.11,2.09,2.1,77483
2025-10-16 12:00:00,2.1,2.11,2.09,2.1,70643
2025-10-16 13:00:00,2.1,2.11,2.09,2.1,86866
2025-10-16 14:00:00,2.1,2.11,2.09,2.1,90456
2025-10-16 15:00:00,2.1,2.11,2.09,2.1,88060
2025-10-16 16:00:00,2.1,2.11,2.09,2.1,95905
2025-10-16 17:00:00,2.1,2.11,2.09,2.1,87851
2025-10-16 18:00:00,2.1,2.11,2.09,2.1,93566
2025-10-16 19:00:00,2.1,2.17,2.09,2.14,89802
2025-10-16 20:00:00,2.14,2.23,2.11,2.21,93249
2025-10-16 21:00:00,2.21,2.22,2.19,2.21,30507
2025-10-16 22:00:00,2.21,2.22,2.21,2.21,6071
2025-10-16 23:00:00,2.21,2.22,2.19,2.21,31184
2025-10-17 00:00:00,2.21,2.24,2.19,2.21,38208
2025-10-17 01:00:00,2.21,2.22,2.18,2.19,36497
2025-10-17 02:00:00,2.19,2.23,2.17,2.22,35627
2025-10-17 03:00:00,2.22,2.24,2.18,2.19,36314
2025-10-17 04:00:00,2.19,2.23,2.16,2.22,34117
2025-10-17 05:00:00,2.22,2.29,2.21,2.28,35003
2025-10-17 06:00:00,2.28,2.3,2.23,2.23,35299
2025-10-17 07:00:00,2.23,2.23,2.19,2.2,33914
2025-10-17 08:00:00,2.2,2.24,2.07,2.17,69230
2025-10-17 09:00:00,2.17,2.21,2.11,2.14,73066
2025-10-17 10:00:00,2.14,2.2,2.12,2.17,73530
2025-10-17 11:00:00,2.17,2.18,2.03,2.05,68049
2025-10-17 12:00:00,2.05,2.05,1.97,2.01,72510
2025-10-17 13:00:00,2.01,2.05,1.94,2.0,91668
2025-10-17 14:00:00,2.0,2.05,1.95,1.97,86658
2025-10-17 15:00:00,1.97,2.02,1.91,1.95,91841
2025-10-17 16:00:00,1.95,1.96,1.87,1.88,89798
2025-10-17 17:00:00,1.88,1.9,1.78,1.8,85556
2025-10-17 18:00:00,1.8,1.84,1.77,1.81,98352
2025-10-17 19:00:00,1.81,1.83,1.74,1.76,85591
2025-10-17 20:00:00,1.76,1.78,1.63,1.69,89613
2025-10-17 21:00:00,1.69,1.7,1.68,1.69,29728
2025-10-17 22:00:00,1.69,1.69,1.69,1.69,6193
2025-10-17 23:00:00,1.69,1.7,1.68,1.69,29215
2025-10-20 00:00:00,1.69,1.7,1.67,1.68,36425
2025-10-20 01:00:00,1.68,1.69,1.63,1.64,35438
2025-10-20 02:00:00,1.64,1.67,1.6,1.61,36158
2025-10-20 03:00:00,1.61,1.64,1.6,1.63,36937
2025-10-20 04:00:00,1.63,1.64,1.61,1.62,36016
2025-10-20 05:00:00,1.62,1.7,1.56,1.59,35362
2025-10-20 06:00:00,1.59,1.62,1.58,1.59,33579
2025-10-20 07:00:00,1.59,1.6,1.58,1.6,37700
2025-10-20 08:00:00,1.6,1.62,1.52,1.54,72388
2025-10-20 09:00:00,1.54,1.57,1.49,1.51,73493
2025-10-20 10:00:00,1.51,1.54,1.49,1.51,70726
2025-10-20 11:00:00,1.51,1.55,1.47,1.5,73098
2025-10-20 12:00:00,1.5,1.53,1.46,1.51,71769
2025-10-20 13:00:00,1.51,1.59,1.48,1.58,93168
2025-10-20 14:00:00,1.58,1.64,1.54,1.59,87746
2025-10-20 15:00:00,1.59,1.63,1.56,1.58,91015
2025-10-20 16:00:00,1.58,1.65,1.55,1.61,89142
2025-10-20 17:00:00,1.61,1.74,1.6,1.72,91278
2025-10-20 18:00:00,1.72,1.73,1.59,1.63,83726
2025-10-20 19:00:00,1.63,1.69,1.62,1.65,91436
2025-10-20 20:00:00,1.65,1.75,1.63,1.73,88511
2025-10-20 21:00:00,1.73,1.74,1.71,1.72,30088
2025-10-20 22:00:00,1.72,1.72,1.72,1.72,6055
2025-10-20 23:00:00,1.72,1.73,1.7,1.71,29843
2025-10-21 00:00:00,1.71,1.75,1.7,1.74,38602
2025-10-21 01:00:00,1.74,1.75,1.72,1.74,34128
2025-10-21 02:00:00,1.74,1.76,1.72,1.74,35973
2025-10-21 03:00:00,1.74,1.75,1.71,1.73,33577
2025-10-21 04:00:00,1.73,1.75,1.71,1.72,34638
2025-10-21 05:00:00,1.72,1.72,1.7,1.71,34064
2025-10-21 06:00:00,1.71,1.76,1.7,1.74,35924
2025-10-21 07:00:00,1.74,1.76,1.72,1.74,35287
2025-10-21 08:00:00,1.74,1.8,1.72,1.78,68651
2025-10-21 09:00:00,1.78,1.82,1.75,1.81,76760
2025-10-21 10:00:00,1.81,1.88,1.77,1.83,74331
2025-10-21 11:00:00,1.83,1.88,1.83,1.87,73717
2025-10-21 12:00:00,1.87,1.97,1.86,1.9,69539
2025-10-21 13:00:00,1.9,1.97,1.87,1.92,82496
2025-10-21 14:00:00,1.92,1.97,1.88,1.94,89750
2025-10-21 15:00:00,1.94,2.0,1.91,1.96,91417
2025-10-21 16:00:00,1.96,2.03,1.92,2.01,88945
2025-10-21 17:00:00,2.01,2.04,1.89,1.92,87536
2025-10-21 18:00:00,1.92,1.99,1.84,1.85,83762
2025-10-21 19:00:00,1.85,1.86,1.79,1.82,85945
2025-10-21 20:00:00,1.82,1.92,1.78,1.84,92223
2025-10-21 21:00:00,1.84,1.86,1.83,1.85,28806
2025-10-21 22:00:00,1.85,1.85,1.85,1.85,6060
2025-10-21 23:00:00,1.85,1.86,1.83,1.84,30355
2025-10-22 00:00:00,1.84,1.85,1.83,1.84,36220
2025-10-22 01:00:00,1.84,1.85,1.8,1.83,35760
2025-10-22 02:00:00,1.83,1.84,1.8,1.82,36127
2025-10-22 03:00:00,1.82,1.85,1.81,1.83,33421
2025-10-22 04:00:00,1.83,1.84,1.81,1.83,35027
2025-10-22 05:00:00,1.83,1.83,1.83,1.83,33800
2025-10-22 06:00:00,1.83,1.83,1.83,1.83,35533
2025-10-22 07:00:00,1.83,1.88,1.82,1.86,36068
2025-10-22 08:00:00,1.86,1.86,1.86,1.86,68599
2025-10-22 09:00:00,1.86,1.93,1.79,1.83,71184
2025-10-22 10:00:00,1.83,1.83,1.82,1.83,73366
2025-10-22 11:00:00,1.83,1.83,1.82,1.83,73661
2025-10-22 12:00:00,1.83,1.83,1.82,1.83,68199
2025-10-22 13:00:00,1.83,1.84,1.82,1.83,84616
2025-10-22 14:00:00,1.83,1.84,1.82,1.83,85585
2025-10-22 15:00:00,1.83,1.84,1.82,1.83,92141
2025-10-22 16:00:00,1.83,1.84,1.82,1.83,89544
2025-10-22 17:00:00,1.83,1.84,1.82,1.83,85355
2025-10-22 18:00:00,1.83,1.84,1.83,1.83,90996
2025-10-22 19:00:00,1.83,1.84,1.82,1.83,94574
2025-10-22 20:00:00,1.83,1.84,1.82,1.83,88261
2025-10-22 21:00:00,1.83,1.87,1.8,1.8,30769
2025-10-22 22:00:00,1.8,1.8,1.8,1.8,6118
2025-10-22 23:00:00,1.8,1.8,1.8,1.8,27819
2025-10-23 00:00:00,1.8,1.8,1.8,1.8,33740
2025-10-23 01:00:00,1.8,1.8,1.8,1.8,35970
2025-10-23 02:00:00,1.8,1.8,1.8,1.8,35877
2025-10-23 03:00:00,1.8,1.8,1.8,1.8,35868
2025-10-23 04:00:00,1.8,1.8,1.8,1.8,32867
2025-10-23 05:00:00,1.8,1.8,1.8,1.8,35450
2025-10-23 06:00:00,1.8,1.8,1.8,1.8,34035
2025-10-23 07:00:00,1.8,1.8,1.8,1.8,37240
2025-10-23 08:00:00,1.8,1.83,1.74,1.78,76951
2025-10-23 09:00:00,1.78,1.79,1.77,1.78,66173
2025-10-23 10:00:00,1.78,1.81,1.7,1.77,72277
2025-10-23 11:00:00,1.77,1.77,1.76,1.77,71795
2025-10-23 12:00:00,1.77,1.77,1.77,1.77,72633
2025-10-23 13:00:00,1.77,1.77,1.77,1.77,93514
2025-10-23 14:00:00,1.77,1.78,1.76,1.77,90876
2025-10-23 15:00:00,1.77,1.78,1.76,1.77,89046
2025-10-23 16:00:00,1.77,1.77,1.76,1.77,92692
2025-10-23 17:00:00,1.77,1.78,1.76,1.77,89706
2025-10-23 18:00:00,1.77,1.78,1.76,1.77,91333
2025-10-23 19:00:00,1.77,1.78,1.76,1.77,89294
2025-10-23 20:00:00,1.77,1.78,1.76,1.77,94403
2025-10-23 21:00:00,1.77,1.77,1.77,1.77,29914
2025-10-23 22:00:00,1.77,1.77,1.77,1.77,6059
2025-10-23 23:00:00,1.77,1.77,1.77,1.77,28827
2025-10-24 00:00:00,1.77,1.77,1.77,1.77,32625
2025-10-24 01:00:00,1.77,1.77,1.77,1.77,35643
2025-10-24 02:00:00,1.77,1.8,1.75,1.8,33916
2025-10-24 03:00:00,1.8,1.8,1.8,1.8,35436
2025-10-24 04:00:00,1.8,1.8,1.8,1.8,34766
2025-10-24 05:00:00,1.8,1.8,1.8,1.8,37131
2025-10-24 06:00:00,1.8,1.86,1.79,1.83,34036
2025-10-24 07:00:00,1.83,1.83,1.83,1.83,37286
2025-10-24 08:00:00,1.83,1.93,1.78,1.88,73746
2025-10-24 09:00:00,1.88,1.89,1.88,1.88,68835
2025-10-24 10:00:00,1.88,1.88,1.87,1.88,71174
2025-10-24 11:00:00,1.88,1.89,1.87,1.88,72754
2025-10-24 12:00:00,1.88,1.89,1.87,1.88,67221
2025-10-24 13:00:00,1.88,1.89,1.87,1.88,88730
2025-10-24 14:00:00,1.88,1.88,1.88,1.88,87269
2025-10-24 15:00:00,1.88,1.89,1.87,1.88,86549
2025-10-24 16:00:00,1.88,1.89,1.88,1.88,89302
2025-10-24 17:00:00,1.88,1.89,1.87,1.88,89684
2025-10-24 18:00:00,1.88,1.89,1.87,1.88,91948
2025-10-24 19:00:00,1.88,1.89,1.87,1.88,88869
2025-10-24 20:00:00,1.88,1.89,1.87,1.88,86372
2025-10-24 21:00:00,1.88,1.88,1.88,1.88,30691
2025-10-24 22:00:00,1.88,1.88,1.88,1.88,6113
2025-10-24 23:00:00,1.88,1.89,1.87,1.88,30784
2025-10-27 00:00:00,1.88,1.89,1.84,1.86,33971
2025-10-27 01:00:00,1.86,1.93,1.79,1.87,35467
2025-10-27 02:00:00,1.87,1.9,1.84,1.86,36729
2025-10-27 03:00:00,1.86,1.88,1.84,1.85,35100
2025-10-27 04:00:00,1.85,1.88,1.84,1.87,35456
2025-10-27 05:00:00,1.87,1.95,1.86,1.93,34179
2025-10-27 06:00:00,1.93,1.94,1.87,1.89,34456
2025-10-27 07:00:00,1.89,1.92,1.86,1.87,35916
2025-10-27 08:00:00,1.87,1.92,1.82,1.88,73889
2025-10-27 09:00:00,1.88,1.91,1.83,1.87,69066
2025-10-27 10:00:00,1.87,1.94,1.86,1.92,68239
2025-10-27 11:00:00,1.92,1.96,1.88,1.9,67425
2025-10-27 12:00:00,1.9,1.95,1.89,1.92,66640
2025-10-27 13:00:00,1.92,1.96,1.84,1.84,89798
2025-10-27 14:00:00,1.84,1.97,1.82,1.93,93204
2025-10-27 15:00:00,1.93,1.96,1.86,1.87,97848
2025-10-27 16:00:00,1.87,1.95,1.83,1.93,92708
2025-10-27 17:00:00,1.93,2.01,1.88,1.96,91242
2025-10-27 18:00:00,1.96,2.04,1.92,1.97,95554
2025-10-27 19:00:00,1.97,2.05,1.94,1.95,93023
2025-10-27 20:00:00,1.95,2.0,1.86,1.88,93699
2025-10-27 21:00:00,1.88,1.89,1.85,1.86,31395
2025-10-27 22:00:00,1.86,1.86,1.86,1.86,5919
2025-10-27 23:00:00,1.86,1.88,1.84,1.86,32447
2025-10-28 00:00:00,1.86,1.88,1.82,1.84,35581
2025-10-28 01:00:00,1.84,1.85,1.82,1.83,36519
2025-10-28 02:00:00,1.83,1.84,1.78,1.79,33542
2025-10-28 03:00:00,1.79,1.8,1.77,1.78,37762
2025-10-28 04:00:00,1.78,1.79,1.76,1.77,36496
2025-10-28 05:00:00,1.77,1.78,1.75,1.76,34326
2025-10-28 06:00:00,1.76,1.78,1.75,1.78,36588
2025-10-28 07:00:00,1.78,1.8,1.76,1.78,36727
2025-10-28 08:00:00,1.78,1.84,1.76,1.83,67182
2025-10-28 09:00:00,1.83,1.88,1.81,1.85,70089
2025-10-28 10:00:00,1.85,1.87,1.76,1.76,67224
2025-10-28 11:00:00,1.76,1.8,1.74,1.77,68240
2025-10-28 12:00:00,1.77,1.79,1.72,1.73,71965
2025-10-28 13:00:00,1.73,1.75,1.69,1.74,94501
2025-10-28 14:00:00,1.74,1.8,1.71,1.74,86107
2025-10-28 15:00:00,1.74,1.78,1.69,1.71,92887
2025-10-28 16:00:00,1.71,1.73,1.65,1.7,92706
2025-10-28 17:00:00,1.7,1.76,1.69,1.72,88846
2025-10-28 18:00:00,1.72,1.77,1.71,1.75,90838
2025-10-28 19:00:00,1.75,1.83,1.68,1.72,94189
2025-10-28 20:00:00,1.72,1.77,1.69,1.72,94218
2025-10-28 21:00:00,1.72,1.73,1.71,1.72,31104
2025-10-28 22:00:00,1.72,1.72,1.72,1.72,5740
2025-10-28 23:00:00,1.72,1.73,1.71,1.72,30411
2025-10-29 00:00:00,1.72,1.75,1.71,1.74,35243
2025-10-29 01:00:00,1.74,1.78,1.73,1.76,33959
2025-10-29 02:00:00,1.76,1.77,1.73,1.74,37904
2025-10-29 03:00:00,1.74,1.75,1.73,1.73,33254
2025-10-29 04:00:00,1.73,1.75,1.72,1.74,32730
2025-10-29 05:00:00,1.74,1.75,1.72,1.73,33619
2025-10-29 06:00:00,1.73,1.76,1.71,1.74,37710
2025-10-29 07:00:00,1.74,1.75,1.72,1.73,35953
2025-10-29 08:00:00,1.73,1.75,1.67,1.69,70639
2025-10-29 09:00:00,1.69,1.73,1.64,1.7,69828
2025-10-29 10:00:00,1.7,1.77,1.69,1.71,74033
2025-10-29 11:00:00,1.71,1.74,1.65,1.73,73474
2025-10-29 12:00:00,1.73,1.74,1.66,1.69,72221
2025-10-29 13:00:00,1.69,1.7,1.61,1.67,87555
2025-10-29 14:00:00,1.67,1.72,1.62,1.65,89900
2025-10-29 15:00:00,1.65,1.71,1.62,1.69,95179
2025-10-29 16:00:00,1.69,1.73,1.62,1.65,82240
2025-10-29 17:00:00,1.65,1.71,1.62,1.66,90424
2025-10-29 18:00:00,1.66,1.67,1.58,1.63,88505
2025-10-29 19:00:00,1.63,1.65,1.6,1.64,93008
2025-10-29 20:00:00,1.64,1.67,1.56,1.6,91283
2025-10-29 21:00:00,1.6,1.6,1.6,1.6,30297
2025-10-29 22:00:00,1.6,1.6,1.6,1.6,6144
2025-10-29 23:00:00,1.6,1.6,1.6,1.6,29453
2025-10-30 00:00:00,1.6,1.61,1.6,1.6,34731
2025-10-30 01:00:00,1.6,1.6,1.6,1.6,35896
2025-10-30 02:00:00,1.6,1.61,1.6,1.6,36509
2025-10-30 03:00:00,1.6,1.63,1.57,1.58,36707
2025-10-30 04:00:00,1.58,1.58,1.58,1.58,38289
2025-10-30 05:00:00,1.58,1.59,1.58,1.58,35049
2025-10-30 06:00:00,1.58,1.58,1.58,1.58,37181
2025-10-30 07:00:00,1.58,1.58,1.58,1.58,36906
2025-10-30 08:00:00,1.58,1.59,1.57,1.58,73933
2025-10-30 09:00:00,1.58,1.59,1.57,1.58,73477
2025-10-30 10:00:00,1.58,1.59,1.57,1.58,69323
2025-10-30 11:00:00,1.58,1.59,1.57,1.58,73695
2025-10-30 12:00:00,1.58,1.59,1.57,1.58,68920
2025-10-30 13:00:00,1.58,1.59,1.57,1.58,93303
2025-10-30 14:00:00,1.58,1.59,1.57,1.58,87758
2025-10-30 15:00:00,1.58,1.6,1.57,1.59,88980
2025-10-30 16:00:00,1.59,1.6,1.58,1.59,88141
2025-10-30 17:00:00,1.59,1.6,1.58,1.59,86293
2025-10-30 18:00:00,1.59,1.61,1.58,1.6,87685
2025-10-30 19:00:00,1.6,1.62,1.59,1.61,84015
2025-10-30 20:00:00,1.61,1.62,1.59,1.61,90108
2025-10-30 21:00:00,1.61,1.61,1.61,1.61,29257
2025-10-30 22:00:00,1.61,1.61,1.61,1.61,6130
2025-10-30 23:00:00,1.61,1.62,1.61,1.61,30341
2025-10-31 00:00:00,1.61,1.61,1.61,1.61,37803
2025-10-31 01:00:00,1.61,1.61,1.61,1.61,37208
2025-10-31 02:00:00,1.61,1.61,1.61,1.61,35176
2025-10-31 03:00:00,1.61,1.62,1.61,1.61,35148
2025-10-31 04:00:00,1.61,1.62,1.61,1.61,34878
2025-10-31 05:00:00,1.61,1.62,1.55,1.58,36249
2025-10-31 06:00:00,1.58,1.58,1.58,1.58,38255
2025-10-31 07:00:00,1.58,1.58,1.58,1.58,37084
2025-10-31 08:00:00,1.58,1.59,1.58,1.58,75217
2025-10-31 09:00:00,1.58,1.59,1.57,1.58,71379
2025-10-31 10:00:00,1.58,1.59,1.57,1.58,67927
2025-10-31 11:00:00,1.58,1.59,1.57,1.58,71337
2025-10-31 12:00:00,1.58,1.59,1.57,1.58,72816
2025-10-31 13:00:00,1.58,1.59,1.57,1.58,87500
2025-10-31 14:00:00,1.58,1.59,1.57,1.58,87458
2025-10-31 15:00:00,1.58,1.59,1.57,1.58,84197
2025-10-31 16:00:00,1.58,1.59,1.57,1.58,94186
2025-10-31 17:00:00,1.58,1.59,1.57,1.58,84145
2025-10-31 18:00:00,1.58,1.59,1.57,1.58,91335
2025-10-31 19:00:00,1.58,1.59,1.57,1.58,87960
2025-10-31 20:00:00,1.58,1.6,1.58,1.59,90563
2025-10-31 21:00:00,1.59,1.59,1.59,1.59,29732
2025-10-31 22:00:00,1.59,1.59,1.59,1.59,5998
2025-10-31 23:00:00,1.59,1.59,1.59,1.59,29854
2025-11-03 00:00:00,1.59,1.63,1.57,1.62,35538
2025-11-03 01:00:00,1.62,1.63,1.62,1.62,36469
2025-11-03 02:00:00,1.62,1.62,1.62,1.62,34939
2025-11-03 03:00:00,1.62,1.63,1.62,1.62,36200
2025-11-03 04:00:00,1.62,1.63,1.62,1.62,36582
2025-11-03 05:00:00,1.62,1.67,1.58,1.65,36664
2025-11-03 06:00:00,1.65,1.65,1.65,1.65,36164
2025-11-03 07:00:00,1.65,1.65,1.65,1.65,34044
2025-11-03 08:00:00,1.65,1.65,1.64,1.65,71977
2025-11-03 09:00:00,1.65,1.65,1.64,1.65,73393
2025-11-03 10:00:00,1.65,1.66,1.56,1.62,69018
2025-11-03 11:00:00,1.62,1.63,1.62,1.62,71894
2025-11-03 12:00:00,1.62,1.62,1.61,1.62,72080
2025-11-03 13:00:00,1.62,1.63,1.61,1.62,94627
2025-11-03 14:00:00,1.62,1.63,1.61,1.62,89291
2025-11-03 15:00:00,1.62,1.63,1.61,1.62,86408
2025-11-03 16:00:00,1.62,1.63,1.61,1.62,91923
2025-11-03 17:00:00,1.62,1.62,1.61,1.62,87102
2025-11-03 18:00:00,1.62,1.63,1.61,1.62,88312
2025-11-03 19:00:00,1.62,1.63,1.61,1.62,89720
2025-11-03 20:00:00,1.62,1.63,1.61,1.62,91239
2025-11-03 21:00:00,1.62,1.62,1.62,1.62,31418
2025-11-03 22:00:00,1.62,1.62,1.62,1.62,6027
2025-11-03 23:00:00,1.62,1.62,1.62,1.62,29213
2025-11-04 00:00:00,1.62,1.62,1.62,1.62,34584
2025-11-04 01:00:00,1.62,1.62,1.62,1.62,35466
2025-11-04 02:00:00,1.62,1.65,1.59,1.59,35898
2025-11-04 03:00:00,1.59,1.59,1.59,1.59,37118
2025-11-04 04:00:00,1.59,1.59,1.59,1.59,35605
2025-11-04 05:00:00,1.59,1.59,1.59,1.59,37026
2025-11-04 06:00:00,1.59,1.59,1.59,1.59,36644
2025-11-04 07:00:00,1.59,1.59,1.59,1.59,35478
2025-11-04 08:00:00,1.59,1.6,1.58,1.59,73020
2025-11-04 09:00:00,1.59,1.59,1.59,1.59,73298
2025-11-04 10:00:00,1.59,1.6,1.58,1.59,72828
2025-11-04 11:00:00,1.59,1.59,1.58,1.59,68441
2025-11-04 12:00:00,1.59,1.67,1.56,1.62,74143
2025-11-04 13:00:00,1.62,1.63,1.61,1.62,90263
2025-11-04 14:00:00,1.62,1.62,1.61,1.62,86853
2025-11-04 15:00:00,1.62,1.62,1.61,1.62,86550
2025-11-04 16:00:00,1.62,1.63,1.61,1.62,84573
2025-11-04 17:00:00,1.62,1.63,1.61,1.62,88285
2025-11-04 18:00:00,1.62,1.63,1.61,1.62,85883
2025-11-04 19:00:00,1.62,1.63,1.61,1.62,88241
2025-11-04 20:00:00,1.62,1.63,1.61,1.62,79691
2025-11-04 21:00:00,1.62,1.62,1.62,1.62,27053
2025-11-04 22:00:00,1.62,1.68,1.57,1.59,5623
2025-11-04 23:00:00,1.59,1.59,1.59,1.59,32066
2025-11-05 00:00:00,1.59,1.59,1.59,1.59,38058
2025-11-05 01:00:00,1.59,1.59,1.59,1.59,36919
2025-11-05 02:00:00,1.59,1.59,1.59,1.59,35609
2025-11-05 03:00:00,1.59,1.59,1.59,1.59,38072
2025-11-05 04:00:00,1.59,1.59,1.59,1.59,36896
2025-11-05 05:00:00,1.59,1.59,1.59,1.59,35708
2025-11-05 06:00:00,1.59,1.59,1.59,1.59,34307
2025-11-05 07:00:00,1.59,1.59,1.59,1.59,35684
2025-11-05 08:00:00,1.59,1.59,1.59,1.59,74448
2025-11-05 09:00:00,1.59,1.59,1.59,1.59,71099
2025-11-05 10:00:00,1.59,1.6,1.58,1.59,74567
2025-11-05 11:00:00,1.59,1.6,1.58,1.59,71808
2025-11-05 12:00:00,1.59,1.6,1.59,1.59,72915
2025-11-05 13:00:00,1.59,1.59,1.58,1.59,88835
2025-11-05 14:00:00,1.59,1.6,1.58,1.59,89674
2025-11-05 15:00:00,1.59,1.59,1.58,1.59,90663
2025-11-05 16:00:00,1.59,1.59,1.58,1.59,92130
2025-11-05 17:00:00,1.59,1.6,1.58,1.59,85158
2025-11-05 18:00:00,1.59,1.59,1.58,1.59,94787
2025-11-05 19:00:00,1.59,1.6,1.59,1.59,90148
2025-11-05 20:00:00,1.59,1.6,1.58,1.59,91668
2025-11-05 21:00:00,1.59,1.59,1.59,1.59,30526
2025-11-05 22:00:00,1.59,1.59,1.59,1.59,5859
2025-11-05 23:00:00,1.59,1.59,1.59,1.59,30563
2025-11-06 00:00:00,1.59,1.59,1.59,1.59,37421
2025-11-06 01:00:00,1.59,1.59,1.59,1.59,37886
2025-11-06 02:00:00,1.59,1.59,1.59,1.59,37148
2025-11-06 03:00:00,1.59,1.59,1.59,1.59,35636
2025-11-06 04:00:00,1.59,1.59,1.59,1.59,33629
2025-11-06 05:00:00,1.59,1.59,1.59,1.59,37240
2025-11-06 06:00:00,1.59,1.59,1.59,1.59,36126
2025-11-06 07:00:00,1.59,1.59,1.59,1.59,34959
2025-11-06 08:00:00,1.59,1.6,1.59,1.59,71633
2025-11-06 09:00:00,1.59,1.6,1.58,1.59,69918
2025-11-06 10:00:00,1.59,1.59,1.59,1.59,72511
2025-11-06 11:00:00,1.59,1.6,1.59,1.59,73554
2025-11-06 12:00:00,1.59,1.59,1.58,1.59,71694
2025-11-06 13:00:00,1.59,1.6,1.58,1.59,95445
2025-11-06 14:00:00,1.59,1.6,1.58,1.59,93566
2025-11-06 15:00:00,1.59,1.6,1.58,1.59,89860
2025-11-06 16:00:00,1.59,1.6,1.58,1.59,86251
2025-11-06 17:00:00,1.59,1.6,1.58,1.59,87196
2025-11-06 18:00:00,1.59,1.6,1.58,1.59,94406
2025-11-06 19:00:00,1.59,1.6,1.58,1.59,86026
2025-11-06 20:00:00,1.59,1.6,1.58,1.59,84770
2025-11-06 21:00:00,1.59,1.59,1.59,1.59,28766
2025-11-06 22:00:00,1.59,1.59,1.59,1.59,5777
2025-11-06 23:00:00,1.59,1.59,1.59,1.59,28236
2025-11-07 00:00:00,1.59,1.59,1.59,1.59,37343
2025-11-07 01:00:00,1.59,1.59,1.59,1.59,36731
2025-11-07 02:00:00,1.59,1.59,1.59,1.59,38259
2025-11-07 03:00:00,1.59,1.59,1.59,1.59,34625
2025-11-07 04:00:00,1.59,1.59,1.59,1.59,36582
2025-11-07 05:00:00,1.59,1.59,1.59,1.59,37514
2025-11-07 06:00:00,1.59,1.59,1.59,1.59,35088
2025-11-07 07:00:00,1.59,1.59,1.59,1.59,36169
2025-11-07 08:00:00,1.59,1.6,1.59,1.59,74454
2025-11-07 09:00:00,1.59,1.59,1.59,1.59,71753
2025-11-07 10:00:00,1.59,1.59,1.58,1.59,72002
2025-11-07 11:00:00,1.59,1.63,1.57,1.62,71419
2025-11-07 12:00:00,1.62,1.63,1.61,1.62,73240
2025-11-07 13:00:00,1.62,1.63,1.61,1.62,93509
2025-11-07 14:00:00,1.62,1.63,1.61,1.62,93864
2025-11-07 15:00:00,1.62,1.63,1.61,1.62,90181
2025-11-07 16:00:00,1.62,1.63,1.61,1.62,87624
2025-11-07 17:00:00,1.62,1.63,1.61,1.62,83888
2025-11-07 18:00:00,1.62,1.65,1.57,1.59,89456
2025-11-07 19:00:00,1.59,1.6,1.57,1.57,90957
2025-11-07 20:00:00,1.57,1.58,1.56,1.57,86881
2025-11-07 21:00:00,1.57,1.57,1.57,1.57,30561
2025-11-07 22:00:00,1.57,1.57,1.57,1.57,6139
2025-11-07 23:00:00,1.57,1.57,1.57,1.57,29549
2025-11-10 00:00:00,1.57,1.57,1.57,1.57,35423
2025-11-10 01:00:00,1.57,1.61,1.56,1.59,34182
2025-11-10 02:00:00,1.59,1.59,1.59,1.59,35822
2025-11-10 03:00:00,1.59,1.59,1.59,1.59,33901
2025-11-10 04:00:00,1.59,1.59,1.59,1.59,34168
2025-11-10 05:00:00,1.59,1.59,1.59,1.59,33484
2025-11-10 06:00:00,1.59,1.59,1.59,1.59,35706
2025-11-10 07:00:00,1.59,1.59,1.59,1.59,34181
2025-11-10 08:00:00,1.59,1.59,1.58,1.59,65852
2025-11-10 09:00:00,1.59,1.6,1.59,1.59,70739
2025-11-10 10:00:00,1.59,1.6,1.58,1.59,74986
2025-11-10 11:00:00,1.59,1.6,1.58,1.59,72164
2025-11-10 12:00:00,1.59,1.6,1.58,1.59,70113
2025-11-10 13:00:00,1.59,1.6,1.58,1.59,89604
2025-11-10 14:00:00,1.59,1.59,1.52,1.56,82657
2025-11-10 15:00:00,1.56,1.56,1.55,1.56,87124
2025-11-10 16:00:00,1.56,1.57,1.55,1.56,90848
2025-11-10 17:00:00,1.56,1.57,1.55,1.56,91041
2025-11-10 18:00:00,1.56,1.57,1.55,1.56,97785
2025-11-10 19:00:00,1.56,1.62,1.52,1.59,90868
2025-11-10 20:00:00,1.59,1.6,1.58,1.59,88052
2025-11-10 21:00:00,1.59,1.59,1.59,1.59,31600
2025-11-10 22:00:00,1.59,1.59,1.59,1.59,6235
2025-11-10 23:00:00,1.59,1.59,1.59,1.59,30879
2025-11-11 00:00:00,1.59,1.59,1.59,1.59,34742
2025-11-11 01:00:00,1.59,1.59,1.56,1.57,34871
2025-11-11 02:00:00,1.57,1.57,1.57,1.57,35348
2025-11-11 03:00:00,1.57,1.59,1.46,1.55,33625
2025-11-11 04:00:00,1.55,1.55,1.55,1.55,34516
2025-11-11 05:00:00,1.55,1.55,1.55,1.55,37958
2025-11-11 06:00:00,1.55,1.55,1.55,1.55,35181
2025-11-11 07:00:00,1.55,1.55,1.55,1.55,37163
2025-11-11 08:00:00,1.55,1.56,1.55,1.55,69561
2025-11-11 09:00:00,1.55,1.55,1.55,1.55,73669
2025-11-11 10:00:00,1.55,1.55,1.54,1.55,69300
2025-11-11 11:00:00,1.55,1.56,1.55,1.55,71234
2025-11-11 12:00:00,1.55,1.55,1.55,1.55,73428
2025-11-11 13:00:00,1.55,1.56,1.54,1.55,83288
2025-11-11 14:00:00,1.55,1.56,1.54,1.55,91018
2025-11-11 15:00:00,1.55,1.56,1.54,1.55,88876
2025-11-11 16:00:00,1.55,1.56,1.55,1.55,89712
2025-11-11 17:00:00,1.55,1.56,1.54,1.55,85509
2025-11-11 18:00:00,1.55,1.56,1.54,1.55,89285
2025-11-11 19:00:00,1.55,1.56,1.54,1.55,86033
2025-11-11 20:00:00,1.55,1.56,1.54,1.55,89445
2025-11-11 21:00:00,1.55,1.55,1.55,1.55,29328
2025-11-11 22:00:00,1.55,1.6,1.53,1.57,5805
2025-11-11 23:00:00,1.57,1.57,1.57,1.57,29912
2025-11-12 00:00:00,1.57,1.57,1.57,1.57,35456
2025-11-12 01:00:00,1.57,1.57,1.57,1.57,36359
2025-11-12 02:00:00,1.57,1.57,1.57,1.57,35177
2025-11-12 03:00:00,1.57,1.57,1.57,1.57,35825
2025-11-12 04:00:00,1.57,1.61,1.56,1.59,33924
2025-11-12 05:00:00,1.59,1.59,1.59,1.59,36784
2025-11-12 06:00:00,1.59,1.6,1.59,1.59,35050
2025-11-12 07:00:00,1.59,1.59,1.59,1.59,34360
2025-11-12 08:00:00,1.59,1.6,1.59,1.59,73829
2025-11-12 09:00:00,1.59,1.6,1.59,1.59,69096
2025-11-12 10:00:00,1.59,1.6,1.59,1.59,74505
2025-11-12 11:00:00,1.59,1.59,1.58,1.59,71840
2025-11-12 12:00:00,1.59,1.59,1.59,1.59,69865
2025-11-12 13:00:00,1.59,1.6,1.52,1.57,89741
2025-11-12 14:00:00,1.57,1.57,1.56,1.57,91453
2025-11-12 15:00:00,1.57,1.58,1.57,1.57,92010
2025-11-12 16:00:00,1.57,1.58,1.57,1.57,92742
2025-11-12 17:00:00,1.57,1.58,1.56,1.57,88720
2025-11-12 18:00:00,1.57,1.58,1.56,1.57,88357
2025-11-12 19:00:00,1.57,1.57,1.56,1.57,87473
2025-11-12 20:00:00,1.57,1.58,1.56,1.57,89240
2025-11-12 21:00:00,1.57,1.57,1.57,1.57,31253
2025-11-12 22:00:00,1.57,1.57,1.57,1.57,6033
2025-11-12 23:00:00,1.57,1.57,1.57,1.57,28852
2025-11-13 00:00:00,1.57,1.57,1.57,1.57,35087
2025-11-13 01:00:00,1.57,1.57,1.57,1.57,35469
2025-11-13 02:00:00,1.57,1.57,1.57,1.57,36250
2025-11-13 03:00:00,1.57,1.57,1.57,1.57,36605
2025-11-13 04:00:00,1.57,1.57,1.57,1.57,33508
2025-11-13 05:00:00,1.57,1.57,1.57,1.57,37951
2025-11-13 06:00:00,1.57,1.57,1.57,1.57,35279
2025-11-13 07:00:00,1.57,1.57,1.57,1.57,36307
2025-11-13 08:00:00,1.57,1.58,1.56,1.57,71636
2025-11-13 09:00:00,1.57,1.57,1.57,1.57,74061
2025-11-13 10:00:00,1.57,1.58,1.57,1.57,70747
2025-11-13 11:00:00,1.57,1.58,1.57,1.57,72658
2025-11-13 12:00:00,1.57,1.64,1.55,1.59,71592
2025-11-13 13:00:00,1.59,1.6,1.58,1.59,88539
2025-11-13 14:00:00,1.59,1.6,1.58,1.59,85638
2025-11-13 15:00:00,1.59,1.6,1.58,1.59,88294
2025-11-13 16:00:00,1.59,1.6,1.58,1.59,87683
2025-11-13 17:00:00,1.59,1.6,1.58,1.59,89748
2025-11-13 18:00:00,1.59,1.6,1.55,1.56,90687
2025-11-13 19:00:00,1.56,1.56,1.55,1.56,88999
2025-11-13 20:00:00,1.56,1.57,1.55,1.56,94410
2025-11-13 21:00:00,1.56,1.56,1.56,1.56,29748
2025-11-13 22:00:00,1.56,1.56,1.56,1.56,6150
2025-11-13 23:00:00,1.56,1.56,1.56,1.56,32849
2025-11-14 00:00:00,1.56,1.56,1.56,1.56,35679
2025-11-14 01:00:00,1.56,1.56,1.56,1.56,35113
2025-11-14 02:00:00,1.56,1.56,1.56,1.56,35135
2025-11-14 03:00:00,1.56,1.56,1.56,1.56,36168
2025-11-14 04:00:00,1.56,1.56,1.56,1.56,37122
2025-11-14 05:00:00,1.56,1.56,1.56,1.56,34583
2025-11-14 06:00:00,1.56,1.56,1.56,1.56,37546
2025-11-14 07:00:00,1.56,1.56,1.56,1.56,36438
2025-11-14 08:00:00,1.56,1.57,1.55,1.56,72162
2025-11-14 09:00:00,1.56,1.57,1.56,1.56,71289
2025-11-14 10:00:00,1.56,1.57,1.56,1.56,73257
2025-11-14 11:00:00,1.56,1.56,1.55,1.56,76771
2025-11-14 12:00:00,1.56,1.57,1.56,1.56,74244
2025-11-14 13:00:00,1.56,1.57,1.55,1.56,94151
2025-11-14 14:00:00,1.56,1.57,1.55,1.56,89642
2025-11-14 15:00:00,1.56,1.56,1.55,1.56,87985
2025-11-14 16:00:00,1.56,1.56,1.55,1.56,87093
2025-11-14 17:00:00,1.56,1.57,1.55,1.56,90113
2025-11-14 18:00:00,1.56,1.59,1.52,1.58,91118
2025-11-14 19:00:00,1.58,1.59,1.57,1.58,84981
2025-11-14 20:00:00,1.58,1.59,1.57,1.58,89134
2025-11-14 21:00:00,1.58,1.58,1.58,1.58,30148
2025-11-14 22:00:00,1.58,1.58,1.58,1.58,6157
2025-11-14 23:00:00,1.58,1.63,1.49,1.55,30520
2025-11-17 00:00:00,1.55,1.55,1.55,1.55,37741
2025-11-17 01:00:00,1.55,1.61,1.54,1.57,36095
2025-11-17 02:00:00,1.57,1.57,1.57,1.57,36919
2025-11-17 03:00:00,1.57,1.57,1.57,1.57,35071
2025-11-17 04:00:00,1.57,1.57,1.57,1.57,36013
2025-11-17 05:00:00,1.57,1.57,1.57,1.57,34199
2025-11-17 06:00:00,1.57,1.57,1.57,1.57,35059
2025-11-17 07:00:00,1.57,1.57,1.57,1.57,36401
2025-11-17 08:00:00,1.57,1.58,1.56,1.57,75197
2025-11-17 09:00:00,1.57,1.58,1.57,1.57,70788
2025-11-17 10:00:00,1.57,1.58,1.57,1.57,75788
2025-11-17 11:00:00,1.57,1.57,1.57,1.57,73847
2025-11-17 12:00:00,1.57,1.57,1.56,1.57,70384
2025-11-17 13:00:00,1.57,1.58,1.56,1.57,92286
2025-11-17 14:00:00,1.57,1.58,1.57,1.57,93584
2025-11-17 15:00:00,1.57,1.57,1.56,1.57,83159
2025-11-17 16:00:00,1.57,1.57,1.56,1.57,93496
2025-11-17 17:00:00,1.57,1.58,1.56,1.57,88076
2025-11-17 18:00:00,1.57,1.58,1.56,1.57,94018
2025-11-17 19:00:00,1.57,1.57,1.56,1.57,89101
2025-11-17 20:00:00,1.57,1.57,1.56,1.57,92524
2025-11-17 21:00:00,1.57,1.57,1.57,1.57,28033
2025-11-17 22:00:00,1.57,1.57,1.57,1.57,5788
2025-11-17 23:00:00,1.57,1.57,1.57,1.57,30056
2025-11-18 00:00:00,1.57,1.59,1.54,1.55,35027
2025-11-18 01:00:00,1.55,1.55,1.55,1.55,36126
2025-11-18 02:00:00,1.55,1.55,1.55,1.55,34984
2025-11-18 03:00:00,1.55,1.55,1.55,1.55,34444
2025-11-18 04:00:00,1.55,1.55,1.55,1.55,36245
2025-11-18 05:00:00,1.55,1.55,1.55,1.55,35468
2025-11-18 06:00:00,1.55,1.55,1.55,1.55,34220
2025-11-18 07:00:00,1.55,1.55,1.55,1.55,37031
2025-11-18 08:00:00,1.55,1.55,1.55,1.55,73953
2025-11-18 09:00:00,1.55,1.55,1.55,1.55,73615
2025-11-18 10:00:00,1.55,1.55,1.54,1.55,71326
2025-11-18 11:00:00,1.55,1.55,1.55,1.55,69999
2025-11-18 12:00:00,1.55,1.55,1.55,1.55,75640
2025-11-18 13:00:00,1.55,1.55,1.54,1.55,84886
2025-11-18 14:00:00,1.55,1.59,1.52,1.57,85564
2025-11-18 15:00:00,1.57,1.58,1.56,1.57,81530
2025-11-18 16:00:00,1.57,1.58,1.56,1.57,87592
2025-11-18 17:00:00,1.57,1.58,1.57,1.57,83659
2025-11-18 18:00:00,1.57,1.58,1.56,1.57,92873
2025-11-18 19:00:00,1.57,1.57,1.57,1.57,91551
2025-11-18 20:00:00,1.57,1.63,1.56,1.61,87826
2025-11-18 21:00:00,1.61,1.61,1.61,1.61,29060
2025-11-18 22:00:00,1.61,1.61,1.61,1.61,6674
2025-11-18 23:00:00,1.61,1.61,1.61,1.61,29961
2025-11-19 00:00:00,1.61,1.61,1.61,1.61,36167
2025-11-19 01:00:00,1.61,1.61,1.61,1.61,33257
2025-11-19 02:00:00,1.61,1.61,1.61,1.61,36228
2025-11-19 03:00:00,1.61,1.61,1.61,1.61,35297
2025-11-19 04:00:00,1.61,1.61,1.61,1.61,35118
2025-11-19 05:00:00,1.61,1.61,1.61,1.61,35359
2025-11-19 06:00:00,1.61,1.61,1.61,1.61,35830
2025-11-19 07:00:00,1.61,1.61,1.61,1.61,35657
2025-11-19 08:00:00,1.61,1.61,1.6,1.61,74314
2025-11-19 09:00:00,1.61,1.65,1.58,1.63,71197
2025-11-19 10:00:00,1.63,1.63,1.62,1.63,77498
2025-11-19 11:00:00,1.63,1.64,1.63,1.63,69735
2025-11-19 12:00:00,1.63,1.63,1.62,1.63,75714
2025-11-19 13:00:00,1.63,1.64,1.62,1.63,83369
2025-11-19 14:00:00,1.63,1.64,1.62,1.63,95992
2025-11-19 15:00:00,1.63,1.64,1.62,1.63,89521
2025-11-19 16:00:00,1.63,1.64,1.62,1.63,90435
2025-11-19 17:00:00,1.63,1.64,1.62,1.63,91733
2025-11-19 18:00:00,1.63,1.64,1.62,1.63,88597
2025-11-19 19:00:00,1.63,1.64,1.62,1.63,88153
2025-11-19 20:00:00,1.63,1.64,1.63,1.63,93241
2025-11-19 21:00:00,1.63,1.63,1.63,1.63,31444
2025-11-19 22:00:00,1.63,1.63,1.63,1.63,5677
2025-11-19 23:00:00,1.63,1.65,1.6,1.61,30440
2025-11-20 00:00:00,1.61,1.61,1.61,1.61,35535
2025-11-20 01:00:00,1.61,1.61,1.61,1.61,36663
2025-11-20 02:00:00,1.61,1.61,1.61,1.61,35675
2025-11-20 03:00:00,1.61,1.61,1.61,1.61,35948
2025-11-20 04:00:00,1.61,1.61,1.61,1.61,35573
2025-11-20 05:00:00,1.61,1.61,1.61,1.61,34068
2025-11-20 06:00:00,1.61,1.61,1.61,1.61,34900
2025-11-20 07:00:00,1.61,1.61,1.61,1.61,36994
2025-11-20 08:00:00,1.61,1.61,1.6,1.61,68923
2025-11-20 09:00:00,1.61,1.62,1.6,1.61,69657
2025-11-20 10:00:00,1.61,1.62,1.61,1.61,69578
2025-11-20 11:00:00,1.61,1.62,1.6,1.61,71643
2025-11-20 12:00:00,1.61,1.61,1.6,1.61,70772
2025-11-20 13:00:00,1.61,1.62,1.61,1.61,92437
2025-11-20 14:00:00,1.61,1.62,1.61,1.61,83276
2025-11-20 15:00:00,1.61,1.62,1.6,1.61,94234
2025-11-20 16:00:00,1.61,1.62,1.6,1.61,88346
2025-11-20 17:00:00,1.61,1.62,1.6,1.61,93682
2025-11-20 18:00:00,1.61,1.61,1.6,1.61,90364
2025-11-20 19:00:00,1.61,1.62,1.6,1.61,89525
2025-11-20 20:00:00,1.61,1.62,1.6,1.6,89511
2025-11-20 21:00:00,1.6,1.6,1.6,1.6,29843
2025-11-20 22:00:00,1.6,1.6,1.6,1.6,5793
2025-11-20 23:00:00,1.6,1.6,1.6,1.6,28968
2025-11-21 00:00:00,1.6,1.6,1.6,1.6,35768
2025-11-21 01:00:00,1.6,1.6,1.6,1.6,35225
2025-11-21 02:00:00,1.6,1.61,1.59,1.6,33394
2025-11-21 03:00:00,1.6,1.6,1.6,1.6,35083
2025-11-21 04:00:00,1.6,1.6,1.59,1.6,35949
2025-11-21 05:00:00,1.6,1.6,1.59,1.6,36111
2025-11-21 06:00:00,1.6,1.61,1.59,1.6,36322
2025-11-21 07:00:00,1.6,1.6,1.6,1.6,38990
2025-11-21 08:00:00,1.6,1.61,1.59,1.6,69317
2025-11-21 09:00:00,1.6,1.61,1.59,1.6,70112
2025-11-21 10:00:00,1.6,1.61,1.59,1.6,71626
2025-11-21 11:00:00,1.6,1.6,1.59,1.6,71801
2025-11-21 12:00:00,1.6,1.61,1.59,1.6,69484
2025-11-21 13:00:00,1.6,1.6,1.58,1.59,89303
2025-11-21 14:00:00,1.59,1.6,1.58,1.59,90941
2025-11-21 15:00:00,1.59,1.6,1.58,1.59,88782
2025-11-21 16:00:00,1.59,1.59,1.57,1.58,88611
2025-11-21 17:00:00,1.58,1.59,1.57,1.58,100919
2025-11-21 18:00:00,1.58,1.59,1.57,1.58,86606
2025-11-21 19:00:00,1.58,1.59,1.57,1.58,86445
2025-11-21 20:00:00,1.58,1.59,1.57,1.58,95229
2025-11-21 21:00:00,1.58,1.58,1.58,1.58,28081
2025-11-21 22:00:00,1.58,1.58,1.58,1.58,5736
2025-11-21 23:00:00,1.58,1.58,1.58,1.58,29525
2025-11-24 00:00:00,1.58,1.58,1.58,1.58,36068
2025-11-24 01:00:00,1.58,1.58,1.58,1.58,34582
2025-11-24 02:00:00,1.58,1.58,1.57,1.58,35574
2025-11-24 03:00:00,1.58,1.58,1.57,1.58,35055
2025-11-24 04:00:00,1.58,1.58,1.57,1.58,35294
2025-11-24 05:00:00,1.58,1.62,1.57,1.61,36896
2025-11-24 06:00:00,1.61,1.61,1.61,1.61,35825
2025-11-24 07:00:00,1.61,1.61,1.6,1.61,35903
2025-11-24 08:00:00,1.61,1.62,1.6,1.61,74028
2025-11-24 09:00:00,1.61,1.62,1.6,1.61,72516
2025-11-24 10:00:00,1.61,1.62,1.6,1.61,73245
2025-11-24 11:00:00,1.61,1.64,1.55,1.59,71490
2025-11-24 12:00:00,1.59,1.6,1.58,1.59,69327
2025-11-24 13:00:00,1.59,1.6,1.58,1.59,81265
2025-11-24 14:00:00,1.59,1.6,1.58,1.59,89555
2025-11-24 15:00:00,1.59,1.6,1.58,1.59,88812
2025-11-24 16:00:00,1.59,1.6,1.58,1.59,94541
2025-11-24 17:00:00,1.59,1.6,1.58,1.59,88471
2025-11-24 18:00:00,1.59,1.6,1.58,1.59,88871
2025-11-24 19:00:00,1.59,1.61,1.58,1.59,95982
2025-11-24 20:00:00,1.59,1.61,1.58,1.59,92325
2025-11-24 21:00:00,1.59,1.59,1.59,1.59,30113
2025-11-24 22:00:00,1.59,1.59,1.59,1.59,5989
2025-11-24 23:00:00,1.59,1.59,1.59,1.59,31535
2025-11-25 00:00:00,1.59,1.6,1.59,1.59,34426
2025-11-25 01:00:00,1.59,1.59,1.59,1.59,36542
2025-11-25 02:00:00,1.59,1.6,1.59,1.59,32527
2025-11-25 03:00:00,1.59,1.63,1.56,1.62,33944
2025-11-25 04:00:00,1.62,1.62,1.62,1.62,36551
2025-11-25 05:00:00,1.62,1.62,1.62,1.62,37661
2025-11-25 06:00:00,1.62,1.67,1.61,1.65,33157
2025-11-25 07:00:00,1.65,1.65,1.65,1.65,36746
2025-11-25 08:00:00,1.65,1.66,1.64,1.65,73615
2025-11-25 09:00:00,1.65,1.66,1.64,1.65,72639
2025-11-25 10:00:00,1.65,1.66,1.64,1.65,73550
2025-11-25 11:00:00,1.65,1.66,1.64,1.65,73163
2025-11-25 12:00:00,1.65,1.7,1.63,1.66,75300
2025-11-25 13:00:00,1.66,1.67,1.64,1.66,92225
2025-11-25 14:00:00,1.66,1.68,1.64,1.68,93568
2025-11-25 15:00:00,1.68,1.69,1.67,1.68,91667
2025-11-25 16:00:00,1.68,1.7,1.67,1.69,94298
2025-11-25 17:00:00,1.69,1.72,1.68,1.71,92341
2025-11-25 18:00:00,1.71,1.72,1.7,1.71,87642
2025-11-25 19:00:00,1.71,1.72,1.7,1.71,92432
2025-11-25 20:00:00,1.71,1.72,1.7,1.71,92928
2025-11-25 21:00:00,1.71,1.71,1.71,1.71,33882
2025-11-25 22:00:00,1.71,1.71,1.71,1.71,5969
2025-11-25 23:00:00,1.71,1.71,1.71,1.71,30302
2025-11-26 00:00:00,1.71,1.72,1.71,1.71,35597
2025-11-26 01:00:00,1.71,1.72,1.71,1.71,35475
2025-11-26 02:00:00,1.71,1.71,1.7,1.71,36391
2025-11-26 03:00:00,1.71,1.71,1.71,1.71,36983
2025-11-26 04:00:00,1.71,1.71,1.71,1.71,33650
2025-11-26 05:00:00,1.71,1.72,1.71,1.71,37414
2025-11-26 06:00:00,1.71,1.72,1.71,1.71,37114
2025-11-26 07:00:00,1.71,1.73,1.66,1.69,37097
2025-11-26 08:00:00,1.69,1.7,1.68,1.69,73825
2025-11-26 09:00:00,1.69,1.7,1.68,1.69,69398
2025-11-26 10:00:00,1.69,1.7,1.68,1.69,77036
2025-11-26 11:00:00,1.69,1.7,1.68,1.69,73067
2025-11-26 12:00:00,1.69,1.7,1.68,1.69,73059
2025-11-26 13:00:00,1.69,1.7,1.67,1.68,87013
2025-11-26 14:00:00,1.68,1.69,1.67,1.68,85711
2025-11-26 15:00:00,1.68,1.69,1.66,1.67,88823
2025-11-26 16:00:00,1.67,1.68,1.66,1.67,86777
2025-11-26 17:00:00,1.67,1.68,1.66,1.67,89144
2025-11-26 18:00:00,1.67,1.7,1.66,1.69,85509
2025-11-26 19:00:00,1.69,1.7,1.67,1.68,95567
2025-11-26 20:00:00,1.68,1.69,1.66,1.68,92585
2025-11-26 21:00:00,1.68,1.68,1.68,1.68,29750
2025-11-26 22:00:00,1.68,1.68,1.68,1.68,6178
2025-11-26 23:00:00,1.68,1.68,1.68,1.68,29638
2025-11-27 00:00:00,1.68,1.69,1.68,1.68,33392
2025-11-27 01:00:00,1.68,1.68,1.68,1.68,37426
2025-11-27 02:00:00,1.68,1.68,1.68,1.68,35779
2025-11-27 03:00:00,1.68,1.69,1.68,1.68,36588
2025-11-27 04:00:00,1.68,1.69,1.68,1.68,35701
2025-11-27 05:00:00,1.68,1.69,1.68,1.68,36074
2025-11-27 06:00:00,1.68,1.69,1.67,1.68,34059
2025-11-27 07:00:00,1.68,1.68,1.68,1.68,34755
2025-11-27 08:00:00,1.68,1.69,1.67,1.68,75431
2025-11-27 09:00:00,1.68,1.68,1.67,1.68,74940
2025-11-27 10:00:00,1.68,1.69,1.68,1.68,72220
2025-11-27 11:00:00,1.68,1.74,1.66,1.71,73092
2025-11-27 12:00:00,1.71,1.76,1.7,1.73,72290
2025-11-27 13:00:00,1.73,1.74,1.72,1.73,87131
2025-11-27 14:00:00,1.73,1.74,1.72,1.73,95136
2025-11-27 15:00:00,1.73,1.74,1.72,1.73,91593
2025-11-27 16:00:00,1.73,1.74,1.72,1.73,97582
2025-11-27 17:00:00,1.73,1.74,1.73,1.73,86414
2025-11-27 18:00:00,1.73,1.74,1.72,1.73,94141
2025-11-27 19:00:00,1.73,1.74,1.72,1.73,84298
2025-11-27 20:00:00,1.73,1.74,1.72,1.73,91690
2025-11-27 21:00:00,1.73,1.73,1.73,1.73,31114
2025-11-27 22:00:00,1.73,1.73,1.73,1.73,6160
2025-11-27 23:00:00,1.73,1.73,1.73,1.73,29401
2025-11-28 00:00:00,1.73,1.73,1.73,1.73,36765
2025-11-28 01:00:00,1.73,1.73,1.73,1.73,36506
2025-11-28 02:00:00,1.73,1.73,1.73,1.73,35105
2025-11-28 03:00:00,1.73,1.73,1.73,1.73,35505
2025-11-28 04:00:00,1.73,1.73,1.73,1.73,36643
2025-11-28 05:00:00,1.73,1.73,1.73,1.73,35223
2025-11-28 06:00:00,1.73,1.73,1.73,1.73,34433
2025-11-28 07:00:00,1.73,1.73,1.73,1.73,36572
2025-11-28 08:00:00,1.73,1.74,1.72,1.73,68998
2025-11-28 09:00:00,1.73,1.73,1.73,1.73,72408
2025-11-28 10:00:00,1.73,1.73,1.72,1.73,70382
2025-11-28 11:00:00,1.73,1.74,1.73,1.73,71070
2025-11-28 12:00:00,1.73,1.73,1.72,1.73,67551
2025-11-28 13:00:00,1.73,1.74,1.72,1.73,92316
2025-11-28 14:00:00,1.73,1.74,1.72,1.73,87288
2025-11-28 15:00:00,1.73,1.74,1.72,1.73,89390
2025-11-28 16:00:00,1.73,1.75,1.64,1.7,87729
2025-11-28 17:00:00,1.7,1.7,1.69,1.7,81672
2025-11-28 18:00:00,1.7,1.71,1.7,1.7,90130
2025-11-28 19:00:00,1.7,1.71,1.69,1.7,81997
2025-11-28 20:00:00,1.7,1.71,1.69,1.7,96057
2025-11-28 21:00:00,1.7,1.7,1.7,1.7,29847
2025-11-28 22:00:00,1.7,1.7,1.7,1.7,5769
2025-11-28 23:00:00,1.7,1.7,1.7,1.7,30401
2025-12-01 00:00:00,1.7,1.7,1.7,1.7,34820
2025-12-01 01:00:00,1.7,1.7,1.7,1.7,36011
2025-12-01 02:00:00,1.7,1.7,1.7,1.7,35617
2025-12-01 03:00:00,1.7,1.7,1.7,1.7,36961
2025-12-01 04:00:00,1.7,1.7,1.7,1.7,36882
2025-12-01 05:00:00,1.7,1.7,1.7,1.7,37710
2025-12-01 06:00:00,1.7,1.7,1.7,1.7,34479
2025-12-01 07:00:00,1.7,1.7,1.7,1.7,35482
2025-12-01 08:00:00,1.7,1.7,1.69,1.7,78224
2025-12-01 09:00:00,1.7,1.7,1.7,1.7,75096
2025-12-01 10:00:00,1.7,1.71,1.7,1.7,72474
2025-12-01 11:00:00,1.7,1.71,1.7,1.7,70736
2025-12-01 12:00:00,1.7,1.71,1.69,1.7,67937
2025-12-01 13:00:00,1.7,1.71,1.69,1.7,84708
2025-12-01 14:00:00,1.7,1.71,1.69,1.7,83487
2025-12-01 15:00:00,1.7,1.71,1.69,1.7,92382
2025-12-01 16:00:00,1.7,1.71,1.69,1.7,91698
2025-12-01 17:00:00,1.7,1.71,1.69,1.7,87674
2025-12-01 18:00:00,1.7,1.7,1.67,1.68,89671
2025-12-01 19:00:00,1.68,1.69,1.67,1.68,89843
2025-12-01 20:00:00,1.68,1.69,1.67,1.68,91732
2025-12-01 21:00:00,1.68,1.68,1.68,1.68,31995
2025-12-01 22:00:00,1.68,1.68,1.68,1.68,6088
2025-12-01 23:00:00,1.68,1.68,1.68,1.68,29355
2025-12-02 00:00:00,1.68,1.68,1.68,1.68,35478
2025-12-02 01:00:00,1.68,1.68,1.68,1.68,37577
2025-12-02 02:00:00,1.68,1.68,1.68,1.68,33761
2025-12-02 03:00:00,1.68,1.68,1.68,1.68,35466
2025-12-02 04:00:00,1.68,1.68,1.68,1.68,36660
2025-12-02 05:00:00,1.68,1.68,1.68,1.68,37889
2025-12-02 06:00:00,1.68,1.68,1.68,1.68,34421
2025-12-02 07:00:00,1.68,1.68,1.68,1.68,35549
2025-12-02 08:00:00,1.68,1.69,1.62,1.65,71656
2025-12-02 09:00:00,1.65,1.66,1.64,1.65,70445
2025-12-02 10:00:00,1.65,1.66,1.65,1.65,72737
2025-12-02 11:00:00,1.65,1.66,1.65,1.65,76007
2025-12-02 12:00:00,1.65,1.73,1.59,1.68,72977
2025-12-02 13:00:00,1.68,1.69,1.67,1.68,85926
2025-12-02 14:00:00,1.68,1.69,1.67,1.68,83422
2025-12-02 15:00:00,1.68,1.69,1.67,1.68,92590
2025-12-02 16:00:00,1.68,1.69,1.67,1.68,93531
2025-12-02 17:00:00,1.68,1.69,1.67,1.68,91376
2025-12-02 18:00:00,1.68,1.69,1.67,1.68,90909
2025-12-02 19:00:00,1.68,1.69,1.67,1.68,90110
2025-12-02 20:00:00,1.68,1.69,1.67,1.68,89400
2025-12-02 21:00:00,1.68,1.68,1.68,1.68,29722
2025-12-02 22:00:00,1.68,1.69,1.65,1.65,6204
2025-12-02 23:00:00,1.65,1.68,1.62,1.63,29435
2025-12-03 00:00:00,1.63,1.63,1.63,1.63,35626
2025-12-03 01:00:00,1.63,1.63,1.63,1.63,39003
2025-12-03 02:00:00,1.63,1.63,1.63,1.63,36144
2025-12-03 03:00:00,1.63,1.63,1.63,1.63,38875
2025-12-03 04:00:00,1.63,1.63,1.63,1.63,36830
2025-12-03 05:00:00,1.63,1.63,1.63,1.63,36708
2025-12-03 06:00:00,1.63,1.63,1.63,1.63,36673
2025-12-03 07:00:00,1.63,1.63,1.63,1.63,36494
2025-12-03 08:00:00,1.63,1.64,1.62,1.63,72585
2025-12-03 09:00:00,1.63,1.64,1.63,1.63,77820
2025-12-03 10:00:00,1.63,1.63,1.62,1.63,69456
2025-12-03 11:00:00,1.63,1.65,1.57,1.6,69772
2025-12-03 12:00:00,1.6,1.6,1.6,1.6,70165
2025-12-03 13:00:00,1.6,1.61,1.59,1.6,92868
2025-12-03 14:00:00,1.6,1.61,1.59,1.6,90308
2025-12-03 15:00:00,1.6,1.61,1.59,1.6,90562
2025-12-03 16:00:00,1.6,1.61,1.59,1.6,88568
2025-12-03 17:00:00,1.6,1.61,1.59,1.6,89459
2025-12-03 18:00:00,1.6,1.61,1.59,1.6,92169
2025-12-03 19:00:00,1.6,1.64,1.54,1.63,89089
2025-12-03 20:00:00,1.63,1.64,1.62,1.63,88776
2025-12-03 21:00:00,1.63,1.63,1.63,1.63,31097
2025-12-03 22:00:00,1.63,1.63,1.63,1.63,6220
2025-12-03 23:00:00,1.63,1.63,1.63,1.63,31558
2025-12-04 00:00:00,1.63,1.63,1.63,1.63,37999
2025-12-04 01:00:00,1.63,1.63,1.63,1.63,35665
2025-12-04 02:00:00,1.63,1.63,1.63,1.63,34420
2025-12-04 03:00:00,1.63,1.63,1.63,1.63,36285
2025-12-04 04:00:00,1.63,1.63,1.63,1.63,34673
2025-12-04 05:00:00,1.63,1.63,1.63,1.63,36299
2025-12-04 06:00:00,1.63,1.63,1.63,1.63,38450
2025-12-04 07:00:00,1.63,1.63,1.63,1.63,36254
2025-12-04 08:00:00,1.63,1.63,1.62,1.63,72587
2025-12-04 09:00:00,1.63,1.64,1.62,1.63,74787
2025-12-04 10:00:00,1.63,1.64,1.63,1.63,69675
2025-12-04 11:00:00,1.63,1.63,1.62,1.63,71502
2025-12-04 12:00:00,1.63,1.63,1.63,1.63,72947
2025-12-04 13:00:00,1.63,1.64,1.62,1.63,93237
2025-12-04 14:00:00,1.63,1.64,1.6,1.61,86934
2025-12-04 15:00:00,1.61,1.62,1.61,1.61,88913
2025-12-04 16:00:00,1.61,1.67,1.51,1.58,93228
2025-12-04 17:00:00,1.58,1.58,1.57,1.58,88737
2025-12-04 18:00:00,1.58,1.59,1.57,1.58,87851
2025-12-04 19:00:00,1.58,1.59,1.57,1.58,89626
2025-12-04 20:00:00,1.58,1.58,1.57,1.58,89370
2025-12-04 21:00:00,1.58,1.58,1.58,1.58,31751
2025-12-04 22:00:00,1.58,1.58,1.58,1.58,6381
2025-12-04 23:00:00,1.58,1.58,1.58,1.58,29420
2025-12-05 00:00:00,1.58,1.58,1.58,1.58,33548
2025-12-05 01:00:00,1.58,1.58,1.58,1.58,34063
2025-12-05 02:00:00,1.58,1.58,1.58,1.58,35271
2025-12-05 03:00:00,1.58,1.58,1.58,1.58,33259
2025-12-05 04:00:00,1.58,1.58,1.58,1.58,33136
2025-12-05 05:00:00,1.58,1.58,1.58,1.58,35443
2025-12-05 06:00:00,1.58,1.58,1.58,1.58,33918
2025-12-05 07:00:00,1.58,1.58,1.58,1.58,36405
2025-12-05 08:00:00,1.58,1.58,1.58,1.58,75326
2025-12-05 09:00:00,1.58,1.6,1.52,1.55,71274
2025-12-05 10:00:00,1.55,1.56,1.55,1.55,70880
2025-12-05 11:00:00,1.55,1.56,1.54,1.55,71007
2025-12-05 12:00:00,1.55,1.55,1.54,1.55,70295
2025-12-05 13:00:00,1.55,1.56,1.55,1.55,94203
2025-12-05 14:00:00,1.55,1.56,1.54,1.55,94936
2025-12-05 15:00:00,1.55,1.56,1.54,1.55,92994
2025-12-05 16:00:00,1.55,1.56,1.54,1.55,96343
2025-12-05 17:00:00,1.55,1.6,1.5,1.58,90710
2025-12-05 18:00:00,1.58,1.59,1.57,1.58,83360
2025-12-05 19:00:00,1.58,1.59,1.57,1.58,92235
2025-12-05 20:00:00,1.58,1.59,1.57,1.58,90267
2025-12-05 21:00:00,1.58,1.58,1.58,1.58,30209
2025-12-05 22:00:00,1.58,1.58,1.58,1.58,5902
2025-12-05 23:00:00,1.58,1.58,1.58,1.58,30798
2025-12-08 00:00:00,1.58,1.58,1.58,1.58,38079
2025-12-08 01:00:00,1.58,1.58,1.58,1.58,36925
2025-12-08 02:00:00,1.58,1.58,1.58,1.58,36680
2025-12-08 03:00:00,1.58,1.58,1.58,1.58,34151
2025-12-08 04:00:00,1.58,1.58,1.58,1.58,37565
2025-12-08 05:00:00,1.58,1.58,1.58,1.58,38643
2025-12-08 06:00:00,1.58,1.58,1.58,1.58,35561
2025-12-08 07:00:00,1.58,1.58,1.58,1.58,36567
2025-12-08 08:00:00,1.58,1.59,1.58,1.58,73708
2025-12-08 09:00:00,1.58,1.59,1.58,1.58,73055
2025-12-08 10:00:00,1.58,1.58,1.57,1.58,68836
2025-12-08 11:00:00,1.58,1.64,1.53,1.55,69699
2025-12-08 12:00:00,1.55,1.55,1.54,1.55,74107
2025-12-08 13:00:00,1.55,1.55,1.55,1.55,86899
2025-12-08 14:00:00,1.55,1.55,1.55,1.55,90000
2025-12-08 15:00:00,1.55,1.56,1.54,1.55,94428
2025-12-08 16:00:00,1.55,1.56,1.54,1.55,93775
2025-12-08 17:00:00,1.55,1.56,1.54,1.55,90347
2025-12-08 18:00:00,1.55,1.56,1.55,1.55,89518
2025-12-08 19:00:00,1.55,1.55,1.54,1.55,92026
2025-12-08 20:00:00,1.55,1.56,1.54,1.55,90483
2025-12-08 21:00:00,1.55,1.55,1.55,1.55,31113
2025-12-08 22:00:00,1.55,1.58,1.52,1.57,6006
2025-12-08 23:00:00,1.57,1.57,1.57,1.57,30432
2025-12-09 00:00:00,1.57,1.57,1.57,1.57,34371
2025-12-09 01:00:00,1.57,1.57,1.57,1.57,36957
2025-12-09 02:00:00,1.57,1.57,1.57,1.57,37970
2025-12-09 03:00:00,1.57,1.57,1.57,1.57,34427
2025-12-09 04:00:00,1.57,1.57,1.57,1.57,35031
2025-12-09 05:00:00,1.57,1.57,1.57,1.57,34670
2025-12-09 06:00:00,1.57,1.59,1.5,1.55,37716
2025-12-09 07:00:00,1.55,1.55,1.55,1.55,36234
2025-12-09 08:00:00,1.55,1.55,1.55,1.55,72559
2025-12-09 09:00:00,1.55,1.56,1.54,1.55,73569
2025-12-09 10:00:00,1.55,1.63,1.52,1.58,71071
2025-12-09 11:00:00,1.58,1.58,1.58,1.58,71199
2025-12-09 12:00:00,1.58,1.58,1.58,1.58,68139
2025-12-09 13:00:00,1.58,1.59,1.57,1.58,90039
2025-12-09 14:00:00,1.58,1.59,1.57,1.58,87852
2025-12-09 15:00:00,1.58,1.59,1.57,1.58,85326
2025-12-09 16:00:00,1.58,1.59,1.57,1.58,90640
2025-12-09 17:00:00,1.58,1.59,1.57,1.58,82428
2025-12-09 18:00:00,1.58,1.59,1.57,1.58,84746
2025-12-09 19:00:00,1.58,1.63,1.55,1.55,95645
2025-12-09 20:00:00,1.55,1.56,1.54,1.55,87767
2025-12-09 21:00:00,1.55,1.55,1.55,1.55,28516
2025-12-09 22:00:00,1.55,1.55,1.55,1.55,5940
2025-12-09 23:00:00,1.55,1.55,1.55,1.55,31150
2025-12-10 00:00:00,1.55,1.55,1.55,1.55,36058
2025-12-10 01:00:00,1.55,1.55,1.55,1.55,37659
2025-12-10 02:00:00,1.55,1.55,1.55,1.55,36204
2025-12-10 03:00:00,1.55,1.55,1.54,1.55,37857
2025-12-10 04:00:00,1.55,1.55,1.55,1.55,36527
2025-12-10 05:00:00,1.55,1.55,1.55,1.55,35418
2025-12-10 06:00:00,1.55,1.55,1.55,1.55,39069
2025-12-10 07:00:00,1.55,1.56,1.55,1.55,35347
2025-12-10 08:00:00,1.55,1.56,1.54,1.55,71296
2025-12-10 09:00:00,1.55,1.56,1.54,1.55,74750
2025-12-10 10:00:00,1.55,1.56,1.54,1.55,71783
2025-12-10 11:00:00,1.55,1.56,1.54,1.55,71004
2025-12-10 12:00:00,1.55,1.56,1.54,1.55,71765
2025-12-10 13:00:00,1.55,1.56,1.54,1.55,87685
2025-12-10 14:00:00,1.55,1.57,1.55,1.57,91936
2025-12-10 15:00:00,1.57,1.58,1.56,1.57,89480
2025-12-10 16:00:00,1.57,1.58,1.56,1.57,86410
2025-12-10 17:00:00,1.57,1.6,1.5,1.54,86455
2025-12-10 18:00:00,1.54,1.55,1.53,1.54,83315
2025-12-10 19:00:00,1.54,1.55,1.53,1.54,90595
2025-12-10 20:00:00,1.54,1.55,1.53,1.54,94320
2025-12-10 21:00:00,1.54,1.54,1.54,1.54,29667
2025-12-10 22:00:00,1.54,1.54,1.54,1.54,5848
2025-12-10 23:00:00,1.54,1.55,1.54,1.54,30873
2025-12-11 00:00:00,1.54,1.55,1.54,1.54,35738
2025-12-11 01:00:00,1.54,1.58,1.52,1.53,35131
2025-12-11 02:00:00,1.53,1.53,1.53,1.53,32965
2025-12-11 03:00:00,1.53,1.53,1.53,1.53,36313
2025-12-11 04:00:00,1.53,1.56,1.51,1.56,34850
2025-12-11 05:00:00,1.56,1.56,1.55,1.56,36558
2025-12-11 06:00:00,1.56,1.56,1.56,1.56,36482
2025-12-11 07:00:00,1.56,1.63,1.56,1.58,39002
2025-12-11 08:00:00,1.58,1.59,1.57,1.58,71879
2025-12-11 09:00:00,1.58,1.59,1.57,1.58,67415
2025-12-11 10:00:00,1.58,1.59,1.57,1.58,72611
2025-12-11 11:00:00,1.58,1.59,1.57,1.58,67725
2025-12-11 12:00:00,1.58,1.59,1.57,1.57,74548
2025-12-11 13:00:00,1.57,1.58,1.56,1.57,95598
2025-12-11 14:00:00,1.57,1.58,1.56,1.57,89559
2025-12-11 15:00:00,1.57,1.58,1.56,1.57,88715
2025-12-11 16:00:00,1.57,1.58,1.56,1.57,90290
2025-12-11 17:00:00,1.57,1.58,1.56,1.56,85930
2025-12-11 18:00:00,1.56,1.57,1.55,1.56,96516
2025-12-11 19:00:00,1.56,1.57,1.55,1.56,90291
2025-12-11 20:00:00,1.56,1.57,1.55,1.56,87781
2025-12-11 21:00:00,1.56,1.56,1.56,1.56,30739
2025-12-11 22:00:00,1.56,1.56,1.56,1.56,5706
2025-12-11 23:00:00,1.56,1.56,1.56,1.56,29903
2025-12-12 00:00:00,1.56,1.56,1.56,1.56,35014
2025-12-12 01:00:00,1.56,1.56,1.56,1.56,35386
2025-12-12 02:00:00,1.56,1.56,1.56,1.56,32645
2025-12-12 03:00:00,1.56,1.56,1.56,1.56,36773
2025-12-12 04:00:00,1.56,1.56,1.56,1.56,36227
2025-12-12 05:00:00,1.56,1.57,1.56,1.56,35924
2025-12-12 06:00:00,1.56,1.56,1.56,1.56,36768
2025-12-12 07:00:00,1.56,1.56,1.56,1.56,38343
2025-12-12 08:00:00,1.56,1.56,1.55,1.56,67917
2025-12-12 09:00:00,1.56,1.57,1.55,1.56,74242
2025-12-12 10:00:00,1.56,1.57,1.55,1.56,74220
2025-12-12 11:00:00,1.56,1.57,1.55,1.56,78176
2025-12-12 12:00:00,1.56,1.6,1.54,1.58,71564
2025-12-12 13:00:00,1.58,1.59,1.57,1.58,87219
2025-12-12 14:00:00,1.58,1.59,1.57,1.58,89234
2025-12-12 15:00:00,1.58,1.59,1.57,1.58,89834
2025-12-12 16:00:00,1.58,1.59,1.57,1.58,90834
2025-12-12 17:00:00,1.58,1.59,1.57,1.58,83485
2025-12-12 18:00:00,1.58,1.59,1.57,1.58,91456
2025-12-12 19:00:00,1.58,1.59,1.57,1.58,87190
2025-12-12 20:00:00,1.58,1.6,1.57,1.59,91926
2025-12-12 21:00:00,1.59,1.59,1.59,1.59,30244
2025-12-12 22:00:00,1.59,1.59,1.59,1.59,6144
2025-12-12 23:00:00,1.59,1.59,1.59,1.59,28858
2025-12-15 00:00:00,1.59,1.59,1.59,1.59,37925
2025-12-15 01:00:00,1.59,1.6,1.58,1.59,36087
2025-12-15 02:00:00,1.59,1.59,1.59,1.59,35536
2025-12-15 03:00:00,1.59,1.59,1.59,1.59,33213
2025-12-15 04:00:00,1.59,1.59,1.58,1.59,35596
2025-12-15 05:00:00,1.59,1.6,1.58,1.59,36182
2025-12-15 06:00:00,1.59,1.59,1.59,1.59,36544
2025-12-15 07:00:00,1.59,1.59,1.59,1.59,34537
2025-12-15 08:00:00,1.59,1.62,1.55,1.56,75429
2025-12-15 09:00:00,1.56,1.56,1.55,1.56,73862
2025-12-15 10:00:00,1.56,1.56,1.56,1.56,68998
2025-12-15 11:00:00,1.56,1.56,1.56,1.56,72335
2025-12-15 12:00:00,1.56,1.56,1.56,1.56,71681
2025-12-15 13:00:00,1.56,1.56,1.55,1.56,84799
2025-12-15 14:00:00,1.56,1.57,1.55,1.56,88533
2025-12-15 15:00:00,1.56,1.57,1.55,1.56,91769
2025-12-15 16:00:00,1.56,1.57,1.56,1.56,88250
2025-12-15 17:00:00,1.56,1.56,1.55,1.56,89208
2025-12-15 18:00:00,1.56,1.56,1.56,1.56,86557
2025-12-15 19:00:00,1.56,1.57,1.55,1.56,94438
2025-12-15 20:00:00,1.56,1.58,1.52,1.54,87581
2025-12-15 21:00:00,1.54,1.54,1.54,1.54,29623
2025-12-15 22:00:00,1.54,1.54,1.54,1.54,5494
2025-12-15 23:00:00,1.54,1.54,1.54,1.54,30587
2025-12-16 00:00:00,1.54,1.54,1.54,1.54,37661
2025-12-16 01:00:00,1.54,1.54,1.54,1.54,36753
2025-12-16 02:00:00,1.54,1.54,1.54,1.54,38324
2025-12-16 03:00:00,1.54,1.54,1.54,1.54,35132
2025-12-16 04:00:00,1.54,1.54,1.54,1.54,36718
2025-12-16 05:00:00,1.54,1.54,1.54,1.54,35192
2025-12-16 06:00:00,1.54,1.54,1.54,1.54,33616
2025-12-16 07:00:00,1.54,1.54,1.54,1.54,34795
2025-12-16 08:00:00,1.54,1.54,1.54,1.54,70100
2025-12-16 09:00:00,1.54,1.54,1.53,1.54,72866
2025-12-16 10:00:00,1.54,1.54,1.54,1.54,73938
2025-12-16 11:00:00,1.54,1.55,1.54,1.54,72542
2025-12-16 12:00:00,1.54,1.55,1.54,1.54,70173
2025-12-16 13:00:00,1.54,1.55,1.53,1.54,90622
2025-12-16 14:00:00,1.54,1.55,1.54,1.54,93123
2025-12-16 15:00:00,1.54,1.55,1.53,1.54,87159
2025-12-16 16:00:00,1.54,1.55,1.53,1.54,86470
2025-12-16 17:00:00,1.54,1.55,1.53,1.54,85819
2025-12-16 18:00:00,1.54,1.54,1.53,1.54,87913
2025-12-16 19:00:00,1.54,1.58,1.5,1.57,91077
2025-12-16 20:00:00,1.57,1.58,1.56,1.57,99317
2025-12-16 21:00:00,1.57,1.57,1.57,1.57,28795
2025-12-16 22:00:00,1.57,1.57,1.57,1.57,5722
2025-12-16 23:00:00,1.57,1.57,1.57,1.57,31384
2025-12-17 00:00:00,1.57,1.57,1.57,1.57,37957
2025-12-17 01:00:00,1.57,1.57,1.57,1.57,35440
2025-12-17 02:00:00,1.57,1.57,1.57,1.57,34693
2025-12-17 03:00:00,1.57,1.57,1.57,1.57,34389
2025-12-17 04:00:00,1.57,1.57,1.57,1.57,36605
2025-12-17 05:00:00,1.57,1.57,1.57,1.57,34919
2025-12-17 06:00:00,1.57,1.57,1.57,1.57,37419
2025-12-17 07:00:00,1.57,1.57,1.57,1.57,36870
2025-12-17 08:00:00,1.57,1.64,1.52,1.6,72334
2025-12-17 09:00:00,1.6,1.67,1.58,1.63,67338
2025-12-17 10:00:00,1.63,1.64,1.62,1.63,72838
2025-12-17 11:00:00,1.63,1.64,1.62,1.63,72959
2025-12-17 12:00:00,1.63,1.63,1.6,1.61,71505
2025-12-17 13:00:00,1.61,1.62,1.6,1.61,82855
2025-12-17 14:00:00,1.61,1.62,1.6,1.61,91298
2025-12-17 15:00:00,1.61,1.62,1.6,1.61,88331
2025-12-17 16:00:00,1.61,1.62,1.6,1.61,95780
2025-12-17 17:00:00,1.61,1.62,1.6,1.61,89557
2025-12-17 18:00:00,1.61,1.61,1.6,1.61,92732
2025-12-17 19:00:00,1.61,1.61,1.6,1.61,91502
2025-12-17 20:00:00,1.61,1.61,1.6,1.61,86109
2025-12-17 21:00:00,1.61,1.61,1.61,1.61,29806
2025-12-17 22:00:00,1.61,1.61,1.61,1.61,5981
2025-12-17 23:00:00,1.61,1.61,1.61,1.61,29182
2025-12-18 00:00:00,1.61,1.61,1.61,1.61,36049
2025-12-18 01:00:00,1.61,1.61,1.61,1.61,35332
2025-12-18 02:00:00,1.61,1.61,1.61,1.61,35740
2025-12-18 03:00:00,1.61,1.62,1.6,1.6,37179
2025-12-18 04:00:00,1.6,1.62,1.58,1.61,35274
2025-12-18 05:00:00,1.61,1.62,1.59,1.6,36816
2025-12-18 06:00:00,1.6,1.61,1.56,1.59,36849
2025-12-18 07:00:00,1.59,1.6,1.57,1.58,36936
2025-12-18 08:00:00,1.58,1.59,1.53,1.55,71398
2025-12-18 09:00:00,1.55,1.62,1.54,1.58,66311
2025-12-18 10:00:00,1.58,1.62,1.55,1.57,73175
2025-12-18 11:00:00,1.57,1.63,1.56,1.61,77784
2025-12-18 12:00:00,1.61,1.67,1.6,1.66,73164
2025-12-18 13:00:00,1.66,1.7,1.63,1.63,84108
2025-12-18 14:00:00,1.63,1.69,1.59,1.67,90060
2025-12-18 15:00:00,1.67,1.74,1.66,1.7,95112
2025-12-18 16:00:00,1.7,1.78,1.67,1.74,82592
2025-12-18 17:00:00,1.74,1.78,1.68,1.75,90644
2025-12-18 18:00:00,1.75,1.77,1.69,1.77,85275
2025-12-18 19:00:00,1.77,1.88,1.76,1.87,91711
2025-12-18 20:00:00,1.87,1.96,1.85,1.9,90894
2025-12-18 21:00:00,1.9,1.92,1.89,1.91,30248
2025-12-18 22:00:00,1.91,1.91,1.91,1.91,5962
2025-12-18 23:00:00,1.91,1.92,1.89,1.91,30101
2025-12-19 00:00:00,1.91,1.93,1.9,1.92,34708
2025-12-19 01:00:00,1.92,1.93,1.89,1.91,34749
2025-12-19 02:00:00,1.91,1.92,1.87,1.88,36512
2025-12-19 03:00:00,1.88,1.89,1.85,1.86,34457
2025-12-19 04:00:00,1.86,1.9,1.85,1.88,35483
2025-12-19 05:00:00,1.88,1.91,1.87,1.89,34437
2025-12-19 06:00:00,1.89,1.9,1.88,1.89,35510
2025-12-19 07:00:00,1.89,1.89,1.89,1.89,37526
2025-12-19 08:00:00,1.89,1.9,1.88,1.89,76848
2025-12-19 09:00:00,1.89,1.9,1.89,1.89,72975
2025-12-19 10:00:00,1.89,1.89,1.88,1.89,74046
2025-12-19 11:00:00,1.89,1.9,1.88,1.89,68566
2025-12-19 12:00:00,1.89,1.9,1.88,1.89,75467
2025-12-19 13:00:00,1.89,1.9,1.88,1.89,88735
2025-12-19 14:00:00,1.89,1.9,1.88,1.89,93328
2025-12-19 15:00:00,1.89,1.93,1.85,1.86,88112
2025-12-19 16:00:00,1.86,1.87,1.85,1.86,88397
2025-12-19 17:00:00,1.86,1.87,1.85,1.86,93413
2025-12-19 18:00:00,1.86,1.87,1.85,1.86,87464
2025-12-19 19:00:00,1.86,1.87,1.85,1.86,92862
2025-12-19 20:00:00,1.86,1.87,1.85,1.86,91586
2025-12-19 21:00:00,1.86,1.86,1.86,1.86,29439
2025-12-19 22:00:00,1.86,1.86,1.86,1.86,5310
2025-12-19 23:00:00,1.86,1.86,1.85,1.86,30570
2025-12-22 00:00:00,1.86,1.86,1.86,1.86,34637
2025-12-22 01:00:00,1.86,1.86,1.86,1.86,38231
2025-12-22 02:00:00,1.86,1.86,1.86,1.86,35379
2025-12-22 03:00:00,1.86,1.86,1.86,1.86,34392
2025-12-22 04:00:00,1.86,1.86,1.86,1.86,33818
2025-12-22 05:00:00,1.86,1.86,1.85,1.86,36137
2025-12-22 06:00:00,1.86,1.86,1.86,1.86,36180
2025-12-22 07:00:00,1.86,1.86,1.86,1.86,35538
2025-12-22 08:00:00,1.86,1.87,1.85,1.86,72064
2025-12-22 09:00:00,1.86,1.87,1.85,1.86,74290
2025-12-22 10:00:00,1.86,1.87,1.86,1.86,74097
2025-12-22 11:00:00,1.86,1.95,1.78,1.89,75916
2025-12-22 12:00:00,1.89,1.9,1.88,1.89,76027
2025-12-22 13:00:00,1.89,1.9,1.88,1.89,89800
2025-12-22 14:00:00,1.89,1.9,1.88,1.89,91105
2025-12-22 15:00:00,1.89,1.9,1.88,1.89,87715
2025-12-22 16:00:00,1.89,1.9,1.88,1.89,86674
2025-12-22 17:00:00,1.89,1.9,1.88,1.89,91528
2025-12-22 18:00:00,1.89,1.89,1.88,1.89,88101
2025-12-22 19:00:00,1.89,1.9,1.88,1.89,88899
2025-12-22 20:00:00,1.89,1.9,1.88,1.89,86784
2025-12-22 21:00:00,1.89,1.89,1.89,1.89,29918
2025-12-22 22:00:00,1.89,1.89,1.89,1.89,6010
2025-12-22 23:00:00,1.89,1.89,1.89,1.89,29358
2025-12-23 00:00:00,1.89,1.89,1.89,1.89,34381
2025-12-23 01:00:00,1.89,1.89,1.89,1.89,36590
2025-12-23 02:00:00,1.89,1.89,1.89,1.89,32712
2025-12-23 03:00:00,1.89,1.89,1.89,1.89,38383
2025-12-23 04:00:00,1.89,1.89,1.89,1.89,37256
2025-12-23 05:00:00,1.89,1.89,1.89,1.89,36967
2025-12-23 06:00:00,1.89,1.89,1.89,1.89,34698
2025-12-23 07:00:00,1.89,1.89,1.89,1.89,35269
2025-12-23 08:00:00,1.89,1.93,1.83,1.85,68895
2025-12-23 09:00:00,1.85,1.85,1.84,1.85,66096
2025-12-23 10:00:00,1.85,1.86,1.84,1.85,65732
2025-12-23 11:00:00,1.85,1.85,1.85,1.85,69101
2025-12-23 12:00:00,1.85,1.86,1.85,1.85,71108
2025-12-23 13:00:00,1.85,1.89,1.82,1.88,90310
2025-12-23 14:00:00,1.88,1.89,1.87,1.88,92204
2025-12-23 15:00:00,1.88,1.89,1.87,1.88,90994
2025-12-23 16:00:00,1.88,1.89,1.87,1.88,89751
2025-12-23 17:00:00,1.88,1.89,1.87,1.88,92188
2025-12-23 18:00:00,1.88,1.89,1.87,1.88,91328
2025-12-23 19:00:00,1.88,1.89,1.87,1.88,95732
2025-12-23 20:00:00,1.88,1.89,1.87,1.88,88507
2025-12-23 21:00:00,1.88,1.88,1.88,1.88,28417
2025-12-23 22:00:00,1.88,1.88,1.85,1.86,6254
2025-12-23 23:00:00,1.86,1.92,1.8,1.83,29610
2025-12-24 00:00:00,1.83,1.83,1.83,1.83,38283
2025-12-24 01:00:00,1.83,1.83,1.83,1.83,36404
2025-12-24 02:00:00,1.83,1.83,1.83,1.83,36919
2025-12-24 03:00:00,1.83,1.83,1.83,1.83,35382
2025-12-24 04:00:00,1.83,1.83,1.83,1.83,34970
2025-12-24 05:00:00,1.83,1.83,1.83,1.83,37251
2025-12-24 06:00:00,1.83,1.83,1.83,1.83,37029
2025-12-24 07:00:00,1.83,1.83,1.83,1.83,36744
2025-12-24 08:00:00,1.83,1.84,1.83,1.83,71823
2025-12-24 09:00:00,1.83,1.83,1.82,1.83,71647
2025-12-24 10:00:00,1.83,1.84,1.82,1.83,73093
2025-12-24 11:00:00,1.83,1.84,1.82,1.83,67981
2025-12-24 12:00:00,1.83,1.84,1.82,1.83,68615
2025-12-24 13:00:00,1.83,1.84,1.82,1.83,83447
2025-12-24 14:00:00,1.83,1.85,1.78,1.8,92315
2025-12-24 15:00:00,1.8,1.84,1.76,1.82,89209
2025-12-24 16:00:00,1.82,1.83,1.81,1.82,84347
2025-12-24 17:00:00,1.82,1.9,1.8,1.85,92270
2025-12-24 18:00:00,1.85,1.86,1.82,1.84,87411
2025-12-24 19:00:00,1.84,1.88,1.77,1.8,85870
2025-12-24 20:00:00,1.8,1.81,1.78,1.79,92219
2025-12-24 21:00:00,1.79,1.79,1.79,1.79,29783
2025-12-24 22:00:00,1.79,1.79,1.79,1.79,5537
2025-12-24 23:00:00,1.79,1.79,1.79,1.79,30671
2025-12-25 00:00:00,1.79,1.81,1.76,1.77,37668
2025-12-25 01:00:00,1.77,1.77,1.76,1.77,36083
2025-12-25 02:00:00,1.77,1.77,1.76,1.77,36548
2025-12-25 03:00:00,1.77,1.77,1.77,1.77,38154
2025-12-25 04:00:00,1.77,1.77,1.77,1.77,36579
2025-12-25 05:00:00,1.77,1.81,1.76,1.8,38206
2025-12-25 06:00:00,1.8,1.8,1.79,1.8,34864
2025-12-25 07:00:00,1.8,1.81,1.79,1.8,33368
2025-12-25 08:00:00,1.8,1.81,1.79,1.8,70747
2025-12-25 09:00:00,1.8,1.81,1.79,1.8,75361
2025-12-25 10:00:00,1.8,1.81,1.79,1.8,76368
2025-12-25 11:00:00,1.8,1.81,1.79,1.8,72105
2025-12-25 12:00:00,1.8,1.81,1.79,1.8,75755
2025-12-25 13:00:00,1.8,1.82,1.79,1.8,88279
2025-12-25 14:00:00,1.8,1.81,1.77,1.78,96935
2025-12-25 15:00:00,1.78,1.79,1.76,1.78,86487
2025-12-25 16:00:00,1.78,1.79,1.77,1.78,89660
2025-12-25 17:00:00,1.78,1.8,1.78,1.79,93181
2025-12-25 18:00:00,1.79,1.81,1.77,1.78,89709
2025-12-25 19:00:00,1.78,1.79,1.77,1.79,91047
2025-12-25 20:00:00,1.79,1.8,1.78,1.79,90607
2025-12-25 21:00:00,1.79,1.79,1.79,1.79,28755
2025-12-25 22:00:00,1.79,1.79,1.79,1.79,5806
2025-12-25 23:00:00,1.79,1.79,1.79,1.79,29037
2025-12-26 00:00:00,1.79,1.8,1.78,1.79,34450
2025-12-26 01:00:00,1.79,1.79,1.78,1.79,36373
2025-12-26 02:00:00,1.79,1.8,1.79,1.79,37602
2025-12-26 03:00:00,1.79,1.8,1.78,1.79,34668
2025-12-26 04:00:00,1.79,1.79,1.79,1.79,33715
2025-12-26 05:00:00,1.79,1.8,1.78,1.79,35251
2025-12-26 06:00:00,1.79,1.79,1.79,1.79,34947
2025-12-26 07:00:00,1.79,1.79,1.79,1.79,35353
2025-12-26 08:00:00,1.79,1.8,1.78,1.79,69402
2025-12-26 09:00:00,1.79,1.8,1.78,1.79,67409
2025-12-26 10:00:00,1.79,1.8,1.77,1.78,71716
2025-12-26 11:00:00,1.78,1.79,1.77,1.78,68375
2025-12-26 12:00:00,1.78,1.79,1.77,1.78,65951
2025-12-26 13:00:00,1.78,1.79,1.77,1.78,85671
2025-12-26 14:00:00,1.78,1.8,1.77,1.79,89782
2025-12-26 15:00:00,1.79,1.8,1.77,1.78,88096
2025-12-26 16:00:00,1.78,1.8,1.74,1.76,84369
2025-12-26 17:00:00,1.76,1.77,1.74,1.75,88321
2025-12-26 18:00:00,1.75,1.76,1.74,1.75,87009
2025-12-26 19:00:00,1.75,1.76,1.74,1.75,93168
2025-12-26 20:00:00,1.75,1.76,1.74,1.75,91600
2025-12-26 21:00:00,1.75,1.76,1.67,1.72,30078
2025-12-26 22:00:00,1.72,1.72,1.72,1.72,5849
2025-12-26 23:00:00,1.72,1.72,1.72,1.72,29860
2025-12-29 00:00:00,1.72,1.72,1.71,1.72,36163
2025-12-29 01:00:00,1.72,1.72,1.71,1.72,36228
2025-12-29 02:00:00,1.72,1.72,1.72,1.72,34874
2025-12-29 03:00:00,1.72,1.72,1.72,1.72,37581
2025-12-29 04:00:00,1.72,1.72,1.72,1.72,32562
2025-12-29 05:00:00,1.72,1.76,1.67,1.69,34478
2025-12-29 06:00:00,1.69,1.69,1.69,1.69,35070
2025-12-29 07:00:00,1.69,1.7,1.68,1.69,38048
2025-12-29 08:00:00,1.69,1.7,1.67,1.68,69603
2025-12-29 09:00:00,1.68,1.69,1.67,1.68,69689
2025-12-29 10:00:00,1.68,1.69,1.67,1.68,72541
2025-12-29 11:00:00,1.68,1.69,1.67,1.68,70136
2025-12-29 12:00:00,1.68,1.69,1.67,1.68,71630
2025-12-29 13:00:00,1.68,1.69,1.67,1.68,91083
2025-12-29 14:00:00,1.68,1.69,1.67,1.68,85751
2025-12-29 15:00:00,1.68,1.76,1.63,1.7,94410
2025-12-29 16:00:00,1.7,1.71,1.69,1.71,91751
2025-12-29 17:00:00,1.71,1.72,1.69,1.7,92363
2025-12-29 18:00:00,1.7,1.71,1.68,1.71,87405
2025-12-29 19:00:00,1.71,1.72,1.7,1.71,93047
2025-12-29 20:00:00,1.71,1.72,1.7,1.71,90476
2025-12-29 21:00:00,1.71,1.71,1.71,1.71,29150
2025-12-29 22:00:00,1.71,1.71,1.71,1.71,6305
2025-12-29 23:00:00,1.71,1.71,1.71,1.71,29799
2025-12-30 00:00:00,1.71,1.71,1.71,1.71,36532
2025-12-30 01:00:00,1.71,1.71,1.71,1.71,38040
2025-12-30 02:00:00,1.71,1.71,1.7,1.71,39721
2025-12-30 03:00:00,1.71,1.71,1.71,1.71,35914
2025-12-30 04:00:00,1.71,1.71,1.71,1.71,36183
2025-12-30 05:00:00,1.71,1.71,1.71,1.71,38447
2025-12-30 06:00:00,1.71,1.71,1.71,1.71,34257
2025-12-30 07:00:00,1.71,1.78,1.69,1.74,36084
2025-12-30 08:00:00,1.74,1.75,1.73,1.74,74963
2025-12-30 09:00:00,1.74,1.74,1.74,1.74,64127
2025-12-30 10:00:00,1.74,1.75,1.73,1.74,73194
2025-12-30 11:00:00,1.74,1.75,1.73,1.74,70748
2025-12-30 12:00:00,1.74,1.75,1.73,1.74,71644
2025-12-30 13:00:00,1.74,1.75,1.73,1.74,96401
2025-12-30 14:00:00,1.74,1.75,1.73,1.74,93748
2025-12-30 15:00:00,1.74,1.75,1.73,1.74,91933
2025-12-30 16:00:00,1.74,1.74,1.67,1.71,90046
2025-12-30 17:00:00,1.71,1.72,1.7,1.71,97894
2025-12-30 18:00:00,1.71,1.72,1.7,1.71,89569
2025-12-30 19:00:00,1.71,1.72,1.71,1.71,94353
2025-12-30 20:00:00,1.71,1.72,1.7,1.71,90221
2025-12-30 21:00:00,1.71,1.74,1.62,1.69,32773
2025-12-30 22:00:00,1.69,1.69,1.69,1.69,5976
2025-12-30 23:00:00,1.69,1.69,1.69,1.69,30389
2025-12-31 00:00:00,1.69,1.69,1.69,1.69,35685
2025-12-31 01:00:00,1.69,1.69,1.69,1.69,36757
2025-12-31 02:00:00,1.69,1.69,1.69,1.69,37232
2025-12-31 03:00:00,1.69,1.69,1.69,1.69,35200
2025-12-31 04:00:00,1.69,1.69,1.69,1.69,34981
2025-12-31 05:00:00,1.69,1.69,1.69,1.69,36975
2025-12-31 06:00:00,1.69,1.69,1.69,1.69,35196
2025-12-31 07:00:00,1.69,1.69,1.69,1.69,36162
2025-12-31 08:00:00,1.69,1.7,1.68,1.69,77938
2025-12-31 09:00:00,1.69,1.7,1.68,1.69,69922
2025-12-31 10:00:00,1.69,1.69,1.69,1.69,69632
2025-12-31 11:00:00,1.69,1.7,1.68,1.69,73171
2025-12-31 12:00:00,1.69,1.78,1.62,1.72,69772
2025-12-31 13:00:00,1.72,1.72,1.71,1.72,91161
2025-12-31 14:00:00,1.72,1.73,1.71,1.72,87570
2025-12-31 15:00:00,1.72,1.73,1.71,1.72,85008
2025-12-31 16:00:00,1.72,1.73,1.71,1.72,89336
2025-12-31 17:00:00,1.72,1.73,1.71,1.72,89080
2025-12-31 18:00:00,1.72,1.73,1.71,1.72,90721
2025-12-31 19:00:00,1.72,1.73,1.72,1.72,90486
2025-12-31 20:00:00,1.72,1.73,1.71,1.72,86655
2025-12-31 21:00:00,1.72,1.72,1.72,1.72,28587
2025-12-31 22:00:00,1.72,1.72,1.72,1.72,6395
2025-12-31 23:00:00,1.72,1.72,1.72,1.72,30157
