Time,Open,High,Low,Close,Volume
2024-01-01 00:00:00,2050.0,2053.31,2047.05,2052.9,2986
2024-01-01 01:00:00,2052.9,2057.32,2051.02,2056.16,3036
2024-01-01 02:00:00,2056.16,2057.11,2053.64,2056.06,2996
2024-01-01 03:00:00,2056.06,2061.43,2054.6,2059.15,2920
2024-01-01 04:00:00,2059.15,2060.37,2051.15,2052.74,2982
2024-01-01 05:00:00,2052.74,2057.39,2051.4,2055.61,2972
2024-01-01 06:00:00,2055.61,2060.47,2054.67,2058.42,2979
2024-01-01 07:00:00,2058.42,2106.33,2018.11,2031.6,3007
2024-01-01 08:00:00,2031.6,2047.24,2017.47,2025.28,66809
2024-01-01 09:00:00,2025.28,2030.38,2014.01,2023.62,63567
2024-01-01 10:00:00,2023.62,2025.75,1993.25,1999.14,64389
2024-01-01 11:00:00,1999.14,2006.05,1987.07,1992.59,67052
2024-01-01 12:00:00,1992.59,1999.53,1984.79,1990.49,66173
2024-01-01 13:00:00,1990.49,2014.03,1985.34,2000.76,89769
2024-01-01 14:00:00,2000.76,2016.87,1983.26,1990.8,89039
2024-01-01 15:00:00,1990.8,1999.78,1957.05,1978.87,90425
2024-01-01 16:00:00,1978.87,1982.7,1928.97,1935.12,90409
2024-01-01 17:00:00,1935.12,1949.84,1919.55,1929.0,89081
2024-01-01 18:00:00,1929.0,1949.43,1923.93,1944.35,90870
2024-01-01 19:00:00,1944.35,1960.63,1932.14,1945.79,86921
2024-01-01 20:00:00,1945.79,1967.54,1935.09,1955.0,91360
2024-01-01 21:00:00,1955.0,1959.04,1953.04,1956.89,2954
2024-01-01 22:00:00,1956.89,1957.14,1956.62,1956.87,268
2024-01-01 23:00:00,1956.87,1962.19,1956.47,1960.51,2949
2024-01-02 00:00:00,1960.51,1961.57,1957.57,1958.87,2955
2024-01-02 01:00:00,1958.87,2043.71,1928.55,1998.16,2953
2024-01-02 02:00:00,1998.16,2000.7,1996.85,1997.79,3033
2024-01-02 03:00:00,1997.79,2000.98,1996.77,1999.03,3004
2024-01-02 04:00:00,1999.03,2001.23,1995.77,2000.18,2880
2024-01-02 05:00:00,2000.18,2004.78,1999.78,2001.34,2976
2024-01-02 06:00:00,2001.34,2004.08,1997.53,1997.87,2998
2024-01-02 07:00:00,1997.87,1998.21,1993.52,1995.76,2919
2024-01-02 08:00:00,1995.76,2024.4,1991.76,2023.97,66297
2024-01-02 09:00:00,2023.97,2036.54,2015.49,2022.21,66847
2024-01-02 10:00:00,2022.21,2035.47,2017.66,2022.85,64893
2024-01-02 11:00:00,2022.85,2029.81,2006.77,2020.32,66130
2024-01-02 12:00:00,2020.32,2026.08,2008.12,2014.73,66144
2024-01-02 13:00:00,2014.73,2060.52,2008.18,2050.73,91164
2024-01-02 14:00:00,2050.73,2054.9,2026.4,2043.55,90857
2024-01-02 15:00:00,2043.55,2068.96,2042.09,2062.28,90112
2024-01-02 16:00:00,2062.28,2079.53,2055.11,2073.39,90541
2024-01-02 17:00:00,2073.39,2093.02,2069.55,2083.88,87874
2024-01-02 18:00:00,2083.88,2092.78,2063.06,2074.07,88973
2024-01-02 19:00:00,2074.07,2080.94,2038.82,2045.49,89876
2024-01-02 20:00:00,2045.49,2058.5,2037.07,2044.98,85681
2024-01-02 21:00:00,2044.98,2046.12,2040.69,2044.12,2985
2024-01-02 22:00:00,2044.12,2044.58,2043.94,2044.35,275
2024-01-02 23:00:00,2044.35,2047.97,2042.44,2043.68,2958
2024-01-03 00:00:00,2043.68,2047.27,2042.3,2044.2,2960
2024-01-03 01:00:00,2044.2,2046.84,2042.53,2045.76,2976
2024-01-03 02:00:00,2045.76,2049.43,2045.17,2048.64,3040
2024-01-03 03:00:00,2048.64,2049.74,2045.62,2046.4,2948
2024-01-03 04:00:00,2046.4,2048.83,2044.14,2046.11,2934
2024-01-03 05:00:00,2046.11,2048.03,2043.43,2046.51,3062
2024-01-03 06:00:00,2046.51,2048.68,2044.87,2045.7,2950
2024-01-03 07:00:00,2045.7,2047.62,2043.95,2046.19,2909
2024-01-03 08:00:00,2046.19,2063.45,2032.77,2060.07,64031
2024-01-03 09:00:00,2060.07,2077.86,2035.98,2063.01,66110
2024-01-03 10:00:00,2063.01,2101.18,2029.22,2051.62,65649
2024-01-03 11:00:00,2051.62,2097.72,2026.05,2078.21,66570
2024-01-03 12:00:00,2078.21,2103.49,2068.03,2079.72,65789
2024-01-03 13:00:00,2079.72,2107.03,2038.98,2048.66,92202
2024-01-03 14:00:00,2048.66,2092.49,2033.71,2042.49,88100
2024-01-03 15:00:00,2042.49,2113.32,2020.02,2101.38,89545
2024-01-03 16:00:00,2101.38,2175.09,2092.68,2160.02,88322
2024-01-03 17:00:00,2160.02,2221.43,2137.22,2165.33,88457
2024-01-03 18:00:00,2165.33,2209.33,2147.19,2198.25,89726
2024-01-03 19:00:00,2198.25,2246.48,2179.13,2238.75,89236
2024-01-03 20:00:00,2238.75,2275.04,2215.93,2258.61,89853
2024-01-03 21:00:00,2258.61,2284.42,2257.79,2283.61,3061
2024-01-03 22:00:00,2283.61,2301.08,2282.89,2300.75,272
2024-01-03 23:00:00,2300.75,2314.32,2299.06,2312.43,2983
2024-01-04 00:00:00,2312.43,2326.11,2310.31,2322.83,2971
2024-01-04 01:00:00,2322.83,2400.39,2294.99,2360.8,2929
2024-01-04 02:00:00,2360.8,2372.15,2357.14,2370.77,2940
2024-01-04 03:00:00,2370.77,2393.01,2369.48,2391.18,2928
2024-01-04 04:00:00,2391.18,2418.07,2335.43,2406.52,3001
2024-01-04 05:00:00,2406.52,2425.8,2400.03,2422.69,2950
2024-01-04 06:00:00,2422.69,2443.69,2421.66,2443.29,2998
2024-01-04 07:00:00,2443.29,2467.8,2441.13,2465.57,2988
2024-01-04 08:00:00,2465.57,2470.41,2405.71,2442.22,66359
2024-01-04 09:00:00,2442.22,2471.13,2429.89,2461.06,65129
2024-01-04 10:00:00,2461.06,2507.56,2453.83,2498.45,65238
2024-01-04 11:00:00,2498.45,2535.43,2491.13,2519.27,65662
2024-01-04 12:00:00,2519.27,2582.47,2509.08,2544.61,67547
2024-01-04 13:00:00,2544.61,2641.38,2506.74,2580.7,88850
2024-01-04 14:00:00,2580.7,2627.63,2547.59,2569.71,88031
2024-01-04 15:00:00,2569.71,2596.08,2528.74,2560.38,90359
2024-01-04 16:00:00,2560.38,2603.33,2544.17,2566.8,90910
2024-01-04 17:00:00,2566.8,2587.72,2493.9,2520.77,89868
2024-01-04 18:00:00,2520.77,2589.0,2500.98,2587.17,88981
2024-01-04 19:00:00,2587.17,2600.79,2538.67,2585.0,90313
2024-01-04 20:00:00,2585.0,2697.06,2535.77,2640.43,88379
2024-01-04 21:00:00,2640.43,2661.35,2638.85,2655.86,2957
2024-01-04 22:00:00,2655.86,2676.24,2655.54,2675.88,270
2024-01-04 23:00:00,2675.88,2787.37,2593.71,2736.23,2887
2024-01-05 00:00:00,2736.23,2757.22,2733.66,2754.98,2938
2024-01-05 01:00:00,2754.98,2779.02,2749.0,2778.13,3010
2024-01-05 02:00:00,2778.13,2807.27,2774.55,2806.1,2933
2024-01-05 03:00:00,2806.1,2823.1,2799.93,2822.51,2960
2024-01-05 04:00:00,2822.51,2842.86,2821.85,2838.99,2965
2024-01-05 05:00:00,2838.99,2868.4,2834.11,2866.7,2905
2024-01-05 06:00:00,2866.7,2889.8,2863.99,2885.04,3053
2024-01-05 07:00:00,2885.04,2915.24,2883.91,2913.21,2994
2024-01-05 08:00:00,2913.21,2957.77,2898.49,2919.14,64828
2024-01-05 09:00:00,2919.14,2956.92,2912.32,2933.85,65020
2024-01-05 10:00:00,2933.85,2980.46,2900.88,2970.46,64808
2024-01-05 11:00:00,2970.46,2988.8,2925.11,2950.14,66875
2024-01-05 12:00:00,2950.14,3008.33,2929.53,2991.21,65143
2024-01-05 13:00:00,2991.21,3036.32,2955.49,3028.59,89905
2024-01-05 14:00:00,3028.59,3097.43,3008.9,3061.99,91284
2024-01-05 15:00:00,3061.99,3106.96,3021.15,3088.96,89703
2024-01-05 16:00:00,3088.96,3149.03,3054.49,3118.53,89944
2024-01-05 17:00:00,3118.53,3191.39,3066.4,3165.75,88760
2024-01-05 18:00:00,3165.75,3228.87,3134.38,3183.43,91071
2024-01-05 19:00:00,3183.43,3227.07,3150.44,3201.17,89896
2024-01-05 20:00:00,3201.17,3282.83,3190.64,3210.33,90161
2024-01-05 21:00:00,3210.33,3233.61,3207.59,3229.54,2964
2024-01-05 22:00:00,3229.54,3254.94,3229.01,3254.24,267
2024-01-05 23:00:00,3254.24,3271.6,3250.58,3267.08,3092
2024-01-08 00:00:00,3267.08,3288.5,3263.86,3286.19,2966
2024-01-08 01:00:00,3286.19,3306.1,3285.26,3305.33,2985
2024-01-08 02:00:00,3305.33,3352.93,3235.01,3293.18,2972
2024-01-08 03:00:00,3293.18,3331.11,3288.53,3321.42,2982
2024-01-08 04:00:00,3321.42,3341.45,3317.06,3339.38,2963
2024-01-08 05:00:00,3339.38,3358.54,3336.9,3354.86,2947
2024-01-08 06:00:00,3354.86,3385.8,3353.93,3382.57,2993
2024-01-08 07:00:00,3382.57,3406.38,3378.84,3400.98,2966
2024-01-08 08:00:00,3400.98,3491.03,3369.01,3458.34,66154
2024-01-08 09:00:00,3458.34,3491.17,3410.04,3468.68,66553
2024-01-08 10:00:00,3468.68,3504.72,3436.24,3473.31,65949
2024-01-08 11:00:00,3473.31,3502.88,3437.85,3455.23,68126
2024-01-08 12:00:00,3455.23,3527.25,3446.16,3495.26,67168
2024-01-08 13:00:00,3495.26,3514.25,3384.28,3395.22,88180
2024-01-08 14:00:00,3395.22,3437.74,3365.39,3409.25,92183
2024-01-08 15:00:00,3409.25,3428.54,3352.28,3395.04,87286
2024-01-08 16:00:00,3395.04,3417.53,3338.5,3357.18,87527
2024-01-08 17:00:00,3357.18,3441.88,3320.62,3402.7,90498
2024-01-08 18:00:00,3402.7,3466.14,3362.9,3439.84,92980
2024-01-08 19:00:00,3439.84,3474.21,3366.05,3410.48,92224
2024-01-08 20:00:00,3410.48,3480.59,3392.81,3457.51,90388
2024-01-08 21:00:00,3457.51,3476.6,3454.9,3471.47,2970
2024-01-08 22:00:00,3471.47,3497.72,3471.1,3497.35,271
2024-01-08 23:00:00,3497.35,3527.05,3493.61,3524.2,2962
2024-01-09 00:00:00,3524.2,3551.07,3520.42,3549.32,2997
2024-01-09 01:00:00,3549.32,3576.84,3542.28,3573.11,2960
2024-01-09 02:00:00,3573.11,3606.12,3568.14,3605.83,2948
2024-01-09 03:00:00,3605.83,3638.01,3601.26,3635.7,2984
2024-01-09 04:00:00,3635.7,3667.45,3629.43,3665.12,2988
2024-01-09 05:00:00,3665.12,3671.01,3653.29,3665.72,2996
2024-01-09 06:00:00,3665.72,3696.5,3664.76,3683.23,2925
2024-01-09 07:00:00,3683.23,3706.13,3675.69,3700.57,3015
2024-01-09 08:00:00,3700.57,3736.42,3635.96,3670.5,65172
2024-01-09 09:00:00,3670.5,3755.82,3660.36,3751.38,65699
2024-01-09 10:00:00,3751.38,3819.08,3744.53,3779.49,66643
2024-01-09 11:00:00,3779.49,3786.88,3725.41,3776.98,63211
2024-01-09 12:00:00,3776.98,3838.6,3768.77,3819.67,64270
2024-01-09 13:00:00,3819.67,3906.91,3784.14,3884.33,89617
2024-01-09 14:00:00,3884.33,4097.27,3757.89,3897.98,90999
2024-01-09 15:00:00,3897.98,3930.97,3848.11,3875.87,91089
2024-01-09 16:00:00,3875.87,3956.17,3858.28,3942.23,89774
2024-01-09 17:00:00,3942.23,3993.22,3901.27,3970.86,90286
2024-01-09 18:00:00,3970.86,4012.15,3897.33,3993.4,92203
2024-01-09 19:00:00,3993.4,4038.05,3890.29,3911.1,90060
2024-01-09 20:00:00,3911.1,3967.41,3890.96,3951.4,91477
2024-01-09 21:00:00,3951.4,3951.9,3943.52,3945.2,3062
2024-01-09 22:00:00,3945.2,3945.4,3944.47,3944.74,267
2024-01-09 23:00:00,3944.74,3952.4,3943.43,3948.03,3034
2024-01-10 00:00:00,3948.03,3956.81,3946.09,3953.72,2914
2024-01-10 01:00:00,3953.72,3955.06,3947.26,3950.85,2985
2024-01-10 02:00:00,3950.85,3955.51,3945.91,3953.45,2964
2024-01-10 03:00:00,3953.45,3956.08,3947.59,3951.44,2981
2024-01-10 04:00:00,3951.44,4194.12,3784.15,4034.1,2937
2024-01-10 05:00:00,4034.1,4038.05,4025.47,4031.93,2918
2024-01-10 06:00:00,4031.93,4033.42,4025.02,4030.22,2937
2024-01-10 07:00:00,4030.22,4035.95,4025.98,4027.64,3020
2024-01-10 08:00:00,4027.64,4043.14,4008.63,4027.61,68052
2024-01-10 09:00:00,4027.61,4067.7,4021.88,4054.84,64798
2024-01-10 10:00:00,4054.84,4088.65,4040.29,4075.85,65606
2024-01-10 11:00:00,4075.85,4093.83,4061.48,4087.16,67031
2024-01-10 12:00:00,4087.16,4125.07,4079.43,4112.92,65399
2024-01-10 13:00:00,4112.92,4161.43,4094.91,4148.06,87232
2024-01-10 14:00:00,4148.06,4163.9,4118.37,4129.52,90482
2024-01-10 15:00:00,4129.52,4140.86,4076.89,4121.54,89545
2024-01-10 16:00:00,4121.54,4146.67,4080.8,4112.15,88464
2024-01-10 17:00:00,4112.15,4124.59,4068.96,4076.31,89023
2024-01-10 18:00:00,4076.31,4103.47,4040.02,4083.07,86850
2024-01-10 19:00:00,4083.07,4114.26,4078.34,4091.41,91304
2024-01-10 20:00:00,4091.41,4138.39,4062.43,4071.88,88907
2024-01-10 21:00:00,4071.88,4078.87,4068.82,4074.54,3034
2024-01-10 22:00:00,4074.54,4075.27,4074.1,4074.87,265
2024-01-10 23:00:00,4074.87,4081.28,4072.77,4079.16,2930
2024-01-11 00:00:00,4079.16,4085.41,4069.85,4072.34,2991
2024-01-11 01:00:00,4072.34,4079.76,4071.02,4074.28,2941
2024-01-11 02:00:00,4074.28,4079.38,4064.79,4068.39,3076
2024-01-11 03:00:00,4068.39,4072.95,4066.75,4067.91,2966
2024-01-11 04:00:00,4067.91,4297.17,3968.97,4151.49,3005
2024-01-11 05:00:00,4151.49,4153.68,4145.6,4150.22,2969
2024-01-11 06:00:00,4150.22,4153.98,4145.7,4147.43,2983
2024-01-11 07:00:00,4147.43,4150.13,4143.23,4146.86,2951
2024-01-11 08:00:00,4146.86,4188.56,4139.69,4184.06,64943
2024-01-11 09:00:00,4184.06,4201.59,4164.65,4194.45,65408
2024-01-11 10:00:00,4194.45,4206.78,4142.29,4157.82,65306
2024-01-11 11:00:00,4157.82,4175.88,4132.5,4167.96,67239
2024-01-11 12:00:00,4167.96,4190.76,4149.67,4178.96,66158
2024-01-11 13:00:00,4178.96,4426.56,3961.22,4249.15,91981
2024-01-11 14:00:00,4249.15,4257.92,4152.43,4163.26,90612
2024-01-11 15:00:00,4163.26,4200.46,4130.1,4195.18,92074
2024-01-11 16:00:00,4195.18,4233.22,4171.33,4213.39,92200
2024-01-11 17:00:00,4213.39,4234.86,4192.49,4211.46,90306
2024-01-11 18:00:00,4211.46,4332.51,4075.72,4303.39,88455
2024-01-11 19:00:00,4303.39,4344.52,4272.96,4287.7,89442
2024-01-11 20:00:00,4287.7,4415.64,3917.05,4211.54,91567
2024-01-11 21:00:00,4211.54,4216.59,4206.88,4208.72,3014
2024-01-11 22:00:00,4208.72,4209.76,4208.66,4209.35,272
2024-01-11 23:00:00,4209.35,4214.9,4201.68,4204.73,3080
2024-01-12 00:00:00,4204.73,4213.96,4202.97,4209.9,3003
2024-01-12 01:00:00,4209.9,4214.67,4202.77,4210.18,2965
2024-01-12 02:00:00,4210.18,4213.24,4201.26,4209.92,3073
2024-01-12 03:00:00,4209.92,4211.01,4196.6,4199.65,3036
2024-01-12 04:00:00,4199.65,4207.27,4196.15,4204.42,2960
2024-01-12 05:00:00,4204.42,4210.81,4195.08,4198.85,2912
2024-01-12 06:00:00,4198.85,4200.65,4188.24,4189.64,3014
2024-01-12 07:00:00,4189.64,4195.4,4177.21,4189.1,3042
2024-01-12 08:00:00,4189.1,4194.56,4143.84,4151.84,67227
2024-01-12 09:00:00,4151.84,4169.94,4132.13,4151.8,66144
2024-01-12 10:00:00,4151.8,4252.71,4124.63,4226.94,66546
2024-01-12 11:00:00,4226.94,4254.84,4175.71,4185.21,65650
2024-01-12 12:00:00,4185.21,4192.54,4158.18,4168.07,65602
2024-01-12 13:00:00,4168.07,4173.34,4114.94,4124.88,88238
2024-01-12 14:00:00,4124.88,4158.48,4109.65,4130.48,89436
2024-01-12 15:00:00,4130.48,4162.36,4079.69,4106.8,90062
2024-01-12 16:00:00,4106.8,4126.2,4078.05,4089.83,90252
2024-01-12 17:00:00,4089.83,4133.95,4056.16,4118.03,91979
2024-01-12 18:00:00,4118.03,4171.19,4112.24,4147.05,89945
2024-01-12 19:00:00,4147.05,4192.79,4122.42,4156.39,90792
2024-01-12 20:00:00,4156.39,4261.68,4121.64,4226.87,92702
2024-01-12 21:00:00,4226.87,4229.14,4220.88,4226.0,2956
2024-01-12 22:00:00,4226.0,4226.46,4225.61,4226.11,266
2024-01-12 23:00:00,4226.11,4234.08,4223.16,4232.69,2880
2024-01-15 00:00:00,4232.69,4234.21,4219.5,4226.95,3010
2024-01-15 01:00:00,4226.95,4232.28,4221.06,4230.0,2977
2024-01-15 02:00:00,4230.0,4240.26,4229.07,4236.63,3078
2024-01-15 03:00:00,4236.63,4245.16,4234.46,4239.92,3071
2024-01-15 04:00:00,4239.92,4243.34,4231.5,4235.54,3067
2024-01-15 05:00:00,4235.54,4239.42,4229.12,4234.8,3013
2024-01-15 06:00:00,4234.8,4242.49,4232.95,4235.9,3022
2024-01-15 07:00:00,4235.9,4337.32,4181.84,4274.66,2900
2024-01-15 08:00:00,4274.66,4289.66,4253.24,4275.38,66463
2024-01-15 09:00:00,4275.38,4293.69,4229.4,4240.53,67553
2024-01-15 10:00:00,4240.53,4257.65,4226.48,4240.87,65649
2024-01-15 11:00:00,4240.87,4326.06,4147.38,4178.44,65658
2024-01-15 12:00:00,4178.44,4246.83,4174.46,4238.71,65703
2024-01-15 13:00:00,4238.71,4338.58,4230.34,4326.43,90666
2024-01-15 14:00:00,4326.43,4339.48,4296.34,4304.07,89758
2024-01-15 15:00:00,4304.07,4346.08,4056.14,4165.65,88250
2024-01-15 16:00:00,4165.65,4186.07,4128.65,4152.1,87756
2024-01-15 17:00:00,4152.1,4198.59,4136.18,4187.27,87940
2024-01-15 18:00:00,4187.27,4221.37,4172.84,4211.9,89406
2024-01-15 19:00:00,4211.9,4247.1,4194.9,4205.87,89424
2024-01-15 20:00:00,4205.87,4215.37,4127.11,4148.04,89274
2024-01-15 21:00:00,4148.04,4158.04,4146.58,4156.1,2949
2024-01-15 22:00:00,4156.1,4156.54,4155.42,4155.59,269
2024-01-15 23:00:00,4155.59,4161.96,4150.48,4153.67,3016
2024-01-16 00:00:00,4153.67,4156.07,4147.25,4151.19,2964
2024-01-16 01:00:00,4151.19,4157.29,4144.76,4155.1,2924
2024-01-16 02:00:00,4155.1,4159.06,4150.81,4155.66,3005
2024-01-16 03:00:00,4155.66,4158.7,4150.04,4153.82,2944
2024-01-16 04:00:00,4153.82,4158.39,4148.65,4156.86,2988
2024-01-16 05:00:00,4156.86,4157.86,4151.12,4154.8,2956
2024-01-16 06:00:00,4154.8,4156.02,4145.67,4148.11,2945
2024-01-16 07:00:00,4148.11,4156.41,4146.88,4150.6,2890
2024-01-16 08:00:00,4150.6,4168.04,4122.46,4127.23,65511
2024-01-16 09:00:00,4127.23,4141.29,4106.77,4132.59,67601
2024-01-16 10:00:00,4132.59,4151.3,4084.28,4106.04,67339
2024-01-16 11:00:00,4106.04,4121.83,4085.15,4118.17,64629
2024-01-16 12:00:00,4118.17,4168.2,4103.54,4154.76,65968
2024-01-16 13:00:00,4154.76,4180.81,4123.63,4163.55,88580
2024-01-16 14:00:00,4163.55,4270.67,4155.31,4226.48,89351
2024-01-16 15:00:00,4226.48,4257.72,4209.67,4245.36,92280
2024-01-16 16:00:00,4245.36,4274.16,4220.88,4238.47,89798
2024-01-16 17:00:00,4238.47,4269.28,4203.2,4258.98,87066
2024-01-16 18:00:00,4258.98,4300.33,4228.37,4234.78,90336
2024-01-16 19:00:00,4234.78,4271.05,4206.35,4234.49,90637
2024-01-16 20:00:00,4234.49,4280.92,4228.18,4247.57,90709
2024-01-16 21:00:00,4247.57,4248.86,4237.77,4239.57,3032
2024-01-16 22:00:00,4239.57,4281.95,4034.59,4168.85,268
2024-01-16 23:00:00,4168.85,4176.0,4163.65,4172.73,2965
2024-01-17 00:00:00,4172.73,4184.48,4049.8,4128.91,2885
2024-01-17 01:00:00,4128.91,4320.76,4101.28,4191.02,3004
2024-01-17 02:00:00,4191.02,4196.61,4187.78,4195.28,2929
2024-01-17 03:00:00,4195.28,4198.06,4182.76,4190.69,3047
2024-01-17 04:00:00,4190.69,4205.87,4189.87,4202.25,2921
2024-01-17 05:00:00,4202.25,4209.19,4198.38,4207.13,3036
2024-01-17 06:00:00,4207.13,4212.36,4203.77,4207.43,2969
2024-01-17 07:00:00,4207.43,4212.06,4199.53,4203.86,2968
2024-01-17 08:00:00,4203.86,4226.51,4190.32,4213.31,66096
2024-01-17 09:00:00,4213.31,4239.84,4182.34,4232.73,64979
2024-01-17 10:00:00,4232.73,4255.48,4217.04,4231.77,65689
2024-01-17 11:00:00,4231.77,4249.4,4191.33,4206.56,66666
2024-01-17 12:00:00,4206.56,4252.77,4198.76,4236.37,67095
2024-01-17 13:00:00,4236.37,4297.07,4232.85,4286.05,89813
2024-01-17 14:00:00,4286.05,4321.48,4251.36,4268.83,90934
2024-01-17 15:00:00,4268.83,4286.92,4229.41,4266.38,90540
2024-01-17 16:00:00,4266.38,4333.99,4252.77,4309.84,90576
2024-01-17 17:00:00,4309.84,4349.16,4291.16,4322.67,88628
2024-01-17 18:00:00,4322.67,4326.08,4262.72,4303.47,88025
2024-01-17 19:00:00,4303.47,4332.54,4255.6,4324.04,89159
2024-01-17 20:00:00,4324.04,4338.98,4298.02,4311.76,92466
2024-01-17 21:00:00,4311.76,4411.61,4206.1,4224.46,2957
2024-01-17 22:00:00,4224.46,4225.22,4224.14,4224.86,263
2024-01-17 23:00:00,4224.86,4225.44,4210.37,4211.64,3013
2024-01-18 00:00:00,4211.64,4226.16,4210.03,4222.06,2918
2024-01-18 01:00:00,4222.06,4230.72,4214.69,4229.79,2982
2024-01-18 02:00:00,4229.79,4258.8,4185.13,4221.99,2960
2024-01-18 03:00:00,4221.99,4243.45,4219.6,4239.35,2986
2024-01-18 04:00:00,4239.35,4258.57,4236.16,4252.1,3030
2024-01-18 05:00:00,4252.1,4284.99,4246.85,4275.92,2984
2024-01-18 06:00:00,4275.92,4302.43,4274.39,4298.94,2978
2024-01-18 07:00:00,4298.94,4337.32,4295.47,4331.75,3001
2024-01-18 08:00:00,4331.75,4360.44,4296.06,4344.54,66393
2024-01-18 09:00:00,4344.54,4401.83,4317.36,4394.96,65448
2024-01-18 10:00:00,4394.96,4469.03,4372.92,4463.32,65526
2024-01-18 11:00:00,4463.32,4490.17,4297.64,4448.57,66722
2024-01-18 12:00:00,4448.57,4533.27,4395.47,4476.66,66167
2024-01-18 13:00:00,4476.66,4533.98,4420.69,4449.56,89068
2024-01-18 14:00:00,4449.56,4566.21,4302.13,4468.45,90146
2024-01-18 15:00:00,4468.45,4513.77,4383.3,4480.58,90210
2024-01-18 16:00:00,4480.58,4563.15,4425.48,4537.92,89684
2024-01-18 17:00:00,4537.92,4681.37,4505.79,4601.16,90670
2024-01-18 18:00:00,4601.16,4715.15,4578.43,4615.77,88931
2024-01-18 19:00:00,4615.77,4714.75,4590.93,4704.44,90055
2024-01-18 20:00:00,4704.44,4905.78,4671.56,4881.45,90035
2024-01-18 21:00:00,4881.45,4927.29,4875.41,4921.17,2887
2024-01-18 22:00:00,4921.17,4959.37,4920.51,4957.83,273
2024-01-18 23:00:00,4957.83,4998.4,4954.1,4996.19,2919
2024-01-19 00:00:00,4996.19,5040.66,4991.64,5039.66,2970
2024-01-19 01:00:00,5039.66,5178.58,4920.63,4989.78,2998
2024-01-19 02:00:00,4989.78,5041.34,4987.04,5037.67,2906
2024-01-19 03:00:00,5037.67,5072.72,5031.5,5071.46,2993
2024-01-19 04:00:00,5071.46,5121.9,5069.55,5116.2,3014
2024-01-19 05:00:00,5116.2,5136.84,5111.72,5131.93,2945
2024-01-19 06:00:00,5131.93,5156.56,5124.95,5151.27,3024
2024-01-19 07:00:00,5151.27,5177.13,5139.36,5173.93,2935
2024-01-19 08:00:00,5173.93,5222.55,5139.91,5187.19,67173
2024-01-19 09:00:00,5187.19,5274.75,5146.55,5209.34,66459
2024-01-19 10:00:00,5209.34,5273.06,5174.43,5227.04,65017
2024-01-19 11:00:00,5227.04,5304.54,5191.95,5283.94,68213
2024-01-19 12:00:00,5283.94,5371.36,5254.06,5354.74,64939
2024-01-19 13:00:00,5354.74,5422.48,5271.56,5367.49,89348
2024-01-19 14:00:00,5367.49,5471.69,5292.64,5356.07,90994
2024-01-19 15:00:00,5356.07,5484.33,5330.01,5381.42,87468
2024-01-19 16:00:00,5381.42,5436.86,5327.97,5395.33,88486
2024-01-19 17:00:00,5395.33,5485.54,5336.21,5465.57,90931
2024-01-19 18:00:00,5465.57,5534.28,5397.82,5439.37,88030
2024-01-19 19:00:00,5439.37,5607.81,5361.35,5580.53,89889
2024-01-19 20:00:00,5580.53,5678.38,5523.5,5617.77,89271
2024-01-19 21:00:00,5617.77,5670.07,5615.95,5669.63,2885
2024-01-19 22:00:00,5669.63,5712.04,5669.6,5710.99,274
2024-01-19 23:00:00,5710.99,5776.77,5706.4,5771.2,3054
2024-01-22 00:00:00,5771.2,5822.5,5766.8,5817.44,2969
2024-01-22 01:00:00,5817.44,5858.21,5814.14,5853.72,3015
2024-01-22 02:00:00,5853.72,5904.54,5852.15,5900.01,2982
2024-01-22 03:00:00,5900.01,5945.26,5892.17,5942.27,2993
2024-01-22 04:00:00,5942.27,5989.37,5941.64,5981.08,3015
2024-01-22 05:00:00,5981.08,6044.98,5978.0,6043.01,2940
2024-01-22 06:00:00,6043.01,6293.1,5977.9,6250.67,2971
2024-01-22 07:00:00,6250.67,6286.63,6245.79,6277.43,2962
2024-01-22 08:00:00,6277.43,6366.71,6240.14,6279.2,65085
2024-01-22 09:00:00,6279.2,6494.91,6260.03,6478.06,65712
2024-01-22 10:00:00,6478.06,6562.37,6394.35,6434.18,67552
2024-01-22 11:00:00,6434.18,6498.06,6355.14,6367.75,66337
2024-01-22 12:00:00,6367.75,6413.53,6277.48,6376.45,66334
2024-01-22 13:00:00,6376.45,6418.64,6222.35,6278.24,90409
2024-01-22 14:00:00,6278.24,6350.39,6024.16,6135.98,91641
2024-01-22 15:00:00,6135.98,6268.83,6117.7,6161.46,92566
2024-01-22 16:00:00,6161.46,6239.56,6075.42,6123.97,87997
2024-01-22 17:00:00,6123.97,6155.89,5911.63,5944.28,92760
2024-01-22 18:00:00,5944.28,6062.32,5884.87,5963.03,90153
2024-01-22 19:00:00,5963.03,5985.76,5763.66,5864.96,89645
2024-01-22 20:00:00,5864.96,6000.54,5804.26,5864.87,87041
2024-01-22 21:00:00,5864.87,5865.97,5824.89,5827.51,2947
2024-01-22 22:00:00,5827.51,5829.06,5783.61,5784.14,278
2024-01-22 23:00:00,5784.14,5790.52,5735.01,5737.72,3034
2024-01-23 00:00:00,5737.72,5740.16,5693.54,5700.21,2949
2024-01-23 01:00:00,5700.21,5709.41,5670.16,5677.05,2913
2024-01-23 02:00:00,5677.05,5679.9,5630.52,5637.9,2954
2024-01-23 03:00:00,5637.9,5640.82,5578.91,5585.52,2928
2024-01-23 04:00:00,5585.52,5587.82,5537.11,5541.07,2944
2024-01-23 05:00:00,5541.07,5545.39,5503.38,5504.84,2867
2024-01-23 06:00:00,5504.84,5506.28,5464.66,5472.16,2912
2024-01-23 07:00:00,5472.16,5595.3,5240.83,5350.93,2959
2024-01-23 08:00:00,5350.93,5383.21,5262.61,5324.04,65055
2024-01-23 09:00:00,5324.04,5365.58,5285.6,5308.1,66893
2024-01-23 10:00:00,5308.1,5354.32,5231.57,5281.81,65451
2024-01-23 11:00:00,5281.81,5292.39,5180.96,5188.69,66556
2024-01-23 12:00:00,5188.69,5253.45,5158.26,5223.42,66638
2024-01-23 13:00:00,5223.42,5349.1,5163.24,5330.51,91058
2024-01-23 14:00:00,5330.51,5436.64,5288.83,5334.49,88056
2024-01-23 15:00:00,5334.49,5382.23,5202.87,5282.14,88782
2024-01-23 16:00:00,5282.14,5305.83,5118.76,5169.46,87274
2024-01-23 17:00:00,5169.46,5231.05,5098.37,5182.65,89483
2024-01-23 18:00:00,5182.65,5217.6,4998.01,5020.55,94578
2024-01-23 19:00:00,5020.55,5084.91,4916.53,5012.26,88404
2024-01-23 20:00:00,5012.26,5066.98,4954.83,5036.68,90053
2024-01-23 21:00:00,5036.68,5038.89,4997.46,4998.78,2937
2024-01-23 22:00:00,4998.78,4999.14,4961.71,4962.43,267
2024-01-23 23:00:00,4962.43,4967.34,4940.08,4947.05,3009
2024-01-24 00:00:00,4947.05,4951.55,4885.86,4889.82,2919
2024-01-24 01:00:00,4889.82,4914.05,4839.97,4841.48,2927
2024-01-24 02:00:00,4841.48,4845.17,4798.14,4799.43,2972
2024-01-24 03:00:00,4799.43,4811.32,4747.14,4751.73,2901
2024-01-24 04:00:00,4751.73,4752.67,4698.16,4700.97,2933
2024-01-24 05:00:00,4700.97,4706.83,4663.43,4665.76,2979
2024-01-24 06:00:00,4665.76,4684.34,4619.06,4620.3,3037
2024-01-24 07:00:00,4620.3,4627.07,4590.36,4592.08,2905
2024-01-24 08:00:00,4592.08,4620.5,4546.46,4565.42,67898
2024-01-24 09:00:00,4565.42,4610.12,4510.55,4542.25,64741
2024-01-24 10:00:00,4542.25,4579.59,4490.96,4512.37,66955
2024-01-24 11:00:00,4512.37,4513.27,4402.06,4411.47,64534
2024-01-24 12:00:00,4411.47,4447.5,4373.04,4413.75,64545
2024-01-24 13:00:00,4413.75,4495.71,4366.17,4474.02,88902
2024-01-24 14:00:00,4474.02,4498.03,4338.24,4431.76,89193
2024-01-24 15:00:00,4431.76,4509.1,4302.57,4338.14,88609
2024-01-24 16:00:00,4338.14,4382.2,4301.71,4357.1,89188
2024-01-24 17:00:00,4357.1,4459.74,4235.4,4366.72,89895
2024-01-24 18:00:00,4366.72,4428.78,4316.72,4390.27,93409
2024-01-24 19:00:00,4390.27,4431.32,4321.92,4395.49,90646
2024-01-24 20:00:00,4395.49,4500.36,4331.86,4367.15,88061
2024-01-24 21:00:00,4367.15,4368.22,4312.54,4315.4,2957
2024-01-24 22:00:00,4315.4,4316.06,4283.6,4284.3,277
2024-01-24 23:00:00,4284.3,4289.25,4253.03,4257.48,2956
2024-01-25 00:00:00,4257.48,4288.8,4074.51,4169.71,2991
2024-01-25 01:00:00,4169.71,4172.83,4142.55,4145.28,2936
2024-01-25 02:00:00,4145.28,4186.23,3938.88,4018.77,2961
2024-01-25 03:00:00,4018.77,4117.08,3983.01,4079.41,3041
2024-01-25 04:00:00,4079.41,4081.77,4052.86,4054.6,2939
2024-01-25 05:00:00,4054.6,4057.36,4028.81,4034.91,2971
2024-01-25 06:00:00,4034.91,4136.86,3797.38,3935.61,2870
2024-01-25 07:00:00,3935.61,3937.72,3893.71,3894.16,2950
2024-01-25 08:00:00,3894.16,3913.35,3791.26,3798.25,64110
2024-01-25 09:00:00,3798.25,3867.56,3778.06,3823.15,66247
2024-01-25 10:00:00,3823.15,3875.88,3790.55,3869.16,65479
2024-01-25 11:00:00,3869.16,3893.73,3770.5,3827.38,67307
2024-01-25 12:00:00,3827.38,3906.68,3817.34,3892.39,65915
2024-01-25 13:00:00,3892.39,3928.58,3850.93,3921.36,88933
2024-01-25 14:00:00,3921.36,3986.78,3874.75,3968.77,87772
2024-01-25 15:00:00,3968.77,4077.54,3961.65,4010.0,92137
2024-01-25 16:00:00,4010.0,4027.14,3939.78,3988.41,91715
2024-01-25 17:00:00,3988.41,4080.71,3873.73,3945.21,89632
2024-01-25 18:00:00,3945.21,4040.04,3928.62,4016.91,90007
2024-01-25 19:00:00,4016.91,4193.81,3996.51,4162.36,88961
2024-01-25 20:00:00,4162.36,4259.59,4145.17,4231.18,90649
2024-01-25 21:00:00,4231.18,4265.48,4230.13,4261.4,3001
2024-01-25 22:00:00,4261.4,4294.01,4260.35,4293.41,267
2024-01-25 23:00:00,4293.41,4334.93,4286.41,4334.01,2993
2024-01-26 00:00:00,4334.01,4373.99,4330.92,4370.85,3003
2024-01-26 01:00:00,4370.85,4407.38,4362.98,4401.25,2939
2024-01-26 02:00:00,4401.25,4440.88,4398.12,4437.08,3015
2024-01-26 03:00:00,4437.08,4493.42,4436.47,4491.44,3051
2024-01-26 04:00:00,4491.44,4531.16,4488.89,4524.26,2964
2024-01-26 05:00:00,4524.26,4572.49,4518.45,4570.4,2908
2024-01-26 06:00:00,4570.4,4604.96,4565.23,4599.01,2902
2024-01-26 07:00:00,4599.01,4675.9,4518.25,4670.72,2942
2024-01-26 08:00:00,4670.72,4884.44,4659.97,4854.25,66229
2024-01-26 09:00:00,4854.25,4901.27,4783.62,4887.5,66805
2024-01-26 10:00:00,4887.5,4907.0,4760.5,4781.7,66084
2024-01-26 11:00:00,4781.7,4862.57,4743.48,4855.46,66783
2024-01-26 12:00:00,4855.46,4923.31,4836.07,4876.8,65660
2024-01-26 13:00:00,4876.8,4919.57,4779.07,4914.92,89416
2024-01-26 14:00:00,4914.92,5156.9,4905.17,5084.91,92692
2024-01-26 15:00:00,5084.91,5213.8,4983.19,5173.12,89433
2024-01-26 16:00:00,5173.12,5255.26,5137.98,5248.11,89672
2024-01-26 17:00:00,5248.11,5418.94,5223.91,5386.86,90963
2024-01-26 18:00:00,5386.86,5499.24,5358.53,5419.46,91915
2024-01-26 19:00:00,5419.46,5538.24,5330.96,5496.26,92571
2024-01-26 20:00:00,5496.26,5625.21,5420.62,5573.35,89394
2024-01-26 21:00:00,5573.35,5713.93,5510.96,5676.95,2916
2024-01-26 22:00:00,5676.95,5838.92,5597.77,5657.77,265
2024-01-26 23:00:00,5657.77,5751.44,5570.93,5743.0,2981
2024-01-29 00:00:00,5743.0,5782.19,5739.33,5771.05,3003
2024-01-29 01:00:00,5771.05,5835.65,5766.36,5833.69,2897
2024-01-29 02:00:00,5833.69,6082.5,5670.14,5790.8,2977
2024-01-29 03:00:00,5790.8,5828.69,5787.95,5825.04,3018
2024-01-29 04:00:00,5825.04,5876.48,5823.33,5869.67,2932
2024-01-29 05:00:00,5869.67,6313.01,5781.63,5924.83,3024
2024-01-29 06:00:00,5924.83,5980.79,5911.78,5977.28,3031
2024-01-29 07:00:00,5977.28,6020.38,5974.91,6006.45,2992
2024-01-29 08:00:00,6006.45,6065.5,5943.47,6045.43,65253
2024-01-29 09:00:00,6045.43,6128.87,6016.52,6086.53,65760
2024-01-29 10:00:00,6086.53,6196.37,6038.85,6171.32,66319
2024-01-29 11:00:00,6171.32,6293.08,6133.88,6150.09,65814
2024-01-29 12:00:00,6150.09,6224.19,6083.09,6184.57,66752
2024-01-29 13:00:00,6184.57,6336.96,6113.65,6319.81,88691
2024-01-29 14:00:00,6319.81,6441.6,6238.42,6381.28,90227
2024-01-29 15:00:00,6381.28,6568.11,6352.21,6411.05,90465
2024-01-29 16:00:00,6411.05,6446.24,6328.46,6348.1,90546
2024-01-29 17:00:00,6348.1,6397.14,6186.18,6236.61,90295
2024-01-29 18:00:00,6236.61,6311.99,6151.98,6278.92,90064
2024-01-29 19:00:00,6278.92,6336.09,6062.53,6109.57,89121
2024-01-29 20:00:00,6109.57,6180.68,6033.04,6089.03,90528
2024-01-29 21:00:00,6089.03,6104.26,6053.83,6058.45,2976
2024-01-29 22:00:00,6058.45,6058.85,6012.19,6013.47,270
2024-01-29 23:00:00,6013.47,6018.74,5849.27,5891.38,2875
2024-01-30 00:00:00,5891.38,5898.37,5853.96,5855.17,2955
2024-01-30 01:00:00,5855.17,5859.93,5829.95,5834.46,2934
2024-01-30 02:00:00,5834.46,5839.24,5784.29,5787.12,2964
2024-01-30 03:00:00,5787.12,5803.94,5741.08,5744.11,2980
2024-01-30 04:00:00,5744.11,5751.64,5718.26,5726.38,2951
2024-01-30 05:00:00,5726.38,5734.32,5704.11,5706.4,3000
2024-01-30 06:00:00,5706.4,5709.51,5659.57,5664.71,2945
2024-01-30 07:00:00,5664.71,5668.23,5614.21,5619.14,2944
2024-01-30 08:00:00,5619.14,5632.61,5459.88,5529.56,66680
2024-01-30 09:00:00,5529.56,5573.28,5477.19,5528.16,64995
2024-01-30 10:00:00,5528.16,5551.21,5439.02,5479.03,66573
2024-01-30 11:00:00,5479.03,5530.07,5375.28,5396.2,66064
2024-01-30 12:00:00,5396.2,5430.32,5302.11,5352.5,66462
2024-01-30 13:00:00,5352.5,5363.51,5220.57,5263.01,89746
2024-01-30 14:00:00,5263.01,5333.32,5142.22,5221.57,87206
2024-01-30 15:00:00,5221.57,5310.88,5151.44,5290.91,87609
2024-01-30 16:00:00,5290.91,5292.68,5024.31,5046.3,89279
2024-01-30 17:00:00,5046.3,5167.54,5002.29,5086.92,92373
2024-01-30 18:00:00,5086.92,5109.47,4963.64,5010.77,89197
2024-01-30 19:00:00,5010.77,5094.76,4887.64,4932.18,89948
2024-01-30 20:00:00,4932.18,5068.63,4918.17,5021.6,90151
2024-01-30 21:00:00,5021.6,5259.25,4855.64,4884.08,2990
2024-01-30 22:00:00,4884.08,4884.63,4849.89,4850.09,271
2024-01-30 23:00:00,4850.09,4851.63,4824.47,4827.65,2942
2024-01-31 00:00:00,4827.65,4835.9,4791.94,4794.89,2992
2024-01-31 01:00:00,4794.89,4796.32,4762.88,4767.51,2972
2024-01-31 02:00:00,4767.51,4768.65,4713.37,4714.57,2992
2024-01-31 03:00:00,4714.57,4853.76,4532.58,4762.62,3005
2024-01-31 04:00:00,4762.62,4764.16,4720.13,4722.93,2943
2024-01-31 05:00:00,4722.93,4739.85,4684.74,4686.92,2935
2024-01-31 06:00:00,4686.92,4696.18,4660.05,4669.65,3003
2024-01-31 07:00:00,4669.65,4673.45,4636.78,4637.94,2998
2024-01-31 08:00:00,4637.94,4708.69,4596.04,4672.23,64805
2024-01-31 09:00:00,4672.23,4853.34,4504.42,4608.71,65398
2024-01-31 10:00:00,4608.71,4675.35,4585.7,4653.63,68059
2024-01-31 11:00:00,4653.63,4719.64,4644.02,4696.53,65942
2024-01-31 12:00:00,4696.53,4732.84,4686.93,4715.24,65780
2024-01-31 13:00:00,4715.24,4733.25,4668.21,4705.21,90837
2024-01-31 14:00:00,4705.21,4810.14,4642.24,4770.37,88706
2024-01-31 15:00:00,4770.37,4803.92,4720.85,4741.44,90352
2024-01-31 16:00:00,4741.44,4757.57,4687.35,4722.35,91903
2024-01-31 17:00:00,4722.35,4752.14,4681.08,4704.8,89509
2024-01-31 18:00:00,4704.8,4780.16,4693.57,4759.4,90663
2024-01-31 19:00:00,4759.4,4794.75,4719.82,4785.96,89598
2024-01-31 20:00:00,4785.96,4831.23,4741.4,4813.84,88914
2024-01-31 21:00:00,4813.84,4820.82,4809.18,4818.98,3064
2024-01-31 22:00:00,4818.98,4819.03,4817.9,4818.26,269
2024-01-31 23:00:00,4818.26,4984.86,4751.73,4893.28,3011
2024-02-01 00:00:00,4893.28,4895.19,4886.3,4891.83,2960
2024-02-01 01:00:00,4891.83,4899.1,4888.0,4895.93,2963
2024-02-01 02:00:00,4895.93,4907.35,4893.59,4901.92,2907
2024-02-01 03:00:00,4901.92,5032.67,4819.59,4955.16,2957
2024-02-01 04:00:00,4955.16,4960.98,4951.45,4956.23,2941
2024-02-01 05:00:00,4956.23,4960.32,4950.45,4952.72,2929
2024-02-01 06:00:00,4952.72,4963.42,4949.61,4955.54,2936
2024-02-01 07:00:00,4955.54,4962.71,4949.8,4951.18,3014
2024-02-01 08:00:00,4951.18,4972.25,4934.03,4961.3,65765
2024-02-01 09:00:00,4961.3,4972.83,4927.34,4945.94,66878
2024-02-01 10:00:00,4945.94,4988.94,4929.91,4968.9,66099
2024-02-01 11:00:00,4968.9,5005.64,4964.32,5002.0,66575
2024-02-01 12:00:00,5002.0,5020.31,4967.05,4971.76,65106
2024-02-01 13:00:00,4971.76,5056.89,4959.96,5049.05,88205
2024-02-01 14:00:00,5049.05,5063.77,5008.4,5054.31,91240
2024-02-01 15:00:00,5054.31,5080.28,5021.88,5043.25,90576
2024-02-01 16:00:00,5043.25,5050.34,4953.53,4993.89,89642
2024-02-01 17:00:00,4993.89,5039.65,4972.49,5032.59,88559
2024-02-01 18:00:00,5032.59,5137.51,5014.98,5107.12,89793
2024-02-01 19:00:00,5107.12,5111.49,5070.47,5088.65,88374
2024-02-01 20:00:00,5088.65,5184.0,4773.7,4846.91,88023
2024-02-01 21:00:00,4846.91,4892.47,4841.12,4891.18,2936
2024-02-01 22:00:00,4891.18,4926.99,4890.25,4926.18,275
2024-02-01 23:00:00,4926.18,4959.44,4921.65,4956.43,2938
2024-02-02 00:00:00,4956.43,5214.68,4739.63,4995.02,2910
2024-02-02 01:00:00,4995.02,5043.17,4991.42,5039.97,2909
2024-02-02 02:00:00,5039.97,5073.82,5033.56,5068.83,2950
2024-02-02 03:00:00,5068.83,5114.14,5066.14,5112.21,3018
2024-02-02 04:00:00,5112.21,5142.39,5107.02,5138.64,2965
2024-02-02 05:00:00,5138.64,5182.31,5136.35,5178.24,2965
2024-02-02 06:00:00,5178.24,5213.0,5177.72,5206.8,2929
2024-02-02 07:00:00,5206.8,5255.82,5202.8,5254.02,2890
2024-02-02 08:00:00,5254.02,5300.77,5210.85,5299.08,65113
2024-02-02 09:00:00,5299.08,5379.91,5251.59,5307.27,65736
2024-02-02 10:00:00,5307.27,5370.98,5274.11,5319.93,66598
2024-02-02 11:00:00,5319.93,5384.82,5286.49,5380.43,66709
2024-02-02 12:00:00,5380.43,5445.15,5355.33,5428.58,64848
2024-02-02 13:00:00,5428.58,5542.17,5423.78,5521.9,90860
2024-02-02 14:00:00,5521.9,5626.1,5454.76,5594.71,89508
2024-02-02 15:00:00,5594.71,5659.23,5507.68,5527.49,90104
2024-02-02 16:00:00,5527.49,5743.38,5449.09,5723.8,90302
2024-02-02 17:00:00,5723.8,5841.23,5672.91,5748.33,89024
2024-02-02 18:00:00,5748.33,5841.28,5716.54,5780.64,88026
2024-02-02 19:00:00,5780.64,6087.4,5760.74,6053.4,89970
2024-02-02 20:00:00,6053.4,6163.99,5994.37,6103.23,89231
2024-02-02 21:00:00,6103.23,6152.92,6086.43,6149.07,3077
2024-02-02 22:00:00,6149.07,6193.48,6148.12,6192.44,279
2024-02-02 23:00:00,6192.44,6443.7,6190.19,6314.56,2956
2024-02-05 00:00:00,6314.56,6366.92,6309.54,6362.52,2904
2024-02-05 01:00:00,6362.52,6393.35,6352.61,6388.96,2973
2024-02-05 02:00:00,6388.96,6399.0,6383.9,6396.33,2950
2024-02-05 03:00:00,6396.33,6402.51,6384.06,6390.6,2945
2024-02-05 04:00:00,6390.6,6402.12,6387.7,6400.59,2871
2024-02-05 05:00:00,6400.59,6412.69,6388.99,6394.31,3015
2024-02-05 06:00:00,6394.31,6406.18,6390.82,6403.15,2990
2024-02-05 07:00:00,6403.15,6406.63,6393.58,6396.38,2970
2024-02-05 08:00:00,6396.38,6399.52,6327.38,6336.03,65795
2024-02-05 09:00:00,6336.03,6352.85,6300.63,6332.82,65350
2024-02-05 10:00:00,6332.82,6354.64,6285.92,6315.31,65107
2024-02-05 11:00:00,6315.31,6364.35,6298.23,6306.19,65258
2024-02-05 12:00:00,6306.19,6328.48,6260.39,6282.76,64905
2024-02-05 13:00:00,6282.76,6311.53,6237.35,6275.57,90862
2024-02-05 14:00:00,6275.57,6300.95,6192.21,6240.06,89928
2024-02-05 15:00:00,6240.06,6343.24,6029.81,6253.95,90279
2024-02-05 16:00:00,6253.95,6277.94,6156.26,6167.34,90700
2024-02-05 17:00:00,6167.34,6236.99,6138.74,6177.8,90641
2024-02-05 18:00:00,6177.8,6242.87,6140.29,6218.61,89439
2024-02-05 19:00:00,6218.61,6241.74,6110.24,6143.53,87066
2024-02-05 20:00:00,6143.53,6185.57,6098.2,6137.08,91933
2024-02-05 21:00:00,6137.08,6146.99,6129.63,6133.51,2957
2024-02-05 22:00:00,6133.51,6303.13,6024.96,6191.05,273
2024-02-05 23:00:00,6191.05,6195.33,6178.77,6189.25,2935
2024-02-06 00:00:00,6189.25,6208.88,6188.53,6205.77,2971
2024-02-06 01:00:00,6205.77,6211.22,6200.02,6202.1,2971
2024-02-06 02:00:00,6202.1,6207.01,6192.89,6202.09,2932
2024-02-06 03:00:00,6202.09,6206.27,6193.02,6197.7,3014
2024-02-06 04:00:00,6197.7,6206.0,6184.17,6193.53,3011
2024-02-06 05:00:00,6193.53,6194.52,6180.49,6185.27,3009
2024-02-06 06:00:00,6185.27,6189.43,6175.25,6186.74,2969
2024-02-06 07:00:00,6186.74,6196.73,6175.69,6189.29,2959
2024-02-06 08:00:00,6189.29,6266.06,6166.08,6229.73,65835
2024-02-06 09:00:00,6229.73,6251.96,6134.82,6172.36,64686
2024-02-06 10:00:00,6172.36,6233.93,6163.24,6209.23,65392
2024-02-06 11:00:00,6209.23,6224.43,6042.56,6053.13,67413
2024-02-06 12:00:00,6053.13,6475.02,6020.36,6222.5,64905
2024-02-06 13:00:00,6222.5,6267.65,6192.58,6220.67,90637
2024-02-06 14:00:00,6220.67,6265.94,6179.9,6205.53,90928
2024-02-06 15:00:00,6205.53,6220.86,6156.09,6193.16,90361
2024-02-06 16:00:00,6193.16,6195.81,6104.18,6123.68,89787
2024-02-06 17:00:00,6123.68,6148.7,6065.37,6105.54,88983
2024-02-06 18:00:00,6105.54,6165.62,6027.44,6146.87,89819
2024-02-06 19:00:00,6146.87,6201.02,6134.56,6193.54,91829
2024-02-06 20:00:00,6193.54,6215.29,6125.36,6149.26,89407
2024-02-06 21:00:00,6149.26,6161.09,6145.22,6148.4,2971
2024-02-06 22:00:00,6148.4,6522.21,6022.14,6180.03,271
2024-02-06 23:00:00,6180.03,6327.84,5920.45,6108.52,3032
2024-02-07 00:00:00,6108.52,6111.55,6095.45,6099.67,2990
2024-02-07 01:00:00,6099.67,6331.61,6092.24,6189.81,2947
2024-02-07 02:00:00,6189.81,6203.57,6183.92,6194.67,2973
2024-02-07 03:00:00,6194.67,6286.47,6102.22,6145.23,2918
2024-02-07 04:00:00,6145.23,6151.06,6134.62,6139.57,3002
2024-02-07 05:00:00,6139.57,6149.04,6135.63,6141.4,3037
2024-02-07 06:00:00,6141.4,6147.86,6132.76,6138.27,3018
2024-02-07 07:00:00,6138.27,6153.84,6137.77,6150.49,2952
2024-02-07 08:00:00,6150.49,6191.07,6132.94,6151.37,64548
2024-02-07 09:00:00,6151.37,6164.36,6077.75,6089.33,64789
2024-02-07 10:00:00,6089.33,6104.85,6031.89,6063.9,66284
2024-02-07 11:00:00,6063.9,6086.55,6037.28,6047.41,66200
2024-02-07 12:00:00,6047.41,6078.25,6012.4,6066.74,65824
2024-02-07 13:00:00,6066.74,6150.7,6049.64,6099.45,91571
2024-02-07 14:00:00,6099.45,6149.58,6070.59,6133.58,89166
2024-02-07 15:00:00,6133.58,6181.92,6080.73,6129.43,88696
2024-02-07 16:00:00,6129.43,6161.08,6083.82,6105.4,88225
2024-02-07 17:00:00,6105.4,6232.67,5750.31,6005.28,90305
2024-02-07 18:00:00,6005.28,6066.1,5974.42,6045.11,89085
2024-02-07 19:00:00,6045.11,6086.07,5955.84,5981.43,89534
2024-02-07 20:00:00,5981.43,6004.71,5638.62,5733.6,92897
2024-02-07 21:00:00,5733.6,5735.7,5685.54,5692.91,2949
2024-02-07 22:00:00,5692.91,5693.28,5651.24,5651.96,273
2024-02-07 23:00:00,5651.96,5653.71,5602.49,5612.04,3001
2024-02-08 00:00:00,5612.04,5619.66,5583.73,5586.54,3008
2024-02-08 01:00:00,5586.54,5591.79,5535.41,5547.99,3034
2024-02-08 02:00:00,5547.99,5554.31,5527.99,5535.16,2929
2024-02-08 03:00:00,5535.16,5537.45,5485.2,5489.25,3002
2024-02-08 04:00:00,5489.25,5496.24,5441.49,5441.7,2964
2024-02-08 05:00:00,5441.7,5450.6,5415.77,5421.24,2931
2024-02-08 06:00:00,5421.24,5426.48,5366.54,5371.06,2968
2024-02-08 07:00:00,5371.06,5375.07,5333.06,5335.25,2994
2024-02-08 08:00:00,5335.25,5366.76,5273.56,5299.44,64229
2024-02-08 09:00:00,5299.44,5321.64,5192.48,5215.47,65711
2024-02-08 10:00:00,5215.47,5281.0,5120.28,5200.82,65940
2024-02-08 11:00:00,5200.82,5259.19,5140.71,5171.22,67147
2024-02-08 12:00:00,5171.22,5247.44,5143.08,5227.91,65105
2024-02-08 13:00:00,5227.91,5266.75,5180.99,5237.63,91256
2024-02-08 14:00:00,5237.63,5289.08,5141.0,5185.21,89849
2024-02-08 15:00:00,5185.21,5314.27,5086.17,5093.07,88262
2024-02-08 16:00:00,5093.07,5108.63,4986.81,5002.53,88710
2024-02-08 17:00:00,5002.53,5081.22,4929.06,5050.31,88900
2024-02-08 18:00:00,5050.31,5087.94,4913.72,4952.74,89608
2024-02-08 19:00:00,4952.74,4960.26,4823.32,4881.49,89955
2024-02-08 20:00:00,4881.49,5102.12,4869.56,5087.73,90726
2024-02-08 21:00:00,5087.73,5092.91,5061.17,5064.48,2936
2024-02-08 22:00:00,5064.48,5083.42,4912.32,4979.25,264
2024-02-08 23:00:00,4979.25,4984.26,4950.69,4965.31,2954
2024-02-09 00:00:00,4965.31,4966.29,4920.71,4923.7,2984
2024-02-09 01:00:00,4923.7,4927.13,4875.22,4883.94,2982
2024-02-09 02:00:00,4883.94,4885.75,4836.16,4838.89,2905
2024-02-09 03:00:00,4838.89,4847.54,4816.54,4820.75,2803
2024-02-09 04:00:00,4820.75,4824.02,4783.25,4788.12,3017
2024-02-09 05:00:00,4788.12,4789.16,4748.41,4752.69,2988
2024-02-09 06:00:00,4752.69,4757.74,4714.48,4724.96,2946
2024-02-09 07:00:00,4724.96,4735.34,4698.72,4705.4,2829
2024-02-09 08:00:00,4705.4,4728.16,4612.85,4630.07,66410
2024-02-09 09:00:00,4630.07,4749.58,4619.26,4712.91,65175
2024-02-09 10:00:00,4712.91,4749.85,4639.77,4690.63,66649
2024-02-09 11:00:00,4690.63,4720.48,4596.4,4630.38,65149
2024-02-09 12:00:00,4630.38,4695.2,4620.95,4664.14,66762
2024-02-09 13:00:00,4664.14,4722.34,4604.61,4670.45,89482
2024-02-09 14:00:00,4670.45,4679.25,4559.32,4618.09,89192
2024-02-09 15:00:00,4618.09,4659.53,4462.54,4617.11,89426
2024-02-09 16:00:00,4617.11,4652.86,4518.39,4590.2,90800
2024-02-09 17:00:00,4590.2,4625.1,4495.18,4558.95,88345
2024-02-09 18:00:00,4558.95,4646.56,4462.22,4478.26,90735
2024-02-09 19:00:00,4478.26,4535.25,4395.22,4450.43,89169
2024-02-09 20:00:00,4450.43,4569.96,4316.83,4399.12,89100
2024-02-09 21:00:00,4399.12,4403.65,4361.56,4364.07,2941
2024-02-09 22:00:00,4364.07,4365.37,4331.55,4331.65,266
2024-02-09 23:00:00,4331.65,4336.08,4311.47,4315.2,3025
2024-02-12 00:00:00,4315.2,4318.79,4271.59,4277.3,2937
2024-02-12 01:00:00,4277.3,4411.54,4207.39,4339.8,3047
2024-02-12 02:00:00,4339.8,4409.4,4254.74,4257.09,3029
2024-02-12 03:00:00,4257.09,4257.87,4216.92,4220.07,2960
2024-02-12 04:00:00,4220.07,4227.5,4191.81,4192.46,2965
2024-02-12 05:00:00,4192.46,4299.51,4063.84,4270.08,2973
2024-02-12 06:00:00,4270.08,4272.36,4247.5,4253.26,2951
2024-02-12 07:00:00,4253.26,4256.98,4228.61,4234.77,2937
2024-02-12 08:00:00,4234.77,4270.35,4179.88,4217.7,67766
2024-02-12 09:00:00,4217.7,4239.15,4170.44,4213.32,65639
2024-02-12 10:00:00,4213.32,4249.71,4123.58,4172.86,67246
2024-02-12 11:00:00,4172.86,4219.54,4138.31,4185.73,67577
2024-02-12 12:00:00,4185.73,4209.74,4082.84,4095.91,65439
2024-02-12 13:00:00,4095.91,4139.73,4057.05,4126.47,88750
2024-02-12 14:00:00,4126.47,4191.6,4068.67,4083.28,89382
2024-02-12 15:00:00,4083.28,4145.94,4038.2,4096.53,91264
2024-02-12 16:00:00,4096.53,4363.15,3989.1,4170.37,88315
2024-02-12 17:00:00,4170.37,4209.99,4013.37,4180.04,89090
2024-02-12 18:00:00,4180.04,4248.49,4169.19,4245.86,88609
2024-02-12 19:00:00,4245.86,4295.46,4224.6,4292.12,89060
2024-02-12 20:00:00,4292.12,4322.76,4267.7,4290.62,91672
2024-02-12 21:00:00,4290.62,4295.07,4285.82,4289.67,2896
2024-02-12 22:00:00,4289.67,4290.3,4289.5,4289.94,269
2024-02-12 23:00:00,4289.94,4292.42,4281.19,4281.65,3037
2024-02-13 00:00:00,4281.65,4285.62,4277.78,4284.35,2916
2024-02-13 01:00:00,4284.35,4357.29,4237.89,4315.32,3032
2024-02-13 02:00:00,4315.32,4318.29,4309.79,4312.68,3000
2024-02-13 03:00:00,4312.68,4326.82,4309.43,4322.59,2946
2024-02-13 04:00:00,4322.59,4330.81,4318.7,4325.44,2980
2024-02-13 05:00:00,4325.44,4328.04,4320.98,4325.39,2969
2024-02-13 06:00:00,4325.39,4340.62,4323.07,4332.69,2971
2024-02-13 07:00:00,4332.69,4343.15,4331.13,4339.07,2974
2024-02-13 08:00:00,4339.07,4354.33,4323.42,4348.04,63707
2024-02-13 09:00:00,4348.04,4370.07,4320.94,4330.87,65940
2024-02-13 10:00:00,4330.87,4352.6,4303.01,4320.01,67233
2024-02-13 11:00:00,4320.01,4442.59,4193.98,4423.62,65352
2024-02-13 12:00:00,4423.62,4464.64,4408.71,4444.12,67100
2024-02-13 13:00:00,4444.12,4524.77,4353.77,4445.18,90767
2024-02-13 14:00:00,4445.18,4475.34,4413.53,4418.87,89504
2024-02-13 15:00:00,4418.87,4456.92,4393.5,4447.21,89307
2024-02-13 16:00:00,4447.21,4504.93,4418.7,4479.95,90803
2024-02-13 17:00:00,4479.95,4523.81,4462.31,4487.56,93267
2024-02-13 18:00:00,4487.56,4589.07,4443.1,4512.31,91132
2024-02-13 19:00:00,4512.31,4567.77,4498.8,4554.45,88240
2024-02-13 20:00:00,4554.45,4604.4,4537.56,4587.91,89829
2024-02-13 21:00:00,4587.91,4588.2,4578.78,4583.73,3008
2024-02-13 22:00:00,4583.73,4584.46,4583.23,4583.5,272
2024-02-13 23:00:00,4583.5,4589.42,4580.0,4582.05,2941
2024-02-14 00:00:00,4582.05,4586.65,4577.24,4582.33,2973
2024-02-14 01:00:00,4582.33,4592.63,4577.49,4592.12,2947
2024-02-14 02:00:00,4592.12,4730.67,4570.15,4673.66,2965
2024-02-14 03:00:00,4673.66,4674.27,4660.99,4667.94,2929
2024-02-14 04:00:00,4667.94,4670.84,4661.68,4668.06,3036
2024-02-14 05:00:00,4668.06,4671.59,4658.71,4660.49,2944
2024-02-14 06:00:00,4660.49,4663.19,4651.37,4652.31,2960
2024-02-14 07:00:00,4652.31,4653.14,4642.87,4648.95,3049
2024-02-14 08:00:00,4648.95,4687.32,4636.26,4672.9,66551
2024-02-14 09:00:00,4672.9,4692.86,4656.5,4675.45,67886
2024-02-14 10:00:00,4675.45,4681.69,4653.64,4666.74,65650
2024-02-14 11:00:00,4666.74,4692.83,4654.6,4674.86,65837
2024-02-14 12:00:00,4674.86,4717.87,4666.11,4702.82,66220
2024-02-14 13:00:00,4702.82,4754.87,4694.3,4741.03,91051
2024-02-14 14:00:00,4741.03,4770.58,4692.94,4732.05,90110
2024-02-14 15:00:00,4732.05,4755.89,4708.63,4739.81,89102
2024-02-14 16:00:00,4739.81,4760.21,4708.55,4726.75,90177
2024-02-14 17:00:00,4726.75,4745.55,4608.6,4665.11,87460
2024-02-14 18:00:00,4665.11,4680.59,4606.92,4623.16,90142
2024-02-14 19:00:00,4623.16,4664.99,4598.77,4646.09,90877
2024-02-14 20:00:00,4646.09,4702.47,4619.8,4688.87,88375
2024-02-14 21:00:00,4688.87,4689.99,4676.16,4680.91,3035
2024-02-14 22:00:00,4680.91,4681.68,4680.71,4681.64,272
2024-02-14 23:00:00,4681.64,4688.38,4677.01,4687.41,2979
2024-02-15 00:00:00,4687.41,4691.72,4682.25,4688.7,2941
2024-02-15 01:00:00,4688.7,4690.31,4679.35,4681.81,2973
2024-02-15 02:00:00,4681.81,4689.71,4679.43,4683.01,3013
2024-02-15 03:00:00,4683.01,4686.48,4670.26,4673.56,2987
2024-02-15 04:00:00,4673.56,4680.14,4670.42,4675.84,3031
2024-02-15 05:00:00,4675.84,4678.95,4669.69,4674.67,2968
2024-02-15 06:00:00,4674.67,4681.13,4667.8,4673.66,2979
2024-02-15 07:00:00,4673.66,4685.13,4671.98,4675.8,2963
2024-02-15 08:00:00,4675.8,4723.72,4668.35,4703.49,64636
2024-02-15 09:00:00,4703.49,4737.24,4687.62,4714.9,66021
2024-02-15 10:00:00,4714.9,5024.44,4652.15,4767.58,64304
2024-02-15 11:00:00,4767.58,4891.8,4749.48,4835.77,67842
2024-02-15 12:00:00,4835.77,4907.69,4826.56,4893.05,65088
2024-02-15 13:00:00,4893.05,4898.47,4841.31,4861.29,90985
2024-02-15 14:00:00,4861.29,4936.26,4840.97,4905.91,89900
2024-02-15 15:00:00,4905.91,4916.88,4796.37,4807.29,91032
2024-02-15 16:00:00,4807.29,4830.65,4783.13,4796.04,92045
2024-02-15 17:00:00,4796.04,4824.21,4781.53,4795.91,89282
2024-02-15 18:00:00,4795.91,4854.07,4771.24,4802.76,90932
2024-02-15 19:00:00,4802.76,4941.36,4748.91,4790.91,89521
2024-02-15 20:00:00,4790.91,4870.83,4781.62,4846.37,87147
2024-02-15 21:00:00,4846.37,4853.78,4830.87,4832.06,2978
2024-02-15 22:00:00,4832.06,4832.51,4831.15,4831.77,260
2024-02-15 23:00:00,4831.77,4840.88,4827.6,4829.04,2990
2024-02-16 00:00:00,4829.04,4841.06,4823.24,4836.07,2917
2024-02-16 01:00:00,4836.07,4840.1,4749.95,4791.52,2972
2024-02-16 02:00:00,4791.52,4795.79,4783.39,4788.95,2968
2024-02-16 03:00:00,4788.95,4790.73,4779.27,4784.85,2976
2024-02-16 04:00:00,4784.85,4789.15,4777.54,4782.72,2918
2024-02-16 05:00:00,4782.72,4790.02,4780.86,4782.89,3045
2024-02-16 06:00:00,4782.89,4783.95,4773.33,4775.55,2907
2024-02-16 07:00:00,4775.55,4781.44,4762.92,4765.97,3004
2024-02-16 08:00:00,4765.97,4786.46,4746.93,4765.39,66394
2024-02-16 09:00:00,4765.39,4791.56,4737.62,4761.16,66035
2024-02-16 10:00:00,4761.16,4798.99,4730.89,4768.93,65933
2024-02-16 11:00:00,4768.93,4799.21,4757.47,4778.67,67140
2024-02-16 12:00:00,4778.67,4794.55,4763.18,4776.85,66779
2024-02-16 13:00:00,4776.85,4813.99,4634.26,4696.4,89589
2024-02-16 14:00:00,4696.4,4801.74,4599.24,4627.95,91150
2024-02-16 15:00:00,4627.95,4682.85,4609.93,4642.9,90708
2024-02-16 16:00:00,4642.9,4694.27,4623.28,4662.38,89599
2024-02-16 17:00:00,4662.38,4720.32,4650.66,4700.93,89505
2024-02-16 18:00:00,4700.93,4727.83,4667.08,4695.53,89749
2024-02-16 19:00:00,4695.53,4719.5,4652.07,4708.7,87184
2024-02-16 20:00:00,4708.7,4727.68,4667.28,4717.69,88978
2024-02-16 21:00:00,4717.69,4720.23,4709.87,4714.14,2954
2024-02-16 22:00:00,4714.14,4714.55,4713.42,4713.88,268
2024-02-16 23:00:00,4713.88,4720.0,4708.18,4718.69,3030
2024-02-19 00:00:00,4718.69,4723.42,4702.92,4706.21,3017
2024-02-19 01:00:00,4706.21,4708.2,4699.1,4704.51,2936
2024-02-19 02:00:00,4704.51,4712.88,4703.85,4712.13,2969
2024-02-19 03:00:00,4712.13,4717.23,4702.38,4709.31,2955
2024-02-19 04:00:00,4709.31,4712.55,4703.9,4708.97,2888
2024-02-19 05:00:00,4708.97,4716.01,4704.42,4710.06,2992
2024-02-19 06:00:00,4710.06,4724.19,4709.24,4722.92,2965
2024-02-19 07:00:00,4722.92,4726.72,4718.94,4723.46,2991
2024-02-19 08:00:00,4723.46,4882.4,4439.34,4694.06,65436
2024-02-19 09:00:00,4694.06,4754.76,4658.6,4675.18,67361
2024-02-19 10:00:00,4675.18,4708.31,4639.83,4695.21,67335
2024-02-19 11:00:00,4695.21,4800.15,4685.58,4785.34,66407
2024-02-19 12:00:00,4785.34,4826.04,4737.3,4772.33,64098
2024-02-19 13:00:00,4772.33,4906.53,4760.47,4805.66,89279
2024-02-19 14:00:00,4805.66,4886.52,4730.17,4846.36,90208
2024-02-19 15:00:00,4846.36,4915.67,4768.47,4821.78,89094
2024-02-19 16:00:00,4821.78,4859.57,4659.81,4700.77,90700
2024-02-19 17:00:00,4700.77,4918.83,4645.45,4881.73,91012
2024-02-19 18:00:00,4881.73,4987.48,4869.68,4944.46,88528
2024-02-19 19:00:00,4944.46,5027.49,4890.27,4945.25,92430
2024-02-19 20:00:00,4945.25,4984.8,4848.12,4914.31,90051
2024-02-19 21:00:00,4914.31,4975.77,4912.26,4968.58,2970
2024-02-19 22:00:00,4968.58,5005.02,4967.86,5004.92,267
2024-02-19 23:00:00,5004.92,5044.47,5003.18,5043.52,2976
2024-02-20 00:00:00,5043.52,5096.23,5041.28,5091.97,2939
2024-02-20 01:00:00,5091.97,5133.38,5089.51,5132.6,3072
2024-02-20 02:00:00,5132.6,5169.77,5126.75,5167.05,2985
2024-02-20 03:00:00,5167.05,5207.16,5160.43,5202.77,3024
2024-02-20 04:00:00,5202.77,5250.87,5200.96,5244.89,2934
2024-02-20 05:00:00,5244.89,5469.67,4939.68,5178.71,3042
2024-02-20 06:00:00,5178.71,5233.05,5175.01,5228.9,3027
2024-02-20 07:00:00,5228.9,5283.03,5225.62,5280.41,2942
2024-02-20 08:00:00,5280.41,5340.86,5252.9,5280.48,66281
2024-02-20 09:00:00,5280.48,5432.92,5261.75,5391.58,67182
2024-02-20 10:00:00,5391.58,5477.83,5343.33,5458.52,65696
2024-02-20 11:00:00,5458.52,5561.99,5408.24,5559.08,65956
2024-02-20 12:00:00,5559.08,5627.57,5491.19,5570.03,65557
2024-02-20 13:00:00,5570.03,5674.54,5546.63,5611.33,88836
2024-02-20 14:00:00,5611.33,5768.05,5605.24,5732.01,91936
2024-02-20 15:00:00,5732.01,5823.23,5684.75,5760.08,89906
2024-02-20 16:00:00,5760.08,5838.68,5704.48,5823.96,90223
2024-02-20 17:00:00,5823.96,5876.93,5705.8,5771.15,88653
2024-02-20 18:00:00,5771.15,5826.42,5671.91,5788.02,86863
2024-02-20 19:00:00,5788.02,5924.78,5716.03,5880.59,90963
2024-02-20 20:00:00,5880.59,6047.76,5829.85,5916.8,91004
2024-02-20 21:00:00,5916.8,5960.7,5914.31,5954.78,2948
2024-02-20 22:00:00,5954.78,5998.09,5953.72,5997.7,272
2024-02-20 23:00:00,5997.7,6028.09,5992.27,6025.52,2951
2024-02-21 00:00:00,6025.52,6090.94,6022.42,6084.98,3016
2024-02-21 01:00:00,6084.98,6146.61,6079.48,6141.42,2989
2024-02-21 02:00:00,6141.42,6349.75,5852.01,6074.43,2974
2024-02-21 03:00:00,6074.43,6109.71,6067.89,6103.76,2982
2024-02-21 04:00:00,6103.76,6145.67,6095.34,6141.65,2928
2024-02-21 05:00:00,6141.65,6192.35,6139.0,6189.22,2989
2024-02-21 06:00:00,6189.22,6246.02,6187.27,6234.34,2972
2024-02-21 07:00:00,6234.34,6265.54,6228.05,6256.29,2946
2024-02-21 08:00:00,6256.29,6423.2,6179.77,6415.04,67168
2024-02-21 09:00:00,6415.04,6618.29,6401.43,6518.88,66439
2024-02-21 10:00:00,6518.88,6534.47,6418.75,6449.56,64985
2024-02-21 11:00:00,6449.56,6515.4,6386.06,6443.82,66756
2024-02-21 12:00:00,6443.82,6559.78,6439.12,6472.33,64962
2024-02-21 13:00:00,6472.33,6516.22,6356.68,6359.37,89605
2024-02-21 14:00:00,6359.37,6436.21,6222.26,6412.34,88296
2024-02-21 15:00:00,6412.34,6429.28,6192.19,6271.24,91537
2024-02-21 16:00:00,6271.24,6342.26,6211.97,6256.22,88829
2024-02-21 17:00:00,6256.22,6409.5,6186.29,6388.93,91931
2024-02-21 18:00:00,6388.93,6498.71,6297.52,6425.07,90842
2024-02-21 19:00:00,6425.07,6500.83,6253.27,6312.12,90762
2024-02-21 20:00:00,6312.12,6434.71,6273.39,6340.9,92297
2024-02-21 21:00:00,6340.9,6405.11,6332.5,6395.88,3044
2024-02-21 22:00:00,6395.88,6441.12,6394.93,6439.84,277
2024-02-21 23:00:00,6439.84,6485.09,6433.61,6481.47,3000
2024-02-22 00:00:00,6481.47,6724.26,6188.63,6431.67,2972
2024-02-22 01:00:00,6431.67,6478.27,6423.85,6477.83,2951
2024-02-22 02:00:00,6477.83,6533.15,6474.52,6529.79,2991
2024-02-22 03:00:00,6529.79,6582.89,6524.13,6571.72,3013
2024-02-22 04:00:00,6571.72,6771.97,6363.09,6749.99,2993
2024-02-22 05:00:00,6749.99,6814.46,6746.59,6809.08,2888
2024-02-22 06:00:00,6809.08,6864.11,6799.66,6854.41,2916
2024-02-22 07:00:00,6854.41,6898.3,6845.97,6896.21,3011
2024-02-22 08:00:00,6896.21,7002.95,6849.35,6973.26,66396
2024-02-22 09:00:00,6973.26,7074.35,6909.25,7013.6,66848
2024-02-22 10:00:00,7013.6,7132.8,6966.55,7119.38,67603
2024-02-22 11:00:00,7119.38,7254.56,7080.51,7160.56,65823
2024-02-22 12:00:00,7160.56,7309.59,7139.52,7253.32,66718
2024-02-22 13:00:00,7253.32,7481.85,7206.89,7437.84,89605
2024-02-22 14:00:00,7437.84,7497.56,7272.55,7391.43,88970
2024-02-22 15:00:00,7391.43,7588.45,7369.12,7434.99,88536
2024-02-22 16:00:00,7434.99,7578.34,7395.47,7492.7,91183
2024-02-22 17:00:00,7492.7,7581.02,7383.66,7549.39,91907
2024-02-22 18:00:00,7549.39,7890.97,7285.92,7677.02,89843
2024-02-22 19:00:00,7677.02,7813.52,7599.95,7778.43,90731
2024-02-22 20:00:00,7778.43,7820.46,7642.6,7708.51,89212
2024-02-22 21:00:00,7708.51,7794.16,7697.03,7786.7,3015
2024-02-22 22:00:00,7786.7,7843.29,7785.5,7842.68,267
2024-02-22 23:00:00,7842.68,7918.91,7838.65,7913.07,2980
2024-02-23 00:00:00,7913.07,7955.69,7903.56,7952.97,2953
2024-02-23 01:00:00,7952.97,7991.11,7937.69,7986.1,2957
2024-02-23 02:00:00,7986.1,8046.13,7979.63,8037.29,3010
2024-02-23 03:00:00,8037.29,8111.06,8034.39,8100.46,2949
2024-02-23 04:00:00,8100.46,8467.22,7892.68,8248.03,2931
2024-02-23 05:00:00,8248.03,8288.75,8239.77,8285.55,2975
2024-02-23 06:00:00,8285.55,8336.62,8283.21,8325.19,3013
2024-02-23 07:00:00,8325.19,8511.0,8171.48,8303.75,2953
2024-02-23 08:00:00,8303.75,8419.14,8244.36,8322.96,65776
2024-02-23 09:00:00,8322.96,8550.5,8138.88,8475.73,64463
2024-02-23 10:00:00,8475.73,8599.23,8383.08,8574.37,64488
2024-02-23 11:00:00,8574.37,8705.68,8508.47,8671.49,66617
2024-02-23 12:00:00,8671.49,8754.4,8623.97,8723.23,63998
2024-02-23 13:00:00,8723.23,9011.06,8534.0,8797.77,88030
2024-02-23 14:00:00,8797.77,8935.7,8699.25,8862.92,90767
2024-02-23 15:00:00,8862.92,9070.2,8806.03,8988.14,89186
2024-02-23 16:00:00,8988.14,9105.12,8864.72,8993.32,87836
2024-02-23 17:00:00,8993.32,9101.29,8934.56,9005.39,90473
2024-02-23 18:00:00,9005.39,9250.98,8920.46,9187.38,91336
2024-02-23 19:00:00,9187.38,9321.07,9038.78,9083.46,89229
2024-02-23 20:00:00,9083.46,9117.41,8782.13,8911.18,89009
2024-02-23 21:00:00,8911.18,8989.7,8905.65,8986.21,2948
2024-02-23 22:00:00,8986.21,9054.06,8984.65,9053.3,261
2024-02-23 23:00:00,9053.3,9108.7,9047.9,9089.1,2912
2024-02-26 00:00:00,9089.1,9103.55,9081.91,9088.71,2913
2024-02-26 01:00:00,9088.71,9105.48,9082.86,9092.96,2964
2024-02-26 02:00:00,9092.96,9109.83,9087.56,9105.78,3002
2024-02-26 03:00:00,9105.78,9120.58,9100.17,9109.85,3069
2024-02-26 04:00:00,9109.85,9125.87,9102.65,9103.65,2944
2024-02-26 05:00:00,9103.65,9120.75,9096.68,9107.33,2887
2024-02-26 06:00:00,9107.33,9124.97,9096.02,9120.77,3019
2024-02-26 07:00:00,9120.77,9130.17,9108.11,9117.83,3061
2024-02-26 08:00:00,9117.83,9161.76,9045.27,9108.9,66029
2024-02-26 09:00:00,9108.9,9141.83,9033.54,9042.72,66376
2024-02-26 10:00:00,9042.72,9068.42,8969.74,9006.68,66567
2024-02-26 11:00:00,9006.68,9044.6,8901.01,8932.5,65966
2024-02-26 12:00:00,8932.5,8957.06,8845.16,8902.51,65968
2024-02-26 13:00:00,8902.51,8998.33,8883.28,8921.99,89996
2024-02-26 14:00:00,8921.99,8938.16,8596.81,8743.73,90307
2024-02-26 15:00:00,8743.73,8827.88,8739.23,8787.92,87957
2024-02-26 16:00:00,8787.92,8820.37,8729.34,8775.85,91619
2024-02-26 17:00:00,8775.85,8922.62,8764.53,8891.03,89978
2024-02-26 18:00:00,8891.03,8906.67,8773.95,8850.29,89904
2024-02-26 19:00:00,8850.29,8955.95,8759.18,8908.4,89932
2024-02-26 20:00:00,8908.4,8955.95,8848.52,8925.96,88700
2024-02-26 21:00:00,8925.96,8941.13,8919.37,8934.99,2957
2024-02-26 22:00:00,8934.99,8935.69,8932.98,8933.83,267
2024-02-26 23:00:00,8933.83,9151.87,8846.76,9004.81,2956
2024-02-27 00:00:00,9004.81,9014.66,8982.95,9000.66,2990
2024-02-27 01:00:00,9000.66,9164.32,8868.76,9106.21,2947
2024-02-27 02:00:00,9106.21,9109.07,9006.09,9015.06,2950
2024-02-27 03:00:00,9015.06,9028.43,9007.64,9016.92,2982
2024-02-27 04:00:00,9016.92,9031.11,9008.23,9026.41,2985
2024-02-27 05:00:00,9026.41,9029.59,8999.63,9020.13,3034
2024-02-27 06:00:00,9020.13,9152.39,8656.75,8864.46,2979
2024-02-27 07:00:00,8864.46,8873.1,8857.97,8868.51,3104
2024-02-27 08:00:00,8868.51,8905.51,8817.98,8873.52,66064
2024-02-27 09:00:00,8873.52,8912.49,8827.06,8885.15,65845
2024-02-27 10:00:00,8885.15,8900.99,8769.7,8803.96,66352
2024-02-27 11:00:00,8803.96,8875.11,8786.82,8832.78,65370
2024-02-27 12:00:00,8832.78,8870.79,8786.17,8838.46,68564
2024-02-27 13:00:00,8838.46,8871.73,8777.03,8821.11,93704
2024-02-27 14:00:00,8821.11,8922.0,8790.84,8902.61,88739
2024-02-27 15:00:00,8902.61,8930.85,8754.44,8779.34,88134
2024-02-27 16:00:00,8779.34,8865.14,8708.27,8715.25,90034
2024-02-27 17:00:00,8715.25,8776.48,8631.97,8724.14,92205
2024-02-27 18:00:00,8724.14,8783.29,8655.85,8726.97,90688
2024-02-27 19:00:00,8726.97,8849.69,8700.92,8785.04,90520
2024-02-27 20:00:00,8785.04,8797.4,8669.57,8694.92,91080
2024-02-27 21:00:00,8694.92,8782.27,8524.72,8586.69,3030
2024-02-27 22:00:00,8586.69,8587.65,8585.67,8586.59,267
2024-02-27 23:00:00,8586.59,8603.58,8575.25,8593.49,3011
2024-02-28 00:00:00,8593.49,8595.81,8580.4,8592.72,2943
2024-02-28 01:00:00,8592.72,8599.94,8581.03,8585.86,2894
2024-02-28 02:00:00,8585.86,8588.29,8568.21,8572.91,2995
2024-02-28 03:00:00,8572.91,8584.75,8567.29,8578.02,2988
2024-02-28 04:00:00,8578.02,8589.21,8566.35,8567.23,2909
2024-02-28 05:00:00,8567.23,8575.07,8557.14,8568.82,2838
2024-02-28 06:00:00,8568.82,8574.36,8553.79,8555.36,3061
2024-02-28 07:00:00,8555.36,8563.64,8543.89,8553.85,3015
2024-02-28 08:00:00,8553.85,8608.6,8500.5,8566.49,65794
2024-02-28 09:00:00,8566.49,8637.79,8517.73,8571.7,66671
2024-02-28 10:00:00,8571.7,8610.68,8531.44,8579.09,64693
2024-02-28 11:00:00,8579.09,8799.54,8534.5,8784.29,66239
2024-02-28 12:00:00,8784.29,8964.42,8784.08,8947.55,66734
2024-02-28 13:00:00,8947.55,9060.79,8720.47,8943.7,91545
2024-02-28 14:00:00,8943.7,9033.7,8831.34,8972.43,89781
2024-02-28 15:00:00,8972.43,9202.94,8895.82,9132.43,89604
2024-02-28 16:00:00,9132.43,9259.65,9023.01,9079.95,89188
2024-02-28 17:00:00,9079.95,9344.52,9061.05,9243.72,89585
2024-02-28 18:00:00,9243.72,9435.98,9078.97,9389.58,92159
2024-02-28 19:00:00,9389.58,9451.51,9179.8,9360.04,90446
2024-02-28 20:00:00,9360.04,9547.32,9246.89,9318.62,90309
2024-02-28 21:00:00,9318.62,9387.52,9310.88,9364.95,3013
2024-02-28 22:00:00,9364.95,9435.4,9364.07,9435.31,275
2024-02-28 23:00:00,9435.31,9508.7,9432.88,9508.12,3054
2024-02-29 00:00:00,9508.12,9572.49,9495.75,9565.42,2974
2024-02-29 01:00:00,9565.42,10059.82,9483.83,9859.12,2933
2024-02-29 02:00:00,9859.12,9953.58,9855.41,9937.13,2957
2024-02-29 03:00:00,9937.13,10019.02,9930.4,10002.81,2940
2024-02-29 04:00:00,10002.81,10067.95,9990.79,10054.82,2907
2024-02-29 05:00:00,10054.82,10155.7,10038.47,10151.14,2943
2024-02-29 06:00:00,10151.14,10499.62,10063.89,10348.26,2971
2024-02-29 07:00:00,10348.26,10485.92,10331.02,10480.88,2943
2024-02-29 08:00:00,10480.88,10769.1,10464.5,10701.74,65557
2024-02-29 09:00:00,10701.74,11223.53,10165.45,10526.24,64374
2024-02-29 10:00:00,10526.24,10666.48,10476.12,10584.25,65294
2024-02-29 11:00:00,10584.25,10738.53,10506.59,10683.47,65599
2024-02-29 12:00:00,10683.47,10768.58,10569.16,10748.27,64967
2024-02-29 13:00:00,10748.27,10981.09,10689.17,10850.18,91452
2024-02-29 14:00:00,10850.18,11249.85,10829.39,11207.2,88885
2024-02-29 15:00:00,11207.2,11446.42,11101.24,11324.25,90188
2024-02-29 16:00:00,11324.25,11596.51,11227.95,11563.02,88606
2024-02-29 17:00:00,11563.02,11929.32,11431.41,11616.05,88381
2024-02-29 18:00:00,11616.05,11977.43,11525.32,11851.68,90428
2024-02-29 19:00:00,11851.68,12107.12,11749.36,12012.12,86864
2024-02-29 20:00:00,12012.12,12161.55,11888.34,12052.3,90100
2024-02-29 21:00:00,12052.3,12225.29,12042.05,12198.66,2991
2024-02-29 22:00:00,12198.66,12284.91,12197.68,12281.98,275
2024-02-29 23:00:00,12281.98,12394.77,12281.83,12393.45,3023
2024-03-01 00:00:00,12393.45,12512.09,12383.11,12497.21,3001
2024-03-01 01:00:00,12497.21,12608.43,12470.04,12600.26,2986
2024-03-01 02:00:00,12600.26,12677.98,12587.44,12673.77,2993
2024-03-01 03:00:00,12673.77,12770.32,12665.57,12761.11,2988
2024-03-01 04:00:00,12761.11,12848.36,12753.0,12845.51,3041
2024-03-01 05:00:00,12845.51,12968.32,12834.09,12957.5,2991
2024-03-01 06:00:00,12957.5,13199.96,12816.45,13193.19,2942
2024-03-01 07:00:00,13193.19,13343.3,13168.86,13327.76,3002
2024-03-01 08:00:00,13327.76,13408.9,13186.73,13288.54,66115
2024-03-01 09:00:00,13288.54,13559.27,13245.73,13437.47,67239
2024-03-01 10:00:00,13437.47,13605.67,13331.86,13581.46,65085
2024-03-01 11:00:00,13581.46,13838.05,13476.63,13795.91,66336
2024-03-01 12:00:00,13795.91,14370.9,12914.67,13723.34,66467
2024-03-01 13:00:00,13723.34,13867.79,13469.53,13714.12,89271
2024-03-01 14:00:00,13714.12,13800.79,13529.83,13613.48,89117
2024-03-01 15:00:00,13613.48,13984.89,13521.63,13914.42,89467
2024-03-01 16:00:00,13914.42,14168.39,13827.54,14078.27,91537
2024-03-01 17:00:00,14078.27,14368.47,13948.33,14047.05,91128
2024-03-01 18:00:00,14047.05,14388.99,14030.55,14239.22,89506
2024-03-01 19:00:00,14239.22,14273.8,13971.64,14152.19,90874
2024-03-01 20:00:00,14152.19,14393.46,14085.33,14226.64,89307
2024-03-01 21:00:00,14226.64,14377.24,14211.34,14367.09,2925
2024-03-01 22:00:00,14367.09,14467.23,14366.05,14465.48,269
2024-03-01 23:00:00,14465.48,14534.11,14455.86,14525.47,2933
2024-03-04 00:00:00,14525.47,14642.55,14516.08,14633.2,2990
2024-03-04 01:00:00,14633.2,14765.57,14623.2,14753.98,2964
2024-03-04 02:00:00,14753.98,14925.09,14742.19,14916.72,2964
2024-03-04 03:00:00,14916.72,15143.93,14902.19,15123.28,2970
2024-03-04 04:00:00,15123.28,15278.96,15102.26,15275.48,3042
2024-03-04 05:00:00,15275.48,15951.02,14937.05,15694.34,2915
2024-03-04 06:00:00,15694.34,15831.49,15669.68,15821.05,2940
2024-03-04 07:00:00,15821.05,15901.03,15807.12,15893.27,2990
2024-03-04 08:00:00,15893.27,16300.99,15882.64,16239.33,66301
2024-03-04 09:00:00,16239.33,16601.95,16112.69,16542.17,67177
2024-03-04 10:00:00,16542.17,16743.95,16328.02,16683.19,65161
2024-03-04 11:00:00,16683.19,16856.84,16303.32,16661.31,66220
2024-03-04 12:00:00,16661.31,16767.63,16436.81,16688.74,67341
2024-03-04 13:00:00,16688.74,16829.95,16495.04,16659.03,91672
2024-03-04 14:00:00,16659.03,17115.62,16229.93,16679.39,89277
2024-03-04 15:00:00,16679.39,17118.3,16459.36,16836.03,89972
2024-03-04 16:00:00,16836.03,17208.43,16790.14,17087.23,88840
2024-03-04 17:00:00,17087.23,17270.57,16826.0,17116.97,88433
2024-03-04 18:00:00,17116.97,17474.0,16983.53,17440.07,90333
2024-03-04 19:00:00,17440.07,17606.87,17241.12,17424.7,89573
2024-03-04 20:00:00,17424.7,17548.65,16942.5,17134.55,91396
2024-03-04 21:00:00,17134.55,17261.75,17120.04,17248.07,2942
2024-03-04 22:00:00,17248.07,17371.23,17244.38,17368.74,268
2024-03-04 23:00:00,17368.74,17553.55,17355.61,17531.04,3012
2024-03-05 00:00:00,17531.04,17629.92,17494.6,17622.28,2889
2024-03-05 01:00:00,17622.28,17753.95,17607.87,17748.23,2968
2024-03-05 02:00:00,17748.23,17877.04,17717.41,17860.0,3022
2024-03-05 03:00:00,17860.0,17959.22,17854.21,17956.31,2937
2024-03-05 04:00:00,17956.31,17970.51,17932.15,17937.6,3000
2024-03-05 05:00:00,17937.6,17962.11,17917.71,17955.47,3001
2024-03-05 06:00:00,17955.47,17979.04,17922.38,17966.93,2954
2024-03-05 07:00:00,17966.93,18684.28,17915.65,18406.83,2963
2024-03-05 08:00:00,18406.83,18483.75,18282.14,18365.75,65664
2024-03-05 09:00:00,18365.75,18493.8,18299.92,18329.64,65072
2024-03-05 10:00:00,18329.64,18380.41,17906.69,18064.34,64562
2024-03-05 11:00:00,18064.34,18394.76,17900.67,18135.7,66329
2024-03-05 12:00:00,18135.7,18225.05,18015.4,18108.42,65012
2024-03-05 13:00:00,18108.42,18594.95,17529.29,17819.23,87207
2024-03-05 14:00:00,17819.23,17990.35,17733.11,17931.65,89481
2024-03-05 15:00:00,17931.65,18337.85,17869.58,18262.78,89940
2024-03-05 16:00:00,18262.78,18631.61,17859.81,18475.64,88223
2024-03-05 17:00:00,18475.64,18491.61,18146.33,18251.79,92150
2024-03-05 18:00:00,18251.79,18553.56,18235.96,18440.88,89827
2024-03-05 19:00:00,18440.88,18660.09,18374.45,18578.94,89301
2024-03-05 20:00:00,18578.94,18906.19,18577.58,18722.27,90972
2024-03-05 21:00:00,18722.27,18753.55,18719.61,18742.36,3034
2024-03-05 22:00:00,18742.36,18742.45,18737.97,18739.98,270
2024-03-05 23:00:00,18739.98,18760.15,18704.79,18725.59,2962
2024-03-06 00:00:00,18725.59,18755.5,18724.31,18748.9,3050
2024-03-06 01:00:00,18748.9,19685.86,17972.8,19123.87,2975
2024-03-06 02:00:00,19123.87,19142.44,19096.51,19127.0,2980
2024-03-06 03:00:00,19127.0,19158.73,19113.46,19150.95,2976
2024-03-06 04:00:00,19150.95,19190.62,19127.53,19186.02,2955
2024-03-06 05:00:00,19186.02,19365.83,18454.65,18867.53,2987
2024-03-06 06:00:00,18867.53,18898.14,18852.46,18869.03,2990
2024-03-06 07:00:00,18869.03,19922.23,17676.21,18444.22,3006
2024-03-06 08:00:00,18444.22,18524.29,18311.03,18352.73,66406
2024-03-06 09:00:00,18352.73,18432.54,18279.51,18378.94,66373
2024-03-06 10:00:00,18378.94,18483.45,18301.11,18337.75,65905
2024-03-06 11:00:00,18337.75,18355.14,18104.31,18238.91,65625
2024-03-06 12:00:00,18238.91,18498.96,17501.42,17915.38,65848
2024-03-06 13:00:00,17915.38,17961.79,17711.83,17857.28,90908
2024-03-06 14:00:00,17857.28,17977.46,17766.42,17896.06,89961
2024-03-06 15:00:00,17896.06,17929.0,17643.34,17778.37,91810
2024-03-06 16:00:00,17778.37,17882.56,17639.35,17676.56,92444
2024-03-06 17:00:00,17676.56,17776.5,17489.87,17564.09,89787
2024-03-06 18:00:00,17564.09,17819.39,17530.25,17723.41,89938
2024-03-06 19:00:00,17723.41,17973.07,17659.85,17896.23,87391
2024-03-06 20:00:00,17896.23,17941.2,17525.37,17598.81,89658
2024-03-06 21:00:00,17598.81,17635.87,17589.8,17619.29,2900
2024-03-06 22:00:00,17619.29,17619.87,17615.21,17618.02,262
2024-03-06 23:00:00,17618.02,18504.95,17202.26,17347.74,2985
2024-03-07 00:00:00,17347.74,17391.28,17339.45,17387.29,3043
2024-03-07 01:00:00,17387.29,17404.48,17365.36,17378.83,3019
2024-03-07 02:00:00,17378.83,17405.29,17372.35,17380.79,2848
2024-03-07 03:00:00,17380.79,17414.83,17365.1,17376.13,2924
2024-03-07 04:00:00,17376.13,17390.89,17354.98,17379.85,2951
2024-03-07 05:00:00,17379.85,17397.3,17336.52,17341.03,3023
2024-03-07 06:00:00,17341.03,17344.84,17305.67,17315.28,2991
2024-03-07 07:00:00,17315.28,17323.15,17263.14,17266.98,2922
2024-03-07 08:00:00,17266.98,17391.02,17236.67,17306.26,66267
2024-03-07 09:00:00,17306.26,17518.33,17268.96,17499.74,67170
2024-03-07 10:00:00,17499.74,17550.11,17386.64,17468.56,65759
2024-03-07 11:00:00,17468.56,17974.63,16931.64,17898.87,66610
2024-03-07 12:00:00,17898.87,18224.85,17490.59,18167.63,65575
2024-03-07 13:00:00,18167.63,18259.85,18022.89,18048.83,89949
2024-03-07 14:00:00,18048.83,18621.77,17746.72,18097.64,90506
2024-03-07 15:00:00,18097.64,18606.27,18086.04,18495.13,89617
2024-03-07 16:00:00,18495.13,18857.74,18348.78,18618.24,90746
2024-03-07 17:00:00,18618.24,19167.05,18492.82,18840.46,89330
2024-03-07 18:00:00,18840.46,19165.3,18737.52,18994.21,90206
2024-03-07 19:00:00,18994.21,19344.54,18645.34,19155.35,90404
2024-03-07 20:00:00,19155.35,19305.41,18753.26,19005.67,89768
2024-03-07 21:00:00,19005.67,19127.87,18996.55,19114.09,3003
2024-03-07 22:00:00,19114.09,19265.05,19113.02,19262.72,273
2024-03-07 23:00:00,19262.72,19396.02,19246.0,19391.25,2979
2024-03-08 00:00:00,19391.25,19617.62,19390.21,19607.31,2904
2024-03-08 01:00:00,19607.31,19877.11,19600.46,19857.63,3012
2024-03-08 02:00:00,19857.63,19956.57,19794.51,19930.44,2890
2024-03-08 03:00:00,19930.44,20153.78,19929.35,20114.89,2999
2024-03-08 04:00:00,20114.89,20262.34,20073.05,20253.35,2961
2024-03-08 05:00:00,20253.35,20452.35,20249.69,20445.46,2954
2024-03-08 06:00:00,20445.46,20646.98,20431.65,20639.53,2930
2024-03-08 07:00:00,20639.53,20890.48,20631.25,20859.17,2968
2024-03-08 08:00:00,20859.17,21219.15,20733.04,20983.72,66178
2024-03-08 09:00:00,20983.72,21422.56,20840.1,21280.05,68330
2024-03-08 10:00:00,21280.05,21684.9,21195.82,21633.32,65360
2024-03-08 11:00:00,21633.32,22700.19,20776.88,21335.28,66580
2024-03-08 12:00:00,21335.28,21866.87,21208.43,21750.95,63621
2024-03-08 13:00:00,21750.95,22388.12,21660.55,22116.62,90893
2024-03-08 14:00:00,22116.62,22855.8,21054.85,21872.0,89455
2024-03-08 15:00:00,21872.0,22225.75,21609.33,21690.4,89301
2024-03-08 16:00:00,21690.4,22108.36,21540.27,21967.25,91521
2024-03-08 17:00:00,21967.25,22510.45,21786.93,22395.48,90712
2024-03-08 18:00:00,22395.48,22708.39,22176.73,22481.78,90539
2024-03-08 19:00:00,22481.78,23376.48,22421.13,22964.24,87837
2024-03-08 20:00:00,22964.24,23316.85,22688.5,22854.77,88308
2024-03-08 21:00:00,22854.77,23003.45,22828.54,22974.44,2919
2024-03-08 22:00:00,22974.44,23185.3,22668.35,22906.69,277
2024-03-08 23:00:00,22906.69,22996.93,22864.0,22972.0,2951
2024-03-11 00:00:00,22972.0,23548.97,22627.32,23323.36,2973
2024-03-11 01:00:00,23323.36,23482.8,23313.07,23415.62,2896
2024-03-11 02:00:00,23415.62,23591.49,23393.74,23590.22,3032
2024-03-11 03:00:00,23590.22,23758.44,23588.05,23742.44,2917
2024-03-11 04:00:00,23742.44,23840.14,23738.63,23833.56,2955
2024-03-11 05:00:00,23833.56,23920.91,23808.84,23902.27,3019
2024-03-11 06:00:00,23902.27,24071.82,23877.33,24061.7,3016
2024-03-11 07:00:00,24061.7,24176.41,24022.99,24140.64,2932
2024-03-11 08:00:00,24140.64,24477.76,23979.8,24411.5,66420
2024-03-11 09:00:00,24411.5,24657.04,24085.9,24210.18,65313
2024-03-11 10:00:00,24210.18,24601.03,24175.69,24393.53,66701
2024-03-11 11:00:00,24393.53,24967.83,24217.72,24616.47,67198
2024-03-11 12:00:00,24616.47,24858.61,23895.29,23933.48,64957
2024-03-11 13:00:00,23933.48,24626.45,23754.97,24505.43,88109
2024-03-11 14:00:00,24505.43,24624.31,23932.39,24251.73,91507
2024-03-11 15:00:00,24251.73,24761.91,24056.23,24665.39,87803
2024-03-11 16:00:00,24665.39,25187.31,24474.15,25052.09,88799
2024-03-11 17:00:00,25052.09,25793.56,24923.46,25651.18,91638
2024-03-11 18:00:00,25651.18,25754.49,24950.32,25223.65,91556
2024-03-11 19:00:00,25223.65,25252.75,24697.99,25016.79,88302
2024-03-11 20:00:00,25016.79,25103.56,24683.65,24829.85,91925
2024-03-11 21:00:00,24829.85,25036.53,24819.26,25033.66,3017
2024-03-11 22:00:00,25033.66,25210.67,25030.63,25205.52,269
2024-03-11 23:00:00,25205.52,25476.69,25184.46,25447.29,2960
2024-03-12 00:00:00,25447.29,25610.67,25372.4,25532.52,2960
2024-03-12 01:00:00,25532.52,25773.72,25513.55,25765.33,3042
2024-03-12 02:00:00,25765.33,25960.14,25738.51,25901.48,3005
2024-03-12 03:00:00,25901.48,26081.1,25885.79,26040.1,2945
2024-03-12 04:00:00,26040.1,26265.53,26000.56,26251.75,2953
2024-03-12 05:00:00,26251.75,26394.73,26221.68,26380.92,3032
2024-03-12 06:00:00,26380.92,26741.39,25728.78,26213.75,2995
2024-03-12 07:00:00,26213.75,26557.96,26185.43,26525.61,2994
2024-03-12 08:00:00,26525.61,26796.76,26339.55,26502.44,66170
2024-03-12 09:00:00,26502.44,26865.63,26364.01,26490.86,67461
2024-03-12 10:00:00,26490.86,27289.57,26387.65,26835.02,65888
2024-03-12 11:00:00,26835.02,26973.62,26536.05,26797.9,66381
2024-03-12 12:00:00,26797.9,27105.09,26644.98,27017.94,66552
2024-03-12 13:00:00,27017.94,28287.63,26753.13,27889.3,90476
2024-03-12 14:00:00,27889.3,28603.78,27516.82,28466.57,90496
2024-03-12 15:00:00,28466.57,29217.55,28389.31,28943.62,88496
2024-03-12 16:00:00,28943.62,29202.23,28344.01,28647.74,87857
2024-03-12 17:00:00,28647.74,29530.61,28600.51,29348.24,90167
2024-03-12 18:00:00,29348.24,30016.93,29005.35,29915.47,87637
2024-03-12 19:00:00,29915.47,30110.18,29156.11,29605.34,89573
2024-03-12 20:00:00,29605.34,29971.26,29308.04,29656.31,89013
2024-03-12 21:00:00,29656.31,29892.82,29632.37,29863.15,3016
2024-03-12 22:00:00,29863.15,30092.83,29857.79,30087.78,271
2024-03-12 23:00:00,30087.78,30491.16,30048.52,30464.28,2867
2024-03-13 00:00:00,30464.28,30708.99,30435.27,30660.84,2912
2024-03-13 01:00:00,30660.84,30803.74,29358.83,30480.27,2936
2024-03-13 02:00:00,30480.27,30763.08,30444.64,30752.51,2955
2024-03-13 03:00:00,30752.51,30992.98,30716.07,30982.79,2991
2024-03-13 04:00:00,30982.79,31162.64,30950.63,31137.26,2889
2024-03-13 05:00:00,31137.26,31443.25,31130.27,31428.23,2967
2024-03-13 06:00:00,31428.23,31640.84,31364.65,31564.05,2959
2024-03-13 07:00:00,31564.05,33771.57,30648.09,31221.61,2919
2024-03-13 08:00:00,31221.61,32206.93,30477.23,31821.57,66347
2024-03-13 09:00:00,31821.57,32447.73,31565.75,32370.31,67312
2024-03-13 10:00:00,32370.31,33180.83,32129.5,33120.37,67462
2024-03-13 11:00:00,33120.37,34466.95,32868.59,34371.7,67231
2024-03-13 12:00:00,34371.7,34479.01,33852.94,34067.58,67488
2024-03-13 13:00:00,34067.58,34746.09,33811.95,34230.53,90974
2024-03-13 14:00:00,34230.53,34613.28,33613.81,33820.33,91380
2024-03-13 15:00:00,33820.33,34624.54,33739.21,33906.91,90550
2024-03-13 16:00:00,33906.91,34477.63,33557.08,34130.94,90546
2024-03-13 17:00:00,34130.94,35348.78,34063.95,35087.82,89956
2024-03-13 18:00:00,35087.82,36037.57,34896.26,35800.19,90595
2024-03-13 19:00:00,35800.19,36043.65,35116.46,35349.21,92070
2024-03-13 20:00:00,35349.21,36171.37,35012.35,35787.46,92128
2024-03-13 21:00:00,35787.46,36064.43,35728.55,36017.36,2970
2024-03-13 22:00:00,36017.36,36286.23,36010.83,36278.41,263
2024-03-13 23:00:00,36278.41,36724.36,36255.46,36645.51,2936
2024-03-14 00:00:00,36645.51,36921.94,36624.51,36902.28,2970
2024-03-14 01:00:00,36902.28,37081.13,36894.54,36999.87,2995
2024-03-14 02:00:00,36999.87,37564.56,36522.01,37008.93,2990
2024-03-14 03:00:00,37008.93,37263.38,36982.77,37220.13,2973
2024-03-14 04:00:00,37220.13,37605.37,37210.61,37593.23,2899
2024-03-14 05:00:00,37593.23,37870.2,37584.38,37843.94,2933
2024-03-14 06:00:00,37843.94,38246.05,37828.15,38212.45,2995
2024-03-14 07:00:00,38212.45,38489.57,38191.5,38455.36,2879
2024-03-14 08:00:00,38455.36,38679.48,37982.58,38448.27,67502
2024-03-14 09:00:00,38448.27,38590.75,38052.46,38507.48,67001
2024-03-14 10:00:00,38507.48,39460.5,38406.95,39347.76,66681
2024-03-14 11:00:00,39347.76,39970.38,39036.46,39712.54,66723
2024-03-14 12:00:00,39712.54,40661.58,39573.99,40516.77,67673
2024-03-14 13:00:00,40516.77,40937.04,40156.49,40437.05,90052
2024-03-14 14:00:00,40437.05,40882.41,39807.03,40439.05,90671
2024-03-14 15:00:00,40439.05,40770.13,38330.07,38995.48,90796
2024-03-14 16:00:00,38995.48,41152.94,36854.19,39735.03,89422
2024-03-14 17:00:00,39735.03,39917.48,39316.91,39497.73,92021
2024-03-14 18:00:00,39497.73,40016.62,39460.42,39697.61,90581
2024-03-14 19:00:00,39697.61,39938.09,39498.01,39682.9,89317
2024-03-14 20:00:00,39682.9,40178.66,39622.32,39897.53,89193
2024-03-14 21:00:00,39897.53,39911.78,39797.34,39818.92,2968
2024-03-14 22:00:00,39818.92,42199.59,37063.79,39087.03,272
2024-03-14 23:00:00,39087.03,40353.25,38871.46,40049.89,2995
2024-03-15 00:00:00,40049.89,40102.59,39992.56,40003.07,2911
2024-03-15 01:00:00,40003.07,40111.39,39989.9,40106.38,2932
2024-03-15 02:00:00,40106.38,40255.81,40067.3,40185.47,3011
2024-03-15 03:00:00,40185.47,40327.09,40180.34,40283.88,3013
2024-03-15 04:00:00,40283.88,41337.53,38068.18,39530.89,3055
2024-03-15 05:00:00,39530.89,39645.56,38855.31,39118.47,2951
2024-03-15 06:00:00,39118.47,39140.45,39063.67,39096.31,2988
2024-03-15 07:00:00,39096.31,39160.55,39065.77,39139.14,2976
2024-03-15 08:00:00,39139.14,39470.14,39102.83,39295.8,65612
2024-03-15 09:00:00,39295.8,39424.52,39043.34,39214.1,66745
2024-03-15 10:00:00,39214.1,39261.96,38237.44,38485.89,66909
2024-03-15 11:00:00,38485.89,38732.73,38302.55,38504.22,66125
2024-03-15 12:00:00,38504.22,38945.43,38367.68,38883.14,65394
2024-03-15 13:00:00,38883.14,39351.66,38707.85,39259.0,91242
2024-03-15 14:00:00,39259.0,39763.78,39067.25,39186.79,89819
2024-03-15 15:00:00,39186.79,39218.41,38574.95,38823.14,90535
2024-03-15 16:00:00,38823.14,39217.63,38739.93,39012.59,88204
2024-03-15 17:00:00,39012.59,39084.62,38697.02,38883.95,90670
2024-03-15 18:00:00,38883.95,39141.77,38457.65,39138.61,91020
2024-03-15 19:00:00,39138.61,40042.81,38895.92,39074.76,90211
2024-03-15 20:00:00,39074.76,39634.29,38944.6,39134.01,89781
2024-03-15 21:00:00,39134.01,39182.12,39102.44,39120.52,2958
2024-03-15 22:00:00,39120.52,39122.13,39115.1,39120.05,266
2024-03-15 23:00:00,39120.05,39156.63,39063.24,39137.63,2987
2024-03-18 00:00:00,39137.63,39182.05,39122.51,39147.01,2886
2024-03-18 01:00:00,39147.01,39151.09,39035.9,39055.54,3078
2024-03-18 02:00:00,39055.54,39078.69,38971.55,39007.3,3085
2024-03-18 03:00:00,39007.3,39098.77,38991.51,39091.85,2945
2024-03-18 04:00:00,39091.85,39135.84,39067.99,39102.52,3029
2024-03-18 05:00:00,39102.52,39134.85,39062.96,39086.16,3019
2024-03-18 06:00:00,39086.16,39129.94,39072.05,39116.35,2992
2024-03-18 07:00:00,39116.35,39157.34,39097.07,39135.41,2988
2024-03-18 08:00:00,39135.41,39283.84,37844.68,38335.7,67164
2024-03-18 09:00:00,38335.7,38640.43,38083.51,38107.33,66343
2024-03-18 10:00:00,38107.33,38203.32,37734.57,37901.48,66840
2024-03-18 11:00:00,37901.48,38017.62,37664.43,37799.91,66257
2024-03-18 12:00:00,37799.91,41003.46,37552.2,38777.33,65957
2024-03-18 13:00:00,38777.33,39060.93,38572.2,38759.36,89795
2024-03-18 14:00:00,38759.36,38841.29,38319.0,38562.18,89257
2024-03-18 15:00:00,38562.18,38775.75,37778.2,38097.79,88430
2024-03-18 16:00:00,38097.79,38297.84,37822.12,38022.23,89001
2024-03-18 17:00:00,38022.23,38485.13,37778.81,38345.04,89458
2024-03-18 18:00:00,38345.04,39071.23,38159.9,38948.68,90192
2024-03-18 19:00:00,38948.68,39043.98,38173.2,38370.25,90293
2024-03-18 20:00:00,38370.25,38458.03,37927.44,38178.61,90299
2024-03-18 21:00:00,38178.61,38196.65,38129.8,38156.93,3057
2024-03-18 22:00:00,38156.93,38162.69,38153.0,38155.43,273
2024-03-18 23:00:00,38155.43,38203.83,38059.89,38073.84,2919
2024-03-19 00:00:00,38073.84,38167.95,38067.58,38139.0,2992
2024-03-19 01:00:00,38139.0,38174.91,38076.87,38150.05,2926
2024-03-19 02:00:00,38150.05,38215.24,38126.15,38158.3,2895
2024-03-19 03:00:00,38158.3,38219.4,38127.86,38210.08,3013
2024-03-19 04:00:00,38210.08,38226.85,38142.27,38179.71,3031
2024-03-19 05:00:00,38179.71,38252.28,38157.78,38198.45,2966
2024-03-19 06:00:00,38198.45,38256.78,38172.32,38228.7,2951
2024-03-19 07:00:00,38228.7,38304.27,38184.26,38287.6,2960
2024-03-19 08:00:00,38287.6,38484.99,36659.91,37918.07,66208
2024-03-19 09:00:00,37918.07,38112.86,37784.62,37990.34,65794
2024-03-19 10:00:00,37990.34,38131.29,37719.14,37945.2,65626
2024-03-19 11:00:00,37945.2,38152.96,37828.39,38019.03,65268
2024-03-19 12:00:00,38019.03,38220.2,37790.33,37936.83,67123
2024-03-19 13:00:00,37936.83,38224.25,37676.69,38080.81,89409
2024-03-19 14:00:00,38080.81,38233.68,37848.1,37852.08,89235
2024-03-19 15:00:00,37852.08,38188.67,37453.76,37512.52,87747
2024-03-19 16:00:00,37512.52,38234.09,36778.75,37209.13,91554
2024-03-19 17:00:00,37209.13,37369.13,36561.55,36751.89,92102
2024-03-19 18:00:00,36751.89,37052.1,36336.61,36440.24,89534
2024-03-19 19:00:00,36440.24,36927.49,36370.74,36865.6,90135
2024-03-19 20:00:00,36865.6,37124.45,36738.69,36782.25,91782
2024-03-19 21:00:00,36782.25,36840.83,36724.77,36819.4,2981
2024-03-19 22:00:00,36819.4,36826.96,36814.68,36819.95,271
2024-03-19 23:00:00,36819.95,36889.7,36776.24,36841.07,3054
2024-03-20 00:00:00,36841.07,36916.93,36813.09,36902.65,2983
2024-03-20 01:00:00,36902.65,37136.35,35043.88,36121.88,3007
2024-03-20 02:00:00,36121.88,36150.64,36055.97,36118.38,2946
2024-03-20 03:00:00,36118.38,36199.64,36098.64,36184.51,2960
2024-03-20 04:00:00,36184.51,36238.69,36121.84,36197.85,2968
2024-03-20 05:00:00,36197.85,36235.02,36171.01,36208.49,2986
2024-03-20 06:00:00,36208.49,36218.05,36152.96,36181.05,3012
2024-03-20 07:00:00,36181.05,36285.48,36171.6,36254.06,3038
2024-03-20 08:00:00,36254.06,36307.69,36040.76,36107.12,65841
2024-03-20 09:00:00,36107.12,36260.96,35831.91,36036.45,66868
2024-03-20 10:00:00,36036.45,36243.64,35887.46,36115.04,65878
2024-03-20 11:00:00,36115.04,36510.77,35887.88,36332.82,67935
2024-03-20 12:00:00,36332.82,38264.79,35842.49,36881.24,64652
2024-03-20 13:00:00,36881.24,37094.19,36525.63,36898.35,91010
2024-03-20 14:00:00,36898.35,37139.18,36583.53,36862.3,91788
2024-03-20 15:00:00,36862.3,36988.54,36629.4,36737.82,90295
2024-03-20 16:00:00,36737.82,37197.46,36580.01,36820.82,93576
2024-03-20 17:00:00,36820.82,37470.67,36727.86,37350.29,88365
2024-03-20 18:00:00,37350.29,37809.8,37324.36,37610.71,89477
2024-03-20 19:00:00,37610.71,37884.93,37297.28,37826.29,90629
2024-03-20 20:00:00,37826.29,38594.41,37271.68,38060.84,90774
2024-03-20 21:00:00,38060.84,38199.41,38021.31,38147.18,2971
2024-03-20 22:00:00,38147.18,38154.85,38146.01,38151.64,264
2024-03-20 23:00:00,38151.64,38183.28,38096.07,38123.24,3010
2024-03-21 00:00:00,38123.24,38178.2,38105.47,38145.33,2966
2024-03-21 01:00:00,38145.33,38159.15,38044.46,38078.8,2950
2024-03-21 02:00:00,38078.8,38170.4,38065.66,38161.39,2973
2024-03-21 03:00:00,38161.39,38174.95,38078.25,38106.08,2885
2024-03-21 04:00:00,38106.08,38142.56,38051.49,38067.72,2950
2024-03-21 05:00:00,38067.72,38107.45,37998.28,38027.21,2950
2024-03-21 06:00:00,38027.21,38055.3,37952.78,37978.99,3006
2024-03-21 07:00:00,37978.99,38028.03,37932.14,37997.12,2995
2024-03-21 08:00:00,37997.12,38071.47,37577.48,37882.32,65229
2024-03-21 09:00:00,37882.32,38329.95,37846.06,38235.19,66837
2024-03-21 10:00:00,38235.19,38681.07,38177.27,38582.32,66517
2024-03-21 11:00:00,38582.32,38898.9,38369.13,38812.53,64903
2024-03-21 12:00:00,38812.53,39217.84,38657.02,38837.47,68157
2024-03-21 13:00:00,38837.47,39324.74,38727.88,39029.91,93132
2024-03-21 14:00:00,39029.91,39401.79,38796.61,38989.99,89662
2024-03-21 15:00:00,38989.99,39195.27,38564.61,38668.16,87569
2024-03-21 16:00:00,38668.16,40183.9,38205.68,39662.62,91256
2024-03-21 17:00:00,39662.62,39870.78,39426.45,39557.3,88764
2024-03-21 18:00:00,39557.3,39896.68,39339.82,39441.54,90243
2024-03-21 19:00:00,39441.54,39542.22,39131.33,39388.76,88199
2024-03-21 20:00:00,39388.76,39832.04,39183.47,39679.94,89761
2024-03-21 21:00:00,39679.94,39693.71,39605.76,39670.86,2954
2024-03-21 22:00:00,39670.86,40950.75,39427.81,40308.27,267
2024-03-21 23:00:00,40308.27,40351.64,40286.8,40329.51,2995
2024-03-22 00:00:00,40329.51,40438.2,40299.48,40351.01,2993
2024-03-22 01:00:00,40351.01,40388.87,40302.47,40344.03,2988
2024-03-22 02:00:00,40344.03,40371.81,40282.27,40301.82,2970
2024-03-22 03:00:00,40301.82,40383.08,40280.97,40378.97,2975
2024-03-22 04:00:00,40378.97,40427.58,40354.08,40421.65,2948
2024-03-22 05:00:00,40421.65,41312.15,39624.48,40829.82,2962
2024-03-22 06:00:00,40829.82,40873.98,40777.32,40838.98,2951
2024-03-22 07:00:00,40838.98,40858.14,40702.55,40727.32,2959
2024-03-22 08:00:00,40727.32,40796.32,40446.2,40473.77,66468
2024-03-22 09:00:00,40473.77,40775.08,40402.58,40466.12,65797
2024-03-22 10:00:00,40466.12,40687.33,40371.62,40644.2,65035
2024-03-22 11:00:00,40644.2,40802.15,40159.38,40253.17,64711
2024-03-22 12:00:00,40253.17,40458.55,39957.63,39964.54,65888
2024-03-22 13:00:00,39964.54,40043.54,39396.7,39891.21,90695
2024-03-22 14:00:00,39891.21,39915.15,39459.25,39546.82,90591
2024-03-22 15:00:00,39546.82,40045.27,39305.55,39961.54,88899
2024-03-22 16:00:00,39961.54,40244.37,39492.17,40156.24,89852
2024-03-22 17:00:00,40156.24,40801.99,39923.49,40742.87,89625
2024-03-22 18:00:00,40742.87,40902.68,40410.23,40638.45,91170
2024-03-22 19:00:00,40638.45,41313.01,39784.7,40785.1,90814
2024-03-22 20:00:00,40785.1,41300.14,40583.87,41228.53,89751
2024-03-22 21:00:00,41228.53,41267.13,41194.27,41246.74,2898
2024-03-22 22:00:00,41246.74,41248.55,41235.7,41238.13,274
2024-03-22 23:00:00,41238.13,41253.6,41166.73,41187.8,3000
2024-03-25 00:00:00,41187.8,41284.64,41171.79,41232.09,2865
2024-03-25 01:00:00,41232.09,41288.87,41180.72,41262.64,2973
2024-03-25 02:00:00,41262.64,42525.88,41247.88,41827.64,2951
2024-03-25 03:00:00,41827.64,41857.57,41768.1,41793.28,2879
2024-03-25 04:00:00,41793.28,41865.45,41766.92,41824.04,3000
2024-03-25 05:00:00,41824.04,41872.73,41778.12,41824.11,2974
2024-03-25 06:00:00,41824.11,41844.2,41701.35,41776.23,3047
2024-03-25 07:00:00,41776.23,43109.53,40350.77,40723.6,2981
2024-03-25 08:00:00,40723.6,40857.0,40366.57,40508.76,65127
2024-03-25 09:00:00,40508.76,40552.1,40063.53,40254.16,64643
2024-03-25 10:00:00,40254.16,40383.49,39959.22,40270.62,64555
2024-03-25 11:00:00,40270.62,40549.47,40106.42,40238.83,66483
2024-03-25 12:00:00,40238.83,40445.61,40062.83,40224.22,65321
2024-03-25 13:00:00,40224.22,40564.25,39894.84,40341.59,90118
2024-03-25 14:00:00,40341.59,40369.34,39822.2,39996.49,90229
2024-03-25 15:00:00,39996.49,40188.09,39393.18,39705.34,90234
2024-03-25 16:00:00,39705.34,39794.05,39260.58,39443.22,89065
2024-03-25 17:00:00,39443.22,40041.44,39277.31,39964.83,86648
2024-03-25 18:00:00,39964.83,41037.31,39862.27,40852.95,90327
2024-03-25 19:00:00,40852.95,41064.94,40654.28,40831.88,91130
2024-03-25 20:00:00,40831.88,40912.87,40327.41,40755.73,90993
2024-03-25 21:00:00,40755.73,40795.97,40711.18,40727.02,2999
2024-03-25 22:00:00,40727.02,40732.53,40720.28,40723.02,273
2024-03-25 23:00:00,40723.02,40795.79,40686.73,40735.33,2942
2024-03-26 00:00:00,40735.33,41506.22,40712.12,41120.15,2961
2024-03-26 01:00:00,41120.15,41153.98,41072.12,41102.64,3020
2024-03-26 02:00:00,41102.64,41133.27,41049.46,41117.7,3014
2024-03-26 03:00:00,41117.7,41130.23,40967.0,40975.17,3046
2024-03-26 04:00:00,40975.17,41447.29,39967.19,40421.09,2936
2024-03-26 05:00:00,40421.09,40466.46,40399.61,40410.3,2917
2024-03-26 06:00:00,40410.3,40460.23,40326.91,40341.8,2992
2024-03-26 07:00:00,40341.8,40366.6,40302.88,40324.92,2941
2024-03-26 08:00:00,40324.92,40446.92,40042.31,40107.11,65892
2024-03-26 09:00:00,40107.11,40193.41,39554.83,39834.38,65702
2024-03-26 10:00:00,39834.38,39956.2,39554.19,39803.98,66350
2024-03-26 11:00:00,39803.98,39872.8,39487.26,39594.57,65740
2024-03-26 12:00:00,39594.57,39718.59,39390.81,39399.45,64780
2024-03-26 13:00:00,39399.45,39691.0,39244.3,39388.61,88342
2024-03-26 14:00:00,39388.61,39900.49,39316.88,39740.29,90939
2024-03-26 15:00:00,39740.29,39990.63,39551.43,39757.34,90245
2024-03-26 16:00:00,39757.34,40190.29,39523.73,40036.5,91014
2024-03-26 17:00:00,40036.5,40481.55,39699.7,40433.43,87213
2024-03-26 18:00:00,40433.43,40716.87,40291.37,40380.76,89378
2024-03-26 19:00:00,40380.76,40807.97,38967.97,39951.14,91407
2024-03-26 20:00:00,39951.14,40783.49,39852.87,40599.49,88926
2024-03-26 21:00:00,40599.49,40654.41,40576.92,40604.37,3008
2024-03-26 22:00:00,40604.37,40611.4,40600.67,40609.35,279
2024-03-26 23:00:00,40609.35,40629.27,40507.38,40583.08,2986
2024-03-27 00:00:00,40583.08,40631.87,40534.4,40613.66,3016
2024-03-27 01:00:00,40613.66,40638.1,40564.08,40617.74,2985
2024-03-27 02:00:00,40617.74,40660.42,40571.68,40591.7,2992
2024-03-27 03:00:00,40591.7,40681.99,40562.68,40654.9,2951
2024-03-27 04:00:00,40654.9,40697.27,40556.55,40681.18,3035
2024-03-27 05:00:00,40681.18,40760.17,40653.79,40721.04,2912
2024-03-27 06:00:00,40721.04,40857.27,40716.66,40819.46,2966
2024-03-27 07:00:00,40819.46,40861.83,40768.89,40792.32,3032
2024-03-27 08:00:00,40792.32,42487.35,40490.82,41117.41,66482
2024-03-27 09:00:00,41117.41,41355.05,40832.4,41042.95,65943
2024-03-27 10:00:00,41042.95,41152.22,40664.41,40710.06,65936
2024-03-27 11:00:00,40710.06,41092.08,40605.47,41073.12,66290
2024-03-27 12:00:00,41073.12,41442.95,40981.07,41097.35,66477
2024-03-27 13:00:00,41097.35,41458.39,40693.86,41324.39,89565
2024-03-27 14:00:00,41324.39,41330.25,40493.99,40653.59,89198
2024-03-27 15:00:00,40653.59,40812.05,39918.28,39976.51,90315
2024-03-27 16:00:00,39976.51,40361.81,39618.16,39844.18,89902
2024-03-27 17:00:00,39844.18,40613.22,39522.73,40446.42,89733
2024-03-27 18:00:00,40446.42,41200.52,40180.46,40751.11,88636
2024-03-27 19:00:00,40751.11,40976.02,39805.35,40328.71,90777
2024-03-27 20:00:00,40328.71,41036.12,39909.66,40849.86,90834
2024-03-27 21:00:00,40849.86,41140.53,40831.71,41041.59,2989
2024-03-27 22:00:00,41041.59,41337.54,41033.53,41333.77,268
2024-03-27 23:00:00,41333.77,41858.45,41316.3,41800.57,2963
2024-03-28 00:00:00,41800.57,42179.7,41656.92,42171.92,3001
2024-03-28 01:00:00,42171.92,42488.84,42055.6,42432.52,2924
2024-03-28 02:00:00,42432.52,42810.11,42395.95,42780.1,2916
2024-03-28 03:00:00,42780.1,42916.64,42669.52,42873.81,2927
2024-03-28 04:00:00,42873.81,43368.8,42853.34,43306.87,2900
2024-03-28 05:00:00,43306.87,43595.08,43257.87,43567.84,2981
2024-03-28 06:00:00,43567.84,43824.12,43530.67,43806.26,2961
2024-03-28 07:00:00,43806.26,45347.16,43281.66,43437.72,2930
2024-03-28 08:00:00,43437.72,45074.19,43259.28,45013.59,66087
2024-03-28 09:00:00,45013.59,45665.77,44615.03,45368.54,64269
2024-03-28 10:00:00,45368.54,46323.05,45217.29,46123.8,66059
2024-03-28 11:00:00,46123.8,46926.51,45995.56,46736.76,65241
2024-03-28 12:00:00,46736.76,48478.89,44659.2,47499.7,66805
2024-03-28 13:00:00,47499.7,47983.73,46687.09,47237.57,91476
2024-03-28 14:00:00,47237.57,49095.64,47107.07,48370.43,88996
2024-03-28 15:00:00,48370.43,49291.54,48058.36,48537.84,89287
2024-03-28 16:00:00,48537.84,51400.22,46379.01,51056.92,90633
2024-03-28 17:00:00,51056.92,51740.75,50550.33,50921.37,89724
2024-03-28 18:00:00,50921.37,51740.26,49039.51,50418.53,90095
2024-03-28 19:00:00,50418.53,51347.16,49885.27,50658.69,93322
2024-03-28 20:00:00,50658.69,51620.13,49934.76,50676.72,91060
2024-03-28 21:00:00,50676.72,51095.59,50590.17,51014.96,3013
2024-03-28 22:00:00,51014.96,51409.96,51005.74,51398.75,263
2024-03-28 23:00:00,51398.75,51820.99,51357.81,51809.55,2979
2024-03-29 00:00:00,51809.55,52436.5,51772.02,52402.13,2917
2024-03-29 01:00:00,52402.13,54436.04,51343.46,53911.74,2947
2024-03-29 02:00:00,53911.74,54297.54,53891.51,54232.17,2968
2024-03-29 03:00:00,54232.17,54687.85,54192.11,54657.79,2935
2024-03-29 04:00:00,54657.79,55185.75,54549.97,55057.67,2961
2024-03-29 05:00:00,55057.67,55434.09,54949.02,55417.13,2977
2024-03-29 06:00:00,55417.13,55950.65,55369.74,55933.73,2991
2024-03-29 07:00:00,55933.73,56518.54,55853.02,56441.36,2985
2024-03-29 08:00:00,56441.36,56703.01,55869.47,56383.41,66420
2024-03-29 09:00:00,56383.41,56876.1,56103.32,56390.51,68254
2024-03-29 10:00:00,56390.51,58180.68,56290.41,58106.46,67182
2024-03-29 11:00:00,58106.46,58759.16,57738.12,58176.47,68478
2024-03-29 12:00:00,58176.47,58690.41,58078.91,58638.86,66877
2024-03-29 13:00:00,58638.86,58775.28,58157.0,58406.45,90411
2024-03-29 14:00:00,58406.45,58656.68,57971.03,58555.56,89518
2024-03-29 15:00:00,58555.56,58686.42,58047.87,58289.18,87485
2024-03-29 16:00:00,58289.18,58358.04,57508.84,57889.68,89968
2024-03-29 17:00:00,57889.68,58556.3,55333.83,57022.1,89336
2024-03-29 18:00:00,57022.1,57153.23,56288.72,57023.81,89098
2024-03-29 19:00:00,57023.81,57690.55,56776.05,56954.57,89522
2024-03-29 20:00:00,56954.57,57171.32,56332.42,57046.5,91552
2024-03-29 21:00:00,57046.5,57098.63,56980.33,57007.57,2960
2024-03-29 22:00:00,57007.57,57014.39,57004.18,57006.21,275
2024-03-29 23:00:00,57006.21,57111.23,56958.88,57087.33,2952
2024-04-01 00:00:00,57087.33,58648.64,56953.29,57742.59,3010
2024-04-01 01:00:00,57742.59,57828.75,57662.3,57810.35,2974
2024-04-01 02:00:00,57810.35,57866.5,57746.04,57796.91,2930
2024-04-01 03:00:00,57796.91,57901.68,57715.01,57788.76,3001
2024-04-01 04:00:00,57788.76,57861.78,57715.4,57735.32,3005
2024-04-01 05:00:00,57735.32,57776.0,57651.38,57721.75,2988
2024-04-01 06:00:00,57721.75,57768.45,57608.33,57673.92,2981
2024-04-01 07:00:00,57673.92,57820.77,57650.62,57774.0,2966
2024-04-01 08:00:00,57774.0,58035.77,57606.56,57981.37,64931
2024-04-01 09:00:00,57981.37,58311.78,57725.77,57782.85,64435
2024-04-01 10:00:00,57782.85,57962.34,57426.79,57851.23,65407
2024-04-01 11:00:00,57851.23,58043.98,57198.89,57262.73,65645
2024-04-01 12:00:00,57262.73,60482.04,55521.92,58370.66,66384
2024-04-01 13:00:00,58370.66,58634.67,57979.72,58375.62,88393
2024-04-01 14:00:00,58375.62,59578.57,56336.79,58528.58,87098
2024-04-01 15:00:00,58528.58,58755.42,58011.27,58738.4,87984
2024-04-01 16:00:00,58738.4,59634.67,58291.45,59520.65,89284
2024-04-01 17:00:00,59520.65,59793.73,59083.63,59158.54,89778
2024-04-01 18:00:00,59158.54,59238.01,58338.4,58425.45,90627
2024-04-01 19:00:00,58425.45,59150.89,57072.2,58542.48,89679
2024-04-01 20:00:00,58542.48,58641.91,57876.5,58021.26,90448
2024-04-01 21:00:00,58021.26,58053.5,57822.66,57915.79,3068
2024-04-01 22:00:00,57915.79,57923.0,57911.82,57920.62,267
2024-04-01 23:00:00,57920.62,57969.72,57797.86,57861.99,2896
2024-04-02 00:00:00,57861.99,57893.65,57743.94,57876.28,3032
2024-04-02 01:00:00,57876.28,57897.19,57791.28,57836.51,2948
2024-04-02 02:00:00,57836.51,57857.41,57706.22,57764.93,2990
2024-04-02 03:00:00,57764.93,57839.42,57651.22,57684.68,2947
2024-04-02 04:00:00,57684.68,57885.51,57675.21,57758.82,2972
2024-04-02 05:00:00,57758.82,57847.47,57735.91,57787.11,2902
2024-04-02 06:00:00,57787.11,57880.9,57738.18,57865.56,3008
2024-04-02 07:00:00,57865.56,57954.68,57812.09,57860.74,3043
2024-04-02 08:00:00,57860.74,58151.15,57641.42,57882.11,66822
2024-04-02 09:00:00,57882.11,58305.65,56290.08,56735.24,68215
2024-04-02 10:00:00,56735.24,57002.8,56386.44,56766.39,66462
2024-04-02 11:00:00,56766.39,57159.51,56537.94,56888.55,66376
2024-04-02 12:00:00,56888.55,57801.86,56805.22,57678.81,66615
2024-04-02 13:00:00,57678.81,58119.46,57552.03,58024.07,89511
2024-04-02 14:00:00,58024.07,58113.12,57205.5,57756.58,89925
2024-04-02 15:00:00,57756.58,58381.53,57447.54,57561.85,90020
2024-04-02 16:00:00,57561.85,58636.89,57267.51,58438.44,90638
2024-04-02 17:00:00,58438.44,58911.73,57871.18,58794.07,89888
2024-04-02 18:00:00,58794.07,59635.33,58658.5,59390.02,91970
2024-04-02 19:00:00,59390.02,59945.84,59074.35,59412.87,91031
2024-04-02 20:00:00,59412.87,59650.03,59120.42,59235.09,90246
2024-04-02 21:00:00,59235.09,59276.63,59146.83,59177.77,2996
2024-04-02 22:00:00,59177.77,59187.89,59172.98,59181.9,274
2024-04-02 23:00:00,59181.9,59220.28,59029.1,59118.45,2971
2024-04-03 00:00:00,59118.45,59211.24,59075.45,59119.31,2943
2024-04-03 01:00:00,59119.31,59245.16,59064.21,59227.56,2889
2024-04-03 02:00:00,59227.56,59290.59,59144.4,59196.79,2976
2024-04-03 03:00:00,59196.79,59227.76,59025.59,59041.25,2939
2024-04-03 04:00:00,59041.25,59095.82,58923.83,58947.64,2994
2024-04-03 05:00:00,58947.64,58985.64,58873.37,58957.57,2975
2024-04-03 06:00:00,58957.57,59044.87,58838.38,59009.45,2938
2024-04-03 07:00:00,59009.45,59081.82,58972.13,58993.4,2944
2024-04-03 08:00:00,58993.4,59134.43,58535.85,58661.58,65091
2024-04-03 09:00:00,58661.58,58841.92,58261.21,58432.51,66069
2024-04-03 10:00:00,58432.51,59079.16,58260.99,58947.01,65514
2024-04-03 11:00:00,58947.01,59027.24,58305.04,58576.38,64768
2024-04-03 12:00:00,58576.38,59136.18,58402.38,59040.93,64785
2024-04-03 13:00:00,59040.93,59128.99,58400.63,58624.01,90806
2024-04-03 14:00:00,58624.01,59773.21,55961.56,58090.66,90592
2024-04-03 15:00:00,58090.66,58864.85,57922.63,58612.64,89994
2024-04-03 16:00:00,58612.64,59081.25,58156.84,58556.67,89022
2024-04-03 17:00:00,58556.67,60737.59,56865.87,57129.94,89864
2024-04-03 18:00:00,57129.94,57274.56,56514.2,56690.93,88570
2024-04-03 19:00:00,56690.93,57055.35,56383.93,56608.06,89393
2024-04-03 20:00:00,56608.06,57401.4,56305.99,56762.78,89793
2024-04-03 21:00:00,56762.78,56862.07,56710.56,56819.49,3020
2024-04-03 22:00:00,56819.49,56829.26,56815.08,56822.33,263
2024-04-03 23:00:00,56822.33,56868.44,56719.21,56823.19,2993
2024-04-04 00:00:00,56823.19,56824.92,56597.92,56624.59,2963
2024-04-04 01:00:00,56624.59,56693.73,56548.75,56570.72,3016
2024-04-04 02:00:00,56570.72,56732.04,56560.59,56614.35,2964
2024-04-04 03:00:00,56614.35,56666.29,56551.98,56653.27,2964
2024-04-04 04:00:00,56653.27,56732.06,56613.17,56689.91,3000
2024-04-04 05:00:00,56689.91,56759.44,56672.11,56729.76,2905
2024-04-04 06:00:00,56729.76,56853.4,56694.28,56779.02,3002
2024-04-04 07:00:00,56779.02,56802.86,56644.23,56759.38,2913
2024-04-04 08:00:00,56759.38,57168.12,56584.93,56693.53,66114
2024-04-04 09:00:00,56693.53,56923.87,56491.91,56648.11,66666
2024-04-04 10:00:00,56648.11,56674.98,56106.61,56314.53,65762
2024-04-04 11:00:00,56314.53,56684.74,56241.54,56334.79,65521
2024-04-04 12:00:00,56334.79,56504.12,56125.45,56281.41,65903
2024-04-04 13:00:00,56281.41,57291.17,56192.37,56899.35,91410
2024-04-04 14:00:00,56899.35,56942.13,56041.09,56243.9,89195
2024-04-04 15:00:00,56243.9,56356.52,55765.61,56108.54,90769
2024-04-04 16:00:00,56108.54,56917.1,55694.09,56084.25,91128
2024-04-04 17:00:00,56084.25,56436.41,55786.3,55980.67,88623
2024-04-04 18:00:00,55980.67,56508.2,55699.5,56171.95,90194
2024-04-04 19:00:00,56171.95,56404.72,55864.93,56126.21,90224
2024-04-04 20:00:00,56126.21,56422.06,55619.7,55867.04,87885
2024-04-04 21:00:00,55867.04,55991.6,55815.11,55952.72,3041
2024-04-04 22:00:00,55952.72,55959.06,55945.9,55952.25,272
2024-04-04 23:00:00,55952.25,56028.04,55929.67,55940.2,3134
2024-04-05 00:00:00,55940.2,56067.06,55905.13,55983.86,2903
2024-04-05 01:00:00,55983.86,56102.29,55949.51,56061.19,2981
2024-04-05 02:00:00,56061.19,56083.28,55934.08,56016.25,2954
2024-04-05 03:00:00,56016.25,56061.5,55843.82,55881.95,2908
2024-04-05 04:00:00,55881.95,55923.64,55813.3,55861.64,3015
2024-04-05 05:00:00,55861.64,55873.6,55727.21,55772.46,2993
2024-04-05 06:00:00,55772.46,55832.53,55694.04,55755.57,2922
2024-04-05 07:00:00,55755.57,55815.31,55686.91,55782.67,2980
2024-04-05 08:00:00,55782.67,56069.35,55560.71,55786.79,65610
2024-04-05 09:00:00,55786.79,55931.83,55092.15,55100.92,66076
2024-04-05 10:00:00,55100.92,55516.1,55003.68,55164.47,63758
2024-04-05 11:00:00,55164.47,55296.25,54810.88,54916.4,66069
2024-04-05 12:00:00,54916.4,55323.58,54730.41,55117.79,66161
2024-04-05 13:00:00,55117.79,55315.73,54450.39,54738.2,88029
2024-04-05 14:00:00,54738.2,54913.93,54329.95,54609.42,91034
2024-04-05 15:00:00,54609.42,55740.38,53293.34,54220.88,89595
2024-04-05 16:00:00,54220.88,54975.81,54178.23,54754.61,88408
2024-04-05 17:00:00,54754.61,55124.51,54005.83,54312.24,89315
2024-04-05 18:00:00,54312.24,54862.26,53732.26,54513.48,88615
2024-04-05 19:00:00,54513.48,55091.23,54472.69,54633.01,89724
2024-04-05 20:00:00,54633.01,55478.8,54200.3,55048.82,88895
2024-04-05 21:00:00,55048.82,55093.9,54938.37,55061.99,2945
2024-04-05 22:00:00,55061.99,55068.47,55055.82,55064.65,279
2024-04-05 23:00:00,55064.65,55194.21,55042.37,55146.5,2953
2024-04-08 00:00:00,55146.5,55154.71,55063.97,55099.03,2906
2024-04-08 01:00:00,55099.03,55120.23,55017.14,55077.12,2975
2024-04-08 02:00:00,55077.12,55181.83,55021.49,55146.62,2835
2024-04-08 03:00:00,55146.62,57630.35,53728.33,56101.12,3007
2024-04-08 04:00:00,56101.12,56186.41,56053.77,56112.32,2959
2024-04-08 05:00:00,56112.32,56271.51,56085.89,56192.26,3037
2024-04-08 06:00:00,56192.26,56221.19,56041.92,56128.51,2968
2024-04-08 07:00:00,56128.51,56284.95,56110.17,56256.7,2953
2024-04-08 08:00:00,56256.7,56558.61,55995.92,56196.72,64347
2024-04-08 09:00:00,56196.72,56729.02,56044.19,56337.44,67184
2024-04-08 10:00:00,56337.44,56629.71,55996.61,56258.97,64625
2024-04-08 11:00:00,56258.97,56785.1,56233.26,56669.92,65130
2024-04-08 12:00:00,56669.92,57148.56,56588.09,57002.87,65865
2024-04-08 13:00:00,57002.87,57604.01,56760.93,57449.89,90517
2024-04-08 14:00:00,57449.89,57672.15,56676.05,56966.67,91665
2024-04-08 15:00:00,56966.67,56993.31,56212.81,56550.1,87178
2024-04-08 16:00:00,56550.1,56846.7,55948.52,56228.99,87237
2024-04-08 17:00:00,56228.99,56293.17,55333.15,55793.47,88410
2024-04-08 18:00:00,55793.47,56021.17,54593.03,55168.34,90993
2024-04-08 19:00:00,55168.34,55522.33,54731.78,55127.7,90122
2024-04-08 20:00:00,55127.7,55996.3,54883.26,55621.22,90956
2024-04-08 21:00:00,55621.22,55685.1,55591.59,55670.18,3133
2024-04-08 22:00:00,55670.18,55679.66,55657.38,55658.78,269
2024-04-08 23:00:00,55658.78,57669.6,54906.07,56585.73,2952
2024-04-09 00:00:00,56585.73,56692.65,56538.4,56648.62,3023
2024-04-09 01:00:00,56648.62,56772.16,56613.09,56689.69,3008
2024-04-09 02:00:00,56689.69,56763.92,56674.82,56726.53,3006
2024-04-09 03:00:00,56726.53,58357.75,56194.48,57579.06,2947
2024-04-09 04:00:00,57579.06,57655.06,57467.67,57508.34,2993
2024-04-09 05:00:00,57508.34,57517.34,57365.74,57408.68,2924
2024-04-09 06:00:00,57408.68,57470.03,57369.65,57434.54,2977
2024-04-09 07:00:00,57434.54,57497.2,57383.85,57469.36,3039
2024-04-09 08:00:00,57469.36,57688.52,56981.88,57509.8,66186
2024-04-09 09:00:00,57509.8,57687.07,57203.45,57233.03,66758
2024-04-09 10:00:00,57233.03,59025.79,56745.71,57810.85,65632
2024-04-09 11:00:00,57810.85,57931.05,57224.98,57460.43,65899
2024-04-09 12:00:00,57460.43,57795.26,57202.47,57426.81,65778
2024-04-09 13:00:00,57426.81,57545.31,56824.21,56969.51,90337
2024-04-09 14:00:00,56969.51,57299.68,56399.65,56784.7,88509
2024-04-09 15:00:00,56784.7,57008.13,56361.26,56862.55,90373
2024-04-09 16:00:00,56862.55,57366.72,56606.08,57185.42,87060
2024-04-09 17:00:00,57185.42,57839.12,57026.14,57532.9,89774
2024-04-09 18:00:00,57532.9,57850.36,57195.97,57607.01,89467
2024-04-09 19:00:00,57607.01,58109.83,57312.44,57902.33,90554
2024-04-09 20:00:00,57902.33,58566.63,57535.9,57735.27,89628
2024-04-09 21:00:00,57735.27,57794.1,57677.22,57749.78,2959
2024-04-09 22:00:00,57749.78,57758.76,57746.92,57754.82,267
2024-04-09 23:00:00,57754.82,57826.91,57678.13,57803.85,3029
2024-04-10 00:00:00,57803.85,57805.76,57705.19,57771.42,2881
2024-04-10 01:00:00,57771.42,57910.8,57724.88,57881.75,2918
2024-04-10 02:00:00,57881.75,57898.28,57722.29,57828.24,2970
2024-04-10 03:00:00,57828.24,57900.63,57787.62,57846.27,2979
2024-04-10 04:00:00,57846.27,57927.1,57772.75,57887.1,2924
2024-04-10 05:00:00,57887.1,57935.88,57846.38,57897.32,3015
2024-04-10 06:00:00,57897.32,57925.01,57796.8,57815.19,2968
2024-04-10 07:00:00,57815.19,57849.43,57695.73,57737.18,2936
2024-04-10 08:00:00,57737.18,58292.25,57588.35,58255.21,66198
2024-04-10 09:00:00,58255.21,58410.69,57993.36,58298.2,65518
2024-04-10 10:00:00,58298.2,58659.54,58038.26,58253.33,63984
2024-04-10 11:00:00,58253.33,58345.93,57610.7,57753.28,65977
2024-04-10 12:00:00,57753.28,57854.0,57137.04,57281.68,65341
2024-04-10 13:00:00,57281.68,57537.05,56530.9,56946.35,91358
2024-04-10 14:00:00,56946.35,57299.72,56243.95,56528.36,88344
2024-04-10 15:00:00,56528.36,56919.04,55902.24,56324.79,90001
2024-04-10 16:00:00,56324.79,57065.94,56298.01,56750.54,89162
2024-04-10 17:00:00,56750.54,57211.68,56544.24,56917.57,90530
2024-04-10 18:00:00,56917.57,57392.34,56649.94,57000.59,88621
2024-04-10 19:00:00,57000.59,57517.62,56786.94,57439.72,90118
2024-04-10 20:00:00,57439.72,57685.01,56762.55,56885.29,91037
2024-04-10 21:00:00,56885.29,57038.88,56866.27,56936.55,2985
2024-04-10 22:00:00,56936.55,56947.37,56933.09,56943.95,272
2024-04-10 23:00:00,56943.95,57099.06,56908.31,57085.31,2970
2024-04-11 00:00:00,57085.31,57167.22,57048.69,57119.67,2922
2024-04-11 01:00:00,57119.67,58073.18,56145.01,57831.04,2986
2024-04-11 02:00:00,57831.04,57912.23,57731.4,57888.08,2955
2024-04-11 03:00:00,57888.08,57961.56,57800.08,57892.24,2949
2024-04-11 04:00:00,57892.24,57950.52,57853.1,57915.27,3018
2024-04-11 05:00:00,57915.27,57978.15,57847.58,57877.01,2970
2024-04-11 06:00:00,57877.01,58076.91,57818.87,57995.84,2918
2024-04-11 07:00:00,57995.84,59433.77,57949.83,58691.58,3010
2024-04-11 08:00:00,58691.58,59198.89,58470.77,58484.2,65998
2024-04-11 09:00:00,58484.2,58533.57,57632.39,57821.66,65520
2024-04-11 10:00:00,57821.66,58294.16,57515.82,58036.65,66427
2024-04-11 11:00:00,58036.65,58757.68,57660.17,58580.96,65415
2024-04-11 12:00:00,58580.96,58682.05,57935.42,58221.19,66004
2024-04-11 13:00:00,58221.19,59091.32,57999.24,59075.34,87637
2024-04-11 14:00:00,59075.34,59821.34,58841.34,59423.39,88305
2024-04-11 15:00:00,59423.39,59657.31,58717.32,58936.04,89352
2024-04-11 16:00:00,58936.04,59231.24,58365.1,58569.48,90176
2024-04-11 17:00:00,58569.48,58903.62,58103.99,58545.18,92019
2024-04-11 18:00:00,58545.18,58964.35,58171.76,58538.7,91109
2024-04-11 19:00:00,58538.7,58718.16,57884.74,58546.4,91988
2024-04-11 20:00:00,58546.4,59053.18,58435.05,58998.27,91054
2024-04-11 21:00:00,58998.27,59146.86,58963.55,59080.18,3010
2024-04-11 22:00:00,59080.18,59088.63,59073.68,59079.47,269
2024-04-11 23:00:00,59079.47,59140.66,59066.15,59124.94,2939
2024-04-12 00:00:00,59124.94,59227.32,59090.41,59210.46,2952
2024-04-12 01:00:00,59210.46,59306.17,59202.98,59287.82,2969
2024-04-12 02:00:00,59287.82,59396.02,59269.25,59336.97,3002
2024-04-12 03:00:00,59336.97,60680.01,56249.52,58362.42,2971
2024-04-12 04:00:00,58362.42,58465.95,58283.45,58451.11,2964
2024-04-12 05:00:00,58451.11,58560.86,58430.33,58553.6,2880
2024-04-12 06:00:00,58553.6,58638.32,58482.99,58594.06,3001
2024-04-12 07:00:00,58594.06,58660.84,58533.13,58630.93,2956
2024-04-12 08:00:00,58630.93,59070.95,58405.6,58868.67,67305
2024-04-12 09:00:00,58868.67,59235.11,58787.26,58918.39,65476
2024-04-12 10:00:00,58918.39,58960.43,58471.03,58654.97,67102
2024-04-12 11:00:00,58654.97,58830.1,58450.18,58659.63,64917
2024-04-12 12:00:00,58659.63,59172.64,58180.31,58349.44,66175
2024-04-12 13:00:00,58349.44,58950.44,58200.63,58409.11,92166
2024-04-12 14:00:00,58409.11,58968.21,56833.23,57439.32,89284
2024-04-12 15:00:00,57439.32,57698.41,56871.03,57354.48,90211
2024-04-12 16:00:00,57354.48,58021.93,57217.58,57677.86,89222
2024-04-12 17:00:00,57677.86,58361.97,57532.51,57916.93,89893
2024-04-12 18:00:00,57916.93,58072.52,57331.11,57554.93,90348
2024-04-12 19:00:00,57554.93,57655.83,57009.8,57418.01,87873
2024-04-12 20:00:00,57418.01,58210.61,57151.22,57875.05,88330
2024-04-12 21:00:00,57875.05,57964.53,57824.67,57890.17,2953
2024-04-12 22:00:00,57890.17,57901.71,57886.06,57894.32,266
2024-04-12 23:00:00,57894.32,57929.29,57760.99,57822.69,2845
2024-04-15 00:00:00,57822.69,57963.04,57786.46,57912.87,2969
2024-04-15 01:00:00,57912.87,57942.92,57818.34,57850.82,2922
2024-04-15 02:00:00,57850.82,57967.29,57792.39,57881.94,2993
2024-04-15 03:00:00,57881.94,58969.93,55331.34,56122.91,2960
2024-04-15 04:00:00,56122.91,56151.89,55992.51,56036.9,2938
2024-04-15 05:00:00,56036.9,56122.45,56003.59,56075.14,2912
2024-04-15 06:00:00,56075.14,56130.71,56013.48,56031.34,2914
2024-04-15 07:00:00,56031.34,56063.9,55918.86,55975.2,2923
2024-04-15 08:00:00,55975.2,56108.27,55625.95,56040.87,65817
2024-04-15 09:00:00,56040.87,59056.22,53908.26,58642.96,65780
2024-04-15 10:00:00,58642.96,59026.5,58409.51,58645.12,65149
2024-04-15 11:00:00,58645.12,58974.12,58346.43,58508.04,66619
2024-04-15 12:00:00,58508.04,58812.81,58132.15,58306.72,65620
2024-04-15 13:00:00,58306.72,58458.27,57742.35,57975.49,90750
2024-04-15 14:00:00,57975.49,58243.84,54600.42,56720.46,92371
2024-04-15 15:00:00,56720.46,57039.05,56112.88,56540.44,88129
2024-04-15 16:00:00,56540.44,57084.58,56335.72,56790.69,90931
2024-04-15 17:00:00,56790.69,57051.1,56154.15,56755.29,90216
2024-04-15 18:00:00,56755.29,57510.36,55263.31,55954.61,88471
2024-04-15 19:00:00,55954.61,56362.43,55402.59,55911.6,91675
2024-04-15 20:00:00,55911.6,56449.89,55603.69,55788.09,90093
2024-04-15 21:00:00,55788.09,55898.36,55745.35,55857.66,2876
2024-04-15 22:00:00,55857.66,55860.09,55846.96,55853.34,273
2024-04-15 23:00:00,55853.34,55976.95,55827.76,55890.03,2979
2024-04-16 00:00:00,55890.03,55996.38,55865.49,55982.23,3019
2024-04-16 01:00:00,55982.23,56051.81,55934.37,56017.23,2913
2024-04-16 02:00:00,56017.23,56117.83,55996.79,56059.44,2999
2024-04-16 03:00:00,56059.44,57015.52,56029.1,56843.36,2918
2024-04-16 04:00:00,56843.36,56899.15,56800.01,56856.27,3034
2024-04-16 05:00:00,56856.27,56898.47,56785.47,56828.93,2940
2024-04-16 06:00:00,56828.93,56921.04,56773.6,56823.91,3058
2024-04-16 07:00:00,56823.91,56838.5,56656.56,56719.12,2988
2024-04-16 08:00:00,56719.12,57118.88,56336.33,56615.62,67074
2024-04-16 09:00:00,56615.62,56980.99,56525.7,56782.74,66076
2024-04-16 10:00:00,56782.74,56944.91,56306.77,56563.74,65309
2024-04-16 11:00:00,56563.74,56730.55,55797.47,55875.31,65365
2024-04-16 12:00:00,55875.31,56091.51,55624.14,55903.41,65321
2024-04-16 13:00:00,55903.41,56127.51,55194.47,55799.89,93794
2024-04-16 14:00:00,55799.89,56054.7,54931.68,55309.59,91795
2024-04-16 15:00:00,55309.59,55839.23,54976.58,55228.46,90048
2024-04-16 16:00:00,55228.46,55370.76,54147.75,54265.44,89084
2024-04-16 17:00:00,54265.44,54486.78,53647.14,54106.36,93404
2024-04-16 18:00:00,54106.36,55507.0,52946.91,53755.02,90259
2024-04-16 19:00:00,53755.02,54169.94,53341.08,53655.63,88689
2024-04-16 20:00:00,53655.63,53814.13,52778.43,53002.61,90101
2024-04-16 21:00:00,53002.61,53011.92,52903.19,52949.16,2930
2024-04-16 22:00:00,52949.16,52952.41,52937.51,52939.96,264
2024-04-16 23:00:00,52939.96,53017.94,52876.31,52915.25,2910
2024-04-17 00:00:00,52915.25,53608.44,50672.11,52012.78,2911
2024-04-17 01:00:00,52012.78,53081.47,51787.23,52534.75,2904
2024-04-17 02:00:00,52534.75,52587.98,52469.38,52486.73,2970
2024-04-17 03:00:00,52486.73,52522.55,52415.76,52457.62,2918
2024-04-17 04:00:00,52457.62,52515.1,52417.83,52457.79,2979
2024-04-17 05:00:00,52457.79,52473.72,52322.31,52369.35,2936
2024-04-17 06:00:00,52369.35,52446.34,52330.33,52386.79,2949
2024-04-17 07:00:00,52386.79,52419.6,52331.12,52358.7,2925
2024-04-17 08:00:00,52358.7,52558.51,52133.84,52328.97,66070
2024-04-17 09:00:00,52328.97,52622.57,52118.69,52281.2,66137
2024-04-17 10:00:00,52281.2,52469.58,52085.11,52287.01,66713
2024-04-17 11:00:00,52287.01,52555.49,52067.86,52321.0,66994
2024-04-17 12:00:00,52321.0,52883.6,52251.1,52746.69,67845
2024-04-17 13:00:00,52746.69,52842.13,51924.12,52064.3,89928
2024-04-17 14:00:00,52064.3,53790.77,50011.09,52695.99,90475
2024-04-17 15:00:00,52695.99,53256.37,52537.63,53046.1,91209
2024-04-17 16:00:00,53046.1,53430.78,52704.26,52741.93,88569
2024-04-17 17:00:00,52741.93,53394.8,52531.66,53158.98,88890
2024-04-17 18:00:00,53158.98,53511.26,52741.58,53128.06,90993
2024-04-17 19:00:00,53128.06,53427.53,52141.95,52538.94,91734
2024-04-17 20:00:00,52538.94,53174.0,52462.78,52965.34,90234
2024-04-17 21:00:00,52965.34,53019.77,52895.41,52925.11,3003
2024-04-17 22:00:00,52925.11,55395.73,52656.5,54115.35,276
2024-04-17 23:00:00,54115.35,54197.91,54051.26,54158.2,2955
2024-04-18 00:00:00,54158.2,54352.48,54143.36,54310.86,2955
2024-04-18 01:00:00,54310.86,54380.95,54243.74,54306.15,2968
2024-04-18 02:00:00,54306.15,54377.48,54258.27,54285.44,3032
2024-04-18 03:00:00,54285.44,54320.13,54234.42,54288.22,2971
2024-04-18 04:00:00,54288.22,54325.12,54252.69,54287.54,2935
2024-04-18 05:00:00,54287.54,54299.51,54170.58,54236.82,3023
2024-04-18 06:00:00,54236.82,54314.16,54186.22,54308.23,3005
2024-04-18 07:00:00,54308.23,54487.88,54304.23,54479.01,2953
2024-04-18 08:00:00,54479.01,54948.74,54410.95,54807.45,68664
2024-04-18 09:00:00,54807.45,55017.03,53867.22,54275.77,65212
2024-04-18 10:00:00,54275.77,54361.51,52813.74,53025.3,65665
2024-04-18 11:00:00,53025.3,53278.1,52272.49,52695.97,66525
2024-04-18 12:00:00,52695.97,54163.55,52336.63,53857.06,65738
2024-04-18 13:00:00,53857.06,54380.05,52746.2,53821.82,90845
2024-04-18 14:00:00,53821.82,54740.95,53122.62,53376.77,90269
2024-04-18 15:00:00,53376.77,53958.31,52551.56,52855.77,90050
2024-04-18 16:00:00,52855.77,53395.54,51997.6,52871.04,88580
2024-04-18 17:00:00,52871.04,53384.32,52203.46,53053.18,89695
2024-04-18 18:00:00,53053.18,53676.98,52503.62,53102.38,88464
2024-04-18 19:00:00,53102.38,55196.42,52544.7,54547.42,88966
2024-04-18 20:00:00,54547.42,54768.44,53006.77,53481.52,91073
2024-04-18 21:00:00,53481.52,53533.99,53033.97,53077.29,2961
2024-04-18 22:00:00,53077.29,53082.69,52686.98,52696.03,273
2024-04-18 23:00:00,52696.03,52884.28,52483.99,52524.43,3065
2024-04-19 00:00:00,52524.43,52527.64,52168.22,52231.25,2916
2024-04-19 01:00:00,52231.25,52279.26,51784.38,51833.32,2978
2024-04-19 02:00:00,51833.32,51874.56,51521.83,51600.76,2998
2024-04-19 03:00:00,51600.76,51654.5,51080.69,51124.39,2951
2024-04-19 04:00:00,51124.39,51185.11,50787.7,50813.5,2974
2024-04-19 05:00:00,50813.5,50945.98,50636.1,50670.63,2922
2024-04-19 06:00:00,50670.63,50682.94,50257.02,50311.23,2926
2024-04-19 07:00:00,50311.23,50377.42,49745.48,49763.07,2935
2024-04-19 08:00:00,49763.07,50409.48,49342.81,49935.4,67427
2024-04-19 09:00:00,49935.4,50337.88,49598.99,49817.39,65118
2024-04-19 10:00:00,49817.39,50646.3,49537.51,49955.03,67901
2024-04-19 11:00:00,49955.03,50396.46,49305.43,49741.63,66691
2024-04-19 12:00:00,49741.63,50821.71,49420.59,50175.13,65834
2024-04-19 13:00:00,50175.13,50429.9,49456.62,50098.13,89883
2024-04-19 14:00:00,50098.13,50592.91,49129.47,49687.23,92455
2024-04-19 15:00:00,49687.23,50121.82,48528.63,48586.07,87775
2024-04-19 16:00:00,48586.07,48971.39,47527.34,47935.31,90336
2024-04-19 17:00:00,47935.31,48389.07,46860.13,47027.48,90341
2024-04-19 18:00:00,47027.48,47326.84,45817.45,46183.13,89544
2024-04-19 19:00:00,46183.13,47319.05,45600.07,46895.72,89130
2024-04-19 20:00:00,46895.72,47763.3,45295.27,46946.88,90822
2024-04-19 21:00:00,46946.88,46961.93,46634.89,46666.32,2949
2024-04-19 22:00:00,46666.32,46672.12,46296.15,46311.74,278
2024-04-19 23:00:00,46311.74,46376.13,45990.64,46023.47,2991
2024-04-22 00:00:00,46023.47,46069.37,45655.95,45701.17,2977
2024-04-22 01:00:00,45701.17,45710.84,45478.9,45553.86,2961
2024-04-22 02:00:00,45553.86,45574.18,45072.34,45104.15,2984
2024-04-22 03:00:00,45104.15,45210.24,44694.15,44783.08,2952
2024-04-22 04:00:00,44783.08,44806.72,44337.1,44373.77,2943
2024-04-22 05:00:00,44373.77,44398.45,43913.74,43958.33,3035
2024-04-22 06:00:00,43958.33,43976.52,43626.28,43657.6,3031
2024-04-22 07:00:00,43657.6,43662.27,43278.12,43333.08,2935
2024-04-22 08:00:00,43333.08,43747.33,42477.48,42908.09,63429
2024-04-22 09:00:00,42908.09,43506.04,41994.93,42384.97,64344
2024-04-22 10:00:00,42384.97,42580.79,42140.7,42506.73,66867
2024-04-22 11:00:00,42506.73,42755.38,42418.86,42637.29,66371
2024-04-22 12:00:00,42637.29,43062.25,42383.38,42875.39,64833
2024-04-22 13:00:00,42875.39,43157.95,42576.7,43116.73,89653
2024-04-22 14:00:00,43116.73,43227.85,42765.26,43140.03,90233
2024-04-22 15:00:00,43140.03,45197.53,42332.19,43859.8,91293
2024-04-22 16:00:00,43859.8,43967.17,43481.75,43785.85,90508
2024-04-22 17:00:00,43785.85,43892.16,42766.84,42880.75,90191
2024-04-22 18:00:00,42880.75,43059.8,42617.76,42804.25,90913
2024-04-22 19:00:00,42804.25,43237.43,42445.09,43160.57,92763
2024-04-22 20:00:00,43160.57,43318.78,42760.2,42963.87,90110
2024-04-22 21:00:00,42963.87,43012.52,42940.25,42986.59,2919
2024-04-22 22:00:00,42986.59,43378.25,42252.79,42562.27,269
2024-04-22 23:00:00,42562.27,42592.21,42514.33,42556.24,2918
2024-04-23 00:00:00,42556.24,42625.96,42534.42,42583.09,2936
2024-04-23 01:00:00,42583.09,44211.47,41074.6,42842.21,2900
2024-04-23 02:00:00,42842.21,42867.61,42746.37,42816.03,2930
2024-04-23 03:00:00,42816.03,42874.17,42780.72,42866.06,3001
2024-04-23 04:00:00,42866.06,42934.55,42825.48,42875.14,2991
2024-04-23 05:00:00,42875.14,42942.69,42830.39,42858.64,3027
2024-04-23 06:00:00,42858.64,42927.0,42840.83,42872.47,3023
2024-04-23 07:00:00,42872.47,42880.79,42812.84,42825.32,2908
2024-04-23 08:00:00,42825.32,42955.19,42458.93,42790.9,65838
2024-04-23 09:00:00,42790.9,42941.78,42385.6,42451.67,66071
2024-04-23 10:00:00,42451.67,42484.29,41937.64,42070.64,66623
2024-04-23 11:00:00,42070.64,42174.07,41738.51,41800.79,67131
2024-04-23 12:00:00,41800.79,42454.78,41722.82,42375.6,65619
2024-04-23 13:00:00,42375.6,42782.25,42082.69,42760.25,90048
2024-04-23 14:00:00,42760.25,43185.38,42628.67,42959.58,91109
2024-04-23 15:00:00,42959.58,43162.09,42754.73,42944.35,89737
2024-04-23 16:00:00,42944.35,43099.27,42557.66,42853.96,89899
2024-04-23 17:00:00,42853.96,43351.87,42654.86,42881.67,91126
2024-04-23 18:00:00,42881.67,45321.17,41928.26,43995.28,90012
2024-04-23 19:00:00,43995.28,44094.47,43346.47,43640.68,90938
2024-04-23 20:00:00,43640.68,43693.79,43118.59,43322.6,89889
2024-04-23 21:00:00,43322.6,43379.08,43270.61,43307.77,3005
2024-04-23 22:00:00,43307.77,43319.45,43306.28,43314.55,266
2024-04-23 23:00:00,43314.55,43353.77,43250.74,43300.56,3005
2024-04-24 00:00:00,43300.56,43425.1,43277.93,43385.61,2931
2024-04-24 01:00:00,43385.61,43422.71,43333.0,43396.42,2996
2024-04-24 02:00:00,43396.42,43460.33,43354.78,43394.47,3014
2024-04-24 03:00:00,43394.47,43455.03,43332.34,43438.92,2956
2024-04-24 04:00:00,43438.92,43520.5,43399.2,43468.43,2947
2024-04-24 05:00:00,43468.43,43562.28,43417.95,43538.81,3005
2024-04-24 06:00:00,43538.81,43579.54,43478.38,43570.97,3004
2024-04-24 07:00:00,43570.97,43601.44,43474.96,43507.57,2921
2024-04-24 08:00:00,43507.57,43749.22,43273.58,43487.77,66938
2024-04-24 09:00:00,43487.77,43638.78,43256.61,43434.07,64170
2024-04-24 10:00:00,43434.07,43751.85,43303.19,43486.07,65243
2024-04-24 11:00:00,43486.07,44086.64,43456.89,43909.43,65120
2024-04-24 12:00:00,43909.43,44871.84,43770.79,44148.24,65534
2024-04-24 13:00:00,44148.24,44479.83,43668.62,44059.97,89637
2024-04-24 14:00:00,44059.97,44254.94,43726.29,44020.76,89158
2024-04-24 15:00:00,44020.76,44312.43,43770.88,43839.76,91135
2024-04-24 16:00:00,43839.76,43995.51,43321.67,43451.33,92620
2024-04-24 17:00:00,43451.33,43755.59,43225.48,43744.85,90277
2024-04-24 18:00:00,43744.85,44206.72,43619.74,43950.65,90489
2024-04-24 19:00:00,43950.65,45536.11,43497.3,45363.04,87864
2024-04-24 20:00:00,45363.04,45460.65,44227.16,44473.69,88680
2024-04-24 21:00:00,44473.69,44502.16,44347.78,44362.37,2939
2024-04-24 22:00:00,44362.37,44367.82,44357.62,44365.95,270
2024-04-24 23:00:00,44365.95,44480.75,44352.84,44465.19,2961
2024-04-25 00:00:00,44465.19,44523.59,44411.49,44503.95,2951
2024-04-25 01:00:00,44503.95,44519.0,44405.47,44438.43,2995
2024-04-25 02:00:00,44438.43,44585.02,44420.0,44527.38,2966
2024-04-25 03:00:00,44527.38,44957.73,42714.1,43519.55,2940
2024-04-25 04:00:00,43519.55,43557.54,43426.7,43471.29,3056
2024-04-25 05:00:00,43471.29,43565.83,43417.48,43561.32,2965
2024-04-25 06:00:00,43561.32,43598.78,43528.54,43560.03,2968
2024-04-25 07:00:00,43560.03,43586.31,43494.84,43515.26,3018
2024-04-25 08:00:00,43515.26,43756.99,43470.83,43672.04,65361
2024-04-25 09:00:00,43672.04,43872.17,43210.49,43399.12,66284
2024-04-25 10:00:00,43399.12,43566.8,43214.72,43429.15,65685
2024-04-25 11:00:00,43429.15,43524.73,43085.73,43337.36,66603
2024-04-25 12:00:00,43337.36,44350.61,41706.16,42875.36,65114
2024-04-25 13:00:00,42875.36,43039.88,42513.44,42554.84,88985
2024-04-25 14:00:00,42554.84,42823.46,42157.61,42388.67,92123
2024-04-25 15:00:00,42388.67,42599.43,42160.85,42316.63,91591
2024-04-25 16:00:00,42316.63,42730.25,42187.34,42595.01,88833
2024-04-25 17:00:00,42595.01,43115.48,42500.23,42638.74,91693
2024-04-25 18:00:00,42638.74,43259.95,42558.85,43052.02,90399
2024-04-25 19:00:00,43052.02,43545.67,42887.76,43215.84,90039
2024-04-25 20:00:00,43215.84,43480.7,42779.93,43266.32,91222
2024-04-25 21:00:00,43266.32,43275.11,43134.74,43216.88,2982
2024-04-25 22:00:00,43216.88,43217.42,43205.3,43208.72,272
2024-04-25 23:00:00,43208.72,43279.81,43153.67,43230.86,3025
2024-04-26 00:00:00,43230.86,43270.19,43155.76,43201.96,3038
2024-04-26 01:00:00,43201.96,43221.53,43112.92,43134.8,2961
2024-04-26 02:00:00,43134.8,43622.12,42703.69,43544.17,2922
2024-04-26 03:00:00,43544.17,43550.99,43457.24,43480.81,2944
2024-04-26 04:00:00,43480.81,44217.04,42031.73,42784.57,2929
2024-04-26 05:00:00,42784.57,42803.81,42695.51,42744.62,2958
2024-04-26 06:00:00,42744.62,42770.96,42668.26,42691.1,2958
2024-04-26 07:00:00,42691.1,42731.02,42662.06,42687.07,2892
2024-04-26 08:00:00,42687.07,43159.36,42517.44,42985.98,64178
2024-04-26 09:00:00,42985.98,43094.57,42602.34,42653.66,66510
2024-04-26 10:00:00,42653.66,42959.83,42497.23,42716.46,66895
2024-04-26 11:00:00,42716.46,42855.06,42415.33,42436.27,66709
2024-04-26 12:00:00,42436.27,42586.4,42198.1,42411.36,67199
2024-04-26 13:00:00,42411.36,42457.45,42063.95,42233.94,91522
2024-04-26 14:00:00,42233.94,42861.83,42163.55,42308.34,88624
2024-04-26 15:00:00,42308.34,42588.76,41165.24,42390.64,90733
2024-04-26 16:00:00,42390.64,42745.46,41669.45,41864.15,93078
2024-04-26 17:00:00,41864.15,42586.04,41626.02,42087.34,89226
2024-04-26 18:00:00,42087.34,43621.38,42053.16,43060.28,90684
2024-04-26 19:00:00,43060.28,44347.65,42610.34,43982.23,90057
2024-04-26 20:00:00,43982.23,44775.81,43820.69,44288.57,91993
2024-04-26 21:00:00,44288.57,45407.29,43304.89,44091.62,3032
2024-04-26 22:00:00,44091.62,44409.92,44068.95,44403.05,274
2024-04-26 23:00:00,44403.05,44838.03,44382.94,44788.05,2981
2024-04-29 00:00:00,44788.05,45876.02,44764.33,45851.34,2979
2024-04-29 01:00:00,45851.34,46231.09,45791.11,46230.7,2943
2024-04-29 02:00:00,46230.7,46649.55,46169.3,46622.87,2980
2024-04-29 03:00:00,46622.87,47068.99,46580.82,47008.34,2953
2024-04-29 04:00:00,47008.34,47280.98,46976.97,47218.27,2966
2024-04-29 05:00:00,47218.27,47652.55,47213.04,47599.39,2989
2024-04-29 06:00:00,47599.39,47895.53,47543.99,47865.86,3028
2024-04-29 07:00:00,47865.86,48370.19,47809.71,48270.44,2960
2024-04-29 08:00:00,48270.44,48540.95,47611.08,48144.59,66307
2024-04-29 09:00:00,48144.59,49340.93,47947.69,49266.2,64914
2024-04-29 10:00:00,49266.2,49590.76,48746.49,49310.64,66068
2024-04-29 11:00:00,49310.64,50183.36,49035.18,49477.74,65507
2024-04-29 12:00:00,49477.74,50725.73,49236.78,50055.8,67858
2024-04-29 13:00:00,50055.8,51463.22,49841.91,50829.84,89387
2024-04-29 14:00:00,50829.84,51999.65,50510.91,51106.19,90053
2024-04-29 15:00:00,51106.19,51653.98,50485.24,50786.81,90292
2024-04-29 16:00:00,50786.81,51523.92,49958.77,51033.18,90840
2024-04-29 17:00:00,51033.18,52322.33,50365.18,50849.53,89889
2024-04-29 18:00:00,50849.53,51311.29,49750.72,50759.86,88400
2024-04-29 19:00:00,50759.86,51403.44,49929.77,50034.67,91064
2024-04-29 20:00:00,50034.67,50867.07,49472.58,50485.36,91304
2024-04-29 21:00:00,50485.36,50711.02,50415.92,50636.61,2962
2024-04-29 22:00:00,50636.61,51022.05,50623.25,51006.22,270
2024-04-29 23:00:00,51006.22,51409.74,50956.89,51391.78,2980
2024-04-30 00:00:00,51391.78,53748.25,49793.31,52737.4,3007
2024-04-30 01:00:00,52737.4,53176.57,52601.56,53106.45,2955
2024-04-30 02:00:00,53106.45,53569.37,53047.67,53516.27,2814
2024-04-30 03:00:00,53516.27,54018.65,53489.52,54001.78,2952
2024-04-30 04:00:00,54001.78,54286.98,53969.45,54209.6,2995
2024-04-30 05:00:00,54209.6,54474.3,54100.08,54442.34,3016
2024-04-30 06:00:00,54442.34,54991.17,54410.7,54928.57,2994
2024-04-30 07:00:00,54928.57,55371.18,54855.66,55341.03,2864
2024-04-30 08:00:00,55341.03,56002.42,55074.94,55839.47,65358
2024-04-30 09:00:00,55839.47,56941.83,55501.8,56455.56,65995
2024-04-30 10:00:00,56455.56,57071.84,55911.38,56245.96,66075
2024-04-30 11:00:00,56245.96,57456.8,56131.88,57265.56,66354
2024-04-30 12:00:00,57265.56,57441.02,55492.06,56122.81,66698
2024-04-30 13:00:00,56122.81,56603.11,55116.13,56049.67,91170
2024-04-30 14:00:00,56049.67,57263.47,55614.65,56593.24,91414
2024-04-30 15:00:00,56593.24,58086.06,56376.11,57754.15,89694
2024-04-30 16:00:00,57754.15,59785.85,57421.37,59572.78,89282
2024-04-30 17:00:00,59572.78,60499.04,58161.2,59701.83,88140
2024-04-30 18:00:00,59701.83,61057.12,59186.52,60581.9,89271
2024-04-30 19:00:00,60581.9,61060.32,59599.7,59942.61,90326
2024-04-30 20:00:00,59942.61,61755.7,58514.85,60505.43,92810
2024-04-30 21:00:00,60505.43,61247.79,60504.96,61181.84,2919
2024-04-30 22:00:00,61181.84,61636.34,61171.6,61620.53,264
2024-04-30 23:00:00,61620.53,62253.63,61606.48,62223.27,2928
2024-05-01 00:00:00,62223.27,64824.47,62142.04,63760.5,2941
2024-05-01 01:00:00,63760.5,64196.01,63641.31,64159.86,2918
2024-05-01 02:00:00,64159.86,64700.04,64096.22,64661.75,2977
2024-05-01 03:00:00,64661.75,65178.75,64641.97,65131.36,2942
2024-05-01 04:00:00,65131.36,65774.23,65096.85,65749.4,2976
2024-05-01 05:00:00,65749.4,66049.74,65717.75,66000.07,2978
2024-05-01 06:00:00,66000.07,66183.65,65844.03,66141.35,2956
2024-05-01 07:00:00,66141.35,66574.43,65952.05,66518.36,3002
2024-05-01 08:00:00,66518.36,67059.94,63453.67,66058.42,65099
2024-05-01 09:00:00,66058.42,67820.98,65811.66,67348.79,66430
2024-05-01 10:00:00,67348.79,68611.86,67188.39,68182.66,67674
2024-05-01 11:00:00,68182.66,69552.08,67949.44,69137.5,65137
2024-05-01 12:00:00,69137.5,69335.68,67910.2,68769.9,66818
2024-05-01 13:00:00,68769.9,69982.2,68294.2,68752.65,91702
2024-05-01 14:00:00,68752.65,71408.12,68402.43,70617.75,89572
2024-05-01 15:00:00,70617.75,71968.15,70142.96,71114.4,89295
2024-05-01 16:00:00,71114.4,72746.12,70251.19,72231.99,90511
2024-05-01 17:00:00,72231.99,74659.91,72127.58,73941.83,93058
2024-05-01 18:00:00,73941.83,76301.47,73539.86,75646.37,88179
2024-05-01 19:00:00,75646.37,76827.95,73715.69,74928.12,90940
2024-05-01 20:00:00,74928.12,75688.21,74005.94,74873.72,90413
2024-05-01 21:00:00,74873.72,75627.74,74845.58,75562.06,2914
2024-05-01 22:00:00,75562.06,76142.29,75538.01,76133.91,269
2024-05-01 23:00:00,76133.91,76675.58,76095.9,76655.34,3007
2024-05-02 00:00:00,76655.34,77165.37,76591.31,77140.83,2980
2024-05-02 01:00:00,77140.83,78148.87,75269.21,77064.34,2937
2024-05-02 02:00:00,77064.34,77797.8,77034.08,77695.5,2957
2024-05-02 03:00:00,77695.5,78456.23,77534.82,78389.51,2979
2024-05-02 04:00:00,78389.51,81842.92,73208.93,77405.63,2915
2024-05-02 05:00:00,77405.63,78146.63,77399.46,78077.33,2943
2024-05-02 06:00:00,78077.33,78527.74,77936.87,78461.07,3007
2024-05-02 07:00:00,78461.07,79187.92,78360.96,79125.09,2947
2024-05-02 08:00:00,79125.09,81027.82,78785.2,80654.77,66634
2024-05-02 09:00:00,80654.77,82734.84,80580.88,81512.15,64548
2024-05-02 10:00:00,81512.15,82804.27,80658.79,82685.04,64708
2024-05-02 11:00:00,82685.04,84400.97,80573.09,81915.57,65326
2024-05-02 12:00:00,81915.57,88313.68,81311.63,83130.65,65110
2024-05-02 13:00:00,83130.65,83885.52,81103.64,82625.78,89561
2024-05-02 14:00:00,82625.78,86827.82,82337.76,85561.34,90549
2024-05-02 15:00:00,85561.34,88578.54,84841.44,86031.26,90058
2024-05-02 16:00:00,86031.26,87675.59,83595.65,84701.81,86780
2024-05-02 17:00:00,84701.81,89023.52,83964.71,88679.42,90936
2024-05-02 18:00:00,88679.42,91179.7,84561.26,86235.7,91183
2024-05-02 19:00:00,86235.7,86482.05,83345.68,84377.04,90513
2024-05-02 20:00:00,84377.04,86076.86,83073.9,83931.71,90346
2024-05-02 21:00:00,83931.71,84023.01,83109.19,83166.23,2943
2024-05-02 22:00:00,83166.23,83202.38,82547.09,82554.07,270
2024-05-02 23:00:00,82554.07,82565.18,81619.98,81679.18,2884
2024-05-03 00:00:00,81679.18,81706.62,81187.35,81243.36,2988
2024-05-03 01:00:00,81243.36,82517.5,78924.27,79750.37,2999
2024-05-03 02:00:00,79750.37,79909.83,79182.49,79230.76,2993
2024-05-03 03:00:00,79230.76,79298.1,78854.85,78857.21,3011
2024-05-03 04:00:00,78857.21,78940.78,78221.37,78322.35,2992
2024-05-03 05:00:00,78322.35,78409.24,77936.01,78071.01,3061
2024-05-03 06:00:00,78071.01,78156.27,77582.04,77625.99,3091
2024-05-03 07:00:00,77625.99,77743.01,77045.62,77131.13,3012
2024-05-03 08:00:00,77131.13,78540.28,76857.36,77887.07,67383
2024-05-03 09:00:00,77887.07,78906.79,76046.08,76615.84,65863
2024-05-03 10:00:00,76615.84,77087.43,74278.91,74368.71,67042
2024-05-03 11:00:00,74368.71,75268.2,73418.77,73765.94,67373
2024-05-03 12:00:00,73765.94,73981.76,72715.62,73736.79,66951
2024-05-03 13:00:00,73736.79,74950.77,72483.11,73686.84,89877
2024-05-03 14:00:00,73686.84,75199.53,73398.02,74952.1,90018
2024-05-03 15:00:00,74952.1,75663.52,73306.32,74871.9,90490
2024-05-03 16:00:00,74871.9,75084.83,73203.1,73774.32,91162
2024-05-03 17:00:00,73774.32,74118.62,72112.31,72459.51,91391
2024-05-03 18:00:00,72459.51,72717.41,71078.77,71544.07,87698
2024-05-03 19:00:00,71544.07,72097.94,70133.07,71103.56,91743
2024-05-03 20:00:00,71103.56,71872.8,70337.67,71111.93,88572
2024-05-03 21:00:00,71111.93,71175.08,70395.49,70602.97,2967
2024-05-03 22:00:00,70602.97,70608.66,70093.47,70105.61,272
2024-05-03 23:00:00,70105.61,70114.23,69633.47,69690.49,2917
2024-05-06 00:00:00,69690.49,69801.07,69397.4,69430.09,3029
2024-05-06 01:00:00,69430.09,69472.0,69132.87,69159.28,2935
2024-05-06 02:00:00,69159.28,69221.79,68632.06,68664.22,3017
2024-05-06 03:00:00,68664.22,68688.63,68256.4,68315.59,2955
2024-05-06 04:00:00,68315.59,68389.07,67647.13,67661.24,2924
2024-05-06 05:00:00,67661.24,67776.85,67119.86,67163.75,2916
2024-05-06 06:00:00,67163.75,67273.98,66588.89,66656.22,2984
2024-05-06 07:00:00,66656.22,66710.93,66242.31,66269.6,2999
2024-05-06 08:00:00,66269.6,66556.96,64193.63,64312.81,65858
2024-05-06 09:00:00,64312.81,64452.78,62990.7,63575.84,66183
2024-05-06 10:00:00,63575.84,63912.48,62582.99,63431.32,65840
2024-05-06 11:00:00,63431.32,63748.14,62593.76,62809.91,67066
2024-05-06 12:00:00,62809.91,62902.82,61359.25,61600.27,65381
2024-05-06 13:00:00,61600.27,62884.57,61397.01,62811.07,90855
2024-05-06 14:00:00,62811.07,63237.77,61885.77,62250.0,91162
2024-05-06 15:00:00,62250.0,62640.67,61081.7,61682.5,89256
2024-05-06 16:00:00,61682.5,62742.01,61032.96,62195.78,90693
2024-05-06 17:00:00,62195.78,62415.33,59764.64,60356.97,88889
2024-05-06 18:00:00,60356.97,61022.35,59074.24,59736.84,91937
2024-05-06 19:00:00,59736.84,60230.33,58808.91,59769.19,91417
2024-05-06 20:00:00,59769.19,60794.04,57248.06,57431.82,88912
2024-05-06 21:00:00,57431.82,57457.31,57115.44,57131.3,2969
2024-05-06 22:00:00,57131.3,57145.39,56706.01,56721.62,267
2024-05-06 23:00:00,56721.62,56796.41,56630.13,56655.51,2930
2024-05-07 00:00:00,56655.51,56773.12,56652.1,56723.81,2981
2024-05-07 01:00:00,56723.81,56833.46,56662.21,56778.52,2964
2024-05-07 02:00:00,56778.52,56849.66,56717.52,56779.72,2916
2024-05-07 03:00:00,56779.72,56926.62,56750.2,56871.39,2912
2024-05-07 04:00:00,56871.39,56905.57,56780.08,56832.71,2921
2024-05-07 05:00:00,56832.71,56866.8,56655.39,56679.01,2992
2024-05-07 06:00:00,56679.01,56780.36,56592.24,56720.28,2946
2024-05-07 07:00:00,56720.28,56724.74,56558.48,56620.56,2972
2024-05-07 08:00:00,56620.56,56868.93,56401.21,56852.44,65752
2024-05-07 09:00:00,56852.44,56896.52,56363.11,56538.27,66154
2024-05-07 10:00:00,56538.27,56629.21,55626.99,56092.05,64894
2024-05-07 11:00:00,56092.05,56441.42,55851.28,56264.85,64723
2024-05-07 12:00:00,56264.85,56475.24,55984.02,56227.67,65478
2024-05-07 13:00:00,56227.67,56607.14,55697.58,56472.66,89925
2024-05-07 14:00:00,56472.66,56699.53,56067.41,56562.39,88695
2024-05-07 15:00:00,56562.39,56951.14,56160.05,56801.8,88473
2024-05-07 16:00:00,56801.8,56885.03,55991.76,56223.09,89084
2024-05-07 17:00:00,56223.09,56469.14,55921.63,56106.43,90279
2024-05-07 18:00:00,56106.43,56867.75,56017.95,56433.44,91399
2024-05-07 19:00:00,56433.44,58207.92,55156.35,57629.64,89010
2024-05-07 20:00:00,57629.64,58105.49,57355.25,57690.08,87834
2024-05-07 21:00:00,57690.08,57786.63,57613.62,57731.32,2979
2024-05-07 22:00:00,57731.32,57738.06,57719.26,57727.54,264
2024-05-07 23:00:00,57727.54,57796.53,57693.61,57721.36,2965
2024-05-08 00:00:00,57721.36,57765.47,57603.34,57648.57,2974
2024-05-08 01:00:00,57648.57,57722.84,57604.87,57703.89,3016
2024-05-08 02:00:00,57703.89,57831.63,57685.27,57758.12,2991
2024-05-08 03:00:00,57758.12,57836.69,57655.11,57812.01,2921
2024-05-08 04:00:00,57812.01,57856.33,57738.89,57778.73,3027
2024-05-08 05:00:00,57778.73,57865.37,57729.53,57775.82,2976
2024-05-08 06:00:00,57775.82,57873.31,57769.94,57825.84,2939
2024-05-08 07:00:00,57825.84,57923.07,57790.69,57884.55,2944
2024-05-08 08:00:00,57884.55,58017.61,57339.89,57588.24,65390
2024-05-08 09:00:00,57588.24,58900.76,55332.41,56958.31,67490
2024-05-08 10:00:00,56958.31,57836.2,56782.84,57564.54,66317
2024-05-08 11:00:00,57564.54,57813.91,57097.49,57164.52,64510
2024-05-08 12:00:00,57164.52,58405.54,56326.83,56360.66,67463
2024-05-08 13:00:00,56360.66,57278.17,56079.44,57112.94,90802
2024-05-08 14:00:00,57112.94,57797.14,56993.19,57175.26,89280
2024-05-08 15:00:00,57175.26,57300.71,56443.6,56583.95,90679
2024-05-08 16:00:00,56583.95,56789.96,56023.72,56274.76,88799
2024-05-08 17:00:00,56274.76,56726.28,56061.57,56410.5,89815
2024-05-08 18:00:00,56410.5,56879.22,56158.57,56806.73,90951
2024-05-08 19:00:00,56806.73,57037.2,55899.88,56120.24,90510
2024-05-08 20:00:00,56120.24,56270.32,55214.85,56049.97,87745
2024-05-08 21:00:00,56049.97,56156.12,56031.74,56052.79,3030
2024-05-08 22:00:00,56052.79,56068.15,56050.95,56063.35,266
2024-05-08 23:00:00,56063.35,56102.27,56000.86,56079.57,2963
2024-05-09 00:00:00,56079.57,56111.2,55990.76,56023.7,2966
2024-05-09 01:00:00,56023.7,56098.08,55980.57,55991.42,3005
2024-05-09 02:00:00,55991.42,56057.25,55870.3,55872.53,2970
2024-05-09 03:00:00,55872.53,55920.92,55792.45,55855.68,2983
2024-05-09 04:00:00,55855.68,55973.34,55745.41,55887.28,2981
2024-05-09 05:00:00,55887.28,55950.22,55812.81,55833.77,2960
2024-05-09 06:00:00,55833.77,55985.74,55817.71,55939.75,3010
2024-05-09 07:00:00,55939.75,56008.39,55835.21,55867.48,3005
2024-05-09 08:00:00,55867.48,56432.3,55707.04,56241.37,64454
2024-05-09 09:00:00,56241.37,58293.12,54714.93,55072.57,63865
2024-05-09 10:00:00,55072.57,55344.16,54897.97,55136.79,65672
2024-05-09 11:00:00,55136.79,56743.21,53257.85,54208.15,64454
2024-05-09 12:00:00,54208.15,54557.74,53812.53,54135.79,65165
2024-05-09 13:00:00,54135.79,54622.38,53853.5,54035.44,90062
2024-05-09 14:00:00,54035.44,54263.01,53667.97,54010.44,89839
2024-05-09 15:00:00,54010.44,54992.35,53753.99,54638.48,88960
2024-05-09 16:00:00,54638.48,55386.14,54338.79,54860.15,87557
2024-05-09 17:00:00,54860.15,55265.06,54573.61,54851.92,88667
2024-05-09 18:00:00,54851.92,55397.72,54706.23,55346.73,90150
2024-05-09 19:00:00,55346.73,55440.18,54726.33,55027.69,90214
2024-05-09 20:00:00,55027.69,55186.37,53976.25,54159.88,88511
2024-05-09 21:00:00,54159.88,54311.61,54137.02,54269.91,2991
2024-05-09 22:00:00,54269.91,54281.16,54267.98,54274.36,272
2024-05-09 23:00:00,54274.36,54354.69,54238.41,54339.34,2929
2024-05-10 00:00:00,54339.34,54703.69,52674.97,53550.91,2905
2024-05-10 01:00:00,53550.91,53626.58,53473.34,53608.79,2999
2024-05-10 02:00:00,53608.79,54389.37,52026.5,53355.48,3063
2024-05-10 03:00:00,53355.48,53411.39,53329.66,53350.04,3023
2024-05-10 04:00:00,53350.04,53391.12,53282.42,53345.58,2933
2024-05-10 05:00:00,53345.58,53473.31,53319.04,53432.81,2944
2024-05-10 06:00:00,53432.81,53446.94,53258.2,53340.99,2941
2024-05-10 07:00:00,53340.99,55178.38,52576.56,54035.06,2916
2024-05-10 08:00:00,54035.06,54334.49,53395.85,54053.77,65066
2024-05-10 09:00:00,54053.77,54072.19,53530.53,53749.2,66510
2024-05-10 10:00:00,53749.2,54479.54,53657.02,54295.68,66358
2024-05-10 11:00:00,54295.68,54721.09,54073.83,54596.53,66000
2024-05-10 12:00:00,54596.53,54764.2,54367.44,54479.77,65383
2024-05-10 13:00:00,54479.77,54638.37,53756.21,54015.42,88352
2024-05-10 14:00:00,54015.42,54483.62,53687.74,53819.17,88703
2024-05-10 15:00:00,53819.17,54136.73,53290.65,53639.78,88550
2024-05-10 16:00:00,53639.78,53913.03,53327.88,53396.26,90249
2024-05-10 17:00:00,53396.26,54056.64,53322.17,53468.27,89005
2024-05-10 18:00:00,53468.27,53902.71,53190.72,53629.41,91155
2024-05-10 19:00:00,53629.41,54060.2,53253.64,53743.78,90724
2024-05-10 20:00:00,53743.78,54005.35,53282.32,53402.58,91827
2024-05-10 21:00:00,53402.58,53451.84,53309.78,53329.84,2966
2024-05-10 22:00:00,53329.84,53336.48,53323.09,53326.0,269
2024-05-10 23:00:00,53326.0,53332.97,53193.55,53283.6,2994
2024-05-13 00:00:00,53283.6,53343.53,53235.28,53307.22,2959
2024-05-13 01:00:00,53307.22,53366.77,53285.16,53312.49,2901
2024-05-13 02:00:00,53312.49,53373.06,53290.52,53315.75,2961
2024-05-13 03:00:00,53315.75,53419.23,53269.02,53311.4,3074
2024-05-13 04:00:00,53311.4,53417.26,53292.35,53365.69,2915
2024-05-13 05:00:00,53365.69,53543.68,53359.67,53488.84,2993
2024-05-13 06:00:00,53488.84,53538.25,53380.44,53415.16,2965
2024-05-13 07:00:00,53415.16,53456.0,53341.53,53420.06,2931
2024-05-13 08:00:00,53420.06,53532.91,53041.12,53112.83,65189
2024-05-13 09:00:00,53112.83,53609.25,52897.22,53484.28,66179
2024-05-13 10:00:00,53484.28,55616.94,49702.48,52056.16,67459
2024-05-13 11:00:00,52056.16,52119.06,51462.6,51535.86,65218
2024-05-13 12:00:00,51535.86,51624.45,51136.23,51193.8,66440
2024-05-13 13:00:00,51193.8,51523.02,50886.87,51406.72,90901
2024-05-13 14:00:00,51406.72,51806.25,51227.91,51636.99,90361
2024-05-13 15:00:00,51636.99,51968.07,51061.17,51188.13,91353
2024-05-13 16:00:00,51188.13,51545.47,50957.77,51187.42,90677
2024-05-13 17:00:00,51187.42,51441.98,50470.77,50694.54,88894
2024-05-13 18:00:00,50694.54,50857.63,50208.3,50420.6,92470
2024-05-13 19:00:00,50420.6,50659.1,49736.14,50107.91,88632
2024-05-13 20:00:00,50107.91,50814.27,49924.45,50250.13,90279
2024-05-13 21:00:00,50250.13,50281.83,50194.77,50268.59,2964
2024-05-13 22:00:00,50268.59,50555.09,48711.89,49293.87,270
2024-05-13 23:00:00,49293.87,49334.43,49219.86,49323.18,2877
2024-05-14 00:00:00,49323.18,54875.75,48726.2,50186.95,2974
2024-05-14 01:00:00,50186.95,50635.06,49123.98,49735.3,2977
2024-05-14 02:00:00,49735.3,49738.92,49643.16,49665.59,2996
2024-05-14 03:00:00,49665.59,49729.55,49610.82,49696.94,2930
2024-05-14 04:00:00,49696.94,49791.27,49675.26,49753.23,2924
2024-05-14 05:00:00,49753.23,49793.59,49682.68,49708.82,2917
2024-05-14 06:00:00,49708.82,49821.35,49694.46,49724.85,3015
2024-05-14 07:00:00,49724.85,50237.19,48967.55,50154.39,3041
2024-05-14 08:00:00,50154.39,50797.43,50065.41,50613.46,67207
2024-05-14 09:00:00,50613.46,50718.5,50375.33,50503.75,65731
2024-05-14 10:00:00,50503.75,51065.4,50231.73,50931.56,67059
2024-05-14 11:00:00,50931.56,51058.14,50264.65,50419.25,65286
2024-05-14 12:00:00,50419.25,50632.46,49975.79,50411.22,66788
2024-05-14 13:00:00,50411.22,50968.77,50249.62,50606.31,90183
2024-05-14 14:00:00,50606.31,51212.16,50300.7,50633.49,90418
2024-05-14 15:00:00,50633.49,50812.47,50252.75,50483.7,90408
2024-05-14 16:00:00,50483.7,51519.57,50200.16,51158.26,89724
2024-05-14 17:00:00,51158.26,51296.45,50794.05,50937.13,89912
2024-05-14 18:00:00,50937.13,51379.02,50564.24,51165.03,90576
2024-05-14 19:00:00,51165.03,51598.87,50745.82,50796.19,89219
2024-05-14 20:00:00,50796.19,52049.99,49417.42,49913.68,92696
2024-05-14 21:00:00,49913.68,49937.85,49847.66,49893.99,2933
2024-05-14 22:00:00,49893.99,49898.75,49888.8,49889.8,269
2024-05-14 23:00:00,49889.8,49945.24,49849.28,49866.68,2948
2024-05-15 00:00:00,49866.68,49926.76,49812.62,49873.65,2994
2024-05-15 01:00:00,49873.65,50536.47,48655.8,48906.68,2918
2024-05-15 02:00:00,48906.68,48976.0,48836.56,48877.25,2996
2024-05-15 03:00:00,48877.25,48965.65,48855.98,48906.79,2916
2024-05-15 04:00:00,48906.79,48996.28,48875.43,48960.96,2926
2024-05-15 05:00:00,48960.96,48962.61,48835.11,48867.22,2976
2024-05-15 06:00:00,48867.22,48896.15,48797.64,48862.97,2977
2024-05-15 07:00:00,48862.97,48869.43,48747.67,48758.99,2898
2024-05-15 08:00:00,48758.99,49170.49,48685.16,49000.08,66508
2024-05-15 09:00:00,49000.08,49446.47,48648.52,49280.33,64562
2024-05-15 10:00:00,49280.33,49607.85,49073.41,49304.25,65055
2024-05-15 11:00:00,49304.25,49655.23,49156.9,49559.99,65862
2024-05-15 12:00:00,49559.99,49867.34,49393.57,49679.94,64539
2024-05-15 13:00:00,49679.94,49770.67,49132.18,49631.74,89572
2024-05-15 14:00:00,49631.74,49746.95,49268.03,49572.51,90866
2024-05-15 15:00:00,49572.51,49850.97,49332.88,49606.58,88206
2024-05-15 16:00:00,49606.58,49799.38,48896.82,48952.47,90684
2024-05-15 17:00:00,48952.47,48989.66,48424.1,48613.11,91742
2024-05-15 18:00:00,48613.11,48861.24,48326.07,48488.39,89469
2024-05-15 19:00:00,48488.39,50896.74,47183.31,49745.24,90910
2024-05-15 20:00:00,49745.24,49948.64,49446.43,49640.37,91046
2024-05-15 21:00:00,49640.37,49666.65,49563.66,49661.87,2937
2024-05-15 22:00:00,49661.87,49665.58,49655.41,49657.72,272
2024-05-15 23:00:00,49657.72,49665.37,49540.65,49567.02,3061
2024-05-16 00:00:00,49567.02,49628.95,49524.33,49586.0,2952
2024-05-16 01:00:00,49586.0,49636.63,49550.2,49590.68,2895
2024-05-16 02:00:00,49590.68,49666.16,49561.68,49586.28,2995
2024-05-16 03:00:00,49586.28,49634.86,49537.71,49582.7,2972
2024-05-16 04:00:00,49582.7,49590.03,49463.31,49516.4,3079
2024-05-16 05:00:00,49516.4,49578.85,49461.59,49501.54,3019
2024-05-16 06:00:00,49501.54,49528.02,49410.15,49453.59,2858
2024-05-16 07:00:00,49453.59,49540.33,49395.85,49521.33,2974
2024-05-16 08:00:00,49521.33,49784.19,49416.87,49705.58,65012
2024-05-16 09:00:00,49705.58,49894.11,49139.14,49318.94,66153
2024-05-16 10:00:00,49318.94,49443.94,48974.43,49328.05,64491
2024-05-16 11:00:00,49328.05,49500.26,49057.51,49438.53,67090
2024-05-16 12:00:00,49438.53,50014.39,49309.37,49906.9,64652
2024-05-16 13:00:00,49906.9,50295.86,49678.69,50077.0,89538
2024-05-16 14:00:00,50077.0,50668.08,49919.71,50491.7,89792
2024-05-16 15:00:00,50491.7,50825.08,50176.88,50662.95,91065
2024-05-16 16:00:00,50662.95,52342.84,48594.81,50080.49,89087
2024-05-16 17:00:00,50080.49,50467.24,49342.25,49572.17,89205
2024-05-16 18:00:00,49572.17,49802.95,49376.21,49486.19,89096
2024-05-16 19:00:00,49486.19,49851.64,49153.48,49708.82,89873
2024-05-16 20:00:00,49708.82,50121.14,49323.58,49591.95,91141
2024-05-16 21:00:00,49591.95,49607.02,49498.9,49546.83,2948
2024-05-16 22:00:00,49546.83,49560.29,49545.06,49559.43,269
2024-05-16 23:00:00,49559.43,49590.64,49502.78,49510.77,2952
2024-05-17 00:00:00,49510.77,49703.83,49490.32,49689.37,2919
2024-05-17 01:00:00,49689.37,49739.22,49617.98,49704.91,3019
2024-05-17 02:00:00,49704.91,49824.89,49685.01,49751.74,2973
2024-05-17 03:00:00,49751.74,49826.42,49699.21,49808.19,2941
2024-05-17 04:00:00,49808.19,49846.59,49748.11,49777.66,2998
2024-05-17 05:00:00,49777.66,49833.16,49694.15,49722.94,2940
2024-05-17 06:00:00,49722.94,49773.81,49655.18,49683.95,2938
2024-05-17 07:00:00,49683.95,49710.54,49567.4,49673.16,2855
2024-05-17 08:00:00,49673.16,49777.32,48855.41,49079.27,66032
2024-05-17 09:00:00,49079.27,49269.42,48509.87,48718.45,65905
2024-05-17 10:00:00,48718.45,48847.56,48337.5,48578.01,65618
2024-05-17 11:00:00,48578.01,48772.22,47984.51,48309.56,66500
2024-05-17 12:00:00,48309.56,48350.5,47910.46,47985.24,65896
2024-05-17 13:00:00,47985.24,48101.36,47490.13,47628.18,89972
2024-05-17 14:00:00,47628.18,47899.84,47352.46,47557.05,90303
2024-05-17 15:00:00,47557.05,47724.23,46770.84,47016.38,88168
2024-05-17 16:00:00,47016.38,47208.39,46524.92,46850.56,87682
2024-05-17 17:00:00,46850.56,46922.59,46340.68,46511.3,89216
2024-05-17 18:00:00,46511.3,46825.67,46330.68,46607.24,88263
2024-05-17 19:00:00,46607.24,46797.36,46219.14,46546.73,92420
2024-05-17 20:00:00,46546.73,46803.08,46096.14,46507.67,91847
2024-05-17 21:00:00,46507.67,46551.74,46476.78,46501.2,3004
2024-05-17 22:00:00,46501.2,46506.78,46496.42,46502.12,273
2024-05-17 23:00:00,46502.12,46606.72,46444.22,46600.1,2928
2024-05-20 00:00:00,46600.1,46662.86,46559.03,46652.76,2959
2024-05-20 01:00:00,46652.76,46692.79,46604.28,46649.38,3063
2024-05-20 02:00:00,46649.38,46752.52,46639.99,46740.51,3033
2024-05-20 03:00:00,46740.51,46771.03,46684.64,46748.95,2954
2024-05-20 04:00:00,46748.95,48176.45,44590.72,45798.23,2983
2024-05-20 05:00:00,45798.23,45844.76,45733.71,45788.35,3066
2024-05-20 06:00:00,45788.35,45806.03,45616.7,45677.63,2917
2024-05-20 07:00:00,45677.63,45744.12,45658.33,45724.23,2967
2024-05-20 08:00:00,45724.23,45859.67,45385.35,45583.07,65579
2024-05-20 09:00:00,45583.07,45938.69,45442.34,45780.36,65821
2024-05-20 10:00:00,45780.36,46102.68,45634.63,45688.02,64652
2024-05-20 11:00:00,45688.02,45768.31,45388.59,45540.18,65263
2024-05-20 12:00:00,45540.18,46041.41,45386.22,45892.61,66033
2024-05-20 13:00:00,45892.61,46202.09,45593.25,45919.91,90111
2024-05-20 14:00:00,45919.91,46280.49,45697.36,46183.46,87685
2024-05-20 15:00:00,46183.46,46279.47,45857.06,46029.52,88712
2024-05-20 16:00:00,46029.52,46580.26,45888.77,46228.1,87083
2024-05-20 17:00:00,46228.1,46683.3,45988.75,46509.92,92132
2024-05-20 18:00:00,46509.92,47330.14,46352.98,46637.11,88678
2024-05-20 19:00:00,46637.11,46905.19,46115.35,46400.09,95148
2024-05-20 20:00:00,46400.09,46475.53,45695.34,45844.02,91959
2024-05-20 21:00:00,45844.02,45876.45,45766.31,45804.12,3035
2024-05-20 22:00:00,45804.12,45810.85,45800.78,45803.72,269
2024-05-20 23:00:00,45803.72,47016.48,44065.08,45086.94,2995
2024-05-21 00:00:00,45086.94,45096.38,45025.83,45063.28,2889
2024-05-21 01:00:00,45063.28,45089.05,45013.1,45077.52,2999
2024-05-21 02:00:00,45077.52,45166.4,45051.38,45139.07,2971
2024-05-21 03:00:00,45139.07,45242.23,45111.21,45157.34,2984
2024-05-21 04:00:00,45157.34,46761.35,43174.58,45186.0,2939
2024-05-21 05:00:00,45186.0,45217.91,45086.63,45103.44,2953
2024-05-21 06:00:00,45103.44,45147.2,45054.03,45098.43,3007
2024-05-21 07:00:00,45098.43,45124.88,45058.04,45119.45,2954
2024-05-21 08:00:00,45119.45,45568.67,45086.54,45484.4,67072
2024-05-21 09:00:00,45484.4,45687.36,45160.88,45583.06,65793
2024-05-21 10:00:00,45583.06,45861.84,45544.8,45838.37,65292
2024-05-21 11:00:00,45838.37,45926.63,45549.81,45783.72,65670
2024-05-21 12:00:00,45783.72,45844.88,45420.43,45596.53,66532
2024-05-21 13:00:00,45596.53,46195.74,45112.72,45809.11,92233
2024-05-21 14:00:00,45809.11,46038.5,45329.53,45624.08,92477
2024-05-21 15:00:00,45624.08,46602.99,45387.8,46258.52,91924
2024-05-21 16:00:00,46258.52,46446.89,45132.17,45234.32,88575
2024-05-21 17:00:00,45234.32,45460.78,44929.04,45012.43,91139
2024-05-21 18:00:00,45012.43,45321.22,44495.45,44976.6,91078
2024-05-21 19:00:00,44976.6,45382.2,44787.39,45028.74,89325
2024-05-21 20:00:00,45028.74,45224.04,44608.64,45081.65,87380
2024-05-21 21:00:00,45081.65,45107.23,45039.71,45065.8,2959
2024-05-21 22:00:00,45065.8,45069.93,45060.13,45065.84,269
2024-05-21 23:00:00,45065.84,45093.09,44972.2,44985.14,2874
2024-05-22 00:00:00,44985.14,45086.71,44954.11,45067.34,3003
2024-05-22 01:00:00,45067.34,45136.83,45000.75,45086.5,2997
2024-05-22 02:00:00,45086.5,45434.26,43787.92,44630.08,2941
2024-05-22 03:00:00,44630.08,44681.03,44586.55,44664.73,2991
2024-05-22 04:00:00,44664.73,44691.23,44561.75,44615.17,3021
2024-05-22 05:00:00,44615.17,44679.6,44568.72,44575.5,2975
2024-05-22 06:00:00,44575.5,44649.37,44506.16,44584.25,2957
2024-05-22 07:00:00,44584.25,46193.65,43434.69,45415.33,2920
2024-05-22 08:00:00,45415.33,46084.21,44611.12,45163.91,64156
2024-05-22 09:00:00,45163.91,45318.2,44339.07,44518.1,65888
2024-05-22 10:00:00,44518.1,44674.72,44361.52,44528.86,64535
2024-05-22 11:00:00,44528.86,44900.02,44332.88,44588.56,65231
2024-05-22 12:00:00,44588.56,45045.21,44437.61,44835.25,64753
2024-05-22 13:00:00,44835.25,45496.34,44524.29,45137.37,90353
2024-05-22 14:00:00,45137.37,45513.57,44925.13,45061.63,88347
2024-05-22 15:00:00,45061.63,45330.02,44748.39,45005.26,89589
2024-05-22 16:00:00,45005.26,45130.85,44707.27,44927.45,90120
2024-05-22 17:00:00,44927.45,45352.1,44728.37,45184.79,90350
2024-05-22 18:00:00,45184.79,45424.6,44478.45,45386.53,89167
2024-05-22 19:00:00,45386.53,45545.86,44911.76,45132.41,90206
2024-05-22 20:00:00,45132.41,45443.4,44470.21,44960.95,88291
2024-05-22 21:00:00,44960.95,45010.03,43466.2,44100.73,2903
2024-05-22 22:00:00,44100.73,44103.94,44095.97,44101.62,262
2024-05-22 23:00:00,44101.62,44705.95,43290.38,44655.7,2992
2024-05-23 00:00:00,44655.7,44726.71,44640.95,44698.41,2926
2024-05-23 01:00:00,44698.41,44785.25,44672.79,44757.64,3013
2024-05-23 02:00:00,44757.64,44769.07,44668.88,44709.96,2978
2024-05-23 03:00:00,44709.96,44826.06,44709.63,44776.83,2991
2024-05-23 04:00:00,44776.83,44811.34,44721.44,44782.21,2914
2024-05-23 05:00:00,44782.21,44907.19,44748.24,44855.53,2889
2024-05-23 06:00:00,44855.53,44947.82,44834.41,44884.33,2998
2024-05-23 07:00:00,44884.33,44984.99,44843.93,44977.01,2919
2024-05-23 08:00:00,44977.01,45132.4,44679.13,44961.74,66792
2024-05-23 09:00:00,44961.74,45374.73,44923.06,45174.75,65885
2024-05-23 10:00:00,45174.75,45316.57,44693.17,45039.68,64804
2024-05-23 11:00:00,45039.68,45473.19,45007.54,45238.27,66378
2024-05-23 12:00:00,45238.27,45576.93,45178.74,45455.99,63993
2024-05-23 13:00:00,45455.99,46079.35,45199.08,45750.53,89008
2024-05-23 14:00:00,45750.53,46227.15,45305.43,45521.69,89685
2024-05-23 15:00:00,45521.69,45760.65,45251.45,45509.9,90513
2024-05-23 16:00:00,45509.9,45755.34,45140.99,45666.66,90724
2024-05-23 17:00:00,45666.66,45884.27,45262.16,45311.79,88878
2024-05-23 18:00:00,45311.79,45757.89,45088.22,45504.07,89799
2024-05-23 19:00:00,45504.07,45706.28,45214.92,45229.71,89278
2024-05-23 20:00:00,45229.71,45637.35,44996.94,45305.55,90925
2024-05-23 21:00:00,45305.55,45969.96,43610.07,44302.79,2956
2024-05-23 22:00:00,44302.79,44316.72,44302.72,44314.37,267
2024-05-23 23:00:00,44314.37,44370.89,44259.84,44265.96,2991
2024-05-24 00:00:00,44265.96,44324.94,44237.31,44298.91,2933
2024-05-24 01:00:00,44298.91,44821.24,43476.16,43700.09,2968
2024-05-24 02:00:00,43700.09,43737.38,43631.17,43655.75,2985
2024-05-24 03:00:00,43655.75,43691.22,43618.07,43662.76,2900
2024-05-24 04:00:00,43662.76,44305.02,43600.79,44207.12,2933
2024-05-24 05:00:00,44207.12,44215.44,44136.08,44180.61,3014
2024-05-24 06:00:00,44180.61,44203.25,44090.09,44124.47,3032
2024-05-24 07:00:00,44124.47,44162.59,44071.99,44093.85,2948
2024-05-24 08:00:00,44093.85,44286.65,43922.57,44052.76,66880
2024-05-24 09:00:00,44052.76,44210.2,43545.77,43577.68,67338
2024-05-24 10:00:00,43577.68,44389.69,43226.88,43465.37,65123
2024-05-24 11:00:00,43465.37,43653.53,43253.25,43538.99,65968
2024-05-24 12:00:00,43538.99,43769.58,43367.17,43549.26,65714
2024-05-24 13:00:00,43549.26,45415.77,42263.91,44443.57,92950
2024-05-24 14:00:00,44443.57,44858.13,44146.27,44240.61,90750
2024-05-24 15:00:00,44240.61,44570.17,44192.95,44327.15,90310
2024-05-24 16:00:00,44327.15,44575.28,43802.1,43922.62,92848
2024-05-24 17:00:00,43922.62,44621.32,43850.2,44286.33,90326
2024-05-24 18:00:00,44286.33,44791.4,44181.83,44710.3,91404
2024-05-24 19:00:00,44710.3,45189.18,44482.4,44941.5,90455
2024-05-24 20:00:00,44941.5,45033.48,44515.17,44730.47,89960
2024-05-24 21:00:00,44730.47,44841.17,44717.3,44828.53,2967
2024-05-24 22:00:00,44828.53,44831.9,44819.41,44829.04,263
2024-05-24 23:00:00,44829.04,44886.77,44770.84,44849.21,3098
2024-05-27 00:00:00,44849.21,44877.68,44739.45,44748.46,2996
2024-05-27 01:00:00,44748.46,45525.24,44199.41,45232.3,2957
2024-05-27 02:00:00,45232.3,45315.4,45190.78,45283.19,2949
2024-05-27 03:00:00,45283.19,45395.51,45273.49,45363.86,2970
2024-05-27 04:00:00,45363.86,45393.6,45276.53,45302.6,2995
2024-05-27 05:00:00,45302.6,45385.32,45280.99,45366.15,3004
2024-05-27 06:00:00,45366.15,45455.73,45318.27,45406.32,3014
2024-05-27 07:00:00,45406.32,45487.93,45331.93,45355.73,2967
2024-05-27 08:00:00,45355.73,45417.75,44611.57,44811.4,67247
2024-05-27 09:00:00,44811.4,44817.68,44452.51,44643.62,66257
2024-05-27 10:00:00,44643.62,44709.95,44326.72,44403.45,65007
2024-05-27 11:00:00,44403.45,44489.06,44113.0,44251.63,66190
2024-05-27 12:00:00,44251.63,44330.28,43891.03,44029.62,65106
2024-05-27 13:00:00,44029.62,44158.99,43683.11,43805.44,88642
2024-05-27 14:00:00,43805.44,44463.64,41842.78,42854.51,90247
2024-05-27 15:00:00,42854.51,43230.95,42734.63,42803.99,89185
2024-05-27 16:00:00,42803.99,43061.54,42556.71,42681.67,88106
2024-05-27 17:00:00,42681.67,42841.24,41343.81,41697.7,89175
2024-05-27 18:00:00,41697.7,42198.55,41562.36,41969.29,90718
2024-05-27 19:00:00,41969.29,42321.53,41702.7,41918.63,88192
2024-05-27 20:00:00,41918.63,43422.1,40268.2,41779.09,89163
2024-05-27 21:00:00,41779.09,41794.66,41699.69,41753.99,2947
2024-05-27 22:00:00,41753.99,41763.36,41753.16,41758.44,277
2024-05-27 23:00:00,41758.44,41785.91,41678.46,41706.63,2980
2024-05-28 00:00:00,41706.63,41733.06,41632.53,41637.52,2947
2024-05-28 01:00:00,41637.52,41663.97,41543.86,41563.19,2963
2024-05-28 02:00:00,41563.19,41632.7,41498.31,41528.91,2972
2024-05-28 03:00:00,41528.91,41633.62,41503.62,41618.16,2976
2024-05-28 04:00:00,41618.16,42320.31,40629.91,40928.42,2866
2024-05-28 05:00:00,40928.42,40964.22,40885.63,40923.9,2980
2024-05-28 06:00:00,40923.9,40957.95,40871.39,40910.46,2934
2024-05-28 07:00:00,40910.46,40984.56,40865.5,40978.73,2988
2024-05-28 08:00:00,40978.73,41567.64,40856.09,41261.72,65340
2024-05-28 09:00:00,41261.72,41336.44,40992.49,41133.49,66299
2024-05-28 10:00:00,41133.49,41239.48,40662.98,40736.77,64908
2024-05-28 11:00:00,40736.77,41188.79,39467.0,40181.47,65544
2024-05-28 12:00:00,40181.47,40504.64,39988.18,40323.62,66356
2024-05-28 13:00:00,40323.62,40539.04,39831.7,40136.06,88327
2024-05-28 14:00:00,40136.06,40458.09,39790.47,40276.92,88062
2024-05-28 15:00:00,40276.92,40358.6,39694.93,39741.08,91419
2024-05-28 16:00:00,39741.08,40923.89,38317.3,39271.73,90473
2024-05-28 17:00:00,39271.73,39299.4,38704.55,38912.96,86449
2024-05-28 18:00:00,38912.96,39627.46,38820.75,39241.47,88318
2024-05-28 19:00:00,39241.47,39861.4,39125.84,39470.16,89923
2024-05-28 20:00:00,39470.16,39790.09,39191.81,39428.94,89018
2024-05-28 21:00:00,39428.94,39486.48,39413.13,39431.82,2923
2024-05-28 22:00:00,39431.82,40265.92,39081.7,40208.28,275
2024-05-28 23:00:00,40208.28,40301.7,40096.37,40151.55,3019
2024-05-29 00:00:00,40151.55,40180.75,39833.63,39884.44,2977
2024-05-29 01:00:00,39884.44,39915.59,39723.35,39756.93,2970
2024-05-29 02:00:00,39756.93,39825.91,39458.09,39516.13,2948
2024-05-29 03:00:00,39516.13,39569.06,39097.22,39142.97,2962
2024-05-29 04:00:00,39142.97,39177.04,38766.07,38786.42,2997
2024-05-29 05:00:00,38786.42,38838.5,38476.58,38496.85,3049
2024-05-29 06:00:00,38496.85,39050.9,37815.77,38451.48,3066
2024-05-29 07:00:00,38451.48,38477.14,38059.85,38084.06,2898
2024-05-29 08:00:00,38084.06,38211.97,37178.17,37624.92,66992
2024-05-29 09:00:00,37624.92,37682.27,36889.87,37278.19,65912
2024-05-29 10:00:00,37278.19,37566.26,36742.44,36818.74,66304
2024-05-29 11:00:00,36818.74,36884.26,36039.81,36080.04,65396
2024-05-29 12:00:00,36080.04,36532.93,35413.26,35629.32,66913
2024-05-29 13:00:00,35629.32,36734.45,35237.59,35748.78,90338
2024-05-29 14:00:00,35748.78,35946.83,34894.19,35150.16,91857
2024-05-29 15:00:00,35150.16,35311.19,34473.58,35088.0,91196
2024-05-29 16:00:00,35088.0,35282.9,33758.57,34047.04,88564
2024-05-29 17:00:00,34047.04,35097.76,33890.41,34817.87,89384
2024-05-29 18:00:00,34817.87,35056.45,34192.72,34317.78,89756
2024-05-29 19:00:00,34317.78,35126.51,34096.88,34665.89,90400
2024-05-29 20:00:00,34665.89,35323.67,34573.35,34971.85,89818
2024-05-29 21:00:00,34971.85,34993.44,34640.44,34685.28,2944
2024-05-29 22:00:00,34685.28,34689.63,34436.18,34440.46,265
2024-05-29 23:00:00,34440.46,34475.24,34201.67,34230.5,2979
2024-05-30 00:00:00,34230.5,34237.52,33858.8,33885.77,2921
2024-05-30 01:00:00,33885.77,33969.0,33595.67,33612.82,2956
2024-05-30 02:00:00,33612.82,33665.01,33407.5,33424.32,2952
2024-05-30 03:00:00,33424.32,33462.83,33243.79,33305.97,2952
2024-05-30 04:00:00,33305.97,33400.04,33062.42,33107.62,2994
2024-05-30 05:00:00,33107.62,33133.07,32765.26,32822.05,2985
2024-05-30 06:00:00,32822.05,32837.94,32564.79,32616.37,2959
2024-05-30 07:00:00,32616.37,33817.49,32462.98,32940.33,2914
2024-05-30 08:00:00,32940.33,32992.95,31991.63,32121.42,67895
2024-05-30 09:00:00,32121.42,32229.79,31498.04,31529.31,67169
2024-05-30 10:00:00,31529.31,31784.26,30871.98,31075.52,65333
2024-05-30 11:00:00,31075.52,31451.2,30567.8,30862.73,66530
2024-05-30 12:00:00,30862.73,31221.53,29714.53,29808.46,66751
2024-05-30 13:00:00,29808.46,30814.44,29658.14,30500.43,92638
2024-05-30 14:00:00,30500.43,30928.25,30242.13,30631.69,90576
2024-05-30 15:00:00,30631.69,31070.0,30339.39,30474.73,90258
2024-05-30 16:00:00,30474.73,30919.75,30032.97,30374.34,93932
2024-05-30 17:00:00,30374.34,30643.89,29369.73,29620.96,90341
2024-05-30 18:00:00,29620.96,29704.21,28398.42,28597.36,90679
2024-05-30 19:00:00,28597.36,29127.69,28490.41,28904.6,89752
2024-05-30 20:00:00,28904.6,29380.81,28595.3,29145.67,87528
2024-05-30 21:00:00,29145.67,29165.6,28880.1,28898.91,3002
2024-05-30 22:00:00,28898.91,29091.69,28107.8,28449.66,274
2024-05-30 23:00:00,28449.66,28540.14,28435.32,28500.47,2950
2024-05-31 00:00:00,28500.47,28512.18,28453.83,28465.54,2967
2024-05-31 01:00:00,28465.54,28491.37,28422.7,28465.57,2948
2024-05-31 02:00:00,28465.57,28495.36,28415.75,28461.59,2953
2024-05-31 03:00:00,28461.59,28470.0,28407.63,28433.6,3017
2024-05-31 04:00:00,28433.6,28457.51,28360.37,28391.01,3008
2024-05-31 05:00:00,28391.01,28401.71,28351.55,28365.58,2955
2024-05-31 06:00:00,28365.58,28410.21,28322.25,28340.1,2965
2024-05-31 07:00:00,28340.1,28354.72,28262.51,28303.76,2958
2024-05-31 08:00:00,28303.76,28444.49,28143.53,28167.61,67120
2024-05-31 09:00:00,28167.61,28301.95,28103.2,28223.99,64382
2024-05-31 10:00:00,28223.99,28254.02,27876.78,27897.0,65024
2024-05-31 11:00:00,27897.0,28073.17,27768.92,28005.13,66613
2024-05-31 12:00:00,28005.13,28196.15,27910.41,27968.64,66137
2024-05-31 13:00:00,27968.64,28087.48,27610.9,27881.47,89658
2024-05-31 14:00:00,27881.47,28466.28,27753.08,27865.33,88295
2024-05-31 15:00:00,27865.33,28344.36,27856.17,28247.67,89203
2024-05-31 16:00:00,28247.67,28450.86,28120.28,28222.2,90356
2024-05-31 17:00:00,28222.2,28372.1,27824.97,28056.84,92699
2024-05-31 18:00:00,28056.84,28351.22,27867.1,28165.09,90928
2024-05-31 19:00:00,28165.09,28425.16,28027.29,28336.12,89326
2024-05-31 20:00:00,28336.12,28487.04,28036.93,28206.56,89466
2024-05-31 21:00:00,28206.56,28238.53,28170.92,28220.17,2995
2024-05-31 22:00:00,28220.17,28225.2,28218.12,28220.45,267
2024-05-31 23:00:00,28220.45,28276.12,28197.69,28243.9,3000
2024-06-03 00:00:00,28243.9,28257.2,28211.19,28219.54,3088
2024-06-03 01:00:00,28219.54,29180.22,28196.15,28705.58,3039
2024-06-03 02:00:00,28705.58,28755.85,28690.25,28745.6,2892
2024-06-03 03:00:00,28745.6,28766.09,28693.89,28720.26,2964
2024-06-03 04:00:00,28720.26,28789.13,28670.19,28775.33,2912
2024-06-03 05:00:00,28775.33,28801.59,28756.45,28781.36,3011
2024-06-03 06:00:00,28781.36,28808.4,28730.37,28786.88,2952
2024-06-03 07:00:00,28786.88,28819.27,28769.59,28782.03,2994
2024-06-03 08:00:00,28782.03,28898.32,28441.42,28574.16,66159
2024-06-03 09:00:00,28574.16,28718.75,28298.02,28433.78,66851
2024-06-03 10:00:00,28433.78,28697.19,28409.24,28590.13,65711
2024-06-03 11:00:00,28590.13,28782.04,28324.35,28638.23,65500
2024-06-03 12:00:00,28638.23,28914.69,28453.4,28861.43,66022
2024-06-03 13:00:00,28861.43,29061.15,28753.85,28957.84,87503
2024-06-03 14:00:00,28957.84,29638.9,28895.51,29551.03,89228
2024-06-03 15:00:00,29551.03,29864.93,29468.02,29593.58,89783
2024-06-03 16:00:00,29593.58,29762.12,29412.35,29508.21,89369
2024-06-03 17:00:00,29508.21,30475.0,29226.48,30115.09,85994
2024-06-03 18:00:00,30115.09,30288.77,29837.51,30113.05,91665
2024-06-03 19:00:00,30113.05,30323.2,29957.65,30123.46,89823
2024-06-03 20:00:00,30123.46,30673.46,30061.45,30377.97,91260
2024-06-03 21:00:00,30377.97,30389.02,30319.73,30360.67,2964
2024-06-03 22:00:00,30360.67,31169.27,27856.39,29775.91,261
2024-06-03 23:00:00,29775.91,29788.54,29679.73,29709.01,2984
2024-06-04 00:00:00,29709.01,29747.47,29688.5,29708.22,2942
2024-06-04 01:00:00,29708.22,29749.3,29694.41,29718.88,2916
2024-06-04 02:00:00,29718.88,29758.4,29691.79,29729.49,3044
2024-06-04 03:00:00,29729.49,29745.55,29681.22,29710.2,3014
2024-06-04 04:00:00,29710.2,29766.22,29685.4,29707.56,2996
2024-06-04 05:00:00,29707.56,29746.13,29690.06,29742.42,2914
2024-06-04 06:00:00,29742.42,29759.65,29668.16,29692.76,2888
2024-06-04 07:00:00,29692.76,29746.03,29650.6,29678.31,2952
2024-06-04 08:00:00,29678.31,29888.65,29600.82,29775.61,66262
2024-06-04 09:00:00,29775.61,29880.65,29520.82,29626.67,65081
2024-06-04 10:00:00,29626.67,29925.2,29608.86,29731.72,63731
2024-06-04 11:00:00,29731.72,29999.13,29678.78,29946.54,65316
2024-06-04 12:00:00,29946.54,30299.61,29814.44,30180.67,65441
2024-06-04 13:00:00,30180.67,30374.19,30006.59,30205.34,89952
2024-06-04 14:00:00,30205.34,30358.89,29788.28,29799.21,91584
2024-06-04 15:00:00,29799.21,30084.49,29655.31,30066.37,90664
2024-06-04 16:00:00,30066.37,30329.85,29965.4,30082.2,89397
2024-06-04 17:00:00,30082.2,30245.2,29684.55,29941.39,90817
2024-06-04 18:00:00,29941.39,30151.46,29741.46,29890.1,91720
2024-06-04 19:00:00,29890.1,30028.91,29529.14,29605.24,89143
2024-06-04 20:00:00,29605.24,29988.48,29595.18,29868.66,90273
2024-06-04 21:00:00,29868.66,29878.56,29776.03,29792.54,2997
2024-06-04 22:00:00,29792.54,30265.45,29415.07,30114.7,269
2024-06-04 23:00:00,30114.7,30158.51,30091.52,30110.59,2912
2024-06-05 00:00:00,30110.59,30142.84,30100.25,30119.68,2998
2024-06-05 01:00:00,30119.68,30146.97,30072.16,30137.02,3005
2024-06-05 02:00:00,30137.02,30182.61,30107.54,30171.77,2967
2024-06-05 03:00:00,30171.77,30204.91,30134.52,30160.62,3042
2024-06-05 04:00:00,30160.62,30197.55,30137.15,30163.54,2957
2024-06-05 05:00:00,30163.54,30220.58,30131.96,30203.73,3020
2024-06-05 06:00:00,30203.73,30215.54,30144.32,30175.76,3010
2024-06-05 07:00:00,30175.76,30204.45,30128.95,30156.55,2915
2024-06-05 08:00:00,30156.55,30425.06,30119.31,30248.49,67856
2024-06-05 09:00:00,30248.49,30457.59,30151.54,30238.23,63914
2024-06-05 10:00:00,30238.23,30444.5,30127.43,30245.49,65317
2024-06-05 11:00:00,30245.49,30383.16,30163.3,30325.64,65217
2024-06-05 12:00:00,30325.64,30482.28,30158.07,30317.99,64978
2024-06-05 13:00:00,30317.99,30782.4,30095.3,30578.18,91049
2024-06-05 14:00:00,30578.18,30966.05,30482.14,30639.56,90195
2024-06-05 15:00:00,30639.56,30792.42,30436.16,30524.25,90153
2024-06-05 16:00:00,30524.25,30615.56,30301.48,30532.22,90088
2024-06-05 17:00:00,30532.22,30556.16,30042.61,30230.76,91497
2024-06-05 18:00:00,30230.76,32311.1,30164.99,30715.01,88624
2024-06-05 19:00:00,30715.01,31197.92,30625.87,31113.29,91590
2024-06-05 20:00:00,31113.29,31840.11,30501.4,31422.2,90431
2024-06-05 21:00:00,31422.2,31465.24,31411.44,31455.71,2958
2024-06-05 22:00:00,31455.71,31457.43,31451.64,31452.33,271
2024-06-05 23:00:00,31452.33,32067.88,30247.69,31196.35,2962
2024-06-06 00:00:00,31196.35,31239.94,31158.3,31213.4,2980
2024-06-06 01:00:00,31213.4,31272.49,31191.04,31240.77,2953
2024-06-06 02:00:00,31240.77,31254.76,31186.93,31236.99,2990
2024-06-06 03:00:00,31236.99,31300.13,31226.73,31264.24,2974
2024-06-06 04:00:00,31264.24,31306.73,31227.37,31243.93,2858
2024-06-06 05:00:00,31243.93,31259.6,31204.97,31238.73,2975
2024-06-06 06:00:00,31238.73,31263.93,31178.94,31219.85,2893
2024-06-06 07:00:00,31219.85,31246.34,31183.67,31205.53,2862
2024-06-06 08:00:00,31205.53,31321.29,31037.91,31111.01,66170
2024-06-06 09:00:00,31111.01,31343.68,31023.2,31310.02,64840
2024-06-06 10:00:00,31310.02,31477.64,31212.95,31252.92,66561
2024-06-06 11:00:00,31252.92,31348.75,31040.65,31187.94,66673
2024-06-06 12:00:00,31187.94,31358.51,29708.26,30567.63,66542
2024-06-06 13:00:00,30567.63,30747.15,30424.12,30580.96,89857
2024-06-06 14:00:00,30580.96,30901.09,30419.63,30718.78,91026
2024-06-06 15:00:00,30718.78,30859.84,30503.04,30528.12,92044
2024-06-06 16:00:00,30528.12,30598.12,30277.59,30452.72,87164
2024-06-06 17:00:00,30452.72,30606.36,30279.27,30556.54,90541
2024-06-06 18:00:00,30556.54,30685.74,30222.37,30330.66,88946
2024-06-06 19:00:00,30330.66,30517.72,30147.89,30323.86,90594
2024-06-06 20:00:00,30323.86,30781.3,30247.63,30646.75,89411
2024-06-06 21:00:00,30646.75,30713.52,30637.6,30667.47,2974
2024-06-06 22:00:00,30667.47,30672.23,30664.3,30667.59,267
2024-06-06 23:00:00,30667.59,30701.75,30653.13,30687.88,2989
2024-06-07 00:00:00,30687.88,30712.09,30666.31,30691.96,2927
2024-06-07 01:00:00,30691.96,30698.86,30634.87,30659.5,2946
2024-06-07 02:00:00,30659.5,30663.1,30574.38,30589.51,3011
2024-06-07 03:00:00,30589.51,30630.84,30560.97,30618.54,2980
2024-06-07 04:00:00,30618.54,30667.17,30568.51,30613.81,2942
2024-06-07 05:00:00,30613.81,30639.35,29800.28,29896.33,3001
2024-06-07 06:00:00,29896.33,29909.29,29858.53,29869.41,3009
2024-06-07 07:00:00,29869.41,29901.32,29830.92,29844.49,3133
2024-06-07 08:00:00,29844.49,30020.01,29759.88,29928.51,66701
2024-06-07 09:00:00,29928.51,29976.49,29586.0,29725.62,67610
2024-06-07 10:00:00,29725.62,29764.62,29354.5,29577.01,66474
2024-06-07 11:00:00,29577.01,29731.68,29378.19,29437.42,64953
2024-06-07 12:00:00,29437.42,29807.77,29309.03,29535.72,64556
2024-06-07 13:00:00,29535.72,29750.99,29416.22,29518.82,90075
2024-06-07 14:00:00,29518.82,29563.95,29113.3,29176.08,87449
2024-06-07 15:00:00,29176.08,29572.47,29120.77,29485.2,90036
2024-06-07 16:00:00,29485.2,29834.94,29452.58,29729.45,90757
2024-06-07 17:00:00,29729.45,29883.0,29581.32,29792.64,92036
2024-06-07 18:00:00,29792.64,29843.88,29410.0,29467.78,91574
2024-06-07 19:00:00,29467.78,29726.78,29214.62,29240.59,91672
2024-06-07 20:00:00,29240.59,29543.74,29095.35,29205.44,88692
2024-06-07 21:00:00,29205.44,29211.12,29088.43,29104.6,3035
2024-06-07 22:00:00,29104.6,29106.43,29099.41,29102.76,271
2024-06-07 23:00:00,29102.76,29120.97,28976.92,28989.31,2983
2024-06-10 00:00:00,28989.31,29022.14,28950.82,28973.96,2916
2024-06-10 01:00:00,28973.96,30105.62,28315.1,29466.27,2905
2024-06-10 02:00:00,29466.27,29472.3,29410.05,29412.62,2985
2024-06-10 03:00:00,29412.62,29439.23,29360.73,29368.42,2922
2024-06-10 04:00:00,29368.42,29377.17,29334.78,29362.15,2974
2024-06-10 05:00:00,29362.15,29405.25,29327.94,29385.23,2936
2024-06-10 06:00:00,29385.23,29391.31,29302.51,29306.95,2931
2024-06-10 07:00:00,29306.95,29342.29,29234.87,29250.84,2972
2024-06-10 08:00:00,29250.84,29330.88,28940.86,29147.02,64376
2024-06-10 09:00:00,29147.02,29223.0,28898.12,29074.31,66050
2024-06-10 10:00:00,29074.31,29137.54,28897.57,28982.6,65655
2024-06-10 11:00:00,28982.6,29013.5,28591.99,28715.45,64777
2024-06-10 12:00:00,28715.45,28988.31,28577.23,28959.48,67385
2024-06-10 13:00:00,28959.48,29034.94,28700.45,28859.45,89239
2024-06-10 14:00:00,28859.45,29770.38,27661.79,28387.82,89227
2024-06-10 15:00:00,28387.82,28671.86,28367.08,28443.28,90727
2024-06-10 16:00:00,28443.28,28516.45,28204.34,28240.88,89911
2024-06-10 17:00:00,28240.88,28539.58,28191.99,28488.44,89779
2024-06-10 18:00:00,28488.44,28677.07,27641.43,27741.31,89518
2024-06-10 19:00:00,27741.31,27892.66,27390.16,27652.27,89056
2024-06-10 20:00:00,27652.27,27800.86,27344.71,27554.38,87867
2024-06-10 21:00:00,27554.38,27642.08,27509.84,27595.56,2933
2024-06-10 22:00:00,27595.56,27596.17,27587.99,27588.94,276
2024-06-10 23:00:00,27588.94,27595.28,27527.66,27552.37,2949
2024-06-11 00:00:00,27552.37,27557.61,27322.54,27336.35,3082
2024-06-11 01:00:00,27336.35,27370.93,27037.87,27063.4,2944
2024-06-11 02:00:00,27063.4,27126.87,26622.83,26633.95,3018
2024-06-11 03:00:00,26633.95,26648.79,26419.29,26432.99,2936
2024-06-11 04:00:00,26432.99,26447.7,26151.75,26162.79,2937
2024-06-11 05:00:00,26162.79,26174.86,25896.38,25922.5,3037
2024-06-11 06:00:00,25922.5,25946.28,25699.95,25725.99,2958
2024-06-11 07:00:00,25725.99,25731.04,25524.03,25551.92,2947
2024-06-11 08:00:00,25551.92,25673.57,25064.76,25249.2,67293
2024-06-11 09:00:00,25249.2,25900.91,24611.66,25401.35,65703
2024-06-11 10:00:00,25401.35,25667.15,25279.71,25327.92,68364
2024-06-11 11:00:00,25327.92,25597.93,24869.38,24924.11,65600
2024-06-11 12:00:00,24924.11,25287.26,24513.71,24706.76,65920
2024-06-11 13:00:00,24706.76,24974.89,24154.96,24255.38,87053
2024-06-11 14:00:00,24255.38,24505.73,23654.19,23965.18,90484
2024-06-11 15:00:00,23965.18,24284.94,23425.4,23518.94,91621
2024-06-11 16:00:00,23518.94,24234.91,23284.89,24104.95,89803
2024-06-11 17:00:00,24104.95,24297.79,23534.12,23854.47,88877
2024-06-11 18:00:00,23854.47,23985.09,23111.48,23306.88,91886
2024-06-11 19:00:00,23306.88,23832.8,23237.9,23482.53,90930
2024-06-11 20:00:00,23482.53,23498.42,22781.79,23206.24,88817
2024-06-11 21:00:00,23206.24,23222.22,23003.32,23036.5,2884
2024-06-11 22:00:00,23036.5,23040.11,22866.33,22872.08,275
2024-06-11 23:00:00,22872.08,22878.14,22743.64,22758.93,2914
2024-06-12 00:00:00,22758.93,22788.23,22573.46,22616.87,3044
2024-06-12 01:00:00,22616.87,22621.87,22397.46,22415.89,3002
2024-06-12 02:00:00,22415.89,22423.52,22300.59,22316.94,3005
2024-06-12 03:00:00,22316.94,22364.57,22196.43,22232.37,2918
2024-06-12 04:00:00,22232.37,22256.21,22029.91,22044.71,2979
2024-06-12 05:00:00,22044.71,22054.45,21815.19,21833.47,3040
2024-06-12 06:00:00,21833.47,21858.91,21725.23,21745.46,2985
2024-06-12 07:00:00,21745.46,21767.48,21565.65,21575.28,2955
2024-06-12 08:00:00,21575.28,21685.51,21250.46,21455.21,65587
2024-06-12 09:00:00,21455.21,21648.28,21245.55,21378.03,63297
2024-06-12 10:00:00,21378.03,21659.2,21017.86,21099.07,63828
2024-06-12 11:00:00,21099.07,21187.27,20715.1,20987.61,67736
2024-06-12 12:00:00,20987.61,21096.9,20643.17,20760.42,66853
2024-06-12 13:00:00,20760.42,21200.24,20689.07,20877.05,91888
2024-06-12 14:00:00,20877.05,21125.14,20575.96,20904.13,87914
2024-06-12 15:00:00,20904.13,21262.93,20807.02,21019.01,88923
2024-06-12 16:00:00,21019.01,21199.82,20046.4,20467.57,92262
2024-06-12 17:00:00,20467.57,20656.89,20146.19,20483.74,89921
2024-06-12 18:00:00,20483.74,20652.55,19956.45,20026.07,90501
2024-06-12 19:00:00,20026.07,20389.19,19835.42,20089.16,88341
2024-06-12 20:00:00,20089.16,20353.34,19739.94,20114.63,91656
2024-06-12 21:00:00,20114.63,20502.15,20051.09,20389.08,2973
2024-06-12 22:00:00,20389.08,20393.39,20239.7,20244.97,274
2024-06-12 23:00:00,20244.97,20249.87,20098.15,20120.07,2957
2024-06-13 00:00:00,20120.07,20145.28,19941.58,19974.07,2978
2024-06-13 01:00:00,19974.07,20026.67,19774.9,19783.38,2938
2024-06-13 02:00:00,19783.38,19790.8,19548.14,19579.63,3001
2024-06-13 03:00:00,19579.63,19586.29,19417.9,19431.86,3022
2024-06-13 04:00:00,19431.86,19816.29,19122.34,19139.73,2919
2024-06-13 05:00:00,19139.73,19159.76,19030.83,19032.64,2939
2024-06-13 06:00:00,19032.64,19038.68,18844.88,18870.67,3016
2024-06-13 07:00:00,18870.67,18872.31,18658.06,18675.49,2883
2024-06-13 08:00:00,18675.49,18833.37,17983.48,18041.27,66988
2024-06-13 09:00:00,18041.27,18129.43,17922.64,18022.23,67626
2024-06-13 10:00:00,18022.23,18331.59,17952.57,18297.24,66762
2024-06-13 11:00:00,18297.24,18373.9,18217.21,18312.66,65694
2024-06-13 12:00:00,18312.66,18420.1,18223.49,18307.6,64472
2024-06-13 13:00:00,18307.6,18455.36,18166.75,18450.98,89847
2024-06-13 14:00:00,18450.98,18630.86,18383.46,18486.93,89102
2024-06-13 15:00:00,18486.93,18695.12,18459.81,18596.38,88913
2024-06-13 16:00:00,18596.38,18823.86,18583.36,18632.71,92321
2024-06-13 17:00:00,18632.71,18869.6,18612.9,18819.42,92954
2024-06-13 18:00:00,18819.42,18886.41,18689.11,18732.12,90994
2024-06-13 19:00:00,18732.12,18770.8,18531.28,18695.75,87488
2024-06-13 20:00:00,18695.75,18746.05,18518.66,18534.13,92110
2024-06-13 21:00:00,18534.13,18545.12,18494.83,18511.74,2932
2024-06-13 22:00:00,18511.74,18513.32,18510.76,18512.94,277
2024-06-13 23:00:00,18512.94,18531.33,18497.23,18509.68,2996
2024-06-14 00:00:00,18509.68,18532.18,18488.28,18496.56,2920
2024-06-14 01:00:00,18496.56,18535.85,18486.44,18525.96,2962
2024-06-14 02:00:00,18525.96,18532.15,18482.97,18488.41,2906
2024-06-14 03:00:00,18488.41,18524.43,18477.08,18503.91,2920
2024-06-14 04:00:00,18503.91,18525.17,18488.76,18501.63,2960
2024-06-14 05:00:00,18501.63,18525.05,18487.19,18510.65,3145
2024-06-14 06:00:00,18510.65,18515.34,18468.47,18479.97,2945
2024-06-14 07:00:00,18479.97,18505.25,18474.49,18485.14,2998
2024-06-14 08:00:00,18485.14,18566.07,18319.69,18440.31,65019
2024-06-14 09:00:00,18440.31,18602.57,18394.79,18566.65,65060
2024-06-14 10:00:00,18566.65,18712.73,18528.27,18595.27,65464
2024-06-14 11:00:00,18595.27,18661.5,18534.35,18644.26,66844
2024-06-14 12:00:00,18644.26,18684.11,18508.8,18606.86,65604
2024-06-14 13:00:00,18606.86,18673.81,18338.09,18429.1,92526
2024-06-14 14:00:00,18429.1,18607.55,18288.34,18501.48,89302
2024-06-14 15:00:00,18501.48,18512.05,18238.13,18362.18,91378
2024-06-14 16:00:00,18362.18,18538.99,18256.01,18441.2,91031
2024-06-14 17:00:00,18441.2,18732.83,18369.34,18671.98,88879
2024-06-14 18:00:00,18671.98,18830.76,18571.85,18786.45,91550
2024-06-14 19:00:00,18786.45,18879.21,18597.35,18760.57,89973
2024-06-14 20:00:00,18760.57,19485.11,18721.88,19137.34,87883
2024-06-14 21:00:00,19137.34,19177.85,19128.89,19149.59,2949
2024-06-14 22:00:00,19149.59,19150.65,19145.88,19147.98,277
2024-06-14 23:00:00,19147.98,19149.57,19102.08,19113.89,2913
2024-06-17 00:00:00,19113.89,19136.73,19091.84,19104.78,2893
2024-06-17 01:00:00,19104.78,19123.31,19074.36,19097.95,3090
2024-06-17 02:00:00,19097.95,19544.96,18922.81,19312.65,2970
2024-06-17 03:00:00,19312.65,19328.67,19285.8,19297.7,2970
2024-06-17 04:00:00,19297.7,19306.64,19278.11,19298.63,2981
2024-06-17 05:00:00,19298.63,19335.34,19291.19,19324.66,2952
2024-06-17 06:00:00,19324.66,19374.22,19319.41,19363.84,2937
2024-06-17 07:00:00,19363.84,19398.74,19340.86,19354.75,2934
2024-06-17 08:00:00,19354.75,19410.75,19268.2,19360.12,66370
2024-06-17 09:00:00,19360.12,19517.9,19349.26,19388.66,68874
2024-06-17 10:00:00,19388.66,19480.32,19295.05,19329.67,66018
2024-06-17 11:00:00,19329.67,19433.64,19273.78,19366.15,64280
2024-06-17 12:00:00,19366.15,19478.84,19287.92,19366.46,65641
2024-06-17 13:00:00,19366.46,19420.89,19088.76,19166.91,88651
2024-06-17 14:00:00,19166.91,19315.71,19119.88,19144.52,87769
2024-06-17 15:00:00,19144.52,19218.61,18959.14,19116.04,87310
2024-06-17 16:00:00,19116.04,19159.99,18322.19,18700.02,87873
2024-06-17 17:00:00,18700.02,18856.92,18636.32,18769.74,91810
2024-06-17 18:00:00,18769.74,18918.67,18645.48,18794.07,88524
2024-06-17 19:00:00,18794.07,19179.14,18090.69,18498.58,90512
2024-06-17 20:00:00,18498.58,18616.76,18376.54,18510.61,90317
2024-06-17 21:00:00,18510.61,18571.48,17383.13,17933.98,3012
2024-06-17 22:00:00,17933.98,17935.35,17932.84,17934.29,265
2024-06-17 23:00:00,17934.29,17956.35,17908.97,17935.06,2885
2024-06-18 00:00:00,17935.06,17949.35,17876.77,17888.53,2969
2024-06-18 01:00:00,17888.53,18263.77,16869.88,17509.04,2975
2024-06-18 02:00:00,17509.04,17524.52,17484.95,17496.31,2986
2024-06-18 03:00:00,17496.31,17515.3,17481.16,17497.24,2937
2024-06-18 04:00:00,17497.24,17505.06,17462.74,17496.63,2992
2024-06-18 05:00:00,17496.63,17515.95,17482.52,17502.36,2996
2024-06-18 06:00:00,17502.36,18603.88,16754.63,17832.44,3023
2024-06-18 07:00:00,17832.44,17867.29,17824.36,17858.38,2911
2024-06-18 08:00:00,17858.38,17897.12,16534.02,17354.86,66493
2024-06-18 09:00:00,17354.86,17462.23,17318.95,17420.82,66180
2024-06-18 10:00:00,17420.82,17536.61,17332.86,17526.33,65172
2024-06-18 11:00:00,17526.33,17577.45,17301.0,17310.44,65427
2024-06-18 12:00:00,17310.44,17456.22,17292.79,17333.48,66366
2024-06-18 13:00:00,17333.48,17549.61,17233.83,17473.68,90765
2024-06-18 14:00:00,17473.68,18097.19,17424.25,17845.51,91942
2024-06-18 15:00:00,17845.51,18389.11,17502.56,18141.07,90608
2024-06-18 16:00:00,18141.07,18360.76,18083.56,18238.87,89682
2024-06-18 17:00:00,18238.87,18301.25,18073.49,18256.9,89306
2024-06-18 18:00:00,18256.9,18373.27,17996.48,18076.5,91364
2024-06-18 19:00:00,18076.5,18150.46,17763.53,17942.04,93158
2024-06-18 20:00:00,17942.04,19805.5,17345.22,19663.76,88592
2024-06-18 21:00:00,19663.76,19896.24,19652.81,19813.16,2963
2024-06-18 22:00:00,19813.16,19959.01,19808.35,19956.35,273
2024-06-18 23:00:00,19956.35,20462.54,19614.29,20441.62,2913
2024-06-19 00:00:00,20441.62,20609.95,20438.83,20604.47,2903
2024-06-19 01:00:00,20604.47,20725.93,20570.26,20694.51,3063
2024-06-19 02:00:00,20694.51,20885.82,20631.06,20871.45,2997
2024-06-19 03:00:00,20871.45,21026.98,20856.29,21025.4,2926
2024-06-19 04:00:00,21025.4,21168.39,21017.53,21160.55,2916
2024-06-19 05:00:00,21160.55,21336.59,21151.9,21285.31,2904
2024-06-19 06:00:00,21285.31,21421.8,21274.24,21408.76,3014
2024-06-19 07:00:00,21408.76,21679.79,21377.83,21674.51,2972
2024-06-19 08:00:00,21674.51,22080.33,21637.27,21938.21,65963
2024-06-19 09:00:00,21938.21,22378.15,21890.08,22297.73,64303
2024-06-19 10:00:00,22297.73,22708.59,22045.42,22257.46,64686
2024-06-19 11:00:00,22257.46,22394.22,22046.14,22225.92,66422
2024-06-19 12:00:00,22225.92,22558.02,22082.57,22517.77,65251
2024-06-19 13:00:00,22517.77,22944.95,22432.42,22579.51,90457
2024-06-19 14:00:00,22579.51,22987.22,22323.21,22885.13,88331
2024-06-19 15:00:00,22885.13,23638.64,22671.94,23497.86,89874
2024-06-19 16:00:00,23497.86,23849.08,23326.3,23653.6,90550
2024-06-19 17:00:00,23653.6,23875.15,23282.05,23661.54,89602
2024-06-19 18:00:00,23661.54,24050.47,23496.9,24018.47,90667
2024-06-19 19:00:00,24018.47,24106.51,23349.92,23578.64,89173
2024-06-19 20:00:00,23578.64,24050.19,23347.57,23971.29,92063
2024-06-19 21:00:00,23971.29,24138.98,23957.12,24099.28,2923
2024-06-19 22:00:00,24099.28,24267.73,24098.66,24266.75,266
2024-06-19 23:00:00,24266.75,24298.81,24211.51,24284.99,2897
2024-06-20 00:00:00,24284.99,24589.54,24258.22,24567.31,2988
2024-06-20 01:00:00,24567.31,24814.7,24545.81,24799.33,2936
2024-06-20 02:00:00,24799.33,24974.36,24774.34,24949.48,2945
2024-06-20 03:00:00,24949.48,25325.01,24917.68,25306.59,2973
2024-06-20 04:00:00,25306.59,25561.19,25274.59,25534.23,2909
2024-06-20 05:00:00,25534.23,25824.3,25518.69,25797.59,2968
2024-06-20 06:00:00,25797.59,25966.76,25766.33,25926.63,2938
2024-06-20 07:00:00,25926.63,26162.82,25905.01,26148.48,2897
2024-06-20 08:00:00,26148.48,26454.29,25943.21,26262.37,66806
2024-06-20 09:00:00,26262.37,26427.41,25716.54,25905.02,67309
2024-06-20 10:00:00,25905.02,26071.18,25464.32,25962.9,65800
2024-06-20 11:00:00,25962.9,26452.72,25808.11,26360.66,63883
2024-06-20 12:00:00,26360.66,26779.17,26210.33,26558.86,65320
2024-06-20 13:00:00,26558.86,27015.16,26410.03,26962.05,88343
2024-06-20 14:00:00,26962.05,27780.49,26834.7,27347.47,88503
2024-06-20 15:00:00,27347.47,27813.33,27038.75,27402.22,88354
2024-06-20 16:00:00,27402.22,28116.27,27077.5,27840.49,92058
2024-06-20 17:00:00,27840.49,28227.02,27547.77,27897.8,91471
2024-06-20 18:00:00,27897.8,28295.6,27501.42,28047.5,90636
2024-06-20 19:00:00,28047.5,29082.81,27090.47,28174.32,91295
2024-06-20 20:00:00,28174.32,28764.58,27846.5,28584.84,89402
2024-06-20 21:00:00,28584.84,28737.01,28492.06,28734.61,3052
2024-06-20 22:00:00,28734.61,28937.47,28731.62,28935.07,266
2024-06-20 23:00:00,28935.07,29035.08,28891.6,29022.12,2930
2024-06-21 00:00:00,29022.12,29163.95,29017.42,29118.65,2993
2024-06-21 01:00:00,29118.65,29417.88,29095.86,29405.61,2966
2024-06-21 02:00:00,29405.61,29580.79,29380.89,29575.66,3016
2024-06-21 03:00:00,29575.66,29922.13,28779.37,29432.79,2974
2024-06-21 04:00:00,29432.79,29590.73,29421.46,29564.5,2924
2024-06-21 05:00:00,29564.5,29752.2,29554.06,29744.14,2991
2024-06-21 06:00:00,29744.14,29909.88,29726.76,29878.16,3008
2024-06-21 07:00:00,29878.16,30094.64,29837.26,30081.98,2905
2024-06-21 08:00:00,30081.98,30539.35,29608.22,30136.56,66921
2024-06-21 09:00:00,30136.56,30437.83,29544.37,29817.36,66478
2024-06-21 10:00:00,29817.36,30239.24,29555.25,29704.87,67346
2024-06-21 11:00:00,29704.87,29966.48,29481.61,29583.02,66332
2024-06-21 12:00:00,29583.02,29701.48,28867.39,29074.99,66126
2024-06-21 13:00:00,29074.99,29691.52,28676.98,29087.83,89287
2024-06-21 14:00:00,29087.83,30250.06,28966.48,30114.92,89680
2024-06-21 15:00:00,30114.92,30638.19,29297.66,29503.18,88380
2024-06-21 16:00:00,29503.18,29951.9,29360.9,29660.52,93071
2024-06-21 17:00:00,29660.52,30356.59,28793.69,29417.48,88528
2024-06-21 18:00:00,29417.48,30278.46,29190.56,30066.44,89307
2024-06-21 19:00:00,30066.44,30870.33,30023.91,30688.75,92495
2024-06-21 20:00:00,30688.75,31547.59,30450.26,31236.4,92202
2024-06-21 21:00:00,31236.4,31494.35,31229.43,31479.4,2950
2024-06-21 22:00:00,31479.4,31718.4,31474.84,31713.32,270
2024-06-21 23:00:00,31713.32,31970.44,31640.18,31920.96,2940
2024-06-24 00:00:00,31920.96,32166.89,31913.67,32132.83,2976
2024-06-24 01:00:00,32132.83,32504.18,32099.6,32478.43,2948
2024-06-24 02:00:00,32478.43,32734.16,32405.04,32724.14,2884
2024-06-24 03:00:00,32724.14,33149.86,32723.57,33102.43,3019
2024-06-24 04:00:00,33102.43,33461.79,33086.63,33455.22,2997
2024-06-24 05:00:00,33455.22,33682.15,33405.77,33678.76,2967
2024-06-24 06:00:00,33678.76,33972.57,33674.63,33933.06,2982
2024-06-24 07:00:00,33933.06,34858.71,33897.01,34538.48,2928
2024-06-24 08:00:00,34538.48,35503.74,33889.43,34625.37,66495
2024-06-24 09:00:00,34625.37,34966.01,34379.56,34812.29,66393
2024-06-24 10:00:00,34812.29,35389.47,34659.44,35321.92,64071
2024-06-24 11:00:00,35321.92,35832.96,35217.31,35625.66,66536
2024-06-24 12:00:00,35625.66,35659.65,35374.68,35479.69,66678
2024-06-24 13:00:00,35479.69,35570.23,35182.17,35341.32,91954
2024-06-24 14:00:00,35341.32,35654.9,35259.73,35352.98,89836
2024-06-24 15:00:00,35352.98,36022.43,35105.34,35933.46,91131
2024-06-24 16:00:00,35933.46,36326.03,35786.03,36118.33,91821
2024-06-24 17:00:00,36118.33,36253.6,35847.76,36017.37,89774
2024-06-24 18:00:00,36017.37,36814.13,35810.54,36650.44,90463
2024-06-24 19:00:00,36650.44,36887.75,36449.6,36629.93,90478
2024-06-24 20:00:00,36629.93,37090.02,36558.16,36856.42,90627
2024-06-24 21:00:00,36856.42,36885.77,36793.41,36815.78,3042
2024-06-24 22:00:00,36815.78,37616.77,36008.29,37406.34,265
2024-06-24 23:00:00,37406.34,37976.59,37151.66,37180.96,3026
2024-06-25 00:00:00,37180.96,37256.51,37160.88,37193.59,2992
2024-06-25 01:00:00,37193.59,37213.49,37103.44,37152.27,3049
2024-06-25 02:00:00,37152.27,38067.17,35933.77,38000.35,2986
2024-06-25 03:00:00,38000.35,38015.2,37954.63,37989.88,2846
2024-06-25 04:00:00,37989.88,38086.38,37980.0,38043.09,2997
2024-06-25 05:00:00,38043.09,38085.86,37996.25,38047.67,3044
2024-06-25 06:00:00,38047.67,38061.23,37947.37,37963.04,3007
2024-06-25 07:00:00,37963.04,38020.31,37941.5,38008.35,3003
2024-06-25 08:00:00,38008.35,38164.81,37670.13,37901.74,66564
2024-06-25 09:00:00,37901.74,38920.63,37744.74,38492.89,65441
2024-06-25 10:00:00,38492.89,38749.53,38260.26,38693.23,66390
2024-06-25 11:00:00,38693.23,38916.3,38480.38,38799.66,66085
2024-06-25 12:00:00,38799.66,38817.98,37708.41,38288.31,65379
2024-06-25 13:00:00,38288.31,38347.72,37766.59,37839.49,89515
2024-06-25 14:00:00,37839.49,37990.76,37495.48,37618.96,88516
2024-06-25 15:00:00,37618.96,38163.85,37555.76,37980.99,91198
2024-06-25 16:00:00,37980.99,38121.13,37233.48,37284.96,88898
2024-06-25 17:00:00,37284.96,37410.96,36871.66,37189.57,90237
2024-06-25 18:00:00,37189.57,37699.7,37171.08,37514.02,91504
2024-06-25 19:00:00,37514.02,37717.97,37059.55,37145.63,89831
2024-06-25 20:00:00,37145.63,37184.46,36791.06,36930.33,89446
2024-06-25 21:00:00,36930.33,37006.54,36913.39,36952.76,2882
2024-06-25 22:00:00,36952.76,36957.14,36948.07,36954.81,267
2024-06-25 23:00:00,36954.81,37061.67,36949.47,37032.67,2978
2024-06-26 00:00:00,37032.67,37068.68,36966.93,37030.53,2979
2024-06-26 01:00:00,37030.53,37077.99,36969.61,37065.75,2981
2024-06-26 02:00:00,37065.75,37101.32,37047.25,37077.11,2956
2024-06-26 03:00:00,37077.11,37092.2,36960.45,36967.11,2923
2024-06-26 04:00:00,36967.11,37001.62,36897.78,36960.12,2884
2024-06-26 05:00:00,36960.12,36982.48,36906.8,36939.46,2918
2024-06-26 06:00:00,36939.46,36977.64,36901.37,36934.67,2934
2024-06-26 07:00:00,36934.67,37017.4,36926.09,36999.02,3015
2024-06-26 08:00:00,36999.02,37221.76,36826.5,37061.24,65036
2024-06-26 09:00:00,37061.24,37098.55,36706.71,36822.54,66534
2024-06-26 10:00:00,36822.54,36963.57,36630.93,36860.22,65466
2024-06-26 11:00:00,36860.22,37242.38,36753.43,37065.87,65697
2024-06-26 12:00:00,37065.87,37269.57,36934.05,37148.08,67446
2024-06-26 13:00:00,37148.08,37205.1,36579.06,36929.57,89667
2024-06-26 14:00:00,36929.57,37045.89,36383.7,36469.49,89353
2024-06-26 15:00:00,36469.49,36770.4,36225.28,36499.12,90530
2024-06-26 16:00:00,36499.12,36780.37,36380.55,36663.62,89832
2024-06-26 17:00:00,36663.62,36839.29,36358.97,36472.81,89771
2024-06-26 18:00:00,36472.81,36633.53,36032.66,36328.09,89488
2024-06-26 19:00:00,36328.09,37881.6,35639.56,36175.98,89385
2024-06-26 20:00:00,36175.98,37630.91,33749.84,34509.18,86605
2024-06-26 21:00:00,34509.18,34937.6,34488.02,34915.0,2906
2024-06-26 22:00:00,34915.0,35180.48,34907.91,35173.42,273
2024-06-26 23:00:00,35173.42,35402.86,35152.51,35369.94,2936
2024-06-27 00:00:00,35369.94,35710.6,35354.07,35693.07,2976
2024-06-27 01:00:00,35693.07,36024.31,35675.41,36013.16,2926
2024-06-27 02:00:00,36013.16,36223.85,36001.02,36217.34,2928
2024-06-27 03:00:00,36217.34,36401.72,36196.67,36386.73,2922
2024-06-27 04:00:00,36386.73,36775.79,36355.38,36758.26,2928
2024-06-27 05:00:00,36758.26,37160.35,36752.39,37108.02,3019
2024-06-27 06:00:00,37108.02,37436.73,37096.03,37400.13,2984
2024-06-27 07:00:00,37400.13,37742.7,37380.88,37703.83,3001
2024-06-27 08:00:00,37703.83,38227.99,37451.48,38114.79,65810
2024-06-27 09:00:00,38114.79,38622.6,37885.96,38405.24,65132
2024-06-27 10:00:00,38405.24,39045.95,38244.18,38913.03,67074
2024-06-27 11:00:00,38913.03,39296.64,38530.01,38766.54,66481
2024-06-27 12:00:00,38766.54,39234.47,38485.29,38994.98,64819
2024-06-27 13:00:00,38994.98,39638.25,38445.14,38810.57,89642
2024-06-27 14:00:00,38810.57,39542.2,38506.32,39433.2,91212
2024-06-27 15:00:00,39433.2,41333.03,39075.73,40745.33,89826
2024-06-27 16:00:00,40745.33,41078.71,40409.95,40590.17,90652
2024-06-27 17:00:00,40590.17,40954.06,39833.48,40482.66,89716
2024-06-27 18:00:00,40482.66,41671.49,39990.85,41348.08,90237
2024-06-27 19:00:00,41348.08,42362.04,41101.83,42114.34,89295
2024-06-27 20:00:00,42114.34,42458.65,41292.73,42139.34,89971
2024-06-27 21:00:00,42139.34,42497.26,42128.77,42458.59,2945
2024-06-27 22:00:00,42458.59,42774.8,42450.6,42766.43,265
2024-06-27 23:00:00,42766.43,43245.68,42748.37,43179.81,2976
2024-06-28 00:00:00,43179.81,43660.2,43154.22,43599.13,2971
2024-06-28 01:00:00,43599.13,43914.48,43537.98,43850.66,2876
2024-06-28 02:00:00,43850.66,44130.79,43833.92,44112.47,3015
2024-06-28 03:00:00,44112.47,44656.21,44086.47,44564.56,2975
2024-06-28 04:00:00,44564.56,44976.3,44546.81,44902.44,2939
2024-06-28 05:00:00,44902.44,45309.06,44882.41,45278.9,2964
2024-06-28 06:00:00,45278.9,45764.66,45247.08,45706.07,2969
2024-06-28 07:00:00,45706.07,45928.88,45596.76,45914.37,2985
2024-06-28 08:00:00,45914.37,46427.48,45266.51,46095.75,66023
2024-06-28 09:00:00,46095.75,46733.58,46070.18,46546.22,67698
2024-06-28 10:00:00,46546.22,46633.72,46022.96,46161.69,66247
2024-06-28 11:00:00,46161.69,46189.38,45635.16,45834.62,67535
2024-06-28 12:00:00,45834.62,46011.1,45505.15,45573.04,65358
2024-06-28 13:00:00,45573.04,45686.2,45116.68,45203.24,90311
2024-06-28 14:00:00,45203.24,45721.36,45091.63,45317.75,88290
2024-06-28 15:00:00,45317.75,45384.0,44872.58,44995.37,88542
2024-06-28 16:00:00,44995.37,45345.14,44786.29,45186.39,90703
2024-06-28 17:00:00,45186.39,45519.81,44844.73,45043.47,93652
2024-06-28 18:00:00,45043.47,45244.83,44516.42,44808.81,89665
2024-06-28 19:00:00,44808.81,45318.4,44771.25,45207.38,89947
2024-06-28 20:00:00,45207.38,45504.11,45029.76,45216.72,90472
2024-06-28 21:00:00,45216.72,45316.45,45212.76,45267.83,2990
2024-06-28 22:00:00,45267.83,45270.79,45254.92,45261.32,269
2024-06-28 23:00:00,45261.32,45363.74,45230.85,45354.95,3017
2024-07-01 00:00:00,45354.95,45385.89,45246.97,45307.22,2939
2024-07-01 01:00:00,45307.22,45365.2,45185.1,45280.03,2884
2024-07-01 02:00:00,45280.03,45327.95,45205.02,45295.16,2994
2024-07-01 03:00:00,45295.16,47276.85,44357.49,46308.31,2997
2024-07-01 04:00:00,46308.31,46318.91,46199.06,46278.04,2964
2024-07-01 05:00:00,46278.04,48412.98,45592.46,47219.34,2923
2024-07-01 06:00:00,47219.34,47264.84,47150.89,47244.88,3000
2024-07-01 07:00:00,47244.88,47291.59,47211.29,47265.35,2914
2024-07-01 08:00:00,47265.35,47725.94,47011.4,47574.95,65933
2024-07-01 09:00:00,47574.95,47887.13,47475.79,47663.43,65888
2024-07-01 10:00:00,47663.43,48356.47,47550.08,48078.18,66723
2024-07-01 11:00:00,48078.18,48272.95,47861.25,48203.72,65111
2024-07-01 12:00:00,48203.72,48458.77,47894.72,48163.2,65853
2024-07-01 13:00:00,48163.2,48253.91,47558.66,47687.02,91152
2024-07-01 14:00:00,47687.02,48244.05,47495.46,47640.29,88227
2024-07-01 15:00:00,47640.29,48190.82,47532.91,47807.97,89800
2024-07-01 16:00:00,47807.97,48250.53,47654.23,47792.2,90543
2024-07-01 17:00:00,47792.2,48670.95,47534.75,48485.73,88978
2024-07-01 18:00:00,48485.73,48645.85,48013.19,48500.83,91665
2024-07-01 19:00:00,48500.83,48584.93,47910.19,48081.29,90072
2024-07-01 20:00:00,48081.29,48302.22,47743.85,48136.35,89629
2024-07-01 21:00:00,48136.35,48152.24,48035.44,48063.18,2908
2024-07-01 22:00:00,48063.18,48066.33,48052.83,48054.0,264
2024-07-01 23:00:00,48054.0,48154.17,48006.71,48135.04,2980
2024-07-02 00:00:00,48135.04,48154.65,48045.43,48128.2,3020
2024-07-02 01:00:00,48128.2,48164.75,48071.53,48084.78,2913
2024-07-02 02:00:00,48084.78,48269.24,48070.23,48231.01,2925
2024-07-02 03:00:00,48231.01,48324.45,48197.82,48280.89,2988
2024-07-02 04:00:00,48280.89,48336.43,48227.74,48243.06,2926
2024-07-02 05:00:00,48243.06,48276.26,48126.96,48195.9,2952
2024-07-02 06:00:00,48195.9,48227.11,48107.7,48144.33,2994
2024-07-02 07:00:00,48144.33,48167.68,48084.3,48163.76,2992
2024-07-02 08:00:00,48163.76,48276.57,47754.38,47986.51,66187
2024-07-02 09:00:00,47986.51,48181.84,47671.71,47952.93,69473
2024-07-02 10:00:00,47952.93,48831.59,45987.64,47597.78,67834
2024-07-02 11:00:00,47597.78,49869.48,46494.77,48581.92,66619
2024-07-02 12:00:00,48581.92,49222.59,47869.63,48410.23,65119
2024-07-02 13:00:00,48410.23,48880.49,47303.08,48494.2,90379
2024-07-02 14:00:00,48494.2,48783.34,47711.74,48042.72,89053
2024-07-02 15:00:00,48042.72,48320.23,46939.71,47607.08,89779
2024-07-02 16:00:00,47607.08,48770.7,47531.32,48579.35,90341
2024-07-02 17:00:00,48579.35,49377.0,48174.98,49091.45,88628
2024-07-02 18:00:00,49091.45,49487.87,48378.08,48981.73,91347
2024-07-02 19:00:00,48981.73,49247.12,48103.15,48969.38,91465
2024-07-02 20:00:00,48969.38,50593.82,48574.86,49661.56,88755
2024-07-02 21:00:00,49661.56,50099.4,49656.98,50070.93,2941
2024-07-02 22:00:00,50070.93,50442.15,50070.7,50440.04,268
2024-07-02 23:00:00,50440.04,50854.24,50400.91,50838.96,2990
2024-07-03 00:00:00,50838.96,51031.55,50760.74,50975.21,2935
2024-07-03 01:00:00,50975.21,51419.14,50930.31,51327.43,2979
2024-07-03 02:00:00,51327.43,51593.59,51288.47,51581.57,2931
2024-07-03 03:00:00,51581.57,51904.47,51509.03,51841.9,2926
2024-07-03 04:00:00,51841.9,52265.87,51742.99,52248.46,2933
2024-07-03 05:00:00,52248.46,52802.41,52199.69,52797.38,3012
2024-07-03 06:00:00,52797.38,53476.85,50333.16,52965.01,2963
2024-07-03 07:00:00,52965.01,53410.52,52892.24,53387.94,2956
2024-07-03 08:00:00,53387.94,56027.82,52457.99,54432.83,64826
2024-07-03 09:00:00,54432.83,55337.22,54345.63,55031.9,64828
2024-07-03 10:00:00,55031.9,56876.18,55012.49,56303.98,63957
2024-07-03 11:00:00,56303.98,58079.56,55488.25,57879.74,66088
2024-07-03 12:00:00,57879.74,58322.71,57021.13,57886.13,65664
2024-07-03 13:00:00,57886.13,58622.52,57158.45,58036.43,89492
2024-07-03 14:00:00,58036.43,58277.8,56855.27,57645.22,89780
2024-07-03 15:00:00,57645.22,58565.73,57228.26,58393.94,91792
2024-07-03 16:00:00,58393.94,59479.93,57584.48,58245.11,88753
2024-07-03 17:00:00,58245.11,60229.43,57727.74,60031.49,90194
2024-07-03 18:00:00,60031.49,61188.83,59393.55,60337.37,89970
2024-07-03 19:00:00,60337.37,61203.15,59265.73,59951.47,91080
2024-07-03 20:00:00,59951.47,61515.22,59821.53,60701.17,89359
2024-07-03 21:00:00,60701.17,61295.4,60679.01,61267.47,3027
2024-07-03 22:00:00,61267.47,61716.28,61253.97,61704.93,269
2024-07-03 23:00:00,61704.93,62259.51,61625.07,62118.06,2879
2024-07-04 00:00:00,62118.06,62660.2,62026.18,62577.65,2969
2024-07-04 01:00:00,62577.65,62905.79,62514.31,62853.85,2980
2024-07-04 02:00:00,62853.85,63592.12,62759.37,63583.78,2907
2024-07-04 03:00:00,63583.78,64099.08,63550.53,64085.54,2941
2024-07-04 04:00:00,64085.54,64555.82,64045.22,64480.18,2920
2024-07-04 05:00:00,64480.18,65081.59,64368.93,65023.52,2949
2024-07-04 06:00:00,65023.52,65551.28,64887.83,65540.31,2951
2024-07-04 07:00:00,65540.31,66054.47,65454.1,66007.13,2930
2024-07-04 08:00:00,66007.13,67406.95,65616.16,66834.6,65619
2024-07-04 09:00:00,66834.6,66970.04,65834.64,66481.86,64728
2024-07-04 10:00:00,66481.86,68165.72,66165.64,67964.44,67126
2024-07-04 11:00:00,67964.44,69438.04,66973.99,69144.77,64883
2024-07-04 12:00:00,69144.77,70588.45,68815.62,70264.66,62709
2024-07-04 13:00:00,70264.66,71440.34,69082.93,71048.42,92719
2024-07-04 14:00:00,71048.42,71253.43,70011.71,70672.88,90274
2024-07-04 15:00:00,70672.88,72371.26,69974.29,71983.86,88748
2024-07-04 16:00:00,71983.86,73966.55,71747.03,72691.15,88997
2024-07-04 17:00:00,72691.15,74289.84,72095.75,73597.74,87352
2024-07-04 18:00:00,73597.74,76277.85,73533.91,75829.46,91758
2024-07-04 19:00:00,75829.46,76267.73,73960.0,75833.74,88741
2024-07-04 20:00:00,75833.74,76812.08,74892.18,75494.85,92059
2024-07-04 21:00:00,75494.85,76027.59,75474.33,75932.01,2993
2024-07-04 22:00:00,75932.01,76475.98,75920.96,76470.47,267
2024-07-04 23:00:00,76470.47,77152.09,76367.06,77151.63,3032
2024-07-05 00:00:00,77151.63,77808.61,77055.17,77760.29,2937
2024-07-05 01:00:00,77760.29,78241.05,77606.45,78214.92,2902
2024-07-05 02:00:00,78214.92,79294.99,78056.3,79203.07,2892
2024-07-05 03:00:00,79203.07,79789.81,79192.79,79693.2,2874
2024-07-05 04:00:00,79693.2,80265.47,79507.12,80258.08,2991
2024-07-05 05:00:00,80258.08,80751.84,80039.33,80735.4,3010
2024-07-05 06:00:00,80735.4,81174.52,80684.12,81065.97,2958
2024-07-05 07:00:00,81065.97,81880.79,81003.07,81807.9,2891
2024-07-05 08:00:00,81807.9,82318.73,80821.35,81258.5,65676
2024-07-05 09:00:00,81258.5,81303.73,79170.76,79734.21,64899
2024-07-05 10:00:00,79734.21,81967.77,79393.67,81725.26,65800
2024-07-05 11:00:00,81725.26,83328.87,81340.56,82895.93,67812
2024-07-05 12:00:00,82895.93,83929.44,82155.91,83276.15,66286
2024-07-05 13:00:00,83276.15,85525.51,82907.74,84675.4,91664
2024-07-05 14:00:00,84675.4,86032.08,83645.88,85407.88,90735
2024-07-05 15:00:00,85407.88,89355.84,80030.04,84390.27,90380
2024-07-05 16:00:00,84390.27,85582.13,82804.47,85120.97,90695
2024-07-05 17:00:00,85120.97,85449.7,83048.45,84228.69,89395
2024-07-05 18:00:00,84228.69,85796.76,83124.14,83451.76,91432
2024-07-05 19:00:00,83451.76,84971.88,82618.27,84746.26,87626
2024-07-05 20:00:00,84746.26,86729.54,84618.39,85175.38,91261
2024-07-05 21:00:00,85175.38,85727.11,85054.89,85703.28,3004
2024-07-05 22:00:00,85703.28,86344.18,85684.46,86321.69,268
2024-07-05 23:00:00,86321.69,87286.34,86266.81,87240.73,2970
2024-07-08 00:00:00,87240.73,88345.94,87181.34,88311.45,3040
2024-07-08 01:00:00,88311.45,88695.26,88130.32,88589.52,3046
2024-07-08 02:00:00,88589.52,89649.19,88574.92,89586.66,2942
2024-07-08 03:00:00,89586.66,89941.66,89409.68,89848.39,2986
2024-07-08 04:00:00,89848.39,90527.34,89787.04,90391.4,2959
2024-07-08 05:00:00,90391.4,91004.36,90296.44,90731.01,3047
2024-07-08 06:00:00,90731.01,91389.59,90635.72,91304.46,2935
2024-07-08 07:00:00,91304.46,92170.4,91262.29,92054.43,2960
2024-07-08 08:00:00,92054.43,92991.36,91693.06,92368.75,65947
2024-07-08 09:00:00,92368.75,93480.71,91028.66,92363.09,65949
2024-07-08 10:00:00,92363.09,94544.25,91857.58,93993.44,67515
2024-07-08 11:00:00,93993.44,96592.25,93710.41,96292.1,66348
2024-07-08 12:00:00,96292.1,98388.37,95946.22,98008.97,65329
2024-07-08 13:00:00,98008.97,98936.75,96004.37,97392.23,92511
2024-07-08 14:00:00,97392.23,100016.12,97091.76,99405.15,88085
2024-07-08 15:00:00,99405.15,102241.96,97596.27,101769.36,85092
2024-07-08 16:00:00,101769.36,103433.02,101216.17,103370.81,90558
2024-07-08 17:00:00,103370.81,105862.15,102820.88,105504.47,90297
2024-07-08 18:00:00,105504.47,110393.39,105079.94,108656.06,91178
2024-07-08 19:00:00,108656.06,109502.57,107830.75,108809.26,89572
2024-07-08 20:00:00,108809.26,110463.77,107467.81,110124.53,91044
2024-07-08 21:00:00,110124.53,110800.73,110075.82,110771.14,3057
2024-07-08 22:00:00,110771.14,111591.91,110766.14,111591.56,272
2024-07-08 23:00:00,111591.56,112751.91,111513.05,112639.02,2913
2024-07-09 00:00:00,112639.02,113417.61,112344.8,113276.21,2910
2024-07-09 01:00:00,113276.21,113781.34,113063.67,113729.16,2929
2024-07-09 02:00:00,113729.16,114416.13,113599.79,114385.31,3083
2024-07-09 03:00:00,114385.31,115792.45,114286.96,115661.67,2997
2024-07-09 04:00:00,115661.67,116607.07,115513.66,116590.52,2956
2024-07-09 05:00:00,116590.52,117394.3,116500.86,117374.93,2976
2024-07-09 06:00:00,117374.93,118257.31,117341.57,118098.62,2984
2024-07-09 07:00:00,118098.62,118714.48,117966.31,118632.18,3017
2024-07-09 08:00:00,118632.18,120664.14,117593.93,120226.69,65899
2024-07-09 09:00:00,120226.69,121610.89,119766.23,120725.95,66033
2024-07-09 10:00:00,120725.95,121613.2,119725.69,120393.52,67419
2024-07-09 11:00:00,120393.52,121022.24,118199.11,118502.43,64202
2024-07-09 12:00:00,118502.43,119408.03,116912.01,117901.04,66112
2024-07-09 13:00:00,117901.04,118901.47,112894.09,113266.32,88737
2024-07-09 14:00:00,113266.32,114819.6,111734.99,114231.09,91626
2024-07-09 15:00:00,114231.09,116519.24,113876.56,114941.15,88004
2024-07-09 16:00:00,114941.15,121207.29,113976.39,117251.53,88259
2024-07-09 17:00:00,117251.53,117803.65,113496.2,114725.75,91658
2024-07-09 18:00:00,114725.75,115494.5,111786.7,112379.13,91647
2024-07-09 19:00:00,112379.13,113562.83,110222.4,112136.84,87581
2024-07-09 20:00:00,112136.84,113173.26,108519.64,108811.81,88764
2024-07-09 21:00:00,108811.81,108826.58,107596.73,107846.11,2959
2024-07-09 22:00:00,107846.11,107853.95,107077.23,107106.13,272
2024-07-09 23:00:00,107106.13,107129.26,106167.5,106322.02,2891
2024-07-10 00:00:00,106322.02,107577.31,103401.27,104751.59,2977
2024-07-10 01:00:00,104751.59,104858.34,104090.0,104125.3,2971
2024-07-10 02:00:00,104125.3,104345.93,103437.78,103507.02,2920
2024-07-10 03:00:00,103507.02,106448.66,103020.91,104054.76,2951
2024-07-10 04:00:00,104054.76,106810.49,98727.87,105847.76,2953
2024-07-10 05:00:00,105847.76,105861.63,105099.96,105215.17,2963
2024-07-10 06:00:00,105215.17,105486.16,104748.16,104808.04,2980
2024-07-10 07:00:00,104808.04,104878.55,103853.84,103908.91,2981
2024-07-10 08:00:00,103908.91,105248.21,103409.55,104150.53,66078
2024-07-10 09:00:00,104150.53,105658.01,103541.48,104866.91,64791
2024-07-10 10:00:00,104866.91,104948.44,101277.81,101430.5,65450
2024-07-10 11:00:00,101430.5,106016.32,100883.45,104001.88,65661
2024-07-10 12:00:00,104001.88,104646.96,100952.29,101286.21,68430
2024-07-10 13:00:00,101286.21,102604.19,98997.33,99474.95,91337
2024-07-10 14:00:00,99474.95,100800.91,97936.34,99800.67,89013
2024-07-10 15:00:00,99800.67,101264.97,99634.73,100420.51,91503
2024-07-10 16:00:00,100420.51,105167.2,100014.63,104844.83,90974
2024-07-10 17:00:00,104844.83,105913.7,99648.49,100916.39,90691
2024-07-10 18:00:00,100916.39,103677.1,100182.99,103180.67,89976
2024-07-10 19:00:00,103180.67,103770.64,101765.59,102946.98,89601
2024-07-10 20:00:00,102946.98,104315.55,101465.97,102806.15,90902
2024-07-10 21:00:00,102806.15,102848.43,102163.08,102266.34,3015
2024-07-10 22:00:00,102266.34,106160.04,100033.8,100047.48,268
2024-07-10 23:00:00,100047.48,100292.87,99147.86,99217.76,3042
2024-07-11 00:00:00,99217.76,99263.53,98310.75,98380.05,2940
2024-07-11 01:00:00,98380.05,99484.46,96965.61,97419.42,3013
2024-07-11 02:00:00,97419.42,98437.41,97392.04,98353.47,2952
2024-07-11 03:00:00,98353.47,99000.84,98305.16,98973.23,2974
2024-07-11 04:00:00,98973.23,99698.39,98927.46,99611.74,2995
2024-07-11 05:00:00,99611.74,100650.33,99537.45,100445.74,2948
2024-07-11 06:00:00,100445.74,101174.93,100384.18,101110.56,3004
2024-07-11 07:00:00,101110.56,101872.11,101041.28,101802.96,2885
2024-07-11 08:00:00,101802.96,102525.79,100691.65,101964.86,66766
2024-07-11 09:00:00,101964.86,102726.7,101441.83,102301.77,64839
2024-07-11 10:00:00,102301.77,104588.65,101848.58,104266.35,66115
2024-07-11 11:00:00,104266.35,105312.83,103642.66,104927.0,64419
2024-07-11 12:00:00,104927.0,105538.94,103794.93,103950.18,63445
2024-07-11 13:00:00,103950.18,106027.78,103254.95,104354.6,90893
2024-07-11 14:00:00,104354.6,107222.56,103879.63,105471.58,91699
2024-07-11 15:00:00,105471.58,106541.22,104529.76,105323.19,89533
2024-07-11 16:00:00,105323.19,107143.19,104300.11,106604.78,89413
2024-07-11 17:00:00,106604.78,107649.32,105081.73,107349.96,90814
2024-07-11 18:00:00,107349.96,109982.01,106374.88,107168.42,89387
2024-07-11 19:00:00,107168.42,108814.54,105941.55,106411.43,88920
2024-07-11 20:00:00,106411.43,107105.88,102607.13,106074.89,89907
2024-07-11 21:00:00,106074.89,106699.01,105952.89,106650.9,2900
2024-07-11 22:00:00,106650.9,107455.26,106632.99,107441.7,270
2024-07-11 23:00:00,107441.7,108605.17,107298.22,108585.23,2972
2024-07-12 00:00:00,108585.23,110661.58,106128.14,106927.56,2914
2024-07-12 01:00:00,106927.56,107618.48,106782.54,107469.22,2939
2024-07-12 02:00:00,107469.22,107840.34,99087.21,105963.22,2878
2024-07-12 03:00:00,105963.22,106904.66,105873.52,106731.81,2934
2024-07-12 04:00:00,106731.81,107952.68,106666.32,107764.74,3013
2024-07-12 05:00:00,107764.74,108284.11,107544.7,108149.47,2981
2024-07-12 06:00:00,108149.47,109373.0,108099.1,109203.34,2966
2024-07-12 07:00:00,109203.34,113994.88,103798.67,108232.38,2928
2024-07-12 08:00:00,108232.38,109442.35,106947.74,107542.24,64745
2024-07-12 09:00:00,107542.24,109935.98,107161.09,109672.09,65842
2024-07-12 10:00:00,109672.09,110530.03,108451.3,110154.06,66498
2024-07-12 11:00:00,110154.06,111613.84,109887.68,110415.38,65390
2024-07-12 12:00:00,110415.38,112084.95,110196.96,111558.41,65121
2024-07-12 13:00:00,111558.41,112233.22,108693.61,110270.13,89778
2024-07-12 14:00:00,110270.13,112357.21,107829.17,108151.64,88747
2024-07-12 15:00:00,108151.64,109669.26,107331.46,108317.43,92017
2024-07-12 16:00:00,108317.43,112690.87,108042.87,110543.67,89969
2024-07-12 17:00:00,110543.67,112569.15,109847.76,111356.54,89031
2024-07-12 18:00:00,111356.54,113695.9,110572.03,112713.42,90785
2024-07-12 19:00:00,112713.42,114641.16,111647.51,114208.8,87405
2024-07-12 20:00:00,114208.8,117315.5,112887.72,116813.92,89707
2024-07-12 21:00:00,116813.92,117917.29,112306.85,115420.91,3017
2024-07-12 22:00:00,115420.91,116291.53,115408.98,116279.79,277
2024-07-12 23:00:00,116279.79,117272.31,116191.59,117096.73,2964
2024-07-15 00:00:00,117096.73,118342.22,117079.73,118198.82,2966
2024-07-15 01:00:00,118198.82,119583.83,118168.17,119504.69,2937
2024-07-15 02:00:00,119504.69,120312.26,119326.04,120246.25,3003
2024-07-15 03:00:00,120246.25,121293.47,120220.59,120893.15,2943
2024-07-15 04:00:00,120893.15,122059.18,120758.89,121951.89,2962
2024-07-15 05:00:00,121951.89,122626.35,121906.66,122421.06,3000
2024-07-15 06:00:00,122421.06,123341.62,122383.78,123234.41,2917
2024-07-15 07:00:00,123234.41,123298.35,122979.45,123097.73,2916
2024-07-15 08:00:00,123097.73,124083.38,122728.42,123039.15,65366
2024-07-15 09:00:00,123039.15,123682.18,122518.07,123163.84,66997
2024-07-15 10:00:00,123163.84,123238.0,121904.35,122488.24,64371
2024-07-15 11:00:00,122488.24,123141.52,119503.13,119895.58,64905
2024-07-15 12:00:00,119895.58,120857.03,119711.09,120421.98,66494
2024-07-15 13:00:00,120421.98,123015.2,118687.59,122364.19,90608
2024-07-15 14:00:00,122364.19,123165.14,121573.25,121803.27,92028
2024-07-15 15:00:00,121803.27,122217.98,120420.62,121683.36,90370
2024-07-15 16:00:00,121683.36,122319.78,119243.06,119988.18,89328
2024-07-15 17:00:00,119988.18,120977.76,119700.55,120516.05,89656
2024-07-15 18:00:00,120516.05,121031.01,119515.9,120355.04,88480
2024-07-15 19:00:00,120355.04,120973.99,119051.69,119650.72,92683
2024-07-15 20:00:00,119650.72,120133.91,118694.18,119348.46,90270
2024-07-15 21:00:00,119348.46,119604.57,119223.85,119459.1,3005
2024-07-15 22:00:00,119459.1,119474.2,119454.74,119462.27,280
2024-07-15 23:00:00,119462.27,119688.91,119339.58,119482.26,2963
2024-07-16 00:00:00,119482.26,119580.19,119372.93,119472.55,2953
2024-07-16 01:00:00,119472.55,119725.53,119410.22,119627.81,2950
2024-07-16 02:00:00,119627.81,119776.01,119562.94,119738.8,2930
2024-07-16 03:00:00,119738.8,119836.39,119530.27,119682.37,2997
2024-07-16 04:00:00,119682.37,119847.95,119588.39,119616.02,2983
2024-07-16 05:00:00,119616.02,119735.08,119438.48,119596.96,3044
2024-07-16 06:00:00,119596.96,119828.87,119559.34,119709.31,2978
2024-07-16 07:00:00,119709.31,119972.67,119597.4,119926.9,2968
2024-07-16 08:00:00,119926.9,120879.2,119664.45,120174.58,66678
2024-07-16 09:00:00,120174.58,121458.21,119917.07,121153.92,66844
2024-07-16 10:00:00,121153.92,122472.02,120823.98,122385.88,65759
2024-07-16 11:00:00,122385.88,122999.96,121463.3,121809.67,65670
2024-07-16 12:00:00,121809.67,122266.31,121104.02,121265.77,66946
2024-07-16 13:00:00,121265.77,122960.77,120902.39,121855.59,93264
2024-07-16 14:00:00,121855.59,122757.5,121037.68,121359.81,91154
2024-07-16 15:00:00,121359.81,122753.46,120916.83,122197.52,93495
2024-07-16 16:00:00,122197.52,123600.08,121420.37,122274.43,89908
2024-07-16 17:00:00,122274.43,123119.92,121466.42,122845.21,89766
2024-07-16 18:00:00,122845.21,123474.58,121743.65,122734.53,93544
2024-07-16 19:00:00,122734.53,123173.66,121837.03,122272.62,88012
2024-07-16 20:00:00,122272.62,124263.32,121813.95,124114.54,86984
2024-07-16 21:00:00,124114.54,124157.63,123849.69,123894.4,2953
2024-07-16 22:00:00,123894.4,123922.17,123875.9,123913.11,273
2024-07-16 23:00:00,123913.11,124150.65,123836.84,124057.35,2926
2024-07-17 00:00:00,124057.35,124141.7,123806.54,123905.7,2936
2024-07-17 01:00:00,123905.7,124090.62,123730.3,123899.67,2941
2024-07-17 02:00:00,123899.67,123909.92,123634.58,123748.68,2951
2024-07-17 03:00:00,123748.68,127220.75,122339.93,124771.21,2844
2024-07-17 04:00:00,124771.21,124872.45,124619.28,124772.54,2910
2024-07-17 05:00:00,124772.54,124906.79,124610.94,124862.42,2970
2024-07-17 06:00:00,124862.42,125585.0,122460.76,123337.68,3037
2024-07-17 07:00:00,123337.68,123426.87,123218.28,123242.1,2984
2024-07-17 08:00:00,123242.1,123297.74,122061.62,122481.33,64121
2024-07-17 09:00:00,122481.33,122591.92,121359.5,122229.33,66352
2024-07-17 10:00:00,122229.33,122335.98,121274.06,121564.38,67898
2024-07-17 11:00:00,121564.38,122185.83,121044.33,121692.93,66941
2024-07-17 12:00:00,121692.93,125155.77,120069.24,123833.09,66157
2024-07-17 13:00:00,123833.09,124862.55,123072.43,124169.06,87751
2024-07-17 14:00:00,124169.06,126095.69,123249.55,125781.32,92361
2024-07-17 15:00:00,125781.32,126477.81,124523.68,124705.36,90370
2024-07-17 16:00:00,124705.36,126054.65,122556.62,122857.21,88627
2024-07-17 17:00:00,122857.21,123197.53,121666.66,121762.08,92148
2024-07-17 18:00:00,121762.08,122350.94,121160.56,121579.53,88555
2024-07-17 19:00:00,121579.53,122475.12,120720.29,122125.8,89681
2024-07-17 20:00:00,122125.8,123048.1,121266.15,121882.72,89620
2024-07-17 21:00:00,121882.72,121984.77,121749.59,121836.66,3003
2024-07-17 22:00:00,121836.66,121869.77,121828.64,121856.08,266
2024-07-17 23:00:00,121856.08,121929.93,121684.41,121734.27,3043
2024-07-18 00:00:00,121734.27,121966.84,121667.03,121903.22,2912
2024-07-18 01:00:00,121903.22,123980.96,119606.4,123486.15,3028
2024-07-18 02:00:00,123486.15,123531.1,123316.84,123489.75,2966
2024-07-18 03:00:00,123489.75,123587.48,123369.31,123502.61,2925
2024-07-18 04:00:00,123502.61,123713.15,123428.66,123545.16,2928
2024-07-18 05:00:00,123545.16,123733.88,123478.8,123702.61,2974
2024-07-18 06:00:00,123702.61,123760.86,123524.4,123612.59,2988
2024-07-18 07:00:00,123612.59,123880.19,123454.36,123785.75,2913
2024-07-18 08:00:00,123785.75,124022.27,122777.84,123330.49,65730
2024-07-18 09:00:00,123330.49,123505.89,122418.93,123172.67,66016
2024-07-18 10:00:00,123172.67,123600.86,121674.23,122225.72,66996
2024-07-18 11:00:00,122225.72,123241.61,122026.77,122899.52,65002
2024-07-18 12:00:00,122899.52,123571.93,122464.21,123296.08,65474
2024-07-18 13:00:00,123296.08,123683.49,121370.22,121582.1,90514
2024-07-18 14:00:00,121582.1,121715.53,120284.24,120671.48,90676
2024-07-18 15:00:00,120671.48,120924.43,119418.79,119764.68,88160
2024-07-18 16:00:00,119764.68,121693.55,113826.76,115785.92,90756
2024-07-18 17:00:00,115785.92,117231.23,115354.54,116987.02,89092
2024-07-18 18:00:00,116987.02,121150.45,112036.74,119602.95,89607
2024-07-18 19:00:00,119602.95,120948.68,118984.68,120083.49,90276
2024-07-18 20:00:00,120083.49,121060.52,119494.87,120574.06,90081
2024-07-18 21:00:00,120574.06,122398.56,116416.36,117955.46,3030
2024-07-18 22:00:00,117955.46,117967.15,117930.82,117943.17,270
2024-07-18 23:00:00,117943.17,118133.8,117835.01,118119.28,2884
2024-07-19 00:00:00,118119.28,118193.83,117943.56,118053.68,2898
2024-07-19 01:00:00,118053.68,118136.19,117806.54,117978.14,3000
2024-07-19 02:00:00,117978.14,118118.4,117812.29,117964.25,2987
2024-07-19 03:00:00,117964.25,118118.51,117808.01,118008.07,2942
2024-07-19 04:00:00,118008.07,118287.38,117958.33,118190.49,2875
2024-07-19 05:00:00,118190.49,118396.44,118047.69,118304.77,2959
2024-07-19 06:00:00,118304.77,118404.54,118148.37,118292.04,3054
2024-07-19 07:00:00,118292.04,118497.81,118235.65,118456.69,2999
2024-07-19 08:00:00,118456.69,119237.23,117653.36,118096.63,65441
2024-07-19 09:00:00,118096.63,118552.49,117406.48,117830.68,67330
2024-07-19 10:00:00,117830.68,118257.02,117061.07,117774.13,64771
2024-07-19 11:00:00,117774.13,118362.98,117131.96,118267.92,66668
2024-07-19 12:00:00,118267.92,118602.9,117430.58,118065.73,66494
2024-07-19 13:00:00,118065.73,119326.96,117514.95,118897.02,89202
2024-07-19 14:00:00,118897.02,119546.69,117221.25,118659.48,89832
2024-07-19 15:00:00,118659.48,119128.53,117856.33,118360.85,89145
2024-07-19 16:00:00,118360.85,119484.22,117564.88,118433.54,91231
2024-07-19 17:00:00,118433.54,120894.68,117830.12,120117.17,88440
2024-07-19 18:00:00,120117.17,121206.73,119621.01,120732.31,92006
2024-07-19 19:00:00,120732.31,121989.22,120257.96,121611.76,87887
2024-07-19 20:00:00,121611.76,123006.43,121234.81,121958.29,90200
2024-07-19 21:00:00,121958.29,122023.43,121713.47,121789.43,2917
2024-07-19 22:00:00,121789.43,121795.78,121761.63,121766.37,271
2024-07-19 23:00:00,121766.37,127221.51,119091.51,124072.85,3001
2024-07-22 00:00:00,124072.85,124323.67,124004.87,124197.52,2985
2024-07-22 01:00:00,124197.52,124325.35,123993.58,124042.69,3063
2024-07-22 02:00:00,124042.69,124278.46,123950.47,124154.3,2945
2024-07-22 03:00:00,124154.3,124162.41,122925.5,123011.14,2850
2024-07-22 04:00:00,123011.14,123133.33,121818.32,121856.45,2989
2024-07-22 05:00:00,121856.45,121982.76,120698.57,120859.97,3024
2024-07-22 06:00:00,120859.97,120973.74,119754.39,119799.44,2984
2024-07-22 07:00:00,119799.44,119981.83,118563.36,118709.25,3021
2024-07-22 08:00:00,118709.25,120226.5,117840.98,119413.51,65535
2024-07-22 09:00:00,119413.51,120556.32,118851.6,120010.21,66552
2024-07-22 10:00:00,120010.21,120252.97,117760.17,117938.65,66524
2024-07-22 11:00:00,117938.65,118964.6,116136.16,117709.33,65091
2024-07-22 12:00:00,117709.33,118711.56,114160.46,114951.82,65952
2024-07-22 13:00:00,114951.82,116218.84,113765.12,115347.45,90047
2024-07-22 14:00:00,115347.45,116308.73,113712.32,115226.16,90334
2024-07-22 15:00:00,115226.16,115939.71,111127.45,112504.73,90089
2024-07-22 16:00:00,112504.73,113558.95,111204.88,112479.01,89497
2024-07-22 17:00:00,112479.01,113489.45,109924.95,110668.95,90531
2024-07-22 18:00:00,110668.95,111126.61,109264.18,109613.48,90033
2024-07-22 19:00:00,109613.48,110411.91,106498.21,106541.51,91939
2024-07-22 20:00:00,106541.51,107570.62,104521.49,105789.7,88535
2024-07-22 21:00:00,105789.7,105877.75,105145.31,105215.91,2917
2024-07-22 22:00:00,105215.91,105222.19,104414.42,104443.16,267
2024-07-22 23:00:00,104443.16,104536.79,103629.42,103795.12,2972
2024-07-23 00:00:00,103795.12,103829.55,102891.14,103054.0,2949
2024-07-23 01:00:00,103054.0,103110.35,102181.73,102219.83,2967
2024-07-23 02:00:00,102219.83,102422.79,101563.01,101663.98,3022
2024-07-23 03:00:00,101663.98,101712.67,100963.5,101010.31,2989
2024-07-23 04:00:00,101010.31,101109.41,100060.59,100166.42,2843
2024-07-23 05:00:00,100166.42,100264.09,99060.68,99232.4,3001
2024-07-23 06:00:00,99232.4,99322.78,98147.18,98227.53,2955
2024-07-23 07:00:00,98227.53,98333.15,97653.2,97739.27,2992
2024-07-23 08:00:00,97739.27,98822.08,96905.77,98211.74,65926
2024-07-23 09:00:00,98211.74,100720.79,96326.83,99791.94,65480
2024-07-23 10:00:00,99791.94,100007.32,98085.72,99142.96,65827
2024-07-23 11:00:00,99142.96,99550.84,97713.41,98643.88,67534
2024-07-23 12:00:00,98643.88,98852.57,96140.26,97098.18,65576
2024-07-23 13:00:00,97098.18,98622.6,94744.12,95682.89,89218
2024-07-23 14:00:00,95682.89,96694.71,88976.24,91066.27,89524
2024-07-23 15:00:00,91066.27,91967.08,89155.5,89741.2,92342
2024-07-23 16:00:00,89741.2,92050.68,89624.47,90620.41,87229
2024-07-23 17:00:00,90620.41,92287.06,90071.52,92196.86,88415
2024-07-23 18:00:00,92196.86,93854.07,91579.11,92895.86,91445
2024-07-23 19:00:00,92895.86,94942.78,92793.55,94549.78,91504
2024-07-23 20:00:00,94549.78,95424.95,93357.83,94781.17,88775
2024-07-23 21:00:00,94781.17,94850.25,93948.6,94082.92,3009
2024-07-23 22:00:00,94082.92,94091.4,93421.51,93422.27,276
2024-07-23 23:00:00,93422.27,97271.42,89861.97,94499.5,2991
2024-07-24 00:00:00,94499.5,94629.54,93767.77,93833.32,2879
2024-07-24 01:00:00,93833.32,93951.63,92859.12,92873.15,2968
2024-07-24 02:00:00,92873.15,92913.15,92272.4,92352.48,3000
2024-07-24 03:00:00,92352.48,92515.76,91695.89,91907.77,2955
2024-07-24 04:00:00,91907.77,91935.66,91304.65,91334.14,2983
2024-07-24 05:00:00,91334.14,91403.02,90262.26,90334.32,2924
2024-07-24 06:00:00,90334.32,90392.48,89824.11,89897.26,2978
2024-07-24 07:00:00,89897.26,90113.03,89852.67,90069.74,2995
2024-07-24 08:00:00,90069.74,90285.39,89261.33,89953.68,66571
2024-07-24 09:00:00,89953.68,90204.56,89431.89,89999.76,65841
2024-07-24 10:00:00,89999.76,90464.51,89515.16,89772.65,64809
2024-07-24 11:00:00,89772.65,90441.8,89066.27,90360.65,67674
2024-07-24 12:00:00,90360.65,91404.26,89867.52,91050.55,67163
2024-07-24 13:00:00,91050.55,92084.02,90547.26,91148.53,86823
2024-07-24 14:00:00,91148.53,91720.45,90327.48,91011.03,91205
2024-07-24 15:00:00,91011.03,91117.22,90207.69,90505.13,89092
2024-07-24 16:00:00,90505.13,93019.85,90253.19,92914.19,89758
2024-07-24 17:00:00,92914.19,93036.89,91290.9,91417.25,92151
2024-07-24 18:00:00,91417.25,93323.51,91316.44,92652.4,87847
2024-07-24 19:00:00,92652.4,93935.95,92643.15,93863.27,91294
2024-07-24 20:00:00,93863.27,94792.61,93298.42,93420.86,89875
2024-07-24 21:00:00,93420.86,93562.24,93329.67,93427.92,2994
2024-07-24 22:00:00,93427.92,93435.71,93419.41,93429.53,263
2024-07-24 23:00:00,93429.53,93583.99,93341.68,93545.61,2891
2024-07-25 00:00:00,93545.61,93610.87,93435.03,93506.58,2932
2024-07-25 01:00:00,93506.58,93817.12,92008.96,92774.54,2985
2024-07-25 02:00:00,92774.54,92848.25,92675.66,92735.44,2980
2024-07-25 03:00:00,92735.44,92813.76,92653.83,92707.49,2966
2024-07-25 04:00:00,92707.49,92858.63,92670.76,92844.55,2902
2024-07-25 05:00:00,92844.55,93001.09,92822.31,92867.9,2861
2024-07-25 06:00:00,92867.9,92961.16,92783.2,92829.61,2971
2024-07-25 07:00:00,92829.61,92926.39,92702.77,92775.85,2986
2024-07-25 08:00:00,92775.85,93727.04,92647.01,93094.78,65635
2024-07-25 09:00:00,93094.78,93529.29,92189.68,92466.31,64797
2024-07-25 10:00:00,92466.31,92778.71,91869.86,92384.18,65871
2024-07-25 11:00:00,92384.18,92933.91,91880.55,92538.51,65898
2024-07-25 12:00:00,92538.51,92920.44,92065.64,92603.21,66410
2024-07-25 13:00:00,92603.21,94445.37,91885.61,93924.91,91033
2024-07-25 14:00:00,93924.91,95248.86,92618.62,95037.99,90001
2024-07-25 15:00:00,95037.99,95293.61,92720.96,94161.03,91125
2024-07-25 16:00:00,94161.03,95860.3,93054.54,95109.97,91754
2024-07-25 17:00:00,95109.97,96742.73,94282.38,95259.5,89102
2024-07-25 18:00:00,95259.5,97816.18,94896.1,97140.97,90437
2024-07-25 19:00:00,97140.97,99210.82,96050.25,98320.9,91697
2024-07-25 20:00:00,98320.9,100612.3,97433.32,98563.24,88816
2024-07-25 21:00:00,98563.24,99448.35,98518.17,99341.08,2932
2024-07-25 22:00:00,99341.08,100079.6,99336.66,100068.61,268
2024-07-25 23:00:00,100068.61,100774.29,99964.84,100733.17,3000
2024-07-26 00:00:00,100733.17,101227.53,100655.89,101013.68,2934
2024-07-26 01:00:00,101013.68,101569.76,100946.47,101375.68,3033
2024-07-26 02:00:00,101375.68,102367.02,101259.38,102276.44,2915
2024-07-26 03:00:00,102276.44,102995.86,102157.16,102981.63,2953
2024-07-26 04:00:00,102981.63,103428.1,102748.79,103386.33,3000
2024-07-26 05:00:00,103386.33,104478.18,103344.57,104419.48,2955
2024-07-26 06:00:00,104419.48,105660.01,104351.62,105513.16,2993
2024-07-26 07:00:00,105513.16,106124.41,105437.3,106083.34,2939
2024-07-26 08:00:00,106083.34,107313.53,105087.76,106336.67,65272
2024-07-26 09:00:00,106336.67,107727.56,105890.72,107316.03,67523
2024-07-26 10:00:00,107316.03,107744.17,106168.91,106967.38,66508
2024-07-26 11:00:00,106967.38,109004.37,106423.32,108272.76,65677
2024-07-26 12:00:00,108272.76,108549.8,105627.3,107684.52,64714
2024-07-26 13:00:00,107684.52,108937.51,106745.58,108228.92,91136
2024-07-26 14:00:00,108228.92,109173.47,107095.04,107665.44,88291
2024-07-26 15:00:00,107665.44,111955.21,106980.23,110458.6,88908
2024-07-26 16:00:00,110458.6,110784.09,108371.15,110019.05,90781
2024-07-26 17:00:00,110019.05,113656.97,109498.14,112141.73,89473
2024-07-26 18:00:00,112141.73,114227.57,111398.72,113591.18,89951
2024-07-26 19:00:00,113591.18,116712.31,113403.21,115453.97,89573
2024-07-26 20:00:00,115453.97,116739.34,113536.26,115482.43,90806
2024-07-26 21:00:00,115482.43,116610.97,115382.24,116435.0,2932
2024-07-26 22:00:00,116435.0,117306.8,116422.43,117291.88,269
2024-07-26 23:00:00,117291.88,118118.22,117256.8,118086.29,2918
2024-07-29 00:00:00,118086.29,120871.28,117240.08,119961.44,3025
2024-07-29 01:00:00,119961.44,121059.71,119757.21,120973.67,3015
2024-07-29 02:00:00,120973.67,121557.31,120683.89,121349.09,2903
2024-07-29 03:00:00,121349.09,122783.44,121238.95,122721.61,2949
2024-07-29 04:00:00,122721.61,123215.1,122658.97,123083.21,2990
2024-07-29 05:00:00,123083.21,124500.42,122943.94,124360.98,2994
2024-07-29 06:00:00,124360.98,125203.76,124240.83,125185.47,2966
2024-07-29 07:00:00,125185.47,125640.83,124954.25,125639.34,2918
2024-07-29 08:00:00,125639.34,127432.67,124771.77,125529.48,65862
2024-07-29 09:00:00,125529.48,132663.21,118290.27,127502.03,64870
2024-07-29 10:00:00,127502.03,129334.01,126354.38,128451.86,66422
2024-07-29 11:00:00,128451.86,129029.07,126461.27,127802.86,66376
2024-07-29 12:00:00,127802.86,132628.18,127325.22,130754.04,66922
2024-07-29 13:00:00,130754.04,135979.06,127235.9,131140.66,88766
2024-07-29 14:00:00,131140.66,132240.59,129257.89,131209.34,90602
2024-07-29 15:00:00,131209.34,132177.45,129486.92,130197.21,88558
2024-07-29 16:00:00,130197.21,130490.68,127632.65,127648.92,91828
2024-07-29 17:00:00,127648.92,128572.15,126801.0,127888.21,88090
2024-07-29 18:00:00,127888.21,129342.06,127123.33,127424.11,89406
2024-07-29 19:00:00,127424.11,127981.67,126714.53,127238.0,90157
2024-07-29 20:00:00,127238.0,128316.89,126495.9,127941.44,90254
2024-07-29 21:00:00,127941.44,128048.04,127818.5,127868.94,3006
2024-07-29 22:00:00,127868.94,130325.58,126736.93,129722.53,277
2024-07-29 23:00:00,129722.53,130110.1,129694.59,129949.29,2919
2024-07-30 00:00:00,129949.29,130064.1,129693.09,129913.96,2905
2024-07-30 01:00:00,129913.96,129965.03,129666.97,129697.76,3014
2024-07-30 02:00:00,129697.76,130099.01,129626.88,130021.34,3013
2024-07-30 03:00:00,130021.34,130212.89,129876.68,130114.22,2967
2024-07-30 04:00:00,130114.22,130396.89,129954.71,130095.53,2885
2024-07-30 05:00:00,130095.53,130307.25,129945.08,130088.31,2984
2024-07-30 06:00:00,130088.31,130435.75,130076.87,130334.27,2943
2024-07-30 07:00:00,130334.27,130473.34,130182.17,130236.55,2977
2024-07-30 08:00:00,130236.55,131301.96,129763.68,130721.93,66690
2024-07-30 09:00:00,130721.93,131107.5,130159.01,130619.0,66178
2024-07-30 10:00:00,130619.0,132189.29,130438.41,131589.78,65184
2024-07-30 11:00:00,131589.78,132547.8,131286.17,131736.57,66488
2024-07-30 12:00:00,131736.57,132130.29,130461.77,131331.13,65977
2024-07-30 13:00:00,131331.13,131879.02,129567.4,130709.34,90237
2024-07-30 14:00:00,130709.34,131413.59,129611.42,130962.21,88576
2024-07-30 15:00:00,130962.21,131769.17,129694.53,130044.89,90936
2024-07-30 16:00:00,130044.89,131753.81,129780.93,130431.24,90620
2024-07-30 17:00:00,130431.24,130966.66,129224.9,130415.51,87352
2024-07-30 18:00:00,130415.51,131247.65,129572.49,129835.34,90726
2024-07-30 19:00:00,129835.34,132073.63,129230.74,131532.2,90449
2024-07-30 20:00:00,131532.2,131622.85,128831.68,129368.68,88729
2024-07-30 21:00:00,129368.68,129581.16,129199.16,129439.06,2960
2024-07-30 22:00:00,129439.06,129472.95,129433.32,129467.07,271
2024-07-30 23:00:00,129467.07,129687.67,129430.63,129545.74,2970
2024-07-31 00:00:00,129545.74,129636.13,129393.45,129462.99,2979
2024-07-31 01:00:00,129462.99,129594.57,129283.5,129467.26,3017
2024-07-31 02:00:00,129467.26,129649.05,129335.36,129482.04,3065
2024-07-31 03:00:00,129482.04,129613.6,129398.19,129427.52,2952
2024-07-31 04:00:00,129427.52,129639.58,129069.27,129121.23,2941
2024-07-31 05:00:00,129121.23,130876.84,127294.34,130624.77,2940
2024-07-31 06:00:00,130624.77,130824.08,130556.14,130715.21,2904
2024-07-31 07:00:00,130715.21,130840.68,130507.5,130531.88,3024
2024-07-31 08:00:00,130531.88,130702.42,129103.44,129378.13,64412
2024-07-31 09:00:00,129378.13,129627.83,128194.95,129415.98,65749
2024-07-31 10:00:00,129415.98,129901.49,128722.74,128927.59,65013
2024-07-31 11:00:00,128927.59,129669.53,128536.11,129145.88,67098
2024-07-31 12:00:00,129145.88,129455.13,127492.7,127820.55,65545
2024-07-31 13:00:00,127820.55,128745.51,127371.5,128060.27,88274
2024-07-31 14:00:00,128060.27,128459.93,126550.43,126712.49,91603
2024-07-31 15:00:00,126712.49,127403.55,125707.05,126440.38,89553
2024-07-31 16:00:00,126440.38,127180.63,124441.29,125018.64,88584
2024-07-31 17:00:00,125018.64,125619.57,124207.08,124835.74,89212
2024-07-31 18:00:00,124835.74,126829.03,124087.36,125956.27,90134
2024-07-31 19:00:00,125956.27,126823.71,125378.37,125878.43,90737
2024-07-31 20:00:00,125878.43,127088.93,125634.0,125768.87,91132
2024-07-31 21:00:00,125768.87,125934.1,125602.94,125828.5,2953
2024-07-31 22:00:00,125828.5,129507.84,124381.64,128487.81,265
2024-07-31 23:00:00,128487.81,128646.23,128349.56,128503.33,2929
2024-08-01 00:00:00,128503.33,128542.28,128273.88,128341.43,2947
2024-08-01 01:00:00,128341.43,128779.79,128288.33,128696.41,2999
2024-08-01 02:00:00,128696.41,128782.62,128416.44,128551.43,3013
2024-08-01 03:00:00,128551.43,128824.71,128483.03,128580.14,2987
2024-08-01 04:00:00,128580.14,128951.11,123349.54,127115.16,3008
2024-08-01 05:00:00,127115.16,127253.69,126986.24,127026.76,2997
2024-08-01 06:00:00,127026.76,127136.26,126826.64,126876.51,3045
2024-08-01 07:00:00,126876.51,133432.57,126447.14,129186.03,2976
2024-08-01 08:00:00,129186.03,129835.91,128168.0,128382.07,65546
2024-08-01 09:00:00,128382.07,128853.11,127447.27,128602.36,68763
2024-08-01 10:00:00,128602.36,129042.85,127735.96,128354.21,65294
2024-08-01 11:00:00,128354.21,128580.96,127424.67,128158.76,65269
2024-08-01 12:00:00,128158.76,128502.27,127366.79,127645.19,66510
2024-08-01 13:00:00,127645.19,129142.94,126998.43,128780.05,90163
2024-08-01 14:00:00,128780.05,129670.58,128177.75,129128.13,91527
2024-08-01 15:00:00,129128.13,129666.11,128281.8,129356.41,90870
2024-08-01 16:00:00,129356.41,130221.29,128809.82,129730.92,89876
2024-08-01 17:00:00,129730.92,130494.6,128612.37,129650.76,88466
2024-08-01 18:00:00,129650.76,130933.4,128822.36,130601.85,90575
2024-08-01 19:00:00,130601.85,131987.62,130330.18,130915.85,87108
2024-08-01 20:00:00,130915.85,132624.27,130507.1,131815.86,90839
2024-08-01 21:00:00,131815.86,137880.96,124877.82,128739.82,2943
2024-08-01 22:00:00,128739.82,128749.14,128715.15,128735.27,265
2024-08-01 23:00:00,128735.27,128923.49,128642.33,128831.18,2966
2024-08-02 00:00:00,128831.18,128987.77,128785.36,128828.21,3051
2024-08-02 01:00:00,128828.21,129073.83,128762.08,128938.51,2938
2024-08-02 02:00:00,128938.51,131719.81,123661.3,126206.17,2997
2024-08-02 03:00:00,126206.17,126310.73,126126.38,126228.99,2959
2024-08-02 04:00:00,126228.99,134348.39,124373.24,128704.01,3000
2024-08-02 05:00:00,128704.01,128823.34,128558.68,128660.78,2947
2024-08-02 06:00:00,128660.78,130911.88,128000.0,129892.4,2998
2024-08-02 07:00:00,129892.4,130226.05,129828.87,130094.54,3006
2024-08-02 08:00:00,130094.54,130577.27,129095.9,130103.4,64705
2024-08-02 09:00:00,130103.4,134076.92,129633.38,131007.79,64525
2024-08-02 10:00:00,131007.79,131186.03,129874.74,130021.0,64989
2024-08-02 11:00:00,130021.0,130656.71,129606.13,129940.3,66808
2024-08-02 12:00:00,129940.3,130410.99,129086.2,129829.73,64302
2024-08-02 13:00:00,129829.73,131119.08,129145.19,130184.88,90682
2024-08-02 14:00:00,130184.88,130222.11,128138.83,129166.03,85883
2024-08-02 15:00:00,129166.03,129715.46,126796.85,126920.63,90544
2024-08-02 16:00:00,126920.63,128302.67,126678.87,126952.96,90116
2024-08-02 17:00:00,126952.96,127625.45,126068.5,126906.59,90089
2024-08-02 18:00:00,126906.59,127027.74,124502.8,125776.69,87018
2024-08-02 19:00:00,125776.69,126688.16,124420.51,124814.89,89411
2024-08-02 20:00:00,124814.89,126085.33,124226.36,124747.32,90796
2024-08-02 21:00:00,124747.32,124785.98,124559.57,124596.87,2990
2024-08-02 22:00:00,124596.87,124606.55,124584.38,124600.03,278
2024-08-02 23:00:00,124600.03,133500.88,115905.84,120222.86,2973
2024-08-05 00:00:00,120222.86,123286.26,119880.2,121285.44,2991
2024-08-05 01:00:00,121285.44,121559.23,121097.83,121475.0,2980
2024-08-05 02:00:00,121475.0,121553.77,121161.19,121217.78,2897
2024-08-05 03:00:00,121217.78,121335.16,121074.74,121166.29,2968
2024-08-05 04:00:00,121166.29,121281.86,121004.58,121236.74,2995
2024-08-05 05:00:00,121236.74,121334.75,121111.73,121225.72,2974
2024-08-05 06:00:00,121225.72,121463.29,121113.68,121426.16,2960
2024-08-05 07:00:00,121426.16,121496.82,121182.23,121233.45,2915
2024-08-05 08:00:00,121233.45,121711.8,120424.34,120804.75,67447
2024-08-05 09:00:00,120804.75,121294.76,119885.97,120198.79,63481
2024-08-05 10:00:00,120198.79,120252.12,119063.81,119325.59,66694
2024-08-05 11:00:00,119325.59,122630.0,115098.29,117014.12,63618
2024-08-05 12:00:00,117014.12,117371.84,116350.76,117075.19,65362
2024-08-05 13:00:00,117075.19,117817.39,116356.39,117646.49,88695
2024-08-05 14:00:00,117646.49,119281.19,116869.24,118836.12,90987
2024-08-05 15:00:00,118836.12,119034.87,117562.72,118009.1,91736
2024-08-05 16:00:00,118009.1,119769.48,117876.15,118865.4,93592
2024-08-05 17:00:00,118865.4,119260.39,117726.51,117935.91,87938
2024-08-05 18:00:00,117935.91,118258.73,116267.36,117640.18,88340
2024-08-05 19:00:00,117640.18,118912.04,116531.02,118210.19,90606
2024-08-05 20:00:00,118210.19,119529.2,117784.7,119246.09,92766
2024-08-05 21:00:00,119246.09,119565.27,119193.38,119550.54,3037
2024-08-05 22:00:00,119550.54,125310.17,118089.72,121408.18,268
2024-08-05 23:00:00,121408.18,121471.31,121110.71,121189.27,2955
2024-08-06 00:00:00,121189.27,121529.89,121086.12,121464.64,2949
2024-08-06 01:00:00,121464.64,121596.57,121389.23,121555.69,3011
2024-08-06 02:00:00,121555.69,121584.49,121250.11,121333.48,2947
2024-08-06 03:00:00,121333.48,121390.54,121102.19,121154.27,2961
2024-08-06 04:00:00,121154.27,121381.48,121084.68,121207.89,3006
2024-08-06 05:00:00,121207.89,121244.53,120962.56,121191.48,2961
2024-08-06 06:00:00,121191.48,121284.61,121032.05,121078.24,2987
2024-08-06 07:00:00,121078.24,121172.33,120951.91,121036.05,3032
2024-08-06 08:00:00,121036.05,122330.95,120663.55,122199.46,66591
2024-08-06 09:00:00,122199.46,122487.16,121136.54,121350.22,64843
2024-08-06 10:00:00,121350.22,122081.63,120825.31,121988.2,64603
2024-08-06 11:00:00,121988.2,123700.41,121480.54,123503.8,65499
2024-08-06 12:00:00,123503.8,128065.54,121166.54,122425.54,63937
2024-08-06 13:00:00,122425.54,123564.14,121861.45,123186.23,89860
2024-08-06 14:00:00,123186.23,126447.2,122198.7,125840.38,90252
2024-08-06 15:00:00,125840.38,126543.38,125055.26,126049.53,87873
2024-08-06 16:00:00,126049.53,128272.69,125702.42,128044.44,91168
2024-08-06 17:00:00,128044.44,129532.0,127656.0,127797.08,89100
2024-08-06 18:00:00,127797.08,129582.48,127675.67,129240.88,88452
2024-08-06 19:00:00,129240.88,129486.86,127454.84,128499.39,88809
2024-08-06 20:00:00,128499.39,130176.86,127597.25,129847.57,89319
2024-08-06 21:00:00,129847.57,129981.18,129633.69,129955.92,2964
2024-08-06 22:00:00,129955.92,132540.79,126839.03,127060.14,272
2024-08-06 23:00:00,127060.14,127173.84,126920.85,127016.24,2937
2024-08-07 00:00:00,127016.24,127122.34,126761.15,126886.15,3010
2024-08-07 01:00:00,126886.15,127038.1,126802.91,126832.87,2942
2024-08-07 02:00:00,126832.87,132528.16,123205.99,129745.21,2970
2024-08-07 03:00:00,129745.21,129883.79,129533.54,129629.87,2991
2024-08-07 04:00:00,129629.87,129704.66,129466.19,129586.28,2930
2024-08-07 05:00:00,129586.28,129718.27,129387.32,129619.66,2867
2024-08-07 06:00:00,129619.66,129824.65,129533.71,129690.35,2932
2024-08-07 07:00:00,129690.35,129831.03,129502.24,129629.2,2979
2024-08-07 08:00:00,129629.2,129905.43,128150.07,128237.73,65288
2024-08-07 09:00:00,128237.73,128795.38,127807.73,128271.21,66737
2024-08-07 10:00:00,128271.21,128914.28,127742.95,127877.05,66576
2024-08-07 11:00:00,127877.05,129043.17,127352.8,128581.39,64895
2024-08-07 12:00:00,128581.39,131613.39,123472.79,126536.77,65493
2024-08-07 13:00:00,126536.77,127725.01,126175.21,127151.39,90585
2024-08-07 14:00:00,127151.39,133183.63,126728.76,131904.35,88748
2024-08-07 15:00:00,131904.35,135582.27,114326.62,121462.83,90906
2024-08-07 16:00:00,121462.83,123510.78,120356.1,120579.06,89921
2024-08-07 17:00:00,120579.06,120864.5,115857.7,119034.75,91453
2024-08-07 18:00:00,119034.75,120443.46,117880.79,119354.54,90922
2024-08-07 19:00:00,119354.54,123307.15,116731.67,121411.92,90132
2024-08-07 20:00:00,121411.92,122259.97,119120.86,120200.8,88401
2024-08-07 21:00:00,120200.8,120298.04,119093.52,119141.36,2965
2024-08-07 22:00:00,119141.36,119169.02,118261.75,118266.85,270
2024-08-07 23:00:00,118266.85,118358.19,116985.75,117071.3,2958
2024-08-08 00:00:00,117071.3,117351.23,116966.74,117103.82,2961
2024-08-08 01:00:00,117103.82,117168.12,116163.24,116295.48,2979
2024-08-08 02:00:00,116295.48,116390.83,115787.66,115943.92,2966
2024-08-08 03:00:00,115943.92,116055.57,115509.31,115559.02,3038
2024-08-08 04:00:00,115559.02,115668.2,114599.88,114702.2,2958
2024-08-08 05:00:00,114702.2,114735.48,113858.79,113868.83,2940
2024-08-08 06:00:00,113868.83,113878.01,113060.26,113221.79,2966
2024-08-08 07:00:00,113221.79,113276.71,112429.7,112695.89,2927
2024-08-08 08:00:00,112695.89,115247.7,112124.77,114130.51,66436
2024-08-08 09:00:00,114130.51,114645.21,113041.39,113497.05,65184
2024-08-08 10:00:00,113497.05,116908.34,111661.12,112979.9,64791
2024-08-08 11:00:00,112979.9,115411.84,111668.28,114681.88,65560
2024-08-08 12:00:00,114681.88,116509.14,114424.75,116094.85,65529
2024-08-08 13:00:00,116094.85,118510.42,114913.13,116704.64,89596
2024-08-08 14:00:00,116704.64,118890.48,115558.05,117334.1,89545
2024-08-08 15:00:00,117334.1,118096.76,114305.22,115217.99,89697
2024-08-08 16:00:00,115217.99,116055.76,112445.49,113111.3,91697
2024-08-08 17:00:00,113111.3,118708.44,104880.05,115661.16,87535
2024-08-08 18:00:00,115661.16,122885.22,113774.67,119166.72,89386
2024-08-08 19:00:00,119166.72,119592.06,118200.74,118666.2,91056
2024-08-08 20:00:00,118666.2,118853.69,117364.18,117597.56,89462
2024-08-08 21:00:00,117597.56,117639.21,117383.33,117452.46,2989
2024-08-08 22:00:00,117452.46,117454.78,117417.95,117436.8,282
2024-08-08 23:00:00,117436.8,117622.25,117317.33,117485.9,2917
2024-08-09 00:00:00,117485.9,117750.22,112874.9,115640.83,3004
2024-08-09 01:00:00,115640.83,115772.71,115515.02,115632.18,3013
2024-08-09 02:00:00,115632.18,115661.89,115432.29,115503.37,3004
2024-08-09 03:00:00,115503.37,115586.18,115316.75,115434.37,2978
2024-08-09 04:00:00,115434.37,115483.0,115145.98,115159.94,3046
2024-08-09 05:00:00,115159.94,115431.17,115040.15,115385.95,2977
2024-08-09 06:00:00,115385.95,115585.77,115226.51,115530.86,2941
2024-08-09 07:00:00,115530.86,115604.92,115335.07,115493.96,3014
2024-08-09 08:00:00,115493.96,116759.93,115272.81,116115.64,65493
2024-08-09 09:00:00,116115.64,116893.46,115887.16,116509.16,64186
2024-08-09 10:00:00,116509.16,117131.36,115980.0,116824.73,65907
2024-08-09 11:00:00,116824.73,117468.58,116177.43,117159.14,66001
2024-08-09 12:00:00,117159.14,121930.49,115138.27,118591.45,65970
2024-08-09 13:00:00,118591.45,119058.97,117747.85,118646.04,91545
2024-08-09 14:00:00,118646.04,120862.66,118561.26,120477.1,89238
2024-08-09 15:00:00,120477.1,121832.47,119733.37,120687.07,90338
2024-08-09 16:00:00,120687.07,122215.93,120260.25,122168.17,88854
2024-08-09 17:00:00,122168.17,123498.04,121076.23,121256.36,88543
2024-08-09 18:00:00,121256.36,122104.52,120148.84,120549.22,90183
2024-08-09 19:00:00,120549.22,124902.01,114568.13,124108.02,90479
2024-08-09 20:00:00,124108.02,125061.63,123154.06,123512.99,90469
2024-08-09 21:00:00,123512.99,123652.87,123366.95,123518.81,2926
2024-08-09 22:00:00,123518.81,123541.22,123505.75,123513.39,267
2024-08-09 23:00:00,123513.39,123702.84,123396.17,123624.83,2853
2024-08-12 00:00:00,123624.83,123703.2,123454.23,123558.18,3027
2024-08-12 01:00:00,123558.18,123727.24,123345.99,123370.15,3007
2024-08-12 02:00:00,123370.15,123415.71,123151.67,123259.19,2996
2024-08-12 03:00:00,123259.19,123542.46,123231.99,123432.63,2982
2024-08-12 04:00:00,123432.63,123506.47,123180.82,123209.63,2922
2024-08-12 05:00:00,123209.63,123304.73,123084.4,123187.83,3066
2024-08-12 06:00:00,123187.83,123368.77,123063.38,123317.45,3011
2024-08-12 07:00:00,123317.45,123514.66,123236.07,123409.73,2891
2024-08-12 08:00:00,123409.73,124332.87,123128.6,123844.96,65845
2024-08-12 09:00:00,123844.96,124060.61,122775.03,123293.51,66233
2024-08-12 10:00:00,123293.51,124566.46,122956.75,123774.03,66902
2024-08-12 11:00:00,123774.03,124606.92,123352.89,124232.95,66903
2024-08-12 12:00:00,124232.95,124606.06,123088.02,124146.52,67199
2024-08-12 13:00:00,124146.52,125209.54,123790.43,123957.04,89489
2024-08-12 14:00:00,123957.04,124488.62,122518.42,123362.49,92455
2024-08-12 15:00:00,123362.49,124844.87,123272.25,124636.17,91544
2024-08-12 16:00:00,124636.17,125752.43,124269.22,125324.32,89851
2024-08-12 17:00:00,125324.32,126341.15,124938.41,125244.67,87700
2024-08-12 18:00:00,125244.67,125482.38,124447.34,124846.57,90400
2024-08-12 19:00:00,124846.57,125321.07,124140.66,124926.46,90109
2024-08-12 20:00:00,124926.46,126830.04,124335.76,126036.0,90219
2024-08-12 21:00:00,126036.0,126129.93,125733.57,125786.8,2957
2024-08-12 22:00:00,125786.8,125798.0,125774.12,125786.74,269
2024-08-12 23:00:00,125786.74,125941.79,125462.26,125491.73,3012
2024-08-13 00:00:00,125491.73,125519.95,125154.16,125211.78,2914
2024-08-13 01:00:00,125211.78,125349.42,124998.78,125034.66,3034
2024-08-13 02:00:00,125034.66,125268.15,124957.72,125106.45,3022
2024-08-13 03:00:00,125106.45,125145.37,124698.59,124787.23,2950
2024-08-13 04:00:00,124787.23,125035.46,124707.72,124945.31,2975
2024-08-13 05:00:00,124945.31,125398.42,124920.48,125231.83,2890
2024-08-13 06:00:00,125231.83,125335.02,125054.53,125252.75,2989
2024-08-13 07:00:00,125252.75,125398.17,124914.57,124930.47,3001
2024-08-13 08:00:00,124930.47,125524.37,124228.93,124723.28,64058
2024-08-13 09:00:00,124723.28,125723.36,123960.51,125593.67,66253
2024-08-13 10:00:00,125593.67,126347.6,124862.34,125241.69,65104
2024-08-13 11:00:00,125241.69,125991.64,124947.94,125456.08,65929
2024-08-13 12:00:00,125456.08,125618.71,124318.32,124987.08,65375
2024-08-13 13:00:00,124987.08,131560.77,122358.3,127094.46,88851
2024-08-13 14:00:00,127094.46,129838.75,126961.04,128590.82,90996
2024-08-13 15:00:00,128590.82,130247.17,128144.68,129361.08,87789
2024-08-13 16:00:00,129361.08,130642.38,128866.67,130359.24,88667
2024-08-13 17:00:00,130359.24,130992.54,128875.53,129464.68,90695
2024-08-13 18:00:00,129464.68,130870.53,128708.49,130002.81,89564
2024-08-13 19:00:00,130002.81,131307.19,129610.85,131058.06,89180
2024-08-13 20:00:00,131058.06,131320.04,129520.61,129893.58,87133
2024-08-13 21:00:00,129893.58,134453.88,124419.0,127544.27,2971
2024-08-13 22:00:00,127544.27,127559.99,127528.05,127540.12,268
2024-08-13 23:00:00,127540.12,127699.42,127472.02,127600.4,3018
2024-08-14 00:00:00,127600.4,128537.89,122722.77,125767.8,3093
2024-08-14 01:00:00,125767.8,126035.61,125721.79,125881.99,2926
2024-08-14 02:00:00,125881.99,131329.77,119074.31,123357.35,2926
2024-08-14 03:00:00,123357.35,123414.32,123047.34,123165.02,2956
2024-08-14 04:00:00,123165.02,123238.95,122957.44,123124.42,2853
2024-08-14 05:00:00,123124.42,123345.84,123088.18,123158.98,2936
2024-08-14 06:00:00,123158.98,123232.61,122911.11,122949.25,2939
2024-08-14 07:00:00,122949.25,123159.43,122849.3,123097.65,2999
2024-08-14 08:00:00,123097.65,123620.96,122431.34,123180.77,65850
2024-08-14 09:00:00,123180.77,123464.83,122497.47,122740.87,66005
2024-08-14 10:00:00,122740.87,122985.15,121817.88,122269.79,64599
2024-08-14 11:00:00,122269.79,122661.52,121588.2,122336.73,66106
2024-08-14 12:00:00,122336.73,123078.24,122014.32,122822.16,65076
2024-08-14 13:00:00,122822.16,123674.05,121825.7,122282.12,89369
2024-08-14 14:00:00,122282.12,123415.96,121399.44,123067.17,90842
2024-08-14 15:00:00,123067.17,123689.32,121686.55,123356.13,91556
2024-08-14 16:00:00,123356.13,123501.15,121750.89,122766.63,87485
2024-08-14 17:00:00,122766.63,123739.12,122597.19,123172.61,89860
2024-08-14 18:00:00,123172.61,125147.81,122285.46,124681.4,88996
2024-08-14 19:00:00,124681.4,125899.1,124385.53,125478.05,89584
2024-08-14 20:00:00,125478.05,127670.42,124778.11,127078.1,90930
2024-08-14 21:00:00,127078.1,127210.34,126869.27,126939.42,2939
2024-08-14 22:00:00,126939.42,126962.36,126932.53,126938.28,271
2024-08-14 23:00:00,126938.28,127077.87,126870.35,126924.08,2922
2024-08-15 00:00:00,126924.08,129522.85,119158.73,124539.83,2985
2024-08-15 01:00:00,124539.83,124776.98,124525.79,124678.02,2999
2024-08-15 02:00:00,124678.02,124810.2,124471.53,124585.48,2992
2024-08-15 03:00:00,124585.48,124767.6,124473.53,124618.38,2974
2024-08-15 04:00:00,124618.38,125069.26,124604.31,124993.75,3042
2024-08-15 05:00:00,124993.75,125171.84,124855.76,125088.76,2900
2024-08-15 06:00:00,125088.76,125124.28,124880.1,124989.95,2977
2024-08-15 07:00:00,124989.95,125256.02,124919.49,125070.44,2998
2024-08-15 08:00:00,125070.44,126362.45,124608.89,125972.34,64124
2024-08-15 09:00:00,125972.34,126355.98,124923.11,125626.85,65567
2024-08-15 10:00:00,125626.85,126952.52,125319.14,125843.42,64659
2024-08-15 11:00:00,125843.42,126413.23,124987.73,125344.95,65565
2024-08-15 12:00:00,125344.95,126004.96,124918.34,125805.42,67109
2024-08-15 13:00:00,125805.42,127185.08,125173.57,127142.03,89144
2024-08-15 14:00:00,127142.03,127961.07,126553.33,127251.83,88189
2024-08-15 15:00:00,127251.83,127977.6,126635.22,127359.54,89742
2024-08-15 16:00:00,127359.54,132184.12,125449.51,128646.02,86999
2024-08-15 17:00:00,128646.02,129527.16,127684.17,128581.7,89910
2024-08-15 18:00:00,128581.7,129057.58,127244.91,127529.64,89202
2024-08-15 19:00:00,127529.64,128314.82,126912.52,127419.74,89749
2024-08-15 20:00:00,127419.74,128110.39,126558.7,126842.58,89400
2024-08-15 21:00:00,126842.58,126968.34,126702.23,126916.76,2985
2024-08-15 22:00:00,126916.76,126934.4,126900.62,126923.01,274
2024-08-15 23:00:00,126923.01,127245.73,126899.57,127192.7,2919
2024-08-16 00:00:00,127192.7,127332.62,127026.83,127268.69,2994
2024-08-16 01:00:00,127268.69,127404.23,127092.78,127351.57,3025
2024-08-16 02:00:00,127351.57,127373.65,127089.16,127210.7,2978
2024-08-16 03:00:00,127210.7,130572.4,125209.83,128142.61,3070
2024-08-16 04:00:00,128142.61,128485.32,128035.99,128442.74,2951
2024-08-16 05:00:00,128442.74,128641.37,128352.9,128541.86,2935
2024-08-16 06:00:00,128541.86,128544.1,128292.64,128439.83,2923
2024-08-16 07:00:00,128439.83,128569.11,128360.57,128481.99,2943
2024-08-16 08:00:00,128481.99,129290.3,127455.63,128223.93,64923
2024-08-16 09:00:00,128223.93,129343.59,127498.44,128478.74,65336
2024-08-16 10:00:00,128478.74,129059.75,127751.62,128032.59,64997
2024-08-16 11:00:00,128032.59,129063.06,127381.17,128393.58,64724
2024-08-16 12:00:00,128393.58,128758.97,127639.89,128229.77,65195
2024-08-16 13:00:00,128229.77,129053.65,125960.73,126384.16,90259
2024-08-16 14:00:00,126384.16,127632.07,125386.44,126194.53,92695
2024-08-16 15:00:00,126194.53,130088.01,122098.36,128579.28,89945
2024-08-16 16:00:00,128579.28,138368.86,127520.24,134721.78,90569
2024-08-16 17:00:00,134721.78,135360.26,133196.62,133796.83,89741
2024-08-16 18:00:00,133796.83,134339.8,131779.94,132525.32,89837
2024-08-16 19:00:00,132525.32,133517.98,131840.22,132873.23,90852
2024-08-16 20:00:00,132873.23,133644.32,131007.56,131447.94,87768
2024-08-16 21:00:00,131447.94,135110.11,127279.64,128852.04,3036
2024-08-16 22:00:00,128852.04,130448.34,122605.95,126770.4,272
2024-08-16 23:00:00,126770.4,126833.54,126524.79,126589.07,2952
2024-08-19 00:00:00,126589.07,126646.63,126381.58,126418.77,2933
2024-08-19 01:00:00,126418.77,126636.8,126334.77,126534.85,2992
2024-08-19 02:00:00,126534.85,126694.94,126419.95,126594.0,2896
2024-08-19 03:00:00,126594.0,126689.65,126355.25,126542.16,3002
2024-08-19 04:00:00,126542.16,126781.94,126525.92,126571.27,3002
2024-08-19 05:00:00,126571.27,126786.53,126459.81,126613.23,2990
2024-08-19 06:00:00,126613.23,126849.88,126583.78,126774.11,2925
2024-08-19 07:00:00,126774.11,127054.77,126668.85,126974.11,2940
2024-08-19 08:00:00,126974.11,127532.6,126040.58,126589.96,66804
2024-08-19 09:00:00,126589.96,126780.34,125175.29,125342.46,65038
2024-08-19 10:00:00,125342.46,125765.2,120721.79,123582.46,66361
2024-08-19 11:00:00,123582.46,124016.07,122906.18,123374.28,65317
2024-08-19 12:00:00,123374.28,124256.34,122780.41,123214.17,65081
2024-08-19 13:00:00,123214.17,129048.51,121196.81,126209.51,89603
2024-08-19 14:00:00,126209.51,126909.93,125225.64,125661.63,90341
2024-08-19 15:00:00,125661.63,125746.4,124266.64,124341.26,89310
2024-08-19 16:00:00,124341.26,125166.75,123476.41,124443.29,88749
2024-08-19 17:00:00,124443.29,124738.44,122716.89,123630.14,91526
2024-08-19 18:00:00,123630.14,124623.64,123180.71,123950.75,87822
2024-08-19 19:00:00,123950.75,126461.93,123813.31,124888.64,89227
2024-08-19 20:00:00,124888.64,127200.12,124422.85,126517.14,90600
2024-08-19 21:00:00,126517.14,126550.74,126168.43,126232.56,3043
2024-08-19 22:00:00,126232.56,129595.69,125536.53,127471.55,264
2024-08-19 23:00:00,127471.55,132945.99,124831.79,129680.58,2950
2024-08-20 00:00:00,129680.58,135307.12,128187.39,131493.32,2960
2024-08-20 01:00:00,131493.32,131598.6,131311.72,131397.11,2956
2024-08-20 02:00:00,131397.11,131553.74,131233.47,131356.11,2964
2024-08-20 03:00:00,131356.11,131565.29,131188.69,131517.48,3009
2024-08-20 04:00:00,131517.48,131781.88,131384.15,131587.77,2932
2024-08-20 05:00:00,131587.77,131615.3,131409.86,131489.43,3008
2024-08-20 06:00:00,131489.43,131643.1,131391.04,131480.11,2943
2024-08-20 07:00:00,131480.11,131524.87,131314.72,131355.39,2947
2024-08-20 08:00:00,131355.39,131921.05,130495.9,131127.08,65573
2024-08-20 09:00:00,131127.08,132182.03,130699.07,131874.23,64712
2024-08-20 10:00:00,131874.23,132258.24,130679.48,131045.94,66669
2024-08-20 11:00:00,131045.94,131314.48,129373.16,130252.46,66060
2024-08-20 12:00:00,130252.46,130536.47,129388.6,129816.03,66862
2024-08-20 13:00:00,129816.03,131970.35,122052.99,125980.12,87291
2024-08-20 14:00:00,125980.12,126741.62,124969.89,125619.25,90721
2024-08-20 15:00:00,125619.25,126514.92,124898.93,126344.59,87364
2024-08-20 16:00:00,126344.59,126418.87,124685.44,125512.85,91030
2024-08-20 17:00:00,125512.85,126898.3,124678.89,126355.34,88254
2024-08-20 18:00:00,126355.34,127387.25,125622.26,127155.66,88595
2024-08-20 19:00:00,127155.66,128353.77,126445.33,128150.35,90780
2024-08-20 20:00:00,128150.35,129314.17,127302.18,128512.0,88027
2024-08-20 21:00:00,128512.0,128571.65,128319.29,128389.39,3054
2024-08-20 22:00:00,128389.39,128410.06,128385.88,128398.73,272
2024-08-20 23:00:00,128398.73,128533.15,128226.77,128468.66,2942
2024-08-21 00:00:00,128468.66,128628.47,128371.42,128453.26,2981
2024-08-21 01:00:00,128453.26,128635.25,128320.54,128594.88,2953
2024-08-21 02:00:00,128594.88,128782.14,128426.49,128581.17,2898
2024-08-21 03:00:00,128581.17,128920.13,126192.61,127702.44,3002
2024-08-21 04:00:00,127702.44,127742.73,127461.41,127557.49,3018
2024-08-21 05:00:00,127557.49,127709.1,127468.69,127601.75,2968
2024-08-21 06:00:00,127601.75,127725.81,127376.01,127455.25,2992
2024-08-21 07:00:00,127455.25,127481.49,127166.8,127239.45,3063
2024-08-21 08:00:00,127239.45,127313.7,126151.2,126435.33,65973
2024-08-21 09:00:00,126435.33,127169.59,126046.33,126925.05,66008
2024-08-21 10:00:00,126925.05,127110.29,125221.8,125777.46,65738
2024-08-21 11:00:00,125777.46,126696.3,125634.67,125932.36,65234
2024-08-21 12:00:00,125932.36,126501.03,125082.01,125667.42,67231
2024-08-21 13:00:00,125667.42,127934.07,125269.05,127517.22,91808
2024-08-21 14:00:00,127517.22,128460.79,121867.85,122104.01,90795
2024-08-21 15:00:00,122104.01,124890.82,121260.24,124488.0,91884
2024-08-21 16:00:00,124488.0,130216.68,118388.82,125379.15,91672
2024-08-21 17:00:00,125379.15,125844.39,122264.71,123938.8,91253
2024-08-21 18:00:00,123938.8,124638.21,118824.71,119508.31,89586
2024-08-21 19:00:00,119508.31,123007.67,118532.35,121746.94,91367
2024-08-21 20:00:00,121746.94,123358.77,119657.28,121146.65,90554
2024-08-21 21:00:00,121146.65,121185.21,120430.68,120514.92,2937
2024-08-21 22:00:00,120514.92,120530.62,119590.67,119625.88,269
2024-08-21 23:00:00,119625.88,119752.77,119141.86,119190.56,2919
2024-08-22 00:00:00,119190.56,119307.41,118085.83,118123.09,2997
2024-08-22 01:00:00,118123.09,118234.85,117091.02,117154.64,2961
2024-08-22 02:00:00,117154.64,117219.43,116492.34,116661.33,2995
2024-08-22 03:00:00,116661.33,116788.32,115862.73,115927.53,2991
2024-08-22 04:00:00,115927.53,116098.72,115429.2,115588.99,3014
2024-08-22 05:00:00,115588.99,115728.97,114079.19,114131.04,2928
2024-08-22 06:00:00,114131.04,114227.96,112744.3,112835.49,3034
2024-08-22 07:00:00,112835.49,112920.04,111667.05,111740.26,2965
2024-08-22 08:00:00,111740.26,111917.33,109599.3,110824.32,65101
2024-08-22 09:00:00,110824.32,111763.37,109064.82,109259.62,64992
2024-08-22 10:00:00,109259.62,110894.42,108264.91,109484.55,64112
2024-08-22 11:00:00,109484.55,111860.59,107475.03,108209.4,64504
2024-08-22 12:00:00,108209.4,109269.72,106773.01,107510.39,66896
2024-08-22 13:00:00,107510.39,109274.84,106700.94,108099.47,88957
2024-08-22 14:00:00,108099.47,109561.01,105895.94,106373.49,90447
2024-08-22 15:00:00,106373.49,106823.49,101748.03,102501.01,87409
2024-08-22 16:00:00,102501.01,103679.42,101080.04,103060.38,91017
2024-08-22 17:00:00,103060.38,103338.45,98106.6,99044.21,88187
2024-08-22 18:00:00,99044.21,101809.61,97741.1,101172.12,89822
2024-08-22 19:00:00,101172.12,102147.89,99167.36,101593.83,90250
2024-08-22 20:00:00,101593.83,102782.85,100833.69,101841.87,91625
2024-08-22 21:00:00,101841.87,101893.86,100830.57,100910.55,2956
2024-08-22 22:00:00,100910.55,100933.18,100112.54,100137.05,268
2024-08-22 23:00:00,100137.05,100169.27,99387.53,99520.5,2983
2024-08-23 00:00:00,99520.5,99645.09,98827.6,98873.25,3048
2024-08-23 01:00:00,98873.25,98987.5,98053.97,98085.05,2992
2024-08-23 02:00:00,98085.05,98118.48,97451.03,97597.04,3033
2024-08-23 03:00:00,97597.04,97756.52,96959.84,97417.46,2921
2024-08-23 04:00:00,97417.46,97444.29,96729.47,96747.67,2965
2024-08-23 05:00:00,96747.67,96796.49,96156.44,96172.55,2959
2024-08-23 06:00:00,96172.55,96219.41,95522.91,95638.34,2935
2024-08-23 07:00:00,95638.34,95806.89,94573.15,94694.31,2985
2024-08-23 08:00:00,94694.31,95031.33,93734.77,94743.2,65584
2024-08-23 09:00:00,94743.2,95563.02,94409.01,94832.71,66646
2024-08-23 10:00:00,94832.71,95536.23,90832.02,93288.55,65789
2024-08-23 11:00:00,93288.55,93690.32,93028.53,93220.8,68771
2024-08-23 12:00:00,93220.8,94378.54,92774.66,93707.05,66087
2024-08-23 13:00:00,93707.05,94131.43,92829.79,93533.26,90561
2024-08-23 14:00:00,93533.26,93966.34,92466.75,93550.47,88575
2024-08-23 15:00:00,93550.47,94530.94,93329.82,94179.98,91546
2024-08-23 16:00:00,94179.98,94837.1,93507.02,94153.66,88620
2024-08-23 17:00:00,94153.66,95069.6,93406.29,93587.12,88468
2024-08-23 18:00:00,93587.12,94593.09,93338.65,94376.78,89672
2024-08-23 19:00:00,94376.78,95576.76,93890.21,95405.06,89035
2024-08-23 20:00:00,95405.06,95757.49,94429.18,95155.53,88323
2024-08-23 21:00:00,95155.53,95218.3,94894.49,94917.53,2978
2024-08-23 22:00:00,94917.53,94943.43,94910.46,94942.89,278
2024-08-23 23:00:00,94942.89,95075.01,94891.99,94954.45,2932
2024-08-26 00:00:00,94954.45,95156.69,94893.47,95064.9,2859
2024-08-26 01:00:00,95064.9,95112.76,94765.99,94836.45,3003
2024-08-26 02:00:00,94836.45,95055.04,94815.68,95013.23,2904
2024-08-26 03:00:00,95013.23,95121.72,94919.31,95065.54,3010
2024-08-26 04:00:00,95065.54,95270.81,94980.43,95165.26,2959
2024-08-26 05:00:00,95165.26,95282.41,95105.18,95192.13,2880
2024-08-26 06:00:00,95192.13,95427.95,95172.25,95395.06,3034
2024-08-26 07:00:00,95395.06,95481.82,95292.18,95430.05,3026
2024-08-26 08:00:00,95430.05,95607.49,94578.14,94885.27,65799
2024-08-26 09:00:00,94885.27,95540.01,94548.49,94838.28,65660
2024-08-26 10:00:00,94838.28,95406.24,93954.77,95274.26,65727
2024-08-26 11:00:00,95274.26,95648.65,94183.39,94579.09,65826
2024-08-26 12:00:00,94579.09,94917.06,93720.64,94691.28,66336
2024-08-26 13:00:00,94691.28,95561.58,94188.64,94961.41,89849
2024-08-26 14:00:00,94961.41,95183.03,93558.76,93790.33,89957
2024-08-26 15:00:00,93790.33,94319.25,93153.86,93970.87,89907
2024-08-26 16:00:00,93970.87,94263.54,93194.24,93959.83,93056
2024-08-26 17:00:00,93959.83,94892.62,93668.56,94281.11,89998
2024-08-26 18:00:00,94281.11,94524.41,93210.66,93452.96,89462
2024-08-26 19:00:00,93452.96,93923.77,92152.6,92517.74,89723
2024-08-26 20:00:00,92517.74,92922.37,91091.79,91363.89,89539
2024-08-26 21:00:00,91363.89,91495.6,91289.53,91460.58,2897
2024-08-26 22:00:00,91460.58,91475.49,91455.77,91471.51,268
2024-08-26 23:00:00,91471.51,91562.36,91360.59,91480.95,2887
2024-08-27 00:00:00,91480.95,91569.58,91375.67,91438.22,2898
2024-08-27 01:00:00,91438.22,91660.88,91346.13,91531.46,2995
2024-08-27 02:00:00,91531.46,92628.85,90395.46,90846.19,2864
2024-08-27 03:00:00,90846.19,90998.53,90799.27,90926.9,2918
2024-08-27 04:00:00,90926.9,92315.97,88050.29,89293.83,3047
2024-08-27 05:00:00,89293.83,89331.74,89084.97,89216.1,2906
2024-08-27 06:00:00,89216.1,89399.43,89188.29,89253.14,2936
2024-08-27 07:00:00,89253.14,89399.05,89219.52,89390.1,3023
2024-08-27 08:00:00,89390.1,89920.17,89109.8,89547.0,67786
2024-08-27 09:00:00,89547.0,90001.17,89375.71,89711.4,66549
2024-08-27 10:00:00,89711.4,89865.76,88981.74,89197.22,64978
2024-08-27 11:00:00,89197.22,89834.83,88906.41,89577.16,65857
2024-08-27 12:00:00,89577.16,89814.4,88840.69,89642.62,64501
2024-08-27 13:00:00,89642.62,90111.45,88188.96,88505.01,91303
2024-08-27 14:00:00,88505.01,90062.95,87253.66,87692.53,88041
2024-08-27 15:00:00,87692.53,88780.91,87327.5,87869.3,93203
2024-08-27 16:00:00,87869.3,88361.09,87144.73,87703.56,91820
2024-08-27 17:00:00,87703.56,88538.95,87567.25,88330.93,88832
2024-08-27 18:00:00,88330.93,88773.4,87350.55,88162.15,89401
2024-08-27 19:00:00,88162.15,89878.79,87733.53,89335.87,89402
2024-08-27 20:00:00,89335.87,90080.26,86663.62,88461.69,90329
2024-08-27 21:00:00,88461.69,88535.01,88325.55,88438.23,3070
2024-08-27 22:00:00,88438.23,88441.55,88424.68,88429.7,273
2024-08-27 23:00:00,88429.7,88569.07,88342.44,88390.96,2968
2024-08-28 00:00:00,88390.96,88462.81,88239.83,88446.3,2945
2024-08-28 01:00:00,88446.3,90285.65,87028.02,87373.2,2948
2024-08-28 02:00:00,87373.2,87520.53,86838.24,87037.39,2892
2024-08-28 03:00:00,87037.39,92520.87,82160.14,88199.25,2946
2024-08-28 04:00:00,88199.25,88214.08,87525.3,87569.4,2995
2024-08-28 05:00:00,87569.4,87695.04,86684.63,86787.73,2983
2024-08-28 06:00:00,86787.73,86808.19,86182.59,86334.33,2959
2024-08-28 07:00:00,86334.33,86491.68,85859.44,85926.14,2952
2024-08-28 08:00:00,85926.14,86480.41,84317.34,84545.45,65624
2024-08-28 09:00:00,84545.45,85945.25,81270.8,82943.41,65523
2024-08-28 10:00:00,82943.41,83526.94,81745.41,82351.46,68220
2024-08-28 11:00:00,82351.46,82566.93,80332.82,80620.26,68017
2024-08-28 12:00:00,80620.26,81290.78,78785.81,79246.91,66522
2024-08-28 13:00:00,79246.91,79680.48,76744.21,77116.25,92747
2024-08-28 14:00:00,77116.25,78499.68,76560.45,77401.7,90811
2024-08-28 15:00:00,77401.7,77863.71,76035.84,77239.93,89617
2024-08-28 16:00:00,77239.93,78108.0,76559.25,77322.36,88129
2024-08-28 17:00:00,77322.36,77670.68,74082.81,76373.28,90983
2024-08-28 18:00:00,76373.28,80461.66,75129.49,77028.53,91396
2024-08-28 19:00:00,77028.53,78362.65,75797.33,76277.11,87659
2024-08-28 20:00:00,76277.11,78117.15,76086.33,77376.8,87106
2024-08-28 21:00:00,77376.8,77479.42,76809.54,76958.35,3040
2024-08-28 22:00:00,76958.35,76973.86,76401.47,76407.68,265
2024-08-28 23:00:00,76407.68,76418.14,75932.52,75993.66,2985
2024-08-29 00:00:00,75993.66,76070.1,75498.31,75601.51,2955
2024-08-29 01:00:00,75601.51,75647.65,74821.84,74875.61,2961
2024-08-29 02:00:00,74875.61,74942.24,74216.95,74232.59,2933
2024-08-29 03:00:00,74232.59,74291.29,73704.19,73781.56,2969
2024-08-29 04:00:00,73781.56,73797.18,73067.45,73073.56,2936
2024-08-29 05:00:00,73073.56,73129.97,72621.39,72674.8,2921
2024-08-29 06:00:00,72674.8,72780.53,71929.54,71977.08,2936
2024-08-29 07:00:00,71977.08,71991.14,71362.54,71436.0,2950
2024-08-29 08:00:00,71436.0,71989.84,69880.8,70385.37,66100
2024-08-29 09:00:00,70385.37,70619.11,68256.27,68498.33,64569
2024-08-29 10:00:00,68498.33,70283.38,64531.48,66875.26,64395
2024-08-29 11:00:00,66875.26,67963.78,66771.26,67190.39,68004
2024-08-29 12:00:00,67190.39,67341.62,65517.55,65943.35,66880
2024-08-29 13:00:00,65943.35,67163.58,65294.27,66558.79,88456
2024-08-29 14:00:00,66558.79,66972.89,63914.79,64218.89,88446
2024-08-29 15:00:00,64218.89,65541.02,63997.79,64790.26,90482
2024-08-29 16:00:00,64790.26,65995.23,64304.11,65168.14,89087
2024-08-29 17:00:00,65168.14,66294.9,64859.27,65179.18,91401
2024-08-29 18:00:00,65179.18,65830.45,64062.3,65359.62,89734
2024-08-29 19:00:00,65359.62,66103.64,64550.44,65153.13,90682
2024-08-29 20:00:00,65153.13,65329.9,62717.02,63990.17,90155
2024-08-29 21:00:00,63990.17,64041.74,63349.29,63530.93,2958
2024-08-29 22:00:00,63530.93,63541.48,63041.91,63049.24,267
2024-08-29 23:00:00,63049.24,63102.15,62470.44,62522.82,2983
2024-08-30 00:00:00,62522.82,62628.24,61924.51,61997.36,2953
2024-08-30 01:00:00,61997.36,62144.33,61749.69,61814.46,3034
2024-08-30 02:00:00,61814.46,61835.76,61253.27,61346.96,3086
2024-08-30 03:00:00,61346.96,61379.13,61189.23,61227.08,3008
2024-08-30 04:00:00,61227.08,61320.39,61179.59,61193.38,2937
2024-08-30 05:00:00,61193.38,61295.4,61097.76,61197.18,2948
2024-08-30 06:00:00,61197.18,61351.23,61157.67,61336.81,2944
2024-08-30 07:00:00,61336.81,61412.27,61261.04,61342.85,2978
2024-08-30 08:00:00,61342.85,63522.87,59940.56,61726.71,64995
2024-08-30 09:00:00,61726.71,62078.98,61234.53,61497.43,67335
2024-08-30 10:00:00,61497.43,63259.01,60854.52,62254.43,65428
2024-08-30 11:00:00,62254.43,62627.52,62017.47,62537.63,64685
2024-08-30 12:00:00,62537.63,63034.37,62388.42,62734.36,67029
2024-08-30 13:00:00,62734.36,63036.3,61747.98,62188.47,88301
2024-08-30 14:00:00,62188.47,62342.64,61455.05,61781.11,90892
2024-08-30 15:00:00,61781.11,62289.99,61570.84,61817.15,91217
2024-08-30 16:00:00,61817.15,62168.28,60959.51,61364.82,89322
2024-08-30 17:00:00,61364.82,61524.85,60915.08,61004.26,90171
2024-08-30 18:00:00,61004.26,61784.92,60772.16,61611.36,88843
2024-08-30 19:00:00,61611.36,62206.13,60344.18,60449.53,89717
2024-08-30 20:00:00,60449.53,61066.67,59972.84,60756.32,91259
2024-08-30 21:00:00,60756.32,60819.31,60722.57,60791.91,3013
2024-08-30 22:00:00,60791.91,60799.13,60786.48,60789.82,271
2024-08-30 23:00:00,60789.82,60848.79,60737.73,60826.47,2981
2024-09-02 00:00:00,60826.47,60923.22,60795.56,60852.41,3053
2024-09-02 01:00:00,60852.41,60930.31,60746.97,60912.89,2925
2024-09-02 02:00:00,60912.89,60925.72,60762.0,60800.78,3059
2024-09-02 03:00:00,60800.78,60889.51,60756.47,60838.67,2981
2024-09-02 04:00:00,60838.67,60931.38,60787.57,60800.04,2947
2024-09-02 05:00:00,60800.04,60907.8,60734.8,60823.86,2926
2024-09-02 06:00:00,60823.86,60856.3,60740.35,60787.69,3043
2024-09-02 07:00:00,60787.69,60845.78,60664.89,60803.03,2966
2024-09-02 08:00:00,60803.03,61186.98,60529.09,61021.29,65162
2024-09-02 09:00:00,61021.29,61374.86,60766.25,60956.63,65413
2024-09-02 10:00:00,60956.63,62275.7,60341.23,60476.99,67028
2024-09-02 11:00:00,60476.99,60812.13,60335.21,60555.28,68252
2024-09-02 12:00:00,60555.28,60843.22,60170.24,60745.37,66851
2024-09-02 13:00:00,60745.37,61481.58,60436.84,61238.91,93085
2024-09-02 14:00:00,61238.91,61719.47,60876.47,61288.58,91108
2024-09-02 15:00:00,61288.58,61634.5,60548.06,60807.1,91948
2024-09-02 16:00:00,60807.1,61326.31,60545.75,60942.97,89714
2024-09-02 17:00:00,60942.97,60995.49,60188.6,60353.24,89211
2024-09-02 18:00:00,60353.24,60686.83,59747.41,59872.13,89993
2024-09-02 19:00:00,59872.13,60274.62,59467.86,59524.9,88605
2024-09-02 20:00:00,59524.9,59778.14,58741.95,59097.32,90055
2024-09-02 21:00:00,59097.32,59130.73,59040.4,59066.4,2996
2024-09-02 22:00:00,59066.4,59077.62,59063.25,59065.5,267
2024-09-02 23:00:00,59065.5,59120.1,58989.05,59001.99,2945
2024-09-03 00:00:00,59001.99,59038.3,58922.63,58969.86,2960
2024-09-03 01:00:00,58969.86,59027.76,58876.52,58975.1,2966
2024-09-03 02:00:00,58975.1,59108.17,58937.86,59074.36,2967
2024-09-03 03:00:00,59074.36,59081.4,58918.28,58942.33,2976
2024-09-03 04:00:00,58942.33,59009.36,58906.12,58961.57,2956
2024-09-03 05:00:00,58961.57,59067.37,58933.96,58942.87,2980
2024-09-03 06:00:00,58942.87,58989.15,58870.24,58897.37,3003
2024-09-03 07:00:00,58897.37,59019.83,58842.69,58943.65,3011
2024-09-03 08:00:00,58943.65,59406.63,58725.88,59161.72,68317
2024-09-03 09:00:00,59161.72,59764.79,59080.67,59694.73,67034
2024-09-03 10:00:00,59694.73,59799.14,59229.92,59489.45,66801
2024-09-03 11:00:00,59489.45,59730.22,59013.42,59237.49,66984
2024-09-03 12:00:00,59237.49,59645.65,59096.47,59258.25,66822
2024-09-03 13:00:00,59258.25,59950.45,59214.96,59596.73,91731
2024-09-03 14:00:00,59596.73,60679.24,59420.19,60357.09,89991
2024-09-03 15:00:00,60357.09,61375.37,60278.91,61100.36,89691
2024-09-03 16:00:00,61100.36,61938.37,60941.45,61429.64,89208
2024-09-03 17:00:00,61429.64,62158.33,61197.19,61513.37,89928
2024-09-03 18:00:00,61513.37,61584.87,60638.07,60884.87,87075
2024-09-03 19:00:00,60884.87,61393.96,60720.8,60835.06,90925
2024-09-03 20:00:00,60835.06,61145.76,60498.07,60700.88,89108
2024-09-03 21:00:00,60700.88,62022.31,59827.5,61405.14,2978
2024-09-03 22:00:00,61405.14,61412.05,61396.69,61403.89,269
2024-09-03 23:00:00,61403.89,61545.45,61354.47,61513.06,2918
2024-09-04 00:00:00,61513.06,61541.04,61399.68,61433.35,2973
2024-09-04 01:00:00,61433.35,61500.44,61358.9,61365.92,2955
2024-09-04 02:00:00,61365.92,61373.8,61181.14,61260.94,2955
2024-09-04 03:00:00,61260.94,61339.86,61207.19,61270.24,2899
2024-09-04 04:00:00,61270.24,61366.16,61215.53,61315.01,2978
2024-09-04 05:00:00,61315.01,61340.6,61164.4,61254.89,2969
2024-09-04 06:00:00,61254.89,61294.68,61136.33,61166.54,2934
2024-09-04 07:00:00,61166.54,61206.54,61068.8,61163.9,3037
2024-09-04 08:00:00,61163.9,61637.23,61057.88,61358.57,65610
2024-09-04 09:00:00,61358.57,61714.13,60743.01,61353.75,66095
2024-09-04 10:00:00,61353.75,61962.11,61281.15,61682.69,65816
2024-09-04 11:00:00,61682.69,62268.44,61537.35,61786.92,66793
2024-09-04 12:00:00,61786.92,62389.71,61603.03,62228.02,64531
2024-09-04 13:00:00,62228.02,62772.09,61933.73,62125.08,88954
2024-09-04 14:00:00,62125.08,64042.51,60778.31,62385.3,92376
2024-09-04 15:00:00,62385.3,62840.57,61867.06,61921.72,92062
2024-09-04 16:00:00,61921.72,62020.51,60965.98,61040.5,88882
2024-09-04 17:00:00,61040.5,62122.16,60701.83,61867.55,89393
2024-09-04 18:00:00,61867.55,61907.22,61138.99,61227.76,91698
2024-09-04 19:00:00,61227.76,61683.23,60468.55,60723.11,90371
2024-09-04 20:00:00,60723.11,63053.23,60406.87,62345.11,87987
2024-09-04 21:00:00,62345.11,62370.32,62226.83,62328.2,2955
2024-09-04 22:00:00,62328.2,62331.16,62317.75,62324.41,267
2024-09-04 23:00:00,62324.41,62377.21,62154.95,62201.29,3020
2024-09-05 00:00:00,62201.29,62249.55,62073.81,62101.87,2964
2024-09-05 01:00:00,62101.87,62150.94,62028.89,62081.42,2928
2024-09-05 02:00:00,62081.42,62116.45,61954.14,62011.3,2928
2024-09-05 03:00:00,62011.3,62023.82,61860.15,61926.45,2915
2024-09-05 04:00:00,61926.45,62042.39,61885.55,61909.22,2868
2024-09-05 05:00:00,61909.22,61966.94,61832.99,61927.69,2902
2024-09-05 06:00:00,61927.69,62035.71,61884.77,61990.12,2917
2024-09-05 07:00:00,61990.12,62091.24,61894.0,61940.98,2973
2024-09-05 08:00:00,61940.98,62093.98,61568.2,61840.11,64649
2024-09-05 09:00:00,61840.11,62403.22,61693.85,62052.58,65679
2024-09-05 10:00:00,62052.58,62362.36,61749.62,62001.18,65521
2024-09-05 11:00:00,62001.18,62127.21,61410.0,61994.86,66653
2024-09-05 12:00:00,61994.86,62813.25,61817.2,62740.26,64486
2024-09-05 13:00:00,62740.26,63344.39,62384.62,62655.31,91110
2024-09-05 14:00:00,62655.31,63555.15,62455.67,63423.22,91226
2024-09-05 15:00:00,63423.22,63566.45,62942.39,63107.28,89447
2024-09-05 16:00:00,63107.28,63298.43,61687.48,62340.33,91014
2024-09-05 17:00:00,62340.33,62718.14,62063.34,62454.18,88495
2024-09-05 18:00:00,62454.18,63162.17,62177.98,63084.21,90557
2024-09-05 19:00:00,63084.21,63251.54,62244.43,62432.1,90483
2024-09-05 20:00:00,62432.1,63019.76,61423.57,61854.0,90585
2024-09-05 21:00:00,61854.0,61861.96,61133.56,61191.86,2967
2024-09-05 22:00:00,61191.86,61206.21,60746.33,60759.48,272
2024-09-05 23:00:00,60759.48,60797.56,60263.88,60321.8,2931
2024-09-06 00:00:00,60321.8,60411.94,59921.58,59998.24,2999
2024-09-06 01:00:00,59998.24,60049.7,59206.52,59293.9,2966
2024-09-06 02:00:00,59293.9,59363.28,58837.47,58858.7,2910
2024-09-06 03:00:00,58858.7,58906.33,58511.99,58570.04,2953
2024-09-06 04:00:00,58570.04,58677.5,58171.31,58230.89,2968
2024-09-06 05:00:00,58230.89,58268.67,57661.84,57696.82,2964
2024-09-06 06:00:00,57696.82,57745.76,57238.73,57284.74,2969
2024-09-06 07:00:00,57284.74,57298.16,56700.01,56737.34,3020
2024-09-06 08:00:00,56737.34,57493.72,56248.63,56462.83,65946
2024-09-06 09:00:00,56462.83,56874.23,55846.2,56212.69,67065
2024-09-06 10:00:00,56212.69,56550.31,54805.14,55069.05,65127
2024-09-06 11:00:00,55069.05,55295.9,53854.18,54297.44,66225
2024-09-06 12:00:00,54297.44,55025.71,53760.08,54009.01,66776
2024-09-06 13:00:00,54009.01,55086.98,53844.24,54729.66,93730
2024-09-06 14:00:00,54729.66,55250.75,53538.39,53992.72,90147
2024-09-06 15:00:00,53992.72,55429.95,52694.94,54509.21,91395
2024-09-06 16:00:00,54509.21,54891.59,52484.45,52739.63,88924
2024-09-06 17:00:00,52739.63,52944.87,51405.46,52480.23,89796
2024-09-06 18:00:00,52480.23,53241.09,52018.31,52384.76,88505
2024-09-06 19:00:00,52384.76,53958.54,52126.24,52953.79,91693
2024-09-06 20:00:00,52953.79,53194.09,51971.72,52676.81,89231
2024-09-06 21:00:00,52676.81,53698.04,51377.04,52901.7,2980
2024-09-06 22:00:00,52901.7,52911.11,52528.94,52531.0,267
2024-09-06 23:00:00,52531.0,52553.43,52018.46,52069.28,3016
2024-09-09 00:00:00,52069.28,52196.11,51560.03,51602.53,2930
2024-09-09 01:00:00,51602.53,51621.44,51256.74,51296.12,2952
2024-09-09 02:00:00,51296.12,52410.46,51019.6,51459.95,2980
2024-09-09 03:00:00,51459.95,51522.88,50976.57,51021.64,2858
2024-09-09 04:00:00,51021.64,51079.33,50614.09,50630.13,2922
2024-09-09 05:00:00,50630.13,51875.09,49254.15,51565.47,2936
2024-09-09 06:00:00,51565.47,51619.51,51193.65,51202.28,2921
2024-09-09 07:00:00,51202.28,51254.79,50646.69,50678.97,3047
2024-09-09 08:00:00,50678.97,50929.25,49232.82,49791.88,65090
2024-09-09 09:00:00,49791.88,49986.9,49028.54,49386.35,65412
2024-09-09 10:00:00,49386.35,49673.35,48687.16,49093.34,65428
2024-09-09 11:00:00,49093.34,49576.7,48867.07,49004.64,65788
2024-09-09 12:00:00,49004.64,49938.46,48237.88,48595.48,64034
2024-09-09 13:00:00,48595.48,48911.08,47213.04,47612.37,88509
2024-09-09 14:00:00,47612.37,48027.68,46893.14,47480.87,88894
2024-09-09 15:00:00,47480.87,47711.41,46490.47,46859.28,91891
2024-09-09 16:00:00,46859.28,47107.91,45776.4,46310.28,88254
2024-09-09 17:00:00,46310.28,47330.82,45658.98,46328.52,90261
2024-09-09 18:00:00,46328.52,46852.84,45235.93,45618.73,91009
2024-09-09 19:00:00,45618.73,46599.77,44909.37,46387.96,87684
2024-09-09 20:00:00,46387.96,46848.4,45682.19,45978.69,88674
2024-09-09 21:00:00,45978.69,46012.2,45609.74,45681.41,3031
2024-09-09 22:00:00,45681.41,45692.85,45351.38,45355.02,272
2024-09-09 23:00:00,45355.02,45395.57,44819.54,44934.62,2901
2024-09-10 00:00:00,44934.62,44987.91,44340.2,44347.69,2896
2024-09-10 01:00:00,44347.69,44356.74,43939.69,43957.88,2955
2024-09-10 02:00:00,43957.88,44020.11,43601.21,43611.25,2983
2024-09-10 03:00:00,43611.25,43635.29,43350.72,43353.06,2950
2024-09-10 04:00:00,43353.06,43389.29,42943.53,42970.57,2936
2024-09-10 05:00:00,42970.57,43063.42,42738.6,42793.4,2950
2024-09-10 06:00:00,42793.4,42832.51,42467.09,42504.22,2996
2024-09-10 07:00:00,42504.22,42533.14,42161.9,42194.82,2957
2024-09-10 08:00:00,42194.82,42276.54,41151.9,41398.6,67945
2024-09-10 09:00:00,41398.6,41757.38,38343.41,40628.91,64452
2024-09-10 10:00:00,40628.91,40776.46,40464.09,40618.35,65794
2024-09-10 11:00:00,40618.35,41161.77,39221.0,41137.59,65566
2024-09-10 12:00:00,41137.59,41468.14,41051.0,41325.67,66328
2024-09-10 13:00:00,41325.67,41611.94,40662.21,40841.78,94021
2024-09-10 14:00:00,40841.78,41131.67,40775.57,41070.09,90542
2024-09-10 15:00:00,41070.09,41460.34,40763.66,41115.74,88295
2024-09-10 16:00:00,41115.74,41216.99,40767.31,41035.85,90077
2024-09-10 17:00:00,41035.85,41277.7,40624.66,40795.43,89525
2024-09-10 18:00:00,40795.43,40992.9,39838.41,40156.63,90427
2024-09-10 19:00:00,40156.63,40379.36,39902.93,40155.8,91057
2024-09-10 20:00:00,40155.8,40264.83,39583.67,39893.17,89055
2024-09-10 21:00:00,39893.17,39901.07,39765.45,39809.23,2941
2024-09-10 22:00:00,39809.23,40338.23,38772.95,39323.36,271
2024-09-10 23:00:00,39323.36,39336.68,39258.52,39289.56,2926
2024-09-11 00:00:00,39289.56,40524.72,38578.7,39613.85,3003
2024-09-11 01:00:00,39613.85,39680.47,39590.29,39657.13,2911
2024-09-11 02:00:00,39657.13,39682.64,39578.0,39606.99,2973
2024-09-11 03:00:00,39606.99,39638.62,39535.64,39556.12,3049
2024-09-11 04:00:00,39556.12,39598.22,39518.59,39587.77,3001
2024-09-11 05:00:00,39587.77,39593.71,39480.45,39557.02,3019
2024-09-11 06:00:00,39557.02,39630.24,39536.91,39586.92,3028
2024-09-11 07:00:00,39586.92,39605.72,39539.87,39596.46,3167
2024-09-11 08:00:00,39596.46,39774.36,39509.83,39607.02,65464
2024-09-11 09:00:00,39607.02,39953.5,39557.18,39772.9,66044
2024-09-11 10:00:00,39772.9,39941.85,39572.83,39699.94,65945
2024-09-11 11:00:00,39699.94,40027.04,39594.36,39817.11,63865
2024-09-11 12:00:00,39817.11,39956.95,39666.33,39721.48,65059
2024-09-11 13:00:00,39721.48,39846.53,39316.65,39416.15,90424
2024-09-11 14:00:00,39416.15,39606.77,38981.24,39135.71,89248
2024-09-11 15:00:00,39135.71,39428.71,38568.21,38729.89,91023
2024-09-11 16:00:00,38729.89,39486.89,38194.06,38710.09,90715
2024-09-11 17:00:00,38710.09,38834.59,38423.74,38667.07,89362
2024-09-11 18:00:00,38667.07,38925.62,38376.52,38807.51,90903
2024-09-11 19:00:00,38807.51,39496.13,38589.09,39457.51,89709
2024-09-11 20:00:00,39457.51,40584.1,39286.9,39991.49,90612
2024-09-11 21:00:00,39991.49,39998.76,39630.93,39655.74,3003
2024-09-11 22:00:00,39655.74,39660.74,39365.33,39369.67,273
2024-09-11 23:00:00,39369.67,40347.17,37681.64,39836.55,2959
2024-09-12 00:00:00,39836.55,39871.74,39435.79,39474.58,2914
2024-09-12 01:00:00,39474.58,39507.14,39101.7,39108.07,3005
2024-09-12 02:00:00,39108.07,39118.36,38785.38,38868.49,2957
2024-09-12 03:00:00,38868.49,40811.24,37472.9,39340.94,2927
2024-09-12 04:00:00,39340.94,39369.63,38999.66,39028.2,2946
2024-09-12 05:00:00,39028.2,39045.43,38759.64,38801.08,2928
2024-09-12 06:00:00,38801.08,38849.12,38554.45,38577.41,2920
2024-09-12 07:00:00,38577.41,38611.36,38105.93,38119.76,2984
2024-09-12 08:00:00,38119.76,38930.83,37977.28,38700.89,66698
2024-09-12 09:00:00,38700.89,39031.1,38201.5,38913.92,67272
2024-09-12 10:00:00,38913.92,39253.79,37972.02,37985.41,66581
2024-09-12 11:00:00,37985.41,38907.06,37876.76,38760.14,66800
2024-09-12 12:00:00,38760.14,39540.47,38511.03,39138.55,66182
2024-09-12 13:00:00,39138.55,39407.34,37739.14,37893.57,88807
2024-09-12 14:00:00,37893.57,38237.98,36965.21,37467.77,86853
2024-09-12 15:00:00,37467.77,38331.82,36947.92,37244.73,90308
2024-09-12 16:00:00,37244.73,37679.62,36294.63,36422.6,90242
2024-09-12 17:00:00,36422.6,36649.61,35137.69,35458.67,91431
2024-09-12 18:00:00,35458.67,36202.62,35323.19,35782.15,89779
2024-09-12 19:00:00,35782.15,36292.15,35576.47,35889.53,91091
2024-09-12 20:00:00,35889.53,36151.36,35167.15,35759.86,90357
2024-09-12 21:00:00,35759.86,35792.92,35489.35,35515.36,2962
2024-09-12 22:00:00,35515.36,35522.35,35255.34,35259.45,266
2024-09-12 23:00:00,35259.45,35293.97,35017.91,35075.55,3013
2024-09-13 00:00:00,35075.55,35096.04,34724.99,34766.4,2877
2024-09-13 01:00:00,34766.4,34782.31,34589.67,34654.14,2987
2024-09-13 02:00:00,34654.14,34667.83,34443.86,34470.92,3010
2024-09-13 03:00:00,34470.92,34510.39,34156.84,34163.44,2997
2024-09-13 04:00:00,34163.44,34816.49,32456.19,33292.78,3085
2024-09-13 05:00:00,33292.78,34723.98,31603.28,33896.59,2969
2024-09-13 06:00:00,33896.59,33959.17,33671.96,33697.34,2944
2024-09-13 07:00:00,33697.34,33710.48,32606.27,32778.67,3024
2024-09-13 08:00:00,32778.67,33097.11,32394.71,32764.01,65057
2024-09-13 09:00:00,32764.01,33280.34,32492.78,32754.92,65841
2024-09-13 10:00:00,32754.92,32874.48,32309.07,32467.62,64919
2024-09-13 11:00:00,32467.62,33044.66,32297.07,32524.49,67331
2024-09-13 12:00:00,32524.49,32657.64,31983.45,32192.49,65243
2024-09-13 13:00:00,32192.49,32409.35,31590.99,31857.91,89870
2024-09-13 14:00:00,31857.91,32245.89,31519.88,31961.77,90335
2024-09-13 15:00:00,31961.77,32559.17,31685.93,32394.5,91502
2024-09-13 16:00:00,32394.5,32588.15,31660.8,31755.73,88782
2024-09-13 17:00:00,31755.73,32091.11,30495.28,30643.1,90089
2024-09-13 18:00:00,30643.1,31494.64,30048.6,30284.43,91799
2024-09-13 19:00:00,30284.43,31198.64,29989.52,30758.4,91074
2024-09-13 20:00:00,30758.4,31058.0,30266.62,30779.61,90409
2024-09-13 21:00:00,30779.61,30836.45,30678.04,30703.59,3009
2024-09-13 22:00:00,30703.59,30710.53,30481.89,30486.04,271
2024-09-13 23:00:00,30486.04,30493.74,30252.05,30294.44,2974
2024-09-16 00:00:00,30294.44,31057.63,29447.8,30983.09,2939
2024-09-16 01:00:00,30983.09,31001.98,30950.04,30975.72,2972
2024-09-16 02:00:00,30975.72,31024.31,30952.11,30990.64,3017
2024-09-16 03:00:00,30990.64,31022.73,30908.92,30942.24,3014
2024-09-16 04:00:00,30942.24,30968.69,30881.93,30895.17,2956
2024-09-16 05:00:00,30895.17,32059.72,29997.32,31600.61,2991
2024-09-16 06:00:00,31600.61,31637.35,31569.92,31586.77,2984
2024-09-16 07:00:00,31586.77,31661.91,31537.99,31643.29,2990
2024-09-16 08:00:00,31643.29,31683.01,31477.85,31586.1,66187
2024-09-16 09:00:00,31586.1,31845.62,31425.63,31831.71,66531
2024-09-16 10:00:00,31831.71,32040.49,31714.7,31948.59,65643
2024-09-16 11:00:00,31948.59,32256.78,30908.51,31165.95,65582
2024-09-16 12:00:00,31165.95,31327.76,31029.14,31157.86,66175
2024-09-16 13:00:00,31157.86,31647.75,31064.91,31568.29,90404
2024-09-16 14:00:00,31568.29,31612.02,31174.53,31325.08,89920
2024-09-16 15:00:00,31325.08,31596.67,31187.42,31434.21,89994
2024-09-16 16:00:00,31434.21,31476.47,30890.54,30984.42,88241
2024-09-16 17:00:00,30984.42,31272.73,30808.76,31020.3,89960
2024-09-16 18:00:00,31020.3,31497.04,30827.67,31406.56,90030
2024-09-16 19:00:00,31406.56,31713.61,31220.87,31483.62,90041
2024-09-16 20:00:00,31483.62,31560.95,30979.31,31149.09,92305
2024-09-16 21:00:00,31149.09,31157.83,31067.77,31107.1,2956
2024-09-16 22:00:00,31107.1,31109.28,31102.6,31104.23,270
2024-09-16 23:00:00,31104.23,31115.04,31031.99,31058.71,2956
2024-09-17 00:00:00,31058.71,31121.49,31053.93,31087.22,2943
2024-09-17 01:00:00,31087.22,31111.04,31014.28,31044.44,2992
2024-09-17 02:00:00,31044.44,31131.86,31016.22,31048.57,2947
2024-09-17 03:00:00,31048.57,31091.11,31002.56,31051.17,2899
2024-09-17 04:00:00,31051.17,31114.42,31017.72,31092.87,2977
2024-09-17 05:00:00,31092.87,31111.64,31023.93,31091.54,2987
2024-09-17 06:00:00,31091.54,31134.45,31023.52,31049.12,2934
2024-09-17 07:00:00,31049.12,31068.77,30999.08,31031.75,3008
2024-09-17 08:00:00,31031.75,31113.43,30787.07,30987.48,67811
2024-09-17 09:00:00,30987.48,31159.3,30889.33,30972.99,67163
2024-09-17 10:00:00,30972.99,31134.91,30645.71,30846.3,65101
2024-09-17 11:00:00,30846.3,31050.93,30674.22,31000.37,65230
2024-09-17 12:00:00,31000.37,31717.51,30574.94,31176.21,65316
2024-09-17 13:00:00,31176.21,31634.07,31072.05,31500.42,89984
2024-09-17 14:00:00,31500.42,31663.01,31161.65,31290.61,90494
2024-09-17 15:00:00,31290.61,31712.56,31209.42,31620.98,90028
2024-09-17 16:00:00,31620.98,31866.34,31140.92,31418.39,91888
2024-09-17 17:00:00,31418.39,31723.32,31311.08,31568.64,89862
2024-09-17 18:00:00,31568.64,31708.32,31246.05,31397.22,92468
2024-09-17 19:00:00,31397.22,31460.35,31033.83,31305.51,91277
2024-09-17 20:00:00,31305.51,31497.64,30739.88,30796.76,89895
2024-09-17 21:00:00,30796.76,30810.63,30749.62,30793.13,3017
2024-09-17 22:00:00,30793.13,30801.01,30790.47,30797.58,278
2024-09-17 23:00:00,30797.58,30818.06,30721.13,30768.95,3051
2024-09-18 00:00:00,30768.95,31839.95,28358.26,30158.13,2899
2024-09-18 01:00:00,30158.13,30185.56,30092.43,30134.16,2936
2024-09-18 02:00:00,30134.16,30199.51,30097.04,30152.99,2913
2024-09-18 03:00:00,30152.99,31879.1,29352.08,30678.06,2957
2024-09-18 04:00:00,30678.06,30759.8,30673.34,30720.77,3099
2024-09-18 05:00:00,30720.77,30756.37,30642.29,30650.03,2956
2024-09-18 06:00:00,30650.03,30700.29,30610.05,30672.5,2959
2024-09-18 07:00:00,30672.5,30691.76,30625.59,30665.98,3053
2024-09-18 08:00:00,30665.98,30835.34,30454.85,30561.74,66767
2024-09-18 09:00:00,30561.74,30781.82,30360.47,30599.13,65836
2024-09-18 10:00:00,30599.13,30829.42,30520.94,30643.77,67733
2024-09-18 11:00:00,30643.77,30781.38,30429.34,30664.2,66443
2024-09-18 12:00:00,30664.2,30769.79,30492.26,30596.0,66272
2024-09-18 13:00:00,30596.0,30724.71,29904.6,30069.66,87929
2024-09-18 14:00:00,30069.66,30195.13,29547.98,29782.02,89442
2024-09-18 15:00:00,29782.02,30147.01,29641.19,29897.55,91575
2024-09-18 16:00:00,29897.55,30130.7,29707.42,29780.51,89276
2024-09-18 17:00:00,29780.51,29876.38,29418.06,29650.76,88523
2024-09-18 18:00:00,29650.76,30016.65,29459.72,29928.33,90965
2024-09-18 19:00:00,29928.33,30382.6,29893.1,30320.63,89583
2024-09-18 20:00:00,30320.63,30494.74,30129.14,30168.56,90595
2024-09-18 21:00:00,30168.56,30213.98,30142.94,30186.44,2959
2024-09-18 22:00:00,30186.44,30191.24,30183.39,30188.49,265
2024-09-18 23:00:00,30188.49,30256.61,30177.84,30247.04,2967
2024-09-19 00:00:00,30247.04,30304.41,30227.74,30287.98,2974
2024-09-19 01:00:00,30287.98,30328.0,30221.52,30286.21,3068
2024-09-19 02:00:00,30286.21,30327.29,30274.73,30312.62,2977
2024-09-19 03:00:00,30312.62,31408.65,30160.32,30843.44,3010
2024-09-19 04:00:00,30843.44,30864.19,30812.97,30834.64,2970
2024-09-19 05:00:00,30834.64,30877.93,30820.83,30836.12,3051
2024-09-19 06:00:00,30836.12,30880.23,30782.04,30836.25,2989
2024-09-19 07:00:00,30836.25,30873.29,30801.63,30814.52,2999
2024-09-19 08:00:00,30814.52,31131.44,30767.17,31109.37,66418
2024-09-19 09:00:00,31109.37,31198.67,30829.49,31125.44,64223
2024-09-19 10:00:00,31125.44,31317.84,31043.04,31207.2,67172
2024-09-19 11:00:00,31207.2,31312.95,31080.47,31257.45,65960
2024-09-19 12:00:00,31257.45,32257.91,29393.97,30443.02,66079
2024-09-19 13:00:00,30443.02,30630.9,30370.8,30551.38,89991
2024-09-19 14:00:00,30551.38,30873.55,29626.86,29832.04,89638
2024-09-19 15:00:00,29832.04,29941.24,29342.13,29497.79,90700
2024-09-19 16:00:00,29497.79,29831.56,29280.75,29694.22,90497
2024-09-19 17:00:00,29694.22,30315.85,29667.25,30086.32,90388
2024-09-19 18:00:00,30086.32,30300.77,29966.6,30217.2,89786
2024-09-19 19:00:00,30217.2,30475.69,30100.04,30145.54,87731
2024-09-19 20:00:00,30145.54,30511.69,28795.69,29568.47,91854
2024-09-19 21:00:00,29568.47,29657.69,29540.79,29652.2,2977
2024-09-19 22:00:00,29652.2,29654.46,29643.38,29644.75,273
2024-09-19 23:00:00,29644.75,29690.98,29622.47,29680.76,3008
2024-09-20 00:00:00,29680.76,29708.86,29636.04,29669.73,2987
2024-09-20 01:00:00,29669.73,29699.45,29617.33,29639.6,2891
2024-09-20 02:00:00,29639.6,30235.72,28753.96,29229.7,3004
2024-09-20 03:00:00,29229.7,29263.85,29148.06,29174.0,2968
2024-09-20 04:00:00,29174.0,29194.38,29120.72,29141.8,2982
2024-09-20 05:00:00,29141.8,29167.99,29113.64,29134.62,2909
2024-09-20 06:00:00,29134.62,29200.83,29102.12,29174.78,2926
2024-09-20 07:00:00,29174.78,29200.49,29158.4,29161.61,2954
2024-09-20 08:00:00,29161.61,29280.72,28872.17,28957.71,66596
2024-09-20 09:00:00,28957.71,29190.97,28883.0,29093.92,66931
2024-09-20 10:00:00,29093.92,29193.29,28968.11,29071.92,64907
2024-09-20 11:00:00,29071.92,29320.29,28961.19,29229.54,66168
2024-09-20 12:00:00,29229.54,29964.69,28448.73,29901.18,65890
2024-09-20 13:00:00,29901.18,30191.8,29698.64,30121.8,90048
2024-09-20 14:00:00,30121.8,30256.94,29963.66,30191.74,89557
2024-09-20 15:00:00,30191.74,30359.39,29944.76,30274.15,90350
2024-09-20 16:00:00,30274.15,30597.22,29183.31,29609.4,90125
2024-09-20 17:00:00,29609.4,29866.22,29401.68,29764.43,89356
2024-09-20 18:00:00,29764.43,30076.51,29578.57,29947.79,90496
2024-09-20 19:00:00,29947.79,30163.77,29475.14,29504.4,91830
2024-09-20 20:00:00,29504.4,29926.43,29476.9,29844.69,92638
2024-09-20 21:00:00,29844.69,29856.77,29763.69,29827.13,3031
2024-09-20 22:00:00,29827.13,29839.54,29794.44,29820.39,266
2024-09-20 23:00:00,29820.39,29868.56,29812.75,29826.67,3002
2024-09-23 00:00:00,29826.67,29883.49,29819.1,29839.89,2975
2024-09-23 01:00:00,29839.89,29868.16,29799.83,29840.33,2905
2024-09-23 02:00:00,29840.33,29866.68,29812.57,29833.4,2908
2024-09-23 03:00:00,29833.4,29868.2,29807.3,29857.2,2982
2024-09-23 04:00:00,29857.2,29892.11,29836.16,29871.82,2905
2024-09-23 05:00:00,29871.82,30977.46,29006.57,30484.57,2935
2024-09-23 06:00:00,30484.57,30510.61,30419.44,30422.8,2982
2024-09-23 07:00:00,30422.8,30449.91,30362.65,30383.17,2885
2024-09-23 08:00:00,30383.17,30736.83,30296.47,30701.68,66390
2024-09-23 09:00:00,30701.68,30891.53,30576.48,30771.85,66948
2024-09-23 10:00:00,30771.85,31287.27,30643.81,30860.5,66692
2024-09-23 11:00:00,30860.5,31001.97,30695.26,30844.62,65348
2024-09-23 12:00:00,30844.62,30984.91,30697.27,30734.7,65954
2024-09-23 13:00:00,30734.7,30835.88,30449.96,30680.86,87627
2024-09-23 14:00:00,30680.86,30873.21,30461.35,30565.0,92002
2024-09-23 15:00:00,30565.0,31015.24,30505.32,30776.85,87793
2024-09-23 16:00:00,30776.85,31060.13,30640.25,30774.73,88936
2024-09-23 17:00:00,30774.73,30991.0,30522.76,30568.42,88769
2024-09-23 18:00:00,30568.42,30875.99,30393.44,30512.72,89711
2024-09-23 19:00:00,30512.72,30575.36,30107.57,30225.47,87121
2024-09-23 20:00:00,30225.47,30456.87,29918.63,30077.65,89637
2024-09-23 21:00:00,30077.65,30123.98,30044.66,30113.13,2956
2024-09-23 22:00:00,30113.13,30120.35,30111.84,30119.34,271
2024-09-23 23:00:00,30119.34,30136.52,30069.09,30075.86,3024
2024-09-24 00:00:00,30075.86,30100.2,30029.38,30068.57,2974
2024-09-24 01:00:00,30068.57,31667.53,29500.02,30636.4,2927
2024-09-24 02:00:00,30636.4,30643.75,30550.15,30583.94,3011
2024-09-24 03:00:00,30583.94,30596.7,30553.7,30561.36,2909
2024-09-24 04:00:00,30561.36,30579.57,30496.62,30513.18,2977
2024-09-24 05:00:00,30513.18,30540.05,30467.07,30497.53,2961
2024-09-24 06:00:00,30497.53,30895.69,29296.07,30110.36,2995
2024-09-24 07:00:00,30110.36,30161.51,30091.95,30157.2,3002
2024-09-24 08:00:00,30157.2,30245.77,29670.53,29777.24,64475
2024-09-24 09:00:00,29777.24,30239.03,29737.76,30098.4,65198
2024-09-24 10:00:00,30098.4,30304.55,30017.77,30161.95,67223
2024-09-24 11:00:00,30161.95,30225.91,29640.39,29739.23,66346
2024-09-24 12:00:00,29739.23,30009.49,29592.01,29910.2,66563
2024-09-24 13:00:00,29910.2,30273.49,29861.33,30052.01,90499
2024-09-24 14:00:00,30052.01,30242.91,29858.12,29992.07,92544
2024-09-24 15:00:00,29992.07,30090.62,29628.8,29774.79,91407
2024-09-24 16:00:00,29774.79,30090.15,29293.65,29361.5,89339
2024-09-24 17:00:00,29361.5,29625.14,29083.56,29509.4,91533
2024-09-24 18:00:00,29509.4,29831.62,29494.71,29712.46,88980
2024-09-24 19:00:00,29712.46,30020.33,29610.38,29935.25,90515
2024-09-24 20:00:00,29935.25,30327.13,29773.72,30036.54,91468
2024-09-24 21:00:00,30036.54,30044.58,29967.76,29996.03,3009
2024-09-24 22:00:00,29996.03,29999.5,29993.96,29995.47,265
2024-09-24 23:00:00,29995.47,30033.71,29969.95,30009.51,2923
2024-09-25 00:00:00,30009.51,30030.83,29932.9,29992.53,2938
2024-09-25 01:00:00,29992.53,29998.08,29940.61,29961.68,3012
2024-09-25 02:00:00,29961.68,30000.55,29910.17,29974.27,3014
2024-09-25 03:00:00,29974.27,30006.43,29901.06,29909.01,2954
2024-09-25 04:00:00,29909.01,29924.0,29828.51,29840.74,3010
2024-09-25 05:00:00,29840.74,30388.95,29069.7,29301.78,2982
2024-09-25 06:00:00,29301.78,29357.35,29290.04,29348.93,3000
2024-09-25 07:00:00,29348.93,29359.2,29300.38,29325.99,2991
2024-09-25 08:00:00,29325.99,29604.29,29179.55,29367.15,65814
2024-09-25 09:00:00,29367.15,30273.25,29056.42,29911.72,64419
2024-09-25 10:00:00,29911.72,30127.02,29399.39,29483.87,66607
2024-09-25 11:00:00,29483.87,29583.37,28653.27,28698.66,65665
2024-09-25 12:00:00,28698.66,28904.41,28324.78,28789.5,66326
2024-09-25 13:00:00,28789.5,29077.86,28243.23,28596.49,87855
2024-09-25 14:00:00,28596.49,29035.15,28254.3,28745.74,89835
2024-09-25 15:00:00,28745.74,29032.13,28188.56,28493.47,91715
2024-09-25 16:00:00,28493.47,28848.92,28216.04,28273.52,90698
2024-09-25 17:00:00,28273.52,28561.52,28059.33,28180.17,90103
2024-09-25 18:00:00,28180.17,28476.49,27567.1,27770.09,88728
2024-09-25 19:00:00,27770.09,27998.05,27134.51,27436.12,89464
2024-09-25 20:00:00,27436.12,27784.28,26582.85,26711.25,89010
2024-09-25 21:00:00,26711.25,26719.45,26429.01,26451.62,3025
2024-09-25 22:00:00,26451.62,26453.04,26254.37,26257.46,272
2024-09-25 23:00:00,26257.46,26272.84,26004.52,26017.18,2994
2024-09-26 00:00:00,26017.18,26699.92,25701.41,26258.8,2921
2024-09-26 01:00:00,26258.8,26268.55,26055.82,26085.12,2974
2024-09-26 02:00:00,26085.12,26160.03,25904.19,25995.97,2941
2024-09-26 03:00:00,25995.97,26011.27,25753.74,25759.64,3017
2024-09-26 04:00:00,25759.64,25787.85,25601.8,25609.76,2984
2024-09-26 05:00:00,25609.76,26092.01,24534.93,24842.64,2989
2024-09-26 06:00:00,24842.64,24865.69,24659.63,24695.16,2947
2024-09-26 07:00:00,24695.16,24718.3,24456.18,24483.34,2999
2024-09-26 08:00:00,24483.34,24550.39,24049.43,24389.65,64675
2024-09-26 09:00:00,24389.65,24559.94,24154.31,24224.4,65796
2024-09-26 10:00:00,24224.4,24482.04,23957.6,24370.19,65820
2024-09-26 11:00:00,24370.19,24570.45,23657.02,23822.45,66341
2024-09-26 12:00:00,23822.45,24088.02,23624.41,23744.06,64477
2024-09-26 13:00:00,23744.06,24113.03,23476.92,23788.61,90291
2024-09-26 14:00:00,23788.61,24208.08,23448.61,23945.45,88889
2024-09-26 15:00:00,23945.45,23997.52,23165.86,23604.63,92634
2024-09-26 16:00:00,23604.63,23932.13,23303.21,23771.41,88191
2024-09-26 17:00:00,23771.41,24121.12,21866.4,23341.86,90371
2024-09-26 18:00:00,23341.86,23562.17,23081.16,23133.48,90522
2024-09-26 19:00:00,23133.48,23178.34,22370.74,22454.03,88132
2024-09-26 20:00:00,22454.03,23071.61,22339.18,22941.62,88589
2024-09-26 21:00:00,22941.62,22949.84,22821.08,22853.11,2992
2024-09-26 22:00:00,22853.11,24360.59,22333.46,23177.94,270
2024-09-26 23:00:00,23177.94,23187.33,22995.07,23061.51,3009
2024-09-27 00:00:00,23061.51,23068.0,22930.78,22947.0,3027
2024-09-27 01:00:00,22947.0,22967.82,22784.09,22819.21,3039
2024-09-27 02:00:00,22819.21,22825.69,22657.86,22665.97,2927
2024-09-27 03:00:00,22665.97,22700.42,22431.78,22445.59,2904
2024-09-27 04:00:00,22445.59,22452.67,22277.38,22295.71,2964
2024-09-27 05:00:00,22295.71,22326.02,22089.97,22109.05,2912
2024-09-27 06:00:00,22109.05,22120.4,21876.6,21890.66,2893
2024-09-27 07:00:00,21890.66,21905.36,21608.99,21614.82,2884
2024-09-27 08:00:00,21614.82,21708.1,21177.06,21232.88,65843
2024-09-27 09:00:00,21232.88,21467.77,21203.07,21447.89,65443
2024-09-27 10:00:00,21447.89,21596.4,21339.32,21448.58,66029
2024-09-27 11:00:00,21448.58,21532.89,21292.47,21371.94,65173
2024-09-27 12:00:00,21371.94,21588.59,21335.81,21478.16,66888
2024-09-27 13:00:00,21478.16,21595.27,21140.71,21239.46,88033
2024-09-27 14:00:00,21239.46,21432.81,21172.0,21213.14,88466
2024-09-27 15:00:00,21213.14,21317.44,20966.89,21009.57,89745
2024-09-27 16:00:00,21009.57,21285.55,20945.27,21109.61,91327
2024-09-27 17:00:00,21109.61,21315.33,20989.69,21198.23,92233
2024-09-27 18:00:00,21198.23,21274.16,20963.55,21136.22,88286
2024-09-27 19:00:00,21136.22,21331.06,21081.27,21197.51,88803
2024-09-27 20:00:00,21197.51,21305.33,20981.17,21055.08,88733
2024-09-27 21:00:00,21055.08,21068.42,21028.09,21055.76,2992
2024-09-27 22:00:00,21055.76,21058.12,21054.44,21057.38,264
2024-09-27 23:00:00,21057.38,21120.16,21041.02,21102.77,3003
2024-09-30 00:00:00,21102.77,21151.76,21090.62,21113.68,2943
2024-09-30 01:00:00,21113.68,21146.78,21100.65,21105.21,2894
2024-09-30 02:00:00,21105.21,21121.99,21078.49,21106.09,3008
2024-09-30 03:00:00,21106.09,21169.16,21090.11,21142.66,2912
2024-09-30 04:00:00,21142.66,21166.27,21115.33,21137.44,2977
2024-09-30 05:00:00,21137.44,21165.65,21116.22,21125.99,2993
2024-09-30 06:00:00,21125.99,21147.47,21096.49,21131.52,3018
2024-09-30 07:00:00,21131.52,21142.33,21083.05,21088.11,2985
2024-09-30 08:00:00,21088.11,21264.37,21042.52,21229.68,65245
2024-09-30 09:00:00,21229.68,21365.33,21142.02,21193.1,65079
2024-09-30 10:00:00,21193.1,21333.32,21039.61,21255.42,65677
2024-09-30 11:00:00,21255.42,21366.53,21205.3,21347.59,66169
2024-09-30 12:00:00,21347.59,21926.77,20910.85,21537.05,66415
2024-09-30 13:00:00,21537.05,21703.4,21423.22,21468.81,90602
2024-09-30 14:00:00,21468.81,21709.71,21400.79,21604.71,89080
2024-09-30 15:00:00,21604.71,22003.55,21566.42,21905.75,90571
2024-09-30 16:00:00,21905.75,22017.71,21757.74,21915.97,88766
2024-09-30 17:00:00,21915.97,22023.62,21719.22,21816.03,92693
2024-09-30 18:00:00,21816.03,22105.92,21734.85,22036.63,88800
2024-09-30 19:00:00,22036.63,22345.44,21277.38,21917.63,90086
2024-09-30 20:00:00,21917.63,22452.47,21632.43,22416.19,88814
2024-09-30 21:00:00,22416.19,22422.16,22366.5,22383.82,3051
2024-09-30 22:00:00,22383.82,22386.28,22379.44,22380.71,271
2024-09-30 23:00:00,22380.71,22390.52,22341.25,22358.8,3038
2024-10-01 00:00:00,22358.8,22405.29,22348.16,22393.75,2990
2024-10-01 01:00:00,22393.75,22427.63,22375.94,22383.37,2978
2024-10-01 02:00:00,22383.37,22417.24,22361.55,22371.46,2900
2024-10-01 03:00:00,22371.46,22412.16,22349.58,22394.88,2999
2024-10-01 04:00:00,22394.88,22418.28,22346.16,22358.54,2969
2024-10-01 05:00:00,22358.54,22376.36,22319.55,22331.18,2976
2024-10-01 06:00:00,22331.18,22371.72,22321.76,22367.52,2952
2024-10-01 07:00:00,22367.52,22379.64,22326.66,22338.56,2968
2024-10-01 08:00:00,22338.56,22576.84,22331.99,22436.37,66223
2024-10-01 09:00:00,22436.37,23339.17,22372.86,23279.46,66560
2024-10-01 10:00:00,23279.46,23364.54,23170.44,23207.57,65531
2024-10-01 11:00:00,23207.57,23706.51,22983.99,23658.18,68191
2024-10-01 12:00:00,23658.18,23884.0,23585.51,23812.27,64818
2024-10-01 13:00:00,23812.27,23859.64,23553.47,23644.52,89752
2024-10-01 14:00:00,23644.52,23750.58,23385.7,23517.03,90459
2024-10-01 15:00:00,23517.03,23691.37,23385.0,23608.65,90339
2024-10-01 16:00:00,23608.65,23916.2,23463.58,23714.58,88112
2024-10-01 17:00:00,23714.58,23871.86,23610.17,23734.33,88606
2024-10-01 18:00:00,23734.33,23918.55,23593.19,23790.56,87926
2024-10-01 19:00:00,23790.56,23834.17,23479.35,23647.03,87254
2024-10-01 20:00:00,23647.03,23690.55,23427.57,23478.43,89332
2024-10-01 21:00:00,23478.43,23501.26,23447.6,23486.38,2887
2024-10-01 22:00:00,23486.38,24330.71,23048.26,24079.16,270
2024-10-01 23:00:00,24079.16,24108.0,24063.71,24083.35,2980
2024-10-02 00:00:00,24083.35,24089.13,24045.4,24051.36,2994
2024-10-02 01:00:00,24051.36,24093.31,24037.03,24053.85,3032
2024-10-02 02:00:00,24053.85,24093.03,24022.18,24083.42,3028
2024-10-02 03:00:00,24083.42,24122.97,24053.66,24074.98,3012
2024-10-02 04:00:00,24074.98,24114.69,24060.05,24102.16,2992
2024-10-02 05:00:00,24102.16,24144.73,24080.75,24097.27,2997
2024-10-02 06:00:00,24097.27,24116.91,24057.56,24097.94,3027
2024-10-02 07:00:00,24097.94,24127.8,24079.35,24105.78,2929
2024-10-02 08:00:00,24105.78,24163.45,23886.71,23982.76,68261
2024-10-02 09:00:00,23982.76,24132.0,23926.8,23991.16,67023
2024-10-02 10:00:00,23991.16,24098.89,23940.35,24066.53,66999
2024-10-02 11:00:00,24066.53,24153.2,23910.72,23960.72,65697
2024-10-02 12:00:00,23960.72,23994.43,23700.78,23734.95,64593
2024-10-02 13:00:00,23734.95,23951.02,23609.0,23800.46,91664
2024-10-02 14:00:00,23800.46,24261.5,23258.01,23656.0,89556
2024-10-02 15:00:00,23656.0,23841.25,23474.33,23789.86,91666
2024-10-02 16:00:00,23789.86,24142.06,23771.4,23998.52,90893
2024-10-02 17:00:00,23998.52,24112.16,23770.54,23926.68,91006
2024-10-02 18:00:00,23926.68,24102.39,23750.44,23956.2,92224
2024-10-02 19:00:00,23956.2,24261.69,23850.65,23976.97,89671
2024-10-02 20:00:00,23976.97,24163.88,23824.92,23905.93,89018
2024-10-02 21:00:00,23905.93,23918.11,23870.84,23911.26,2944
2024-10-02 22:00:00,23911.26,23913.49,23908.4,23910.61,269
2024-10-02 23:00:00,23910.61,23943.44,23901.64,23937.01,3000
2024-10-03 00:00:00,23937.01,23968.69,23912.22,23950.86,2952
2024-10-03 01:00:00,23950.86,24001.34,23925.32,23961.2,2965
2024-10-03 02:00:00,23961.2,23981.19,23918.9,23946.84,2956
2024-10-03 03:00:00,23946.84,23961.59,23888.74,23919.91,2975
2024-10-03 04:00:00,23919.91,23927.42,23880.2,23906.61,2990
2024-10-03 05:00:00,23906.61,23945.36,23893.86,23918.49,2976
2024-10-03 06:00:00,23918.49,25659.93,22462.61,23965.67,2950
2024-10-03 07:00:00,23965.67,23983.68,23926.84,23938.04,3047
2024-10-03 08:00:00,23938.04,23990.77,23608.97,23717.76,65597
2024-10-03 09:00:00,23717.76,23797.27,23551.92,23622.03,65365
2024-10-03 10:00:00,23622.03,23778.5,23569.5,23703.89,66401
2024-10-03 11:00:00,23703.89,23761.44,23558.1,23629.17,64532
2024-10-03 12:00:00,23629.17,24427.6,22960.69,23380.8,64362
2024-10-03 13:00:00,23380.8,23552.48,23228.75,23505.21,90156
2024-10-03 14:00:00,23505.21,23615.02,23312.92,23392.16,87401
2024-10-03 15:00:00,23392.16,23469.83,23127.91,23215.04,90026
2024-10-03 16:00:00,23215.04,23439.76,23095.87,23409.22,89944
2024-10-03 17:00:00,23409.22,23535.04,23189.9,23230.11,89467
2024-10-03 18:00:00,23230.11,23362.71,22988.82,23065.16,90573
2024-10-03 19:00:00,23065.16,23106.79,22707.38,22763.66,91489
2024-10-03 20:00:00,22763.66,22830.15,22618.58,22686.86,89730
2024-10-03 21:00:00,22686.86,22728.56,22670.3,22684.92,2973
2024-10-03 22:00:00,22684.92,23086.5,22293.88,23033.25,267
2024-10-03 23:00:00,23033.25,23048.54,23003.49,23022.91,2990
2024-10-04 00:00:00,23022.91,23051.83,23006.05,23011.44,2907
2024-10-04 01:00:00,23011.44,23086.41,23001.01,23070.39,2985
2024-10-04 02:00:00,23070.39,23089.32,23037.75,23070.68,2965
2024-10-04 03:00:00,23070.68,23087.57,23023.63,23055.13,2964
2024-10-04 04:00:00,23055.13,23085.13,23031.57,23054.85,2925
2024-10-04 05:00:00,23054.85,23079.36,23036.45,23053.04,2924
2024-10-04 06:00:00,23053.04,23063.59,23002.4,23026.51,2963
2024-10-04 07:00:00,23026.51,23040.29,22992.32,22999.72,3044
2024-10-04 08:00:00,22999.72,23897.28,22209.73,22415.95,64986
2024-10-04 09:00:00,22415.95,22495.56,22349.93,22350.62,65011
2024-10-04 10:00:00,22350.62,22517.44,22204.08,22270.77,65826
2024-10-04 11:00:00,22270.77,22418.94,22145.67,22382.19,67449
2024-10-04 12:00:00,22382.19,22451.09,22211.11,22335.72,66851
2024-10-04 13:00:00,22335.72,22446.65,22000.36,22172.09,89499
2024-10-04 14:00:00,22172.09,22273.23,22026.69,22242.91,88928
2024-10-04 15:00:00,22242.91,23085.4,21817.53,22796.55,89630
2024-10-04 16:00:00,22796.55,23019.6,22692.6,22835.15,89577
2024-10-04 17:00:00,22835.15,22997.6,22754.89,22891.6,88507
2024-10-04 18:00:00,22891.6,22946.74,22580.3,22617.25,89256
2024-10-04 19:00:00,22617.25,22723.9,22348.79,22483.66,89871
2024-10-04 20:00:00,22483.66,22501.8,22082.01,22146.32,91015
2024-10-04 21:00:00,22146.32,22215.39,22138.95,22206.88,3014
2024-10-04 22:00:00,22206.88,22209.88,22204.12,22204.38,261
2024-10-04 23:00:00,22204.38,22213.43,22174.18,22176.4,2941
2024-10-07 00:00:00,22176.4,22359.63,21341.47,21935.72,2963
2024-10-07 01:00:00,21935.72,21952.09,21887.47,21893.25,2959
2024-10-07 02:00:00,21893.25,21901.68,21865.12,21879.22,3017
2024-10-07 03:00:00,21879.22,21891.08,21845.39,21867.61,3093
2024-10-07 04:00:00,21867.61,21926.95,21834.5,21913.65,2977
2024-10-07 05:00:00,21913.65,21931.67,21881.45,21907.37,2939
2024-10-07 06:00:00,21907.37,21929.68,21879.34,21890.98,2963
2024-10-07 07:00:00,21890.98,21906.42,21859.85,21870.94,2955
2024-10-07 08:00:00,21870.94,22420.34,20615.27,21368.83,65997
2024-10-07 09:00:00,21368.83,21500.02,21220.0,21337.53,66606
2024-10-07 10:00:00,21337.53,21480.11,21301.28,21401.9,64614
2024-10-07 11:00:00,21401.9,21567.55,21333.64,21482.87,65723
2024-10-07 12:00:00,21482.87,21804.56,21383.58,21780.73,66715
2024-10-07 13:00:00,21780.73,21914.59,21677.76,21838.57,90427
2024-10-07 14:00:00,21838.57,22006.02,21592.37,21791.75,90185
2024-10-07 15:00:00,21791.75,22018.56,21708.96,21971.65,90588
2024-10-07 16:00:00,21971.65,21993.15,21684.33,21766.53,88823
2024-10-07 17:00:00,21766.53,21852.27,21491.59,21779.77,90548
2024-10-07 18:00:00,21779.77,21926.39,21707.81,21789.17,91467
2024-10-07 19:00:00,21789.17,22911.23,21759.19,22526.56,85903
2024-10-07 20:00:00,22526.56,22780.56,22481.34,22686.22,88278
2024-10-07 21:00:00,22686.22,22720.37,22669.17,22704.28,3072
2024-10-07 22:00:00,22704.28,22707.67,22702.31,22706.1,274
2024-10-07 23:00:00,22706.1,22722.59,22677.64,22713.69,2995
2024-10-08 00:00:00,22713.69,22742.56,22688.15,22727.68,3001
2024-10-08 01:00:00,22727.68,22740.27,22664.24,22677.9,2905
2024-10-08 02:00:00,22677.9,22700.35,22636.87,22651.29,2976
2024-10-08 03:00:00,22651.29,22690.03,22632.41,22679.82,2998
2024-10-08 04:00:00,22679.82,22701.65,22668.36,22680.96,3025
2024-10-08 05:00:00,22680.96,22698.78,22654.55,22662.55,2986
2024-10-08 06:00:00,22662.55,22685.4,22643.66,22661.9,2996
2024-10-08 07:00:00,22661.9,22684.28,22613.22,22616.46,3029
2024-10-08 08:00:00,22616.46,22754.71,22453.56,22617.21,67006
2024-10-08 09:00:00,22617.21,22839.85,22583.38,22762.76,67632
2024-10-08 10:00:00,22762.76,22881.66,22627.95,22838.06,65907
2024-10-08 11:00:00,22838.06,22880.97,22613.56,22802.14,65478
2024-10-08 12:00:00,22802.14,22947.02,22579.35,22653.64,67202
2024-10-08 13:00:00,22653.64,22751.57,22442.06,22532.4,90667
2024-10-08 14:00:00,22532.4,22659.18,22372.92,22472.07,89284
2024-10-08 15:00:00,22472.07,22627.87,22295.75,22454.54,90517
2024-10-08 16:00:00,22454.54,22505.9,22278.04,22339.12,90037
2024-10-08 17:00:00,22339.12,22477.99,22118.85,22169.94,92245
2024-10-08 18:00:00,22169.94,22407.68,22141.82,22370.84,88985
2024-10-08 19:00:00,22370.84,22497.42,22280.05,22382.11,90823
2024-10-08 20:00:00,22382.11,22466.88,22229.55,22406.51,89106
2024-10-08 21:00:00,22406.51,22417.94,22363.73,22407.85,3022
2024-10-08 22:00:00,22407.85,22410.65,22406.56,22408.71,279
2024-10-08 23:00:00,22408.71,22432.26,22387.65,22404.42,2963
2024-10-09 00:00:00,22404.42,22440.95,22384.12,22417.33,2979
2024-10-09 01:00:00,22417.33,22451.24,22402.78,22441.74,2979
2024-10-09 02:00:00,22441.74,22459.26,22408.67,22420.22,3024
2024-10-09 03:00:00,22420.22,22434.81,22381.1,22407.3,2926
2024-10-09 04:00:00,22407.3,22420.11,22360.98,22374.58,3007
2024-10-09 05:00:00,22374.58,22393.5,22346.86,22371.91,2966
2024-10-09 06:00:00,22371.91,22378.24,22329.8,22355.56,2900
2024-10-09 07:00:00,22355.56,22384.01,22334.44,22364.85,2928
2024-10-09 08:00:00,22364.85,22471.42,22272.38,22429.89,65314
2024-10-09 09:00:00,22429.89,22603.73,22349.97,22525.79,65847
2024-10-09 10:00:00,22525.79,22593.29,22384.02,22452.79,64391
2024-10-09 11:00:00,22452.79,22510.84,22337.2,22381.5,66494
2024-10-09 12:00:00,22381.5,22467.29,22287.32,22425.44,66269
2024-10-09 13:00:00,22425.44,22631.8,22231.95,22552.31,90763
2024-10-09 14:00:00,22552.31,22648.69,22321.77,22454.4,89773
2024-10-09 15:00:00,22454.4,23014.68,21900.68,22955.92,87962
2024-10-09 16:00:00,22955.92,23136.88,22690.92,23093.04,90044
2024-10-09 17:00:00,23093.04,23229.76,22801.26,22891.29,90336
2024-10-09 18:00:00,22891.29,23116.98,22836.22,22935.86,88865
2024-10-09 19:00:00,22935.86,23117.26,22647.92,23088.13,88750
2024-10-09 20:00:00,23088.13,23210.6,22849.69,23003.45,88875
2024-10-09 21:00:00,23003.45,23009.68,22955.15,22966.59,2961
2024-10-09 22:00:00,22966.59,22968.05,22962.14,22964.68,276
2024-10-09 23:00:00,22964.68,23001.79,22774.61,22790.29,2966
2024-10-10 00:00:00,22790.29,22803.4,22591.0,22595.13,2951
2024-10-10 01:00:00,22595.13,22606.91,22405.62,22405.79,2930
2024-10-10 02:00:00,22405.79,22424.33,22227.97,22245.37,2943
2024-10-10 03:00:00,22245.37,22256.59,22149.57,22153.14,2921
2024-10-10 04:00:00,22153.14,22233.65,22028.45,22069.93,2997
2024-10-10 05:00:00,22069.93,22089.63,21802.86,21817.12,2897
2024-10-10 06:00:00,21817.12,21831.0,21641.49,21666.77,3011
2024-10-10 07:00:00,21666.77,21709.64,21507.06,21526.92,3001
2024-10-10 08:00:00,21526.92,21609.06,21220.9,21507.49,65862
2024-10-10 09:00:00,21507.49,21880.02,21383.68,21601.57,66140
2024-10-10 10:00:00,21601.57,21752.06,21199.05,21261.57,67605
2024-10-10 11:00:00,21261.57,21763.6,20999.84,21501.69,67561
2024-10-10 12:00:00,21501.69,21570.23,20923.34,21030.72,64529
2024-10-10 13:00:00,21030.72,21100.51,20454.67,20580.41,90823
2024-10-10 14:00:00,20580.41,20923.77,20378.23,20488.01,91288
2024-10-10 15:00:00,20488.01,21108.69,20121.95,20414.44,91051
2024-10-10 16:00:00,20414.44,20726.76,20313.79,20427.02,91177
2024-10-10 17:00:00,20427.02,20513.18,20013.19,20198.91,88382
2024-10-10 18:00:00,20198.91,20625.28,19947.34,20252.97,90839
2024-10-10 19:00:00,20252.97,20766.69,20053.57,20506.8,88417
2024-10-10 20:00:00,20506.8,20699.68,19977.05,20086.8,89938
2024-10-10 21:00:00,20086.8,20131.31,19975.9,19990.64,3076
2024-10-10 22:00:00,19990.64,19993.52,19840.29,19842.47,270
2024-10-10 23:00:00,19842.47,19845.82,19680.74,19698.36,2920
2024-10-11 00:00:00,19698.36,19708.02,19572.92,19574.76,3039
2024-10-11 01:00:00,19574.76,19599.63,19499.5,19515.7,2965
2024-10-11 02:00:00,19515.7,19558.98,19401.44,19408.13,2908
2024-10-11 03:00:00,19408.13,19426.62,19249.75,19250.22,2913
2024-10-11 04:00:00,19250.22,19264.96,19122.5,19126.2,2959
2024-10-11 05:00:00,19126.2,19354.89,18795.82,19187.03,2995
2024-10-11 06:00:00,19187.03,19209.16,19007.03,19044.18,2899
2024-10-11 07:00:00,19044.18,19065.19,18909.77,18917.98,3026
2024-10-11 08:00:00,18917.98,19070.84,18596.04,18991.88,66229
2024-10-11 09:00:00,18991.88,19228.76,18612.86,18657.27,65481
2024-10-11 10:00:00,18657.27,18698.98,18204.24,18358.91,65431
2024-10-11 11:00:00,18358.91,18542.8,18045.57,18116.92,65850
2024-10-11 12:00:00,18116.92,18144.83,17098.95,17485.35,65520
2024-10-11 13:00:00,17485.35,17576.38,17104.77,17322.61,90433
2024-10-11 14:00:00,17322.61,17589.47,17099.24,17217.76,92109
2024-10-11 15:00:00,17217.76,17283.35,16989.44,17205.14,88885
2024-10-11 16:00:00,17205.14,17250.18,17012.83,17130.84,89428
2024-10-11 17:00:00,17130.84,17379.65,17026.38,17093.54,91406
2024-10-11 18:00:00,17093.54,17202.84,16933.87,16995.46,89016
2024-10-11 19:00:00,16995.46,17007.92,16828.87,16936.0,91946
2024-10-11 20:00:00,16936.0,17222.88,16916.02,17200.59,89772
2024-10-11 21:00:00,17200.59,17692.21,16791.44,17465.41,2946
2024-10-11 22:00:00,17465.41,17469.55,17464.0,17468.88,267
2024-10-11 23:00:00,17468.88,17485.8,17435.27,17455.81,2925
2024-10-14 00:00:00,17455.81,17477.51,17448.35,17471.19,2967
2024-10-14 01:00:00,17471.19,17484.37,17421.88,17445.84,2952
2024-10-14 02:00:00,17445.84,17464.34,17422.56,17443.65,2963
2024-10-14 03:00:00,17443.65,17472.68,17423.55,17445.45,3031
2024-10-14 04:00:00,17445.45,17464.23,17431.04,17444.48,2938
2024-10-14 05:00:00,17444.48,17458.34,17414.35,17428.41,2959
2024-10-14 06:00:00,17428.41,17440.12,17395.73,17410.7,2949
2024-10-14 07:00:00,17410.7,17441.41,17389.59,17409.94,2977
2024-10-14 08:00:00,17409.94,17496.8,17329.86,17388.73,65570
2024-10-14 09:00:00,17388.73,17484.21,17318.04,17435.35,67845
2024-10-14 10:00:00,17435.35,17534.86,17384.1,17469.32,66085
2024-10-14 11:00:00,17469.32,17540.47,17393.82,17455.16,65372
2024-10-14 12:00:00,17455.16,17530.85,17337.39,17437.58,67017
2024-10-14 13:00:00,17437.58,17515.15,17271.12,17412.57,88336
2024-10-14 14:00:00,17412.57,17633.0,17362.6,17532.82,89687
2024-10-14 15:00:00,17532.82,17638.31,17389.9,17581.8,92367
2024-10-14 16:00:00,17581.8,17738.55,17452.59,17712.71,91963
2024-10-14 17:00:00,17712.71,17765.08,17475.53,17584.78,90978
2024-10-14 18:00:00,17584.78,17680.71,17456.95,17523.98,88380
2024-10-14 19:00:00,17523.98,17589.45,17414.0,17548.29,89819
2024-10-14 20:00:00,17548.29,17597.48,17358.12,17428.86,92858
2024-10-14 21:00:00,17428.86,17475.37,17422.1,17462.87,2987
2024-10-14 22:00:00,17462.87,17463.76,17459.1,17460.21,271
2024-10-14 23:00:00,17460.21,17483.23,17442.87,17463.24,3006
2024-10-15 00:00:00,17463.24,17520.15,17451.98,17509.68,2936
2024-10-15 01:00:00,17509.68,17530.42,17500.08,17518.04,2996
2024-10-15 02:00:00,17518.04,17525.73,17483.2,17502.18,2990
2024-10-15 03:00:00,17502.18,17522.28,17494.37,17507.86,2991
2024-10-15 04:00:00,17507.86,17869.48,17255.97,17332.26,2877
2024-10-15 05:00:00,17332.26,17368.09,17325.63,17359.21,2973
2024-10-15 06:00:00,17359.21,17387.27,17349.67,17362.23,2973
2024-10-15 07:00:00,17362.23,17390.11,17349.66,17377.87,2978
2024-10-15 08:00:00,17377.87,17434.32,17202.2,17277.78,66725
2024-10-15 09:00:00,17277.78,17530.35,16985.59,17344.66,67097
2024-10-15 10:00:00,17344.66,17699.77,16956.13,17605.7,64876
2024-10-15 11:00:00,17605.7,17674.38,17486.82,17547.83,66520
2024-10-15 12:00:00,17547.83,17620.83,17438.77,17570.79,63971
2024-10-15 13:00:00,17570.79,17649.92,17424.23,17467.06,89427
2024-10-15 14:00:00,17467.06,17554.4,17299.5,17421.18,90464
2024-10-15 15:00:00,17421.18,17580.89,17336.05,17415.27,89721
2024-10-15 16:00:00,17415.27,17433.57,17106.64,17127.79,89972
2024-10-15 17:00:00,17127.79,17201.97,17042.71,17168.94,90187
2024-10-15 18:00:00,17168.94,17322.96,17062.65,17096.1,90724
2024-10-15 19:00:00,17096.1,17612.66,16988.64,17381.84,89375
2024-10-15 20:00:00,17381.84,17417.38,17117.73,17338.0,91202
2024-10-15 21:00:00,17338.0,17346.13,17284.37,17305.98,2961
2024-10-15 22:00:00,17305.98,17306.37,17302.3,17304.17,263
2024-10-15 23:00:00,17304.17,17329.92,17288.17,17298.26,3004
2024-10-16 00:00:00,17298.26,17328.78,17284.6,17308.88,2971
2024-10-16 01:00:00,17308.88,17328.46,17291.33,17326.73,3039
2024-10-16 02:00:00,17326.73,17351.95,17284.04,17294.29,3002
2024-10-16 03:00:00,17294.29,17321.13,17278.0,17291.93,2973
2024-10-16 04:00:00,17291.93,17319.85,17277.31,17311.47,3029
2024-10-16 05:00:00,17311.47,17356.61,17298.68,17337.72,3020
2024-10-16 06:00:00,17337.72,17344.17,17300.0,17316.08,2997
2024-10-16 07:00:00,17316.08,17334.72,17294.33,17313.74,2915
2024-10-16 08:00:00,17313.74,17337.93,17202.27,17267.49,66765
2024-10-16 09:00:00,17267.49,17331.53,17162.1,17240.89,65026
2024-10-16 10:00:00,17240.89,17662.34,17060.57,17330.55,65069
2024-10-16 11:00:00,17330.55,17380.37,17208.69,17247.57,66549
2024-10-16 12:00:00,17247.57,17435.04,17234.9,17348.65,65123
2024-10-16 13:00:00,17348.65,17510.92,17240.97,17411.07,88714
2024-10-16 14:00:00,17411.07,17552.84,17305.02,17404.51,88518
2024-10-16 15:00:00,17404.51,17550.27,17323.14,17542.91,89898
2024-10-16 16:00:00,17542.91,17652.77,17460.53,17514.65,89942
2024-10-16 17:00:00,17514.65,17642.11,17426.15,17571.72,91153
2024-10-16 18:00:00,17571.72,17844.3,17459.39,17812.22,89775
2024-10-16 19:00:00,17812.22,18013.78,17677.26,17688.53,88272
2024-10-16 20:00:00,17688.53,17770.69,17468.8,17600.63,90553
2024-10-16 21:00:00,17600.63,17628.16,17584.74,17611.92,3013
2024-10-16 22:00:00,17611.92,17612.95,17609.66,17611.32,263
2024-10-16 23:00:00,17611.32,17646.81,17601.81,17635.33,2984
2024-10-17 00:00:00,17635.33,17685.11,17634.08,17677.19,3020
2024-10-17 01:00:00,17677.19,17687.68,17660.46,17684.44,2898
2024-10-17 02:00:00,17684.44,17703.07,17661.16,17674.16,2938
2024-10-17 03:00:00,17674.16,17689.14,17662.99,17672.05,2909
2024-10-17 04:00:00,17672.05,17687.2,17657.97,17665.43,2975
2024-10-17 05:00:00,17665.43,17693.23,17655.06,17662.84,2967
2024-10-17 06:00:00,17662.84,17685.08,17652.31,17675.14,2978
2024-10-17 07:00:00,17675.14,17681.24,17649.7,17664.36,3009
2024-10-17 08:00:00,17664.36,18214.4,17083.26,17619.06,66738
2024-10-17 09:00:00,17619.06,17696.12,17553.64,17642.59,67357
2024-10-17 10:00:00,17642.59,17669.26,17459.75,17619.28,64055
2024-10-17 11:00:00,17619.28,17856.74,17595.78,17739.14,65416
2024-10-17 12:00:00,17739.14,17776.6,17596.21,17739.59,64791
2024-10-17 13:00:00,17739.59,17900.67,17567.88,17744.44,89997
2024-10-17 14:00:00,17744.44,17825.03,17533.62,17632.01,91227
2024-10-17 15:00:00,17632.01,17694.48,17403.89,17530.43,89386
2024-10-17 16:00:00,17530.43,17650.34,17291.81,17528.08,91502
2024-10-17 17:00:00,17528.08,17608.3,17366.77,17507.61,89127
2024-10-17 18:00:00,17507.61,17631.9,17435.31,17591.24,90078
2024-10-17 19:00:00,17591.24,17804.44,17536.01,17661.95,89361
2024-10-17 20:00:00,17661.95,17811.15,17515.02,17624.28,89580
2024-10-17 21:00:00,17624.28,17633.65,17561.3,17568.53,2946
2024-10-17 22:00:00,17568.53,17572.95,17567.8,17571.77,270
2024-10-17 23:00:00,17571.77,17590.74,17553.75,17563.01,2983
2024-10-18 00:00:00,17563.01,17572.75,17527.77,17538.8,2894
2024-10-18 01:00:00,17538.8,17551.94,17516.59,17538.52,3049
2024-10-18 02:00:00,17538.52,17543.7,17489.71,17508.69,2983
2024-10-18 03:00:00,17508.69,17534.49,17464.89,17484.03,2983
2024-10-18 04:00:00,17484.03,17502.84,17458.74,17495.53,3024
2024-10-18 05:00:00,17495.53,17523.01,17477.38,17501.31,2982
2024-10-18 06:00:00,17501.31,17509.64,17469.7,17492.6,2946
2024-10-18 07:00:00,17492.6,17496.75,17454.35,17491.71,3020
2024-10-18 08:00:00,17491.71,17600.3,17416.87,17498.21,65191
2024-10-18 09:00:00,17498.21,17666.81,17473.87,17612.15,66870
2024-10-18 10:00:00,17612.15,17860.43,17559.35,17846.71,67474
2024-10-18 11:00:00,17846.71,17950.81,17761.08,17900.03,66002
2024-10-18 12:00:00,17900.03,18029.01,17617.99,17767.73,66105
2024-10-18 13:00:00,17767.73,17906.35,17689.1,17786.34,90622
2024-10-18 14:00:00,17786.34,17850.73,17667.08,17775.17,89277
2024-10-18 15:00:00,17775.17,17826.2,17481.76,17665.22,88390
2024-10-18 16:00:00,17665.22,17741.17,17512.76,17671.92,87688
2024-10-18 17:00:00,17671.92,17703.62,17470.77,17562.44,90953
2024-10-18 18:00:00,17562.44,17581.06,17362.1,17518.26,90545
2024-10-18 19:00:00,17518.26,17742.71,17475.27,17549.07,89398
2024-10-18 20:00:00,17549.07,17674.17,17376.84,17458.1,89216
2024-10-18 21:00:00,17458.1,17486.87,17440.68,17482.4,2961
2024-10-18 22:00:00,17482.4,17675.72,17271.44,17334.74,274
2024-10-18 23:00:00,17334.74,17378.08,17323.65,17373.44,2955
2024-10-21 00:00:00,17373.44,17416.95,17365.85,17391.75,2961
2024-10-21 01:00:00,17391.75,18248.96,16927.94,17097.57,2878
2024-10-21 02:00:00,17097.57,17602.02,16831.43,17488.87,3020
2024-10-21 03:00:00,17488.87,17502.79,17436.01,17442.13,2925
2024-10-21 04:00:00,17442.13,17449.76,17414.77,17429.25,3043
2024-10-21 05:00:00,17429.25,17692.17,17120.0,17201.08,3011
2024-10-21 06:00:00,17201.08,17218.43,17173.17,17202.7,3071
2024-10-21 07:00:00,17202.7,17210.61,17186.49,17200.45,2883
2024-10-21 08:00:00,17200.45,17297.39,17142.04,17251.12,66816
2024-10-21 09:00:00,17251.12,18284.54,16919.06,17646.79,66882
2024-10-21 10:00:00,17646.79,17753.45,17560.77,17670.91,65465
2024-10-21 11:00:00,17670.91,17692.08,17480.85,17486.68,66128
2024-10-21 12:00:00,17486.68,17639.03,17450.26,17567.07,65469
2024-10-21 13:00:00,17567.07,17606.89,17394.06,17472.46,90557
2024-10-21 14:00:00,17472.46,17652.49,17372.58,17606.01,90657
2024-10-21 15:00:00,17606.01,17741.59,17500.94,17672.6,91053
2024-10-21 16:00:00,17672.6,18255.89,17580.02,18079.82,89983
2024-10-21 17:00:00,18079.82,18124.76,17893.95,17982.41,92436
2024-10-21 18:00:00,17982.41,18246.66,17889.39,18208.73,90655
2024-10-21 19:00:00,18208.73,18237.49,18038.14,18155.25,89442
2024-10-21 20:00:00,18155.25,18385.65,18008.78,18041.34,87945
2024-10-21 21:00:00,18041.34,18058.11,18019.35,18037.05,3027
2024-10-21 22:00:00,18037.05,18629.37,17835.24,18366.36,270
2024-10-21 23:00:00,18366.36,18388.33,18326.65,18335.7,2991
2024-10-22 00:00:00,18335.7,18358.85,18321.96,18343.65,2933
2024-10-22 01:00:00,18343.65,18360.82,18329.34,18341.91,2970
2024-10-22 02:00:00,18341.91,18372.99,18319.06,18357.69,3002
2024-10-22 03:00:00,18357.69,18818.78,18299.55,18576.75,2997
2024-10-22 04:00:00,18576.75,18582.02,18528.74,18540.09,2972
2024-10-22 05:00:00,18540.09,18574.46,18521.69,18534.62,2984
2024-10-22 06:00:00,18534.62,19040.85,18306.41,18348.94,2980
2024-10-22 07:00:00,18348.94,18359.49,18314.77,18340.57,2968
2024-10-22 08:00:00,18340.57,18453.01,18161.11,18278.93,65939
2024-10-22 09:00:00,18278.93,18373.15,18222.97,18311.34,65494
2024-10-22 10:00:00,18311.34,18410.79,18228.85,18373.32,64471
2024-10-22 11:00:00,18373.32,18408.42,18211.4,18258.78,66542
2024-10-22 12:00:00,18258.78,18339.44,18151.25,18197.91,65761
2024-10-22 13:00:00,18197.91,18265.72,17977.81,18000.1,89544
2024-10-22 14:00:00,18000.1,18157.89,17865.88,17913.08,89175
2024-10-22 15:00:00,17913.08,18151.53,17864.23,18146.64,90844
2024-10-22 16:00:00,18146.64,18213.66,17984.63,18092.42,87913
2024-10-22 17:00:00,18092.42,18266.68,18030.12,18208.36,89105
2024-10-22 18:00:00,18208.36,18354.18,17853.26,17979.43,89872
2024-10-22 19:00:00,17979.43,18025.88,17782.37,17969.2,92831
2024-10-22 20:00:00,17969.2,18063.1,17827.19,18030.51,93780
2024-10-22 21:00:00,18030.51,18044.48,17781.34,17848.51,2969
2024-10-22 22:00:00,17848.51,18035.58,17562.04,17657.57,269
2024-10-22 23:00:00,17657.57,17685.16,17635.76,17665.05,2963
2024-10-23 00:00:00,17665.05,17678.11,17643.3,17672.03,2970
2024-10-23 01:00:00,17672.03,17693.52,17649.49,17669.83,3004
2024-10-23 02:00:00,17669.83,17674.51,17642.54,17647.74,2967
2024-10-23 03:00:00,17647.74,17655.22,17615.45,17621.82,2976
2024-10-23 04:00:00,17621.82,17630.95,17593.16,17620.18,2938
2024-10-23 05:00:00,17620.18,17641.43,17595.79,17637.08,2973
2024-10-23 06:00:00,17637.08,17660.64,17616.78,17637.75,2873
2024-10-23 07:00:00,17637.75,17664.29,17615.5,17651.49,2982
2024-10-23 08:00:00,17651.49,17731.99,17488.74,17575.95,66792
2024-10-23 09:00:00,17575.95,17766.37,17516.86,17716.11,65766
2024-10-23 10:00:00,17716.11,17861.34,17654.04,17805.41,68041
2024-10-23 11:00:00,17805.41,17916.45,17740.44,17770.59,64791
2024-10-23 12:00:00,17770.59,17852.69,17681.07,17726.65,67051
2024-10-23 13:00:00,17726.65,17954.72,17631.48,17878.2,88300
2024-10-23 14:00:00,17878.2,18439.88,17115.76,18355.56,89153
2024-10-23 15:00:00,18355.56,18533.92,18204.63,18453.12,88539
2024-10-23 16:00:00,18453.12,18785.01,18235.73,18455.63,90666
2024-10-23 17:00:00,18455.63,18484.21,18249.03,18409.89,89340
2024-10-23 18:00:00,18409.89,18607.3,18344.7,18510.61,91525
2024-10-23 19:00:00,18510.61,18627.7,18355.95,18409.91,89393
2024-10-23 20:00:00,18409.91,18462.5,18256.03,18334.59,91205
2024-10-23 21:00:00,18334.59,18668.05,18052.4,18475.78,2940
2024-10-23 22:00:00,18475.78,18478.23,18473.69,18476.39,271
2024-10-23 23:00:00,18476.39,18491.89,18455.24,18477.69,2932
2024-10-24 00:00:00,18477.69,18505.57,18457.68,18461.51,2891
2024-10-24 01:00:00,18461.51,18500.08,18444.63,18479.81,2892
2024-10-24 02:00:00,18479.81,18520.68,18472.96,18487.88,3027
2024-10-24 03:00:00,18487.88,18520.63,18452.68,18487.38,2918
2024-10-24 04:00:00,18487.38,18505.32,18464.09,18482.89,2941
2024-10-24 05:00:00,18482.89,18533.7,18478.03,18531.3,2946
2024-10-24 06:00:00,18531.3,18543.99,18501.51,18525.47,2918
2024-10-24 07:00:00,18525.47,18921.45,18363.73,18728.71,2983
2024-10-24 08:00:00,18728.71,18858.78,18677.49,18722.52,65714
2024-10-24 09:00:00,18722.52,18848.34,18687.15,18742.11,67627
2024-10-24 10:00:00,18742.11,18924.25,18700.63,18841.23,65609
2024-10-24 11:00:00,18841.23,19010.91,18754.77,18978.59,66071
2024-10-24 12:00:00,18978.59,20386.66,18331.17,19325.06,65187
2024-10-24 13:00:00,19325.06,19507.86,19263.35,19383.0,88143
2024-10-24 14:00:00,19383.0,19638.16,19266.62,19345.71,92385
2024-10-24 15:00:00,19345.71,19919.08,18094.53,18849.28,88383
2024-10-24 16:00:00,18849.28,18983.4,18701.26,18755.66,91169
2024-10-24 17:00:00,18755.66,18859.31,18591.29,18665.82,89373
2024-10-24 18:00:00,18665.82,18773.13,18492.73,18684.66,89126
2024-10-24 19:00:00,18684.66,18791.9,18513.37,18727.18,86372
2024-10-24 20:00:00,18727.18,18760.36,18548.29,18687.47,90160
2024-10-24 21:00:00,18687.47,19308.56,17909.15,18346.64,2941
2024-10-24 22:00:00,18346.64,18350.06,18345.61,18348.88,273
2024-10-24 23:00:00,18348.88,18383.15,18332.06,18355.48,2936
2024-10-25 00:00:00,18355.48,18380.17,18330.33,18373.86,2882
2024-10-25 01:00:00,18373.86,18391.5,18342.91,18384.73,2969
2024-10-25 02:00:00,18384.73,18417.82,18374.97,18406.22,2975
2024-10-25 03:00:00,18406.22,18421.84,18386.55,18388.04,2999
2024-10-25 04:00:00,18388.04,18397.58,18354.23,18375.46,3021
2024-10-25 05:00:00,18375.46,18401.52,18359.06,18373.8,3057
2024-10-25 06:00:00,18373.8,18391.98,18353.28,18389.12,2946
2024-10-25 07:00:00,18389.12,18398.01,18358.15,18390.03,3001
2024-10-25 08:00:00,18390.03,18459.63,18206.74,18312.64,66329
2024-10-25 09:00:00,18312.64,18517.76,18235.09,18499.87,65673
2024-10-25 10:00:00,18499.87,18571.38,18441.14,18544.18,66821
2024-10-25 11:00:00,18544.18,18635.86,18498.22,18553.65,66211
2024-10-25 12:00:00,18553.65,18705.02,18486.39,18551.51,65768
2024-10-25 13:00:00,18551.51,18743.17,18472.32,18645.24,92390
2024-10-25 14:00:00,18645.24,18897.38,18590.59,18834.4,89809
2024-10-25 15:00:00,18834.4,19077.45,18764.96,19013.45,88138
2024-10-25 16:00:00,19013.45,19034.05,18782.9,18841.23,90459
2024-10-25 17:00:00,18841.23,18904.27,17502.82,18064.91,92445
2024-10-25 18:00:00,18064.91,18209.51,17954.34,18103.94,89927
2024-10-25 19:00:00,18103.94,18214.4,17957.83,18128.99,92408
2024-10-25 20:00:00,18128.99,18502.49,18044.1,18336.98,91598
2024-10-25 21:00:00,18336.98,18350.42,18287.26,18294.37,2962
2024-10-25 22:00:00,18294.37,18296.13,18291.73,18293.79,268
2024-10-25 23:00:00,18293.79,18310.28,18269.03,18276.21,2919
2024-10-28 00:00:00,18276.21,18299.43,18265.42,18269.17,3021
2024-10-28 01:00:00,18269.17,18274.89,18211.41,18231.81,2989
2024-10-28 02:00:00,18231.81,18248.89,18161.72,18174.95,3025
2024-10-28 03:00:00,18174.95,18186.29,18151.77,18173.91,2993
2024-10-28 04:00:00,18173.91,18226.94,18164.75,18220.75,2985
2024-10-28 05:00:00,18220.75,18224.96,18185.9,18200.81,3053
2024-10-28 06:00:00,18200.81,18215.11,18182.21,18202.29,3052
2024-10-28 07:00:00,18202.29,18253.28,18194.11,18233.79,2939
2024-10-28 08:00:00,18233.79,18283.63,18153.48,18195.57,65975
2024-10-28 09:00:00,18195.57,18349.63,18153.0,18238.47,65691
2024-10-28 10:00:00,18238.47,18349.49,18190.32,18258.64,65730
2024-10-28 11:00:00,18258.64,18356.71,18225.57,18289.18,65142
2024-10-28 12:00:00,18289.18,18462.5,18275.86,18395.51,64783
2024-10-28 13:00:00,18395.51,18506.29,18313.71,18467.04,89134
2024-10-28 14:00:00,18467.04,18643.55,18379.91,18429.94,91690
2024-10-28 15:00:00,18429.94,18526.39,18245.54,18468.74,92167
2024-10-28 16:00:00,18468.74,18488.46,18094.54,18178.13,90084
2024-10-28 17:00:00,18178.13,18269.84,18011.55,18048.53,87560
2024-10-28 18:00:00,18048.53,18169.99,17328.42,17668.93,88948
2024-10-28 19:00:00,17668.93,18232.33,17352.66,17854.5,90928
2024-10-28 20:00:00,17854.5,17967.59,17723.93,17841.2,91208
2024-10-28 21:00:00,17841.2,17858.5,17812.98,17824.4,3005
2024-10-28 22:00:00,17824.4,17824.94,17821.76,17823.1,267
2024-10-28 23:00:00,17823.1,17841.24,17791.76,17815.07,2917
2024-10-29 00:00:00,17815.07,18143.42,17458.9,18135.54,2929
2024-10-29 01:00:00,18135.54,18172.06,18131.07,18152.13,2879
2024-10-29 02:00:00,18152.13,18163.92,18119.07,18131.55,3052
2024-10-29 03:00:00,18131.55,18145.4,18111.66,18130.7,2964
2024-10-29 04:00:00,18130.7,18152.67,18105.82,18145.59,2966
2024-10-29 05:00:00,18145.59,18150.06,18084.35,18087.06,2959
2024-10-29 06:00:00,18087.06,18093.42,18028.13,18037.92,2908
2024-10-29 07:00:00,18037.92,18045.45,17960.18,17976.43,2974
2024-10-29 08:00:00,17976.43,18007.5,17769.73,17847.62,66547
2024-10-29 09:00:00,17847.62,17909.46,17751.33,17836.01,66682
2024-10-29 10:00:00,17836.01,17949.13,17754.8,17885.94,65279
2024-10-29 11:00:00,17885.94,17923.24,17765.71,17809.9,67589
2024-10-29 12:00:00,17809.9,17992.82,17771.69,17788.5,67558
2024-10-29 13:00:00,17788.5,17991.67,17693.46,17918.0,90567
2024-10-29 14:00:00,17918.0,18020.03,17831.17,17902.16,91085
2024-10-29 15:00:00,17902.16,18106.6,17871.31,18026.12,91484
2024-10-29 16:00:00,18026.12,18269.36,17940.38,18207.81,91094
2024-10-29 17:00:00,18207.81,18276.7,18080.61,18183.5,89671
2024-10-29 18:00:00,18183.5,18248.75,17813.13,18028.45,88241
2024-10-29 19:00:00,18028.45,18151.82,17911.18,17975.62,87664
2024-10-29 20:00:00,17975.62,18151.24,17893.71,18115.48,91088
2024-10-29 21:00:00,18115.48,18143.36,18102.69,18135.0,2904
2024-10-29 22:00:00,18135.0,18138.24,18132.16,18137.38,269
2024-10-29 23:00:00,18137.38,18360.95,18114.1,18302.08,2975
2024-10-30 00:00:00,18302.08,18313.37,18238.47,18238.71,2865
2024-10-30 01:00:00,18238.71,18269.76,18222.13,18241.74,2968
2024-10-30 02:00:00,18241.74,18266.56,18231.37,18256.14,2962
2024-10-30 03:00:00,18256.14,18271.36,18238.98,18250.31,2981
2024-10-30 04:00:00,18250.31,18272.1,18236.36,18262.48,2954
2024-10-30 05:00:00,18262.48,18277.14,18240.93,18257.12,2958
2024-10-30 06:00:00,18257.12,18401.37,18203.9,18382.85,2946
2024-10-30 07:00:00,18382.85,18515.04,18087.24,18340.85,2938
2024-10-30 08:00:00,18340.85,18657.58,18253.97,18588.39,65153
2024-10-30 09:00:00,18588.39,19458.48,18451.5,18570.06,64321
2024-10-30 10:00:00,18570.06,18903.12,18303.56,18824.08,65590
2024-10-30 11:00:00,18824.08,19213.43,18728.28,19098.01,65776
2024-10-30 12:00:00,19098.01,19350.84,18979.65,19106.19,66552
2024-10-30 13:00:00,19106.19,19963.52,18964.23,19537.21,93002
2024-10-30 14:00:00,19537.21,20326.21,19468.12,20084.62,90748
2024-10-30 15:00:00,20084.62,20373.98,19856.9,20198.44,90598
2024-10-30 16:00:00,20198.44,20625.93,19221.47,20035.11,88712
2024-10-30 17:00:00,20035.11,20355.03,19876.69,20003.8,90496
2024-10-30 18:00:00,20003.8,20274.05,19837.04,20225.17,88588
2024-10-30 19:00:00,20225.17,20444.04,19853.04,20094.86,93470
2024-10-30 20:00:00,20094.86,20484.55,19871.12,20015.17,89343
2024-10-30 21:00:00,20015.17,20178.52,20006.54,20155.63,2930
2024-10-30 22:00:00,20155.63,20307.74,20154.86,20301.98,262
2024-10-30 23:00:00,20301.98,20424.93,20286.07,20421.02,3025
2024-10-31 00:00:00,20421.02,20529.01,20405.62,20518.36,2953
2024-10-31 01:00:00,20518.36,20743.82,20497.95,20735.88,2954
2024-10-31 02:00:00,20735.88,20908.03,20722.49,20858.57,3036
2024-10-31 03:00:00,20858.57,21035.58,20856.16,21008.47,3015
2024-10-31 04:00:00,21008.47,21127.89,20991.94,21095.32,2916
2024-10-31 05:00:00,21095.32,21246.0,21072.68,21212.14,3006
2024-10-31 06:00:00,21212.14,21411.12,21197.32,21391.08,2943
2024-10-31 07:00:00,21391.08,21689.75,21389.74,21676.6,3000
2024-10-31 08:00:00,21676.6,21913.7,21574.82,21822.44,66805
2024-10-31 09:00:00,21822.44,22065.29,21573.04,21978.59,64671
2024-10-31 10:00:00,21978.59,22564.1,21921.46,22207.08,65809
2024-10-31 11:00:00,22207.08,22694.14,22137.01,22605.72,65123
2024-10-31 12:00:00,22605.72,22670.23,22488.56,22545.97,66970
2024-10-31 13:00:00,22545.97,22699.09,22465.66,22634.77,88847
2024-10-31 14:00:00,22634.77,23229.0,21545.46,22086.36,91407
2024-10-31 15:00:00,22086.36,22636.18,21029.36,21597.04,91204
2024-10-31 16:00:00,21597.04,21992.59,21555.46,21891.65,92570
2024-10-31 17:00:00,21891.65,22003.03,21677.33,21942.23,89085
2024-10-31 18:00:00,21942.23,22048.81,21787.31,22001.43,90370
2024-10-31 19:00:00,22001.43,22296.99,21912.54,22233.03,90885
2024-10-31 20:00:00,22233.03,22306.89,22039.25,22224.16,90712
2024-10-31 21:00:00,22224.16,22259.76,22201.33,22244.65,3027
2024-10-31 22:00:00,22244.65,22442.78,21364.92,21928.67,261
2024-10-31 23:00:00,21928.67,21973.96,21910.89,21952.57,2987
2024-11-01 00:00:00,21952.57,21982.16,21934.41,21961.12,2973
2024-11-01 01:00:00,21961.12,22019.46,21953.24,21981.66,2940
2024-11-01 02:00:00,21981.66,22024.93,21943.63,22000.9,2936
2024-11-01 03:00:00,22000.9,22005.64,21929.55,21941.56,2871
2024-11-01 04:00:00,21941.56,22342.46,21839.92,22200.03,2978
2024-11-01 05:00:00,22200.03,22251.14,22192.67,22244.55,2920
2024-11-01 06:00:00,22244.55,22259.13,22222.27,22227.18,2972
2024-11-01 07:00:00,22227.18,22257.84,22208.55,22231.33,3053
2024-11-01 08:00:00,22231.33,22347.04,22111.06,22252.98,67166
2024-11-01 09:00:00,22252.98,22422.74,22179.61,22259.91,65616
2024-11-01 10:00:00,22259.91,22895.87,21428.84,21973.47,65355
2024-11-01 11:00:00,21973.47,22179.38,21869.68,22097.42,67673
2024-11-01 12:00:00,22097.42,22188.37,21931.83,22134.5,65797
2024-11-01 13:00:00,22134.5,22215.86,21936.86,22129.85,88256
2024-11-01 14:00:00,22129.85,23636.53,21922.8,22562.51,90457
2024-11-01 15:00:00,22562.51,22843.44,22535.7,22631.35,88760
2024-11-01 16:00:00,22631.35,22825.15,22509.81,22739.22,89422
2024-11-01 17:00:00,22739.22,23004.52,22514.92,22792.16,89691
2024-11-01 18:00:00,22792.16,23055.29,22684.08,22746.84,86968
2024-11-01 19:00:00,22746.84,22898.87,22585.58,22652.2,89403
2024-11-01 20:00:00,22652.2,22790.34,22502.93,22701.93,88286
2024-11-01 21:00:00,22701.93,22721.71,22664.8,22678.14,2927
2024-11-01 22:00:00,22678.14,22682.37,22676.43,22679.61,268
2024-11-01 23:00:00,22679.61,22712.08,22638.37,22649.08,3064
2024-11-04 00:00:00,22649.08,22697.69,22634.88,22672.73,2970
2024-11-04 01:00:00,22672.73,22701.34,22630.35,22643.4,2987
2024-11-04 02:00:00,22643.4,22676.54,22622.54,22628.21,2944
2024-11-04 03:00:00,22628.21,22651.49,22599.35,22641.14,3003
2024-11-04 04:00:00,22641.14,22655.65,22612.51,22622.44,2980
2024-11-04 05:00:00,22622.44,22628.39,22572.22,22587.34,2941
2024-11-04 06:00:00,22587.34,22607.58,22562.18,22586.54,2959
2024-11-04 07:00:00,22586.54,22618.08,22572.02,22613.58,2970
2024-11-04 08:00:00,22613.58,22752.77,22522.67,22611.71,65020
2024-11-04 09:00:00,22611.71,22669.96,22505.38,22618.74,67226
2024-11-04 10:00:00,22618.74,22781.3,22539.3,22696.53,67152
2024-11-04 11:00:00,22696.53,22719.96,22536.4,22619.49,66005
2024-11-04 12:00:00,22619.49,22721.88,22428.4,22474.06,67638
2024-11-04 13:00:00,22474.06,22574.72,22276.91,22484.4,91547
2024-11-04 14:00:00,22484.4,22566.53,22295.75,22372.59,90500
2024-11-04 15:00:00,22372.59,22929.7,21991.26,22638.97,90428
2024-11-04 16:00:00,22638.97,22798.15,22441.48,22602.82,90739
2024-11-04 17:00:00,22602.82,22804.0,22521.04,22751.69,87339
2024-11-04 18:00:00,22751.69,22883.85,22582.32,22722.92,89247
2024-11-04 19:00:00,22722.92,22980.54,22692.84,22897.27,90658
2024-11-04 20:00:00,22897.27,23097.6,22617.43,22706.59,88032
2024-11-04 21:00:00,22706.59,22733.49,22659.42,22664.98,2899
2024-11-04 22:00:00,22664.98,22672.67,22664.22,22670.95,271
2024-11-04 23:00:00,22670.95,22691.05,22636.77,22682.92,2933
2024-11-05 00:00:00,22682.92,22744.59,22672.45,22723.89,2977
2024-11-05 01:00:00,22723.89,22738.11,22703.28,22721.37,2936
2024-11-05 02:00:00,22721.37,22745.1,22698.51,22715.05,2999
2024-11-05 03:00:00,22715.05,25123.88,21907.6,23214.04,2923
2024-11-05 04:00:00,23214.04,23229.53,23190.08,23216.12,2958
2024-11-05 05:00:00,23216.12,23246.04,23198.86,23216.72,2971
2024-11-05 06:00:00,23216.72,23220.97,23166.45,23192.11,2999
2024-11-05 07:00:00,23192.11,23215.75,23158.4,23176.52,2937
2024-11-05 08:00:00,23176.52,23544.85,23018.01,23055.45,65723
2024-11-05 09:00:00,23055.45,23338.28,23021.84,23308.32,66383
2024-11-05 10:00:00,23308.32,23472.04,23226.09,23431.58,65045
2024-11-05 11:00:00,23431.58,23596.49,23322.86,23551.27,65282
2024-11-05 12:00:00,23551.27,23715.9,23458.59,23578.2,65800
2024-11-05 13:00:00,23578.2,23781.28,23463.19,23712.02,91593
2024-11-05 14:00:00,23712.02,23802.96,23578.43,23746.21,88635
2024-11-05 15:00:00,23746.21,24007.07,23628.21,23820.18,90728
2024-11-05 16:00:00,23820.18,23956.09,23599.16,23840.06,91939
2024-11-05 17:00:00,23840.06,24061.41,23772.21,23968.68,88769
2024-11-05 18:00:00,23968.68,24047.1,23797.37,23927.79,93996
2024-11-05 19:00:00,23927.79,24221.63,23865.58,24069.87,89821
2024-11-05 20:00:00,24069.87,24254.18,24015.26,24217.63,89645
2024-11-05 21:00:00,24217.63,24222.57,24177.83,24183.32,2924
2024-11-05 22:00:00,24183.32,24188.36,24182.76,24187.02,272
2024-11-05 23:00:00,24187.02,24226.7,24174.13,24223.83,2978
2024-11-06 00:00:00,24223.83,24252.29,24178.35,24186.68,2984
2024-11-06 01:00:00,24186.68,24216.33,24143.99,24162.23,2965
2024-11-06 02:00:00,24162.23,24174.69,24127.09,24131.04,3041
2024-11-06 03:00:00,24131.04,24142.68,24106.6,24120.34,2936
2024-11-06 04:00:00,24120.34,24145.6,24097.27,24112.56,2961
2024-11-06 05:00:00,24112.56,24115.57,24065.66,24112.03,2925
2024-11-06 06:00:00,24112.03,24128.94,24077.92,24088.73,2864
2024-11-06 07:00:00,24088.73,24097.64,24030.3,24042.72,2913
2024-11-06 08:00:00,24042.72,25632.52,23842.83,24636.33,67944
2024-11-06 09:00:00,24636.33,24829.68,24519.26,24735.6,63520
2024-11-06 10:00:00,24735.6,24760.49,24402.61,24638.5,64247
2024-11-06 11:00:00,24638.5,24784.42,24532.8,24716.23,65488
2024-11-06 12:00:00,24716.23,24734.89,24509.52,24632.6,66731
2024-11-06 13:00:00,24632.6,24867.54,24454.11,24716.18,89941
2024-11-06 14:00:00,24716.18,24826.2,24555.86,24709.7,92247
2024-11-06 15:00:00,24709.7,24788.9,24505.62,24728.52,90112
2024-11-06 16:00:00,24728.52,24831.68,24368.95,24420.43,89577
2024-11-06 17:00:00,24420.43,24517.06,24176.0,24292.23,91416
2024-11-06 18:00:00,24292.23,24639.78,24150.81,24533.98,91486
2024-11-06 19:00:00,24533.98,24767.03,24401.04,24619.1,89819
2024-11-06 20:00:00,24619.1,24676.97,24249.47,24328.72,92221
2024-11-06 21:00:00,24328.72,24336.03,24270.46,24287.49,2979
2024-11-06 22:00:00,24287.49,24291.17,24282.89,24283.29,263
2024-11-06 23:00:00,24283.29,24315.9,24257.78,24309.54,2926
2024-11-07 00:00:00,24309.54,24355.58,24303.08,24337.37,2999
2024-11-07 01:00:00,24337.37,24622.6,23453.62,23904.86,2867
2024-11-07 02:00:00,23904.86,24774.05,23598.61,24316.99,2948
2024-11-07 03:00:00,24316.99,24353.82,24297.72,24334.88,2978
2024-11-07 04:00:00,24334.88,24349.42,24284.05,24346.48,2940
2024-11-07 05:00:00,24346.48,24411.8,24289.49,24390.67,2843
2024-11-07 06:00:00,24390.67,24404.96,24305.21,24328.85,2959
2024-11-07 07:00:00,24328.85,24453.03,23575.26,24038.63,2977
2024-11-07 08:00:00,24038.63,24783.19,23406.87,24763.76,65515
2024-11-07 09:00:00,24763.76,24890.81,24544.49,24624.17,67579
2024-11-07 10:00:00,24624.17,24675.16,24424.57,24508.73,65780
2024-11-07 11:00:00,24508.73,24570.11,23809.26,23974.49,66100
2024-11-07 12:00:00,23974.49,23997.39,23731.45,23788.11,65528
2024-11-07 13:00:00,23788.11,23980.21,23662.86,23735.15,90243
2024-11-07 14:00:00,23735.15,23897.71,23645.04,23845.89,89578
2024-11-07 15:00:00,23845.89,24137.99,22526.97,23338.4,89265
2024-11-07 16:00:00,23338.4,23517.48,23190.1,23389.4,91147
2024-11-07 17:00:00,23389.4,23596.37,23267.15,23359.7,88838
2024-11-07 18:00:00,23359.7,23483.52,23123.99,23262.57,91605
2024-11-07 19:00:00,23262.57,23436.96,23136.09,23215.85,90447
2024-11-07 20:00:00,23215.85,24186.47,21960.64,23187.3,91175
2024-11-07 21:00:00,23187.3,23500.16,22865.0,23353.48,2880
2024-11-07 22:00:00,23353.48,23355.18,23350.59,23351.37,273
2024-11-07 23:00:00,23351.37,23363.91,23301.81,23347.53,2968
2024-11-08 00:00:00,23347.53,23378.69,23321.79,23374.32,2988
2024-11-08 01:00:00,23374.32,23418.54,23353.63,23402.66,2963
2024-11-08 02:00:00,23402.66,23409.39,23357.8,23377.88,2917
2024-11-08 03:00:00,23377.88,23390.46,23331.88,23347.34,3075
2024-11-08 04:00:00,23347.34,23397.05,23327.65,23379.83,2926
2024-11-08 05:00:00,23379.83,23399.49,23348.09,23354.84,2989
2024-11-08 06:00:00,23354.84,23435.85,23341.38,23426.22,2938
2024-11-08 07:00:00,23426.22,23448.36,23394.33,23438.69,2960
2024-11-08 08:00:00,23438.69,23530.21,23217.32,23284.54,66060
2024-11-08 09:00:00,23284.54,23478.71,23189.38,23404.14,66581
2024-11-08 10:00:00,23404.14,23516.65,23344.13,23433.86,65549
2024-11-08 11:00:00,23433.86,23657.18,23343.52,23529.1,66332
2024-11-08 12:00:00,23529.1,23687.53,23459.8,23653.56,65073
2024-11-08 13:00:00,23653.56,23813.25,23487.16,23637.41,91455
2024-11-08 14:00:00,23637.41,23675.65,23446.95,23462.33,91181
2024-11-08 15:00:00,23462.33,23544.15,23268.85,23494.8,90889
2024-11-08 16:00:00,23494.8,23656.08,23425.47,23463.3,87304
2024-11-08 17:00:00,23463.3,23556.7,23250.63,23419.61,89642
2024-11-08 18:00:00,23419.61,23640.87,23284.5,23567.01,91325
2024-11-08 19:00:00,23567.01,23637.95,23316.06,23390.87,90846
2024-11-08 20:00:00,23390.87,23635.67,23207.52,23556.45,90107
2024-11-08 21:00:00,23556.45,23574.31,23503.17,23526.54,2946
2024-11-08 22:00:00,23526.54,23531.07,23523.38,23529.5,274
2024-11-08 23:00:00,23529.5,23602.92,23513.5,23580.77,2973
2024-11-11 00:00:00,23580.77,23612.64,23573.44,23582.76,3049
2024-11-11 01:00:00,23582.76,23627.65,23573.35,23625.3,2892
2024-11-11 02:00:00,23625.3,23654.86,23602.5,23618.77,2989
2024-11-11 03:00:00,23618.77,23637.98,23576.41,23629.59,2961
2024-11-11 04:00:00,23629.59,23671.46,23609.74,23640.78,2929
2024-11-11 05:00:00,23640.78,23641.52,23573.44,23590.84,2964
2024-11-11 06:00:00,23590.84,23616.15,23555.87,23578.23,3015
2024-11-11 07:00:00,23578.23,23606.02,23550.43,23595.1,2965
2024-11-11 08:00:00,23595.1,23838.7,23497.15,23682.3,67263
2024-11-11 09:00:00,23682.3,23744.79,23433.08,23467.63,65816
2024-11-11 10:00:00,23467.63,23853.45,22402.0,22822.59,66047
2024-11-11 11:00:00,22822.59,23723.15,21691.68,23397.11,66484
2024-11-11 12:00:00,23397.11,24041.83,23116.17,23653.62,64718
2024-11-11 13:00:00,23653.62,23831.16,22547.01,22746.36,91724
2024-11-11 14:00:00,22746.36,23141.91,22088.01,22340.97,89357
2024-11-11 15:00:00,22340.97,22897.62,22178.07,22683.81,87980
2024-11-11 16:00:00,22683.81,23102.08,22395.77,22992.45,91727
2024-11-11 17:00:00,22992.45,23285.51,22440.98,22479.05,87273
2024-11-11 18:00:00,22479.05,22835.14,22147.86,22328.83,91701
2024-11-11 19:00:00,22328.83,22516.65,21969.0,22325.42,89025
2024-11-11 20:00:00,22325.42,22630.78,22074.93,22465.65,90865
2024-11-11 21:00:00,22465.65,22643.81,21748.23,22016.31,2988
2024-11-11 22:00:00,22016.31,22017.49,21848.75,21850.99,270
2024-11-11 23:00:00,21850.99,21859.6,21689.64,21711.74,2913
2024-11-12 00:00:00,21711.74,21748.88,21549.27,21553.98,2936
2024-11-12 01:00:00,21553.98,21572.2,21435.17,21458.62,2973
2024-11-12 02:00:00,21458.62,21483.5,21325.32,21331.1,2951
2024-11-12 03:00:00,21331.1,21350.13,21160.93,21196.19,2991
2024-11-12 04:00:00,21196.19,21207.37,21009.09,21034.3,2964
2024-11-12 05:00:00,21034.3,21202.57,20926.4,21102.18,2980
2024-11-12 06:00:00,21102.18,21150.82,20863.23,20876.02,2922
2024-11-12 07:00:00,20876.02,20894.65,20768.46,20783.43,2936
2024-11-12 08:00:00,20783.43,20910.15,20526.24,20788.53,68889
2024-11-12 09:00:00,20788.53,20991.84,20596.03,20783.28,66737
2024-11-12 10:00:00,20783.28,21332.48,20210.51,20495.23,67187
2024-11-12 11:00:00,20495.23,20605.15,20227.97,20385.79,65772
2024-11-12 12:00:00,20385.79,20401.66,19756.13,19843.86,67335
2024-11-12 13:00:00,19843.86,20079.32,19373.82,19751.14,90405
2024-11-12 14:00:00,19751.14,19923.09,19389.18,19555.41,90732
2024-11-12 15:00:00,19555.41,19753.53,19146.44,19217.73,91759
2024-11-12 16:00:00,19217.73,19497.4,19016.74,19213.59,90624
2024-11-12 17:00:00,19213.59,19443.73,18980.39,19195.51,90315
2024-11-12 18:00:00,19195.51,19979.71,19167.55,19933.97,90459
2024-11-12 19:00:00,19933.97,20232.94,19757.15,20097.71,91492
2024-11-12 20:00:00,20097.71,20635.94,19905.54,20306.94,89650
2024-11-12 21:00:00,20306.94,20636.63,19802.39,20175.81,3087
2024-11-12 22:00:00,20175.81,20319.64,20173.77,20316.39,270
2024-11-12 23:00:00,20316.39,20476.0,20311.21,20454.24,2944
2024-11-13 00:00:00,20454.24,20633.29,20444.35,20622.55,3040
2024-11-13 01:00:00,20622.55,20814.81,20596.46,20802.85,2956
2024-11-13 02:00:00,20802.85,21057.91,20800.92,21050.96,2894
2024-11-13 03:00:00,21050.96,21279.27,21040.43,21241.72,2945
2024-11-13 04:00:00,21241.72,21452.77,21227.33,21446.16,2969
2024-11-13 05:00:00,21446.16,21597.49,21431.82,21586.27,2941
2024-11-13 06:00:00,21586.27,21747.09,21543.55,21726.93,2985
2024-11-13 07:00:00,21726.93,21845.27,21683.75,21811.37,2937
2024-11-13 08:00:00,21811.37,22023.15,21690.27,21895.2,67222
2024-11-13 09:00:00,21895.2,22115.06,21815.53,21853.22,65971
2024-11-13 10:00:00,21853.22,22142.99,21449.35,21860.81,66254
2024-11-13 11:00:00,21860.81,21898.56,21489.26,21592.46,67147
2024-11-13 12:00:00,21592.46,21910.62,21437.14,21859.82,64982
2024-11-13 13:00:00,21859.82,22157.0,21635.27,21906.52,89161
2024-11-13 14:00:00,21906.52,22346.51,21685.13,21931.13,87309
2024-11-13 15:00:00,21931.13,22113.86,21600.96,21976.26,90920
2024-11-13 16:00:00,21976.26,22614.52,21881.95,22460.26,90791
2024-11-13 17:00:00,22460.26,22614.59,22061.41,22536.48,90697
2024-11-13 18:00:00,22536.48,23034.29,22165.58,22729.89,91395
2024-11-13 19:00:00,22729.89,22990.24,22493.59,22565.31,91438
2024-11-13 20:00:00,22565.31,23504.02,21505.09,22411.87,91298
2024-11-13 21:00:00,22411.87,22678.33,22384.13,22665.2,2993
2024-11-13 22:00:00,22665.2,22842.44,22660.58,22839.15,263
2024-11-13 23:00:00,22839.15,23004.03,22817.08,22974.4,2946
2024-11-14 00:00:00,22974.4,23151.74,22961.96,23118.87,2957
2024-11-14 01:00:00,23118.87,23282.55,23099.21,23258.97,2955
2024-11-14 02:00:00,23258.97,23417.83,23253.95,23410.14,2968
2024-11-14 03:00:00,23410.14,23601.46,23408.42,23581.24,2976
2024-11-14 04:00:00,23581.24,23689.14,23576.53,23686.21,2930
2024-11-14 05:00:00,23686.21,23920.98,23678.79,23884.1,2961
2024-11-14 06:00:00,23884.1,24081.6,23871.19,24060.58,2977
2024-11-14 07:00:00,24060.58,24213.58,24042.35,24175.94,2992
2024-11-14 08:00:00,24175.94,24509.61,24114.11,24487.22,67398
2024-11-14 09:00:00,24487.22,24775.87,24288.18,24480.98,67148
2024-11-14 10:00:00,24480.98,24915.23,24429.83,24650.14,65691
2024-11-14 11:00:00,24650.14,25163.83,24500.18,25136.4,64528
2024-11-14 12:00:00,25136.4,25348.95,24817.77,24859.86,65753
2024-11-14 13:00:00,24859.86,25163.91,24554.96,25012.87,92628
2024-11-14 14:00:00,25012.87,25570.95,24786.54,25335.44,89254
2024-11-14 15:00:00,25335.44,25699.22,24876.1,25654.49,90211
2024-11-14 16:00:00,25654.49,26592.75,25263.21,26397.16,89777
2024-11-14 17:00:00,26397.16,26876.77,26189.08,26635.07,88721
2024-11-14 18:00:00,26635.07,27309.58,26231.95,26800.12,91571
2024-11-14 19:00:00,26800.12,27197.18,26500.28,26812.86,90076
2024-11-14 20:00:00,26812.86,27176.85,24745.8,25664.58,89689
2024-11-14 21:00:00,25664.58,25917.99,25650.99,25883.58,2940
2024-11-14 22:00:00,25883.58,26085.86,25877.18,26082.59,271
2024-11-14 23:00:00,26082.59,26210.33,26057.05,26116.79,2986
2024-11-15 00:00:00,26116.79,26146.51,25971.98,26043.5,2973
2024-11-15 01:00:00,26043.5,26072.71,25890.24,25921.14,3000
2024-11-15 02:00:00,25921.14,25935.72,25765.92,25802.34,2909
2024-11-15 03:00:00,25802.34,25816.32,25611.09,25649.72,2986
2024-11-15 04:00:00,25649.72,25653.87,25451.52,25458.07,3020
2024-11-15 05:00:00,25458.07,25569.21,24982.25,25026.49,3064
2024-11-15 06:00:00,25026.49,25042.53,24882.58,24904.68,2966
2024-11-15 07:00:00,24904.68,24916.4,24647.02,24648.26,3033
2024-11-15 08:00:00,24648.26,24731.48,24323.34,24468.24,65680
2024-11-15 09:00:00,24468.24,24659.94,23830.38,23878.36,66391
2024-11-15 10:00:00,23878.36,23963.37,23437.58,23622.4,64336
2024-11-15 11:00:00,23622.4,23656.36,23257.68,23553.53,66766
2024-11-15 12:00:00,23553.53,23594.32,23174.03,23375.15,65570
2024-11-15 13:00:00,23375.15,23841.22,23113.1,23492.04,88276
2024-11-15 14:00:00,23492.04,23989.88,23364.82,23864.93,89442
2024-11-15 15:00:00,23864.93,24152.21,23350.79,23606.82,86980
2024-11-15 16:00:00,23606.82,23792.11,22482.23,22557.43,93208
2024-11-15 17:00:00,22557.43,23006.77,22432.3,22760.49,90593
2024-11-15 18:00:00,22760.49,23050.69,22256.55,22776.12,91551
2024-11-15 19:00:00,22776.12,23079.53,22407.68,22800.17,88987
2024-11-15 20:00:00,22800.17,22920.12,22328.29,22474.26,89420
2024-11-15 21:00:00,22474.26,22475.21,22269.48,22276.01,2951
2024-11-15 22:00:00,22276.01,22280.94,22112.5,22114.09,268
2024-11-15 23:00:00,22114.09,22119.75,21990.15,22035.7,2970
2024-11-18 00:00:00,22035.7,22069.35,21894.93,21915.33,2978
2024-11-18 01:00:00,21915.33,21929.96,21740.25,21757.21,2891
2024-11-18 02:00:00,21757.21,21783.44,21583.2,21592.48,3021
2024-11-18 03:00:00,21592.48,21600.58,21409.89,21425.43,2966
2024-11-18 04:00:00,21425.43,21427.06,21264.55,21281.41,2988
2024-11-18 05:00:00,21281.41,21338.58,20728.89,20889.16,2960
2024-11-18 06:00:00,20889.16,20892.96,20696.17,20715.93,2969
2024-11-18 07:00:00,20715.93,20735.01,20572.73,20585.54,2987
2024-11-18 08:00:00,20585.54,20907.29,20514.96,20683.91,66588
2024-11-18 09:00:00,20683.91,20845.15,20393.12,20586.25,67483
2024-11-18 10:00:00,20586.25,20734.01,20344.01,20445.7,65808
2024-11-18 11:00:00,20445.7,20818.2,20373.63,20677.79,65514
2024-11-18 12:00:00,20677.79,20751.24,20257.16,20291.49,66640
2024-11-18 13:00:00,20291.49,20469.24,19824.36,20117.77,88835
2024-11-18 14:00:00,20117.77,20582.32,19901.87,20330.46,90831
2024-11-18 15:00:00,20330.46,20609.96,19788.11,19863.43,89343
2024-11-18 16:00:00,19863.43,19866.98,19208.65,19346.04,89566
2024-11-18 17:00:00,19346.04,19447.59,18469.92,18587.62,89834
2024-11-18 18:00:00,18587.62,18862.17,18290.61,18761.52,90407
2024-11-18 19:00:00,18761.52,19007.47,18482.49,18813.28,91267
2024-11-18 20:00:00,18813.28,18827.94,18353.0,18596.73,90691
2024-11-18 21:00:00,18596.73,18611.74,18456.39,18465.98,3016
2024-11-18 22:00:00,18465.98,18468.27,18323.11,18326.74,264
2024-11-18 23:00:00,18326.74,18822.6,17969.02,18387.21,2997
2024-11-19 00:00:00,18387.21,18394.84,18209.45,18212.46,2972
2024-11-19 01:00:00,18212.46,18217.91,18086.29,18102.91,2965
2024-11-19 02:00:00,18102.91,18128.07,17972.05,18009.17,3005
2024-11-19 03:00:00,18009.17,18032.35,17873.6,17884.35,2921
2024-11-19 04:00:00,17884.35,17898.24,17805.52,17844.5,3027
2024-11-19 05:00:00,17844.5,17852.27,17671.19,17687.2,2955
2024-11-19 06:00:00,17687.2,17695.34,17529.9,17551.89,2952
2024-11-19 07:00:00,17551.89,17564.74,17433.84,17447.08,2987
2024-11-19 08:00:00,17447.08,17459.88,17055.45,17103.44,64765
2024-11-19 09:00:00,17103.44,17344.38,17037.42,17308.45,66092
2024-11-19 10:00:00,17308.45,17377.37,16895.62,16930.16,65797
2024-11-19 11:00:00,16930.16,17188.41,16686.4,16746.12,64413
2024-11-19 12:00:00,16746.12,16984.56,16601.72,16872.32,65596
2024-11-19 13:00:00,16872.32,17042.16,16635.86,16736.45,88913
2024-11-19 14:00:00,16736.45,17125.77,16558.33,16793.92,90750
2024-11-19 15:00:00,16793.92,17341.73,16365.05,16732.3,89070
2024-11-19 16:00:00,16732.3,17013.82,16661.69,16889.15,89338
2024-11-19 17:00:00,16889.15,17059.12,16633.16,16856.29,91231
2024-11-19 18:00:00,16856.29,17128.04,16690.16,16997.56,91794
2024-11-19 19:00:00,16997.56,17222.95,16822.15,16946.04,89984
2024-11-19 20:00:00,16946.04,17694.54,15519.62,16106.34,89834
2024-11-19 21:00:00,16106.34,16416.28,15208.01,15645.43,3028
2024-11-19 22:00:00,15645.43,15647.11,15535.26,15539.54,265
2024-11-19 23:00:00,15539.54,15905.34,15198.83,15452.42,2998
2024-11-20 00:00:00,15452.42,15455.52,15321.66,15343.97,2933
2024-11-20 01:00:00,15343.97,15357.08,15183.7,15198.74,2914
2024-11-20 02:00:00,15198.74,15212.07,15075.95,15096.24,3003
2024-11-20 03:00:00,15096.24,15102.45,14927.66,14952.13,2992
2024-11-20 04:00:00,14952.13,14952.37,14757.9,14775.55,2962
2024-11-20 05:00:00,14775.55,14783.02,14646.3,14653.84,2948
2024-11-20 06:00:00,14653.84,14665.01,14465.45,14469.64,2919
2024-11-20 07:00:00,14469.64,14473.8,14327.32,14347.76,2936
2024-11-20 08:00:00,14347.76,14572.78,14270.73,14447.9,66670
2024-11-20 09:00:00,14447.9,14532.92,14056.18,14257.56,64921
2024-11-20 10:00:00,14257.56,14411.5,14090.16,14166.06,64124
2024-11-20 11:00:00,14166.06,14192.41,13986.36,13999.87,65719
2024-11-20 12:00:00,13999.87,14252.96,13886.95,14157.63,64956
2024-11-20 13:00:00,14157.63,14260.89,13758.91,13939.42,87971
2024-11-20 14:00:00,13939.42,14315.38,13736.64,14162.47,89881
2024-11-20 15:00:00,14162.47,14181.97,13674.02,13702.19,90950
2024-11-20 16:00:00,13702.19,13775.24,13245.54,13481.11,91463
2024-11-20 17:00:00,13481.11,14010.89,13073.58,13452.72,90527
2024-11-20 18:00:00,13452.72,13886.21,13296.74,13677.93,87695
2024-11-20 19:00:00,13677.93,13822.47,13412.61,13552.61,88380
2024-11-20 20:00:00,13552.61,13648.68,13342.84,13428.42,87519
2024-11-20 21:00:00,13428.42,13434.7,13324.43,13332.17,2935
2024-11-20 22:00:00,13332.17,13333.4,13235.05,13239.01,273
2024-11-20 23:00:00,13239.01,13256.83,13092.68,13116.72,2938
2024-11-21 00:00:00,13116.72,13123.19,12991.32,12993.0,2946
2024-11-21 01:00:00,12993.0,13000.19,12855.04,12870.37,2900
2024-11-21 02:00:00,12870.37,12878.89,12780.32,12783.28,2981
2024-11-21 03:00:00,12783.28,12791.54,12652.6,12674.95,2944
2024-11-21 04:00:00,12674.95,12685.77,12570.08,12575.0,3035
2024-11-21 05:00:00,12575.0,12583.1,12518.73,12521.07,3028
2024-11-21 06:00:00,12521.07,12524.95,12428.23,12442.7,2900
2024-11-21 07:00:00,12442.7,12460.08,12377.09,12390.7,2972
2024-11-21 08:00:00,12390.7,12421.14,12156.79,12160.59,64896
2024-11-21 09:00:00,12160.59,12233.11,11985.39,12096.42,66938
2024-11-21 10:00:00,12096.42,12243.12,11957.86,12195.89,66503
2024-11-21 11:00:00,12195.89,12214.39,11823.62,11889.75,65501
2024-11-21 12:00:00,11889.75,11940.22,11721.67,11845.99,66791
2024-11-21 13:00:00,11845.99,11900.93,11625.08,11750.23,88309
2024-11-21 14:00:00,11750.23,11794.31,11540.95,11642.65,90374
2024-11-21 15:00:00,11642.65,11662.08,11493.79,11606.84,87759
2024-11-21 16:00:00,11606.84,11673.36,11452.45,11643.1,88758
2024-11-21 17:00:00,11643.1,11833.8,11577.01,11652.95,90594
2024-11-21 18:00:00,11652.95,11659.48,11480.68,11621.32,89665
2024-11-21 19:00:00,11621.32,11642.81,11530.38,11570.72,87821
2024-11-21 20:00:00,11570.72,11628.11,11498.04,11593.5,91864
2024-11-21 21:00:00,11593.5,11615.44,11589.35,11610.16,2972
2024-11-21 22:00:00,11610.16,11612.31,11609.62,11611.38,266
2024-11-21 23:00:00,11611.38,11638.78,11607.78,11619.54,3052
2024-11-22 00:00:00,11619.54,11636.11,11606.02,11630.72,2922
2024-11-22 01:00:00,11630.72,11642.65,11622.0,11641.2,2956
2024-11-22 02:00:00,11641.2,11662.61,11629.3,11643.35,2952
2024-11-22 03:00:00,11643.35,11669.02,11637.26,11659.55,2920
2024-11-22 04:00:00,11659.55,11666.67,11643.88,11652.46,3028
2024-11-22 05:00:00,11652.46,11676.66,11651.33,11670.27,2854
2024-11-22 06:00:00,11670.27,11678.08,11660.05,11667.61,2976
2024-11-22 07:00:00,11667.61,11691.28,11663.34,11679.01,2983
2024-11-22 08:00:00,11679.01,11746.57,11632.65,11687.92,66116
2024-11-22 09:00:00,11687.92,11731.56,11607.6,11623.8,66133
2024-11-22 10:00:00,11623.8,11627.45,11514.14,11527.75,67507
2024-11-22 11:00:00,11527.75,11565.31,11417.46,11530.47,66324
2024-11-22 12:00:00,11530.47,11591.14,11493.37,11574.0,65663
2024-11-22 13:00:00,11574.0,11631.17,11470.87,11524.2,90169
2024-11-22 14:00:00,11524.2,11533.11,11400.5,11495.45,90628
2024-11-22 15:00:00,11495.45,11615.59,11429.82,11473.08,90223
2024-11-22 16:00:00,11473.08,11538.27,11397.39,11431.84,89349
2024-11-22 17:00:00,11431.84,11546.94,11315.23,11342.8,90273
2024-11-22 18:00:00,11342.8,11373.87,11206.01,11300.58,89339
2024-11-22 19:00:00,11300.58,11388.48,11081.66,11099.84,93022
2024-11-22 20:00:00,11099.84,11143.21,11013.46,11121.59,87651
2024-11-22 21:00:00,11121.59,11135.56,11113.3,11133.36,2973
2024-11-22 22:00:00,11133.36,11134.41,11132.6,11133.33,276
2024-11-22 23:00:00,11133.33,11158.76,11118.18,11157.55,3024
2024-11-25 00:00:00,11157.55,11162.36,11130.82,11138.73,2991
2024-11-25 01:00:00,11138.73,11157.99,11132.97,11152.04,2995
2024-11-25 02:00:00,11152.04,11160.12,11128.87,11155.6,2964
2024-11-25 03:00:00,11155.6,11173.14,11149.7,11152.2,2908
2024-11-25 04:00:00,11152.2,11175.29,11144.79,11171.95,2939
2024-11-25 05:00:00,11171.95,11199.34,11166.53,11196.5,2888
2024-11-25 06:00:00,11196.5,11218.82,11183.42,11197.51,2919
2024-11-25 07:00:00,11197.51,11205.09,11182.5,11199.31,2931
2024-11-25 08:00:00,11199.31,11291.25,11127.15,11245.22,67337
2024-11-25 09:00:00,11245.22,11499.38,11114.45,11352.23,67103
2024-11-25 10:00:00,11352.23,11376.64,11285.6,11364.08,66014
2024-11-25 11:00:00,11364.08,11412.41,11231.5,11328.27,64896
2024-11-25 12:00:00,11328.27,11402.76,11300.05,11397.5,66735
2024-11-25 13:00:00,11397.5,11484.22,11336.3,11468.68,92242
2024-11-25 14:00:00,11468.68,11673.36,11431.19,11598.94,89599
2024-11-25 15:00:00,11598.94,11669.19,11542.82,11584.55,91835
2024-11-25 16:00:00,11584.55,11680.68,11516.99,11612.67,90326
2024-11-25 17:00:00,11612.67,11667.56,11451.44,11512.21,87806
2024-11-25 18:00:00,11512.21,11522.84,11347.18,11451.39,86547
2024-11-25 19:00:00,11451.39,11580.92,11418.42,11522.99,91553
2024-11-25 20:00:00,11522.99,11612.21,11459.28,11564.4,88918
2024-11-25 21:00:00,11564.4,11592.14,11556.11,11588.82,2971
2024-11-25 22:00:00,11588.82,11590.34,11587.82,11589.36,268
2024-11-25 23:00:00,11589.36,11612.35,11577.99,11591.61,2978
2024-11-26 00:00:00,11591.61,11605.03,11578.98,11596.97,2952
2024-11-26 01:00:00,11596.97,11623.87,11593.66,11619.35,2999
2024-11-26 02:00:00,11619.35,11638.34,11614.33,11619.2,2984
2024-11-26 03:00:00,11619.2,11629.24,11596.94,11607.67,2973
2024-11-26 04:00:00,11607.67,11644.13,11601.01,11632.33,3012
2024-11-26 05:00:00,11632.33,11661.51,11626.11,11650.57,2982
2024-11-26 06:00:00,11650.57,11669.5,11644.54,11662.81,2955
2024-11-26 07:00:00,11662.81,11678.68,11656.3,11665.62,3008
2024-11-26 08:00:00,11665.62,11974.98,11102.09,11480.67,66434
2024-11-26 09:00:00,11480.67,11573.23,11476.71,11551.93,67275
2024-11-26 10:00:00,11551.93,11623.51,11526.84,11611.34,64686
2024-11-26 11:00:00,11611.34,11622.13,11522.32,11572.49,64941
2024-11-26 12:00:00,11572.49,11621.55,11477.71,11605.55,64594
2024-11-26 13:00:00,11605.55,11739.92,11567.74,11652.24,89953
2024-11-26 14:00:00,11652.24,11791.29,11635.68,11736.8,91058
2024-11-26 15:00:00,11736.8,11825.81,11670.5,11752.98,88991
2024-11-26 16:00:00,11752.98,11793.6,11663.45,11729.94,89534
2024-11-26 17:00:00,11729.94,11765.55,11629.11,11649.86,88573
2024-11-26 18:00:00,11649.86,11688.35,11556.08,11622.53,91460
2024-11-26 19:00:00,11622.53,11675.11,11574.45,11640.23,89389
2024-11-26 20:00:00,11640.23,11765.5,11526.25,11596.23,90116
2024-11-26 21:00:00,11596.23,11601.8,11573.69,11592.27,2872
2024-11-26 22:00:00,11592.27,11592.92,11590.1,11591.08,272
2024-11-26 23:00:00,11591.08,11595.34,11575.18,11581.74,3051
2024-11-27 00:00:00,11581.74,11600.21,11570.22,11590.86,2929
2024-11-27 01:00:00,11590.86,11602.84,11564.83,11570.7,2969
2024-11-27 02:00:00,11570.7,11584.11,11557.37,11566.63,2990
2024-11-27 03:00:00,11566.63,11572.17,11551.3,11558.33,2979
2024-11-27 04:00:00,11558.33,11565.36,11543.3,11546.64,2886
2024-11-27 05:00:00,11546.64,11561.15,11532.08,11550.2,3020
2024-11-27 06:00:00,11550.2,11556.92,11537.94,11549.55,2966
2024-11-27 07:00:00,11549.55,11568.54,11538.87,11559.38,3032
2024-11-27 08:00:00,11559.38,11604.42,11515.67,11519.21,65286
2024-11-27 09:00:00,11519.21,11545.1,11441.51,11512.99,66158
2024-11-27 10:00:00,11512.99,11550.59,11445.35,11477.4,66812
2024-11-27 11:00:00,11477.4,11586.85,11418.34,11445.68,66336
2024-11-27 12:00:00,11445.68,11564.2,11366.26,11467.11,65972
2024-11-27 13:00:00,11467.11,11563.02,11269.36,11324.78,89690
2024-11-27 14:00:00,11324.78,11528.97,11265.08,11487.51,90415
2024-11-27 15:00:00,11487.51,11607.76,11349.99,11564.16,90329
2024-11-27 16:00:00,11564.16,11745.14,11442.88,11633.92,89793
2024-11-27 17:00:00,11633.92,11792.42,11441.36,11498.09,90441
2024-11-27 18:00:00,11498.09,11693.45,11454.55,11641.75,91415
2024-11-27 19:00:00,11641.75,11793.56,11576.99,11640.93,90598
2024-11-27 20:00:00,11640.93,11892.05,11567.0,11685.72,89111
2024-11-27 21:00:00,11685.72,11694.27,11596.83,11605.3,2883
2024-11-27 22:00:00,11605.3,11606.64,11517.15,11518.91,268
2024-11-27 23:00:00,11518.91,11528.59,11394.78,11420.23,2976
2024-11-28 00:00:00,11420.23,11426.74,11345.05,11352.55,3100
2024-11-28 01:00:00,11352.55,11364.23,11248.45,11252.87,3032
2024-11-28 02:00:00,11252.87,11273.4,11181.62,11193.93,2915
2024-11-28 03:00:00,11193.93,11202.46,11079.47,11085.66,2917
2024-11-28 04:00:00,11085.66,11087.79,10963.53,10967.73,2929
2024-11-28 05:00:00,10967.73,10969.9,10899.82,10907.83,3041
2024-11-28 06:00:00,10907.83,10915.65,10832.64,10835.34,2930
2024-11-28 07:00:00,10835.34,10846.28,10729.9,10739.36,2888
2024-11-28 08:00:00,10739.36,10782.01,10529.2,10549.25,65649
2024-11-28 09:00:00,10549.25,10612.77,10389.87,10572.22,66810
2024-11-28 10:00:00,10572.22,10712.43,10487.48,10521.57,65431
2024-11-28 11:00:00,10521.57,10528.04,10388.33,10484.12,65459
2024-11-28 12:00:00,10484.12,10552.82,10322.92,10352.87,63876
2024-11-28 13:00:00,10352.87,10537.87,10237.09,10266.38,91281
2024-11-28 14:00:00,10266.38,10322.65,9961.23,10211.8,88687
2024-11-28 15:00:00,10211.8,10300.55,9999.24,10053.57,92674
2024-11-28 16:00:00,10053.57,10103.66,9805.85,9956.15,89702
2024-11-28 17:00:00,9956.15,10002.22,9618.89,9657.08,89975
2024-11-28 18:00:00,9657.08,9704.87,9259.01,9495.34,90698
2024-11-28 19:00:00,9495.34,9600.15,9384.92,9442.24,90021
2024-11-28 20:00:00,9442.24,9524.84,9378.94,9413.39,91085
2024-11-28 21:00:00,9413.39,9429.68,9410.9,9421.84,2942
2024-11-28 22:00:00,9421.84,9422.92,9420.14,9420.22,274
2024-11-28 23:00:00,9420.22,9430.26,9403.98,9410.68,2965
2024-11-29 00:00:00,9410.68,9427.02,9404.11,9423.62,3025
2024-11-29 01:00:00,9423.62,9433.43,9411.24,9421.57,2894
2024-11-29 02:00:00,9421.57,9436.37,9410.55,9422.19,2976
2024-11-29 03:00:00,9422.19,9447.83,9418.17,9436.23,3004
2024-11-29 04:00:00,9436.23,9442.96,9418.24,9424.34,2957
2024-11-29 05:00:00,9424.34,9821.22,9013.67,9640.72,2961
2024-11-29 06:00:00,9640.72,9664.05,9638.34,9661.87,2949
2024-11-29 07:00:00,9661.87,9667.59,9647.05,9663.99,3001
2024-11-29 08:00:00,9663.99,9731.86,9599.88,9667.52,65299
2024-11-29 09:00:00,9667.52,9774.0,9657.99,9727.03,66782
2024-11-29 10:00:00,9727.03,9810.02,9695.74,9792.12,65761
2024-11-29 11:00:00,9792.12,9803.33,9680.17,9687.17,65056
2024-11-29 12:00:00,9687.17,9789.56,9680.57,9757.63,65817
2024-11-29 13:00:00,9757.63,9891.6,9698.86,9785.6,91426
2024-11-29 14:00:00,9785.6,9871.52,9726.44,9745.9,88399
2024-11-29 15:00:00,9745.9,9859.43,9684.11,9839.66,90454
2024-11-29 16:00:00,9839.66,9896.54,9683.27,9707.78,89840
2024-11-29 17:00:00,9707.78,9795.33,9676.67,9718.63,89355
2024-11-29 18:00:00,9718.63,9727.94,9610.25,9708.79,89951
2024-11-29 19:00:00,9708.79,9764.41,9597.15,9629.48,88741
2024-11-29 20:00:00,9629.48,9805.95,9592.09,9777.15,89039
2024-11-29 21:00:00,9777.15,9791.81,9772.27,9783.16,2958
2024-11-29 22:00:00,9783.16,9784.95,9781.25,9783.32,267
2024-11-29 23:00:00,9783.32,9789.82,9760.64,9767.0,2980
2024-12-02 00:00:00,9767.0,9782.49,9755.28,9772.77,2866
2024-12-02 01:00:00,9772.77,9780.8,9754.97,9761.92,2904
2024-12-02 02:00:00,9761.92,9768.09,9746.69,9760.16,2984
2024-12-02 03:00:00,9760.16,9767.62,9743.91,9759.54,2972
2024-12-02 04:00:00,9759.54,9768.95,9749.75,9758.35,3033
2024-12-02 05:00:00,9758.35,9775.39,9747.98,9763.89,2996
2024-12-02 06:00:00,9763.89,9788.39,9755.15,9782.06,2955
2024-12-02 07:00:00,9782.06,9790.95,9763.26,9784.96,2968
2024-12-02 08:00:00,9784.96,9890.35,9754.2,9838.04,66116
2024-12-02 09:00:00,9838.04,9936.86,9814.72,9849.56,67055
2024-12-02 10:00:00,9849.56,9886.51,9798.57,9819.23,67765
2024-12-02 11:00:00,9819.23,9866.06,9762.06,9796.61,65384
2024-12-02 12:00:00,9796.61,9835.61,9731.71,9802.34,66541
2024-12-02 13:00:00,9802.34,9864.49,9694.52,9758.57,89144
2024-12-02 14:00:00,9758.57,9906.44,9731.56,9768.45,90366
2024-12-02 15:00:00,9768.45,9865.04,9705.72,9760.75,90586
2024-12-02 16:00:00,9760.75,9802.25,9689.88,9751.94,90450
2024-12-02 17:00:00,9751.94,9807.12,9685.65,9714.36,88722
2024-12-02 18:00:00,9714.36,9733.95,9572.33,9625.95,89403
2024-12-02 19:00:00,9625.95,9690.15,9562.19,9573.49,90175
2024-12-02 20:00:00,9573.49,9604.39,9488.95,9556.44,88292
2024-12-02 21:00:00,9556.44,9564.52,9543.77,9554.57,2969
2024-12-02 22:00:00,9554.57,9555.95,9553.52,9555.63,272
2024-12-02 23:00:00,9555.63,9570.74,9548.43,9562.59,3012
2024-12-03 00:00:00,9562.59,9579.47,9551.97,9557.37,3019
2024-12-03 01:00:00,9557.37,9567.5,9544.22,9563.03,2957
2024-12-03 02:00:00,9563.03,9566.72,9537.57,9541.74,2980
2024-12-03 03:00:00,9541.74,9547.03,9527.6,9533.99,2968
2024-12-03 04:00:00,9533.99,9541.98,9522.36,9527.18,2960
2024-12-03 05:00:00,9527.18,9536.1,9511.49,9528.67,3016
2024-12-03 06:00:00,9528.67,9547.42,9521.86,9541.72,3006
2024-12-03 07:00:00,9541.72,9567.64,9535.37,9566.35,2936
2024-12-03 08:00:00,9566.35,9577.9,9486.47,9496.01,66461
2024-12-03 09:00:00,9496.01,9544.91,9434.45,9488.52,65976
2024-12-03 10:00:00,9488.52,9520.54,9439.78,9489.2,65077
2024-12-03 11:00:00,9489.2,9586.15,9482.58,9543.53,65407
2024-12-03 12:00:00,9543.53,9674.54,9522.29,9632.09,66075
2024-12-03 13:00:00,9632.09,10070.43,9601.79,9957.23,92383
2024-12-03 14:00:00,9957.23,10042.48,9904.53,9960.42,91039
2024-12-03 15:00:00,9960.42,9996.9,9871.07,9893.44,87670
2024-12-03 16:00:00,9893.44,9965.34,9851.43,9925.6,89966
2024-12-03 17:00:00,9925.6,10068.42,9911.44,10019.6,90521
2024-12-03 18:00:00,10019.6,10023.86,9920.6,9931.93,89831
2024-12-03 19:00:00,9931.93,10042.92,9899.9,9982.22,89037
2024-12-03 20:00:00,9982.22,10011.7,9841.23,9851.6,90070
2024-12-03 21:00:00,9851.6,9864.0,9838.45,9857.5,2961
2024-12-03 22:00:00,9857.5,9859.06,9856.33,9856.72,270
2024-12-03 23:00:00,9856.72,9866.7,9844.06,9863.92,2945
2024-12-04 00:00:00,9863.92,9877.87,9857.2,9872.33,2876
2024-12-04 01:00:00,9872.33,9875.59,9847.82,9858.6,2988
2024-12-04 02:00:00,9858.6,9866.84,9849.23,9861.7,2910
2024-12-04 03:00:00,9861.7,9888.88,9857.01,9884.48,2998
2024-12-04 04:00:00,9884.48,9901.45,9874.66,9898.31,2954
2024-12-04 05:00:00,9898.31,9902.44,9882.55,9892.41,3048
2024-12-04 06:00:00,9892.41,9909.69,9885.99,9904.91,2982
2024-12-04 07:00:00,9904.91,9906.71,9877.72,9884.96,3042
2024-12-04 08:00:00,9884.96,9952.64,9872.87,9916.39,66084
2024-12-04 09:00:00,9916.39,10007.96,9902.75,9967.88,66079
2024-12-04 10:00:00,9967.88,10100.72,9842.43,10004.97,65627
2024-12-04 11:00:00,10004.97,10037.28,9958.65,9988.77,66205
2024-12-04 12:00:00,9988.77,10039.78,9901.57,9914.77,64091
2024-12-04 13:00:00,9914.77,9935.28,9822.92,9877.01,89271
2024-12-04 14:00:00,9877.01,9936.93,9811.86,9859.11,90283
2024-12-04 15:00:00,9859.11,9993.85,9823.45,9910.21,91920
2024-12-04 16:00:00,9910.21,9980.48,9849.87,9943.92,89098
2024-12-04 17:00:00,9943.92,9968.17,9853.35,9919.82,89634
2024-12-04 18:00:00,9919.82,9972.37,9576.81,9738.11,88875
2024-12-04 19:00:00,9738.11,10303.01,9673.37,9977.56,88784
2024-12-04 20:00:00,9977.56,10018.55,9919.44,9949.69,89747
2024-12-04 21:00:00,9949.69,9955.46,9930.02,9941.28,2932
2024-12-04 22:00:00,9941.28,9942.9,9940.15,9941.51,270
2024-12-04 23:00:00,9941.51,9943.41,9909.59,9916.97,2904
2024-12-05 00:00:00,9916.97,9929.02,9903.93,9926.03,2910
2024-12-05 01:00:00,9926.03,10429.57,9880.92,10104.98,2971
2024-12-05 02:00:00,10104.98,10119.71,10092.29,10105.35,3037
2024-12-05 03:00:00,10105.35,10123.87,10090.26,10119.91,2939
2024-12-05 04:00:00,10119.91,10135.03,10111.79,10127.81,3003
2024-12-05 05:00:00,10127.81,10128.36,10085.49,10087.73,3030
2024-12-05 06:00:00,10087.73,10099.52,10070.99,10080.98,3016
2024-12-05 07:00:00,10080.98,10116.55,10071.42,10116.16,2951
2024-12-05 08:00:00,10116.16,10219.41,10092.31,10182.65,67376
2024-12-05 09:00:00,10182.65,10215.86,10117.13,10174.77,65468
2024-12-05 10:00:00,10174.77,10198.85,10106.73,10170.61,65331
2024-12-05 11:00:00,10170.61,10213.74,10124.84,10164.94,66693
2024-12-05 12:00:00,10164.94,10406.46,10002.77,10321.09,65500
2024-12-05 13:00:00,10321.09,10423.28,10273.87,10367.79,89729
2024-12-05 14:00:00,10367.79,10403.32,10260.22,10384.65,90217
2024-12-05 15:00:00,10384.65,10460.04,10328.63,10432.71,90639
2024-12-05 16:00:00,10432.71,10605.27,10424.97,10484.07,89696
2024-12-05 17:00:00,10484.07,10644.8,10447.95,10623.17,92580
2024-12-05 18:00:00,10623.17,10747.15,10572.53,10739.44,91412
2024-12-05 19:00:00,10739.44,10880.05,10719.64,10858.94,89230
2024-12-05 20:00:00,10858.94,11007.35,10789.62,10938.27,89974
2024-12-05 21:00:00,10938.27,10956.4,10929.12,10942.89,2934
2024-12-05 22:00:00,10942.89,10945.47,10942.53,10944.46,273
2024-12-05 23:00:00,10944.46,10955.54,10929.64,10933.39,2964
2024-12-06 00:00:00,10933.39,10971.04,10926.13,10964.92,2902
2024-12-06 01:00:00,10964.92,10978.37,10948.26,10970.98,2953
2024-12-06 02:00:00,10970.98,10978.19,10953.76,10958.53,2973
2024-12-06 03:00:00,10958.53,10967.13,10935.71,10947.14,2994
2024-12-06 04:00:00,10947.14,10954.57,10923.53,10927.81,2977
2024-12-06 05:00:00,10927.81,10935.13,10911.83,10915.28,2938
2024-12-06 06:00:00,10915.28,10927.65,10905.58,10919.09,3007
2024-12-06 07:00:00,10919.09,10932.35,10904.38,10916.05,2916
2024-12-06 08:00:00,10916.05,10996.85,10909.05,10942.54,65292
2024-12-06 09:00:00,10942.54,11007.41,10906.56,10971.03,66400
2024-12-06 10:00:00,10971.03,11054.23,10950.71,11012.88,67162
2024-12-06 11:00:00,11012.88,11038.66,10922.53,10988.53,64774
2024-12-06 12:00:00,10988.53,11036.1,10919.09,10970.51,64635
2024-12-06 13:00:00,10970.51,11065.87,10531.66,10738.23,88847
2024-12-06 14:00:00,10738.23,10759.14,10620.33,10655.13,92611
2024-12-06 15:00:00,10655.13,10863.58,10592.08,10814.44,90412
2024-12-06 16:00:00,10814.44,10861.99,10678.87,10768.94,90041
2024-12-06 17:00:00,10768.94,10842.06,10695.36,10751.24,88731
2024-12-06 18:00:00,10751.24,10806.15,10693.17,10729.5,90804
2024-12-06 19:00:00,10729.5,10772.54,10664.8,10705.95,90057
2024-12-06 20:00:00,10705.95,10746.35,10521.87,10615.53,90232
2024-12-06 21:00:00,10615.53,10627.39,10609.76,10619.6,2866
2024-12-06 22:00:00,10619.6,10621.99,10619.45,10619.93,259
2024-12-06 23:00:00,10619.93,10624.57,10605.63,10610.0,3010
2024-12-09 00:00:00,10610.0,10618.6,10594.2,10615.19,3006
2024-12-09 01:00:00,10615.19,10636.26,10609.14,10630.66,2960
2024-12-09 02:00:00,10630.66,10641.42,10606.24,10620.96,2869
2024-12-09 03:00:00,10620.96,10641.29,10612.41,10620.71,3058
2024-12-09 04:00:00,10620.71,10639.27,10605.86,10606.65,2946
2024-12-09 05:00:00,10606.65,10621.66,10594.1,10617.9,2935
2024-12-09 06:00:00,10617.9,10631.42,10606.49,10614.74,2930
2024-12-09 07:00:00,10614.74,10626.99,10603.85,10609.88,2952
2024-12-09 08:00:00,10609.88,10624.51,10511.48,10513.94,67750
2024-12-09 09:00:00,10513.94,10545.35,10463.78,10515.14,67116
2024-12-09 10:00:00,10515.14,10677.16,10491.66,10662.22,65268
2024-12-09 11:00:00,10662.22,10679.55,10584.64,10638.48,65704
2024-12-09 12:00:00,10638.48,10685.82,10624.67,10667.63,64819
2024-12-09 13:00:00,10667.63,10700.15,10529.38,10572.85,91396
2024-12-09 14:00:00,10572.85,10689.68,10514.6,10657.21,88150
2024-12-09 15:00:00,10657.21,10750.21,10586.02,10626.85,90472
2024-12-09 16:00:00,10626.85,10851.47,10492.48,10604.2,88051
2024-12-09 17:00:00,10604.2,10630.61,10503.99,10520.72,90901
2024-12-09 18:00:00,10520.72,10602.75,10426.12,10551.53,91117
2024-12-09 19:00:00,10551.53,10614.1,10456.08,10482.76,91196
2024-12-09 20:00:00,10482.76,10541.44,10412.16,10530.23,88026
2024-12-09 21:00:00,10530.23,10549.98,10520.69,10525.47,3001
2024-12-09 22:00:00,10525.47,10526.04,10524.16,10525.45,269
2024-12-09 23:00:00,10525.45,10936.8,10251.35,10706.22,2937
2024-12-10 00:00:00,10706.22,10714.55,10696.99,10705.99,2916
2024-12-10 01:00:00,10705.99,10715.93,10685.13,10691.08,2917
2024-12-10 02:00:00,10691.08,10695.24,10669.18,10675.33,2982
2024-12-10 03:00:00,10675.33,10702.23,10668.52,10688.16,2909
2024-12-10 04:00:00,10688.16,10707.94,10676.61,10704.39,3068
2024-12-10 05:00:00,10704.39,10710.27,10680.44,10695.57,2975
2024-12-10 06:00:00,10695.57,10708.82,10684.06,10696.88,2928
2024-12-10 07:00:00,10696.88,10709.82,10684.61,10695.72,2916
2024-12-10 08:00:00,10695.72,10711.59,10618.16,10655.49,66250
2024-12-10 09:00:00,10655.49,11563.12,10088.02,10965.01,65152
2024-12-10 10:00:00,10965.01,11049.16,10946.81,10975.23,65778
2024-12-10 11:00:00,10975.23,11243.25,10948.07,11148.92,65410
2024-12-10 12:00:00,11148.92,11274.59,11096.67,11117.97,66851
2024-12-10 13:00:00,11117.97,11251.15,11054.9,11155.4,87939
2024-12-10 14:00:00,11155.4,11443.73,10916.39,11429.67,89454
2024-12-10 15:00:00,11429.67,11767.53,11359.62,11648.19,89273
2024-12-10 16:00:00,11648.19,11825.45,11530.5,11720.9,91050
2024-12-10 17:00:00,11720.9,11991.96,11471.62,11760.78,90285
2024-12-10 18:00:00,11760.78,12198.39,11631.79,12041.98,90540
2024-12-10 19:00:00,12041.98,12172.57,11948.97,12079.5,89174
2024-12-10 20:00:00,12079.5,12575.14,11777.13,12506.77,90457
2024-12-10 21:00:00,12506.77,12629.81,12498.18,12617.32,2927
2024-12-10 22:00:00,12617.32,12715.13,12615.12,12709.45,267
2024-12-10 23:00:00,12709.45,12850.09,12706.57,12831.8,2943
2024-12-11 00:00:00,12831.8,12936.48,12820.96,12918.48,2979
2024-12-11 01:00:00,12918.48,12978.32,12903.27,12968.04,2944
2024-12-11 02:00:00,12968.04,13016.39,12951.96,13012.8,2973
2024-12-11 03:00:00,13012.8,13076.76,13006.86,13066.64,2901
2024-12-11 04:00:00,13066.64,13197.27,13057.98,13182.59,2927
2024-12-11 05:00:00,13182.59,13234.21,13164.33,13212.49,2941
2024-12-11 06:00:00,13212.49,13294.11,13201.86,13285.97,2914
2024-12-11 07:00:00,13285.97,13401.34,13277.15,13389.88,2976
2024-12-11 08:00:00,13389.88,13548.32,13359.85,13441.59,65226
2024-12-11 09:00:00,13441.59,13602.35,13349.61,13544.32,66364
2024-12-11 10:00:00,13544.32,13653.45,13403.88,13587.58,65879
2024-12-11 11:00:00,13587.58,13887.34,13120.73,13883.52,66080
2024-12-11 12:00:00,13883.52,13941.23,13675.08,13773.45,65860
2024-12-11 13:00:00,13773.45,14132.24,13714.9,14069.09,93319
2024-12-11 14:00:00,14069.09,14249.28,13804.08,14017.92,88466
2024-12-11 15:00:00,14017.92,14457.57,13844.07,14283.59,88084
2024-12-11 16:00:00,14283.59,14486.7,14160.39,14234.83,91795
2024-12-11 17:00:00,14234.83,14413.66,14025.95,14218.65,90404
2024-12-11 18:00:00,14218.65,14723.98,14181.18,14707.16,90189
2024-12-11 19:00:00,14707.16,14798.11,14394.55,14471.52,91433
2024-12-11 20:00:00,14471.52,15037.96,14418.24,14915.34,89570
2024-12-11 21:00:00,14915.34,15063.31,14899.11,15046.98,2874
2024-12-11 22:00:00,15046.98,15158.53,15046.75,15156.0,270
2024-12-11 23:00:00,15156.0,15290.31,15149.45,15284.11,2962
2024-12-12 00:00:00,15284.11,15361.23,15270.34,15347.65,2963
2024-12-12 01:00:00,15347.65,15483.02,15330.54,15469.05,2959
2024-12-12 02:00:00,15469.05,15598.85,15465.41,15574.66,2996
2024-12-12 03:00:00,15574.66,15757.46,15557.79,15750.93,2950
2024-12-12 04:00:00,15750.93,15914.39,15747.63,15897.86,2961
2024-12-12 05:00:00,15897.86,15999.59,15883.99,15982.96,2971
2024-12-12 06:00:00,15982.96,16167.77,15966.34,16164.14,3023
2024-12-12 07:00:00,16164.14,16276.71,16148.83,16272.33,2973
2024-12-12 08:00:00,16272.33,16550.58,16066.92,16468.37,66772
2024-12-12 09:00:00,16468.37,16781.03,16407.12,16618.41,68360
2024-12-12 10:00:00,16618.41,16694.18,16427.29,16486.44,65464
2024-12-12 11:00:00,16486.44,16710.51,16475.35,16565.92,64191
2024-12-12 12:00:00,16565.92,16729.0,16455.06,16679.74,65072
2024-12-12 13:00:00,16679.74,16905.82,16318.38,16388.52,92092
2024-12-12 14:00:00,16388.52,16580.7,16163.67,16275.11,91846
2024-12-12 15:00:00,16275.11,16555.5,16089.7,16425.33,88398
2024-12-12 16:00:00,16425.33,16868.45,16346.21,16686.9,89380
2024-12-12 17:00:00,16686.9,16952.15,16546.98,16810.85,87964
2024-12-12 18:00:00,16810.85,16982.19,16504.26,16635.57,92437
2024-12-12 19:00:00,16635.57,16985.01,16548.76,16897.89,89203
2024-12-12 20:00:00,16897.89,17147.13,16841.57,17022.0,89488
2024-12-12 21:00:00,17022.0,17040.94,16993.93,17023.71,3006
2024-12-12 22:00:00,17023.71,17026.74,17021.67,17023.42,262
2024-12-12 23:00:00,17023.42,17058.05,17004.61,17030.92,2977
2024-12-13 00:00:00,17030.92,17035.23,16992.47,17013.38,3014
2024-12-13 01:00:00,17013.38,17035.71,17004.89,17024.52,2970
2024-12-13 02:00:00,17024.52,17036.04,16999.77,17023.13,2922
2024-12-13 03:00:00,17023.13,17051.48,17003.32,17037.93,2995
2024-12-13 04:00:00,17037.93,17050.34,17016.67,17042.46,3001
2024-12-13 05:00:00,17042.46,17051.9,17012.3,17037.92,2953
2024-12-13 06:00:00,17037.92,17047.05,16999.04,17023.13,2986
2024-12-13 07:00:00,17023.13,17079.71,17021.69,17049.34,2973
2024-12-13 08:00:00,17049.34,17254.4,16530.2,16757.76,66028
2024-12-13 09:00:00,16757.76,17214.31,16626.14,16967.97,65553
2024-12-13 10:00:00,16967.97,17011.74,16865.59,16968.65,65096
2024-12-13 11:00:00,16968.65,17506.03,16119.17,16725.32,67535
2024-12-13 12:00:00,16725.32,16798.01,16679.39,16741.3,65664
2024-12-13 13:00:00,16741.3,16764.13,16557.68,16619.6,88043
2024-12-13 14:00:00,16619.6,16730.75,16504.65,16608.79,88777
2024-12-13 15:00:00,16608.79,16927.99,16558.92,16878.95,90286
2024-12-13 16:00:00,16878.95,17019.38,16820.57,16893.67,89805
2024-12-13 17:00:00,16893.67,16997.52,16761.77,16796.94,85232
2024-12-13 18:00:00,16796.94,16902.92,16441.51,16484.19,87048
2024-12-13 19:00:00,16484.19,16505.61,16326.31,16364.81,91414
2024-12-13 20:00:00,16364.81,16503.28,16279.59,16354.51,90100
2024-12-13 21:00:00,16354.51,16375.24,16344.73,16365.01,2944
2024-12-13 22:00:00,16365.01,16367.42,16363.82,16366.46,267
2024-12-13 23:00:00,16366.46,16395.74,16347.59,16394.17,2999
2024-12-16 00:00:00,16394.17,16410.77,16369.75,16392.23,2997
2024-12-16 01:00:00,16392.23,16398.76,16341.59,16363.4,3098
2024-12-16 02:00:00,16363.4,16387.95,16340.43,16355.76,2927
2024-12-16 03:00:00,16355.76,16884.03,16114.76,16569.88,3024
2024-12-16 04:00:00,16569.88,16583.46,16533.51,16540.29,2931
2024-12-16 05:00:00,16540.29,16574.16,16523.91,16554.61,2889
2024-12-16 06:00:00,16554.61,16577.54,16535.55,16537.72,2945
2024-12-16 07:00:00,16537.72,16559.29,16531.17,16538.39,3050
2024-12-16 08:00:00,16538.39,16614.25,16424.41,16554.81,64246
2024-12-16 09:00:00,16554.81,16723.67,16539.51,16670.64,67229
2024-12-16 10:00:00,16670.64,16764.69,16609.46,16639.85,64634
2024-12-16 11:00:00,16639.85,16754.09,16615.18,16662.07,64724
2024-12-16 12:00:00,16662.07,16695.12,16408.16,16448.11,66335
2024-12-16 13:00:00,16448.11,16591.67,16384.17,16557.67,91182
2024-12-16 14:00:00,16557.67,16734.16,16508.92,16634.88,90941
2024-12-16 15:00:00,16634.88,16733.91,16547.0,16710.12,89180
2024-12-16 16:00:00,16710.12,16719.83,16542.08,16615.33,88747
2024-12-16 17:00:00,16615.33,16801.06,16484.2,16562.07,88419
2024-12-16 18:00:00,16562.07,16603.4,16401.86,16520.77,86989
2024-12-16 19:00:00,16520.77,16603.48,16324.97,16410.1,90737
2024-12-16 20:00:00,16410.1,16554.72,16288.43,16444.78,88678
2024-12-16 21:00:00,16444.78,16468.76,16408.62,16449.37,3013
2024-12-16 22:00:00,16449.37,16450.17,16446.54,16446.84,273
2024-12-16 23:00:00,16446.84,16475.89,16427.84,16464.58,2928
2024-12-17 00:00:00,16464.58,16489.95,16457.09,16478.95,2972
2024-12-17 01:00:00,16478.95,16484.08,16447.3,16455.99,2925
2024-12-17 02:00:00,16455.99,16477.86,16442.92,16468.67,2989
2024-12-17 03:00:00,16468.67,16507.36,16454.26,16489.43,2988
2024-12-17 04:00:00,16489.43,16492.67,16450.16,16468.42,2953
2024-12-17 05:00:00,16468.42,16475.79,16437.92,16457.18,2935
2024-12-17 06:00:00,16457.18,16463.54,16422.03,16445.01,2970
2024-12-17 07:00:00,16445.01,16455.44,16418.05,16423.5,2973
2024-12-17 08:00:00,16423.5,16494.17,16333.96,16403.26,66753
2024-12-17 09:00:00,16403.26,16419.37,16261.3,16313.89,65733
2024-12-17 10:00:00,16313.89,16520.72,16015.5,16073.35,66232
2024-12-17 11:00:00,16073.35,16139.18,15979.36,16012.44,66049
2024-12-17 12:00:00,16012.44,16057.9,15867.42,16002.97,64968
2024-12-17 13:00:00,16002.97,16439.42,15936.01,16232.18,90106
2024-12-17 14:00:00,16232.18,16526.47,15960.82,16217.52,89846
2024-12-17 15:00:00,16217.52,16560.8,16163.66,16367.27,88913
2024-12-17 16:00:00,16367.27,17390.98,16259.02,17308.6,92283
2024-12-17 17:00:00,17308.6,17537.36,16996.43,17173.94,89814
2024-12-17 18:00:00,17173.94,17537.67,17023.61,17481.39,90735
2024-12-17 19:00:00,17481.39,17853.19,17376.25,17748.72,91841
2024-12-17 20:00:00,17748.72,18050.33,17629.01,17833.36,88372
2024-12-17 21:00:00,17833.36,17943.19,17826.93,17933.42,2996
2024-12-17 22:00:00,17933.42,18061.89,17930.34,18059.12,264
2024-12-17 23:00:00,18059.12,18223.25,18053.03,18215.29,2959
2024-12-18 00:00:00,18215.29,18347.47,18196.59,18293.87,2953
2024-12-18 01:00:00,18293.87,18403.94,18278.1,18400.78,2964
2024-12-18 02:00:00,18400.78,18507.0,18374.36,18487.76,2961
2024-12-18 03:00:00,18487.76,19458.35,18128.87,18912.6,2929
2024-12-18 04:00:00,18912.6,19102.8,18907.22,19091.54,2928
2024-12-18 05:00:00,19091.54,19182.68,19065.65,19139.8,2992
2024-12-18 06:00:00,19139.8,19321.23,19126.69,19308.31,3042
2024-12-18 07:00:00,19308.31,19487.16,19295.66,19480.37,2929
2024-12-18 08:00:00,19480.37,19561.83,19184.81,19333.44,64353
2024-12-18 09:00:00,19333.44,19522.45,18856.35,19022.03,66354
2024-12-18 10:00:00,19022.03,19171.58,18777.09,18948.18,66878
2024-12-18 11:00:00,18948.18,19213.82,18756.77,19117.6,66638
2024-12-18 12:00:00,19117.6,19435.06,19083.75,19262.67,64834
2024-12-18 13:00:00,19262.67,19367.91,18985.83,19129.36,87572
2024-12-18 14:00:00,19129.36,19295.17,18818.51,19011.23,88796
2024-12-18 15:00:00,19011.23,19723.61,18849.74,19580.63,89356
2024-12-18 16:00:00,19580.63,19820.26,19387.19,19648.18,88408
2024-12-18 17:00:00,19648.18,19922.25,19432.36,19788.03,89607
2024-12-18 18:00:00,19788.03,19845.37,19299.56,19687.86,88968
2024-12-18 19:00:00,19687.86,20020.8,19540.29,19897.6,88782
2024-12-18 20:00:00,19897.6,20162.45,19531.29,19676.9,92294
2024-12-18 21:00:00,19676.9,19776.67,19665.34,19756.61,3034
2024-12-18 22:00:00,19756.61,20221.33,19248.25,19700.25,272
2024-12-18 23:00:00,19700.25,19807.49,19689.76,19800.31,2930
2024-12-19 00:00:00,19800.31,20024.54,19791.23,19999.97,2955
2024-12-19 01:00:00,19999.97,20125.25,19979.43,20116.06,2980
2024-12-19 02:00:00,20116.06,20306.04,20100.65,20297.19,2929
2024-12-19 03:00:00,20297.19,20461.02,20283.62,20455.25,2977
2024-12-19 04:00:00,20455.25,20603.66,20444.49,20579.29,2992
2024-12-19 05:00:00,20579.29,20756.79,20569.27,20744.39,2985
2024-12-19 06:00:00,20744.39,20987.71,20734.51,20956.21,2958
2024-12-19 07:00:00,20956.21,21166.35,20952.93,21133.56,2970
2024-12-19 08:00:00,21133.56,21478.63,21013.12,21280.13,66466
2024-12-19 09:00:00,21280.13,22056.98,21249.4,21922.45,65752
2024-12-19 10:00:00,21922.45,22209.59,21758.45,22105.47,64960
2024-12-19 11:00:00,22105.47,22376.97,22028.36,22308.39,65337
2024-12-19 12:00:00,22308.39,22512.97,22222.4,22303.33,66121
2024-12-19 13:00:00,22303.33,23280.02,22054.48,23025.9,89569
2024-12-19 14:00:00,23025.9,23213.67,22771.12,22950.18,91805
2024-12-19 15:00:00,22950.18,23444.18,22563.73,22875.07,91817
2024-12-19 16:00:00,22875.07,23335.1,22610.53,23268.42,88933
2024-12-19 17:00:00,23268.42,23988.28,23061.73,23974.79,89538
2024-12-19 18:00:00,23974.79,24202.93,23232.69,23417.68,87922
2024-12-19 19:00:00,23417.68,23709.65,22929.64,23378.83,89873
2024-12-19 20:00:00,23378.83,23705.21,22413.11,22959.82,91468
2024-12-19 21:00:00,22959.82,22976.0,22921.96,22964.69,2920
2024-12-19 22:00:00,22964.69,22967.93,22963.02,22965.13,272
2024-12-19 23:00:00,22965.13,24465.68,22111.62,22487.3,3023
2024-12-20 00:00:00,22487.3,22518.41,22470.37,22478.68,2876
2024-12-20 01:00:00,22478.68,22503.04,22453.58,22475.71,2941
2024-12-20 02:00:00,22475.71,22495.99,22448.27,22481.75,3005
2024-12-20 03:00:00,22481.75,22504.74,22450.51,22473.22,2988
2024-12-20 04:00:00,22473.22,22513.86,22450.02,22477.23,2855
2024-12-20 05:00:00,22477.23,22487.09,22447.82,22466.46,2890
2024-12-20 06:00:00,22466.46,22477.24,22431.89,22444.94,2965
2024-12-20 07:00:00,22444.94,22476.02,22423.04,22457.04,2943
2024-12-20 08:00:00,22457.04,22641.04,22376.67,22549.75,65099
2024-12-20 09:00:00,22549.75,22603.02,22331.46,22391.98,67373
2024-12-20 10:00:00,22391.98,22449.98,22227.95,22333.74,66435
2024-12-20 11:00:00,22333.74,22407.12,21625.25,22157.89,63541
2024-12-20 12:00:00,22157.89,22433.75,22136.99,22322.59,66573
2024-12-20 13:00:00,22322.59,22402.61,22080.23,22108.33,91284
2024-12-20 14:00:00,22108.33,22310.91,21992.04,22271.81,88091
2024-12-20 15:00:00,22271.81,22441.79,22066.31,22263.21,89037
2024-12-20 16:00:00,22263.21,22425.26,22107.56,22311.58,91541
2024-12-20 17:00:00,22311.58,22633.96,21861.07,22021.7,89674
2024-12-20 18:00:00,22021.7,22141.26,21671.27,21788.29,89332
2024-12-20 19:00:00,21788.29,22121.73,21735.15,22062.9,89285
2024-12-20 20:00:00,22062.9,22381.16,21973.73,22299.39,90870
2024-12-20 21:00:00,22299.39,22334.73,22282.09,22328.02,2964
2024-12-20 22:00:00,22328.02,22329.3,22324.43,22326.03,273
2024-12-20 23:00:00,22326.03,22344.99,22277.24,22288.03,3082
2024-12-23 00:00:00,22288.03,22302.6,22249.52,22283.48,3036
2024-12-23 01:00:00,22283.48,22338.21,22270.32,22325.04,2940
2024-12-23 02:00:00,22325.04,22365.69,22313.07,22343.67,2917
2024-12-23 03:00:00,22343.67,22358.54,22315.81,22347.09,2982
2024-12-23 04:00:00,22347.09,22373.04,22323.77,22339.04,3013
2024-12-23 05:00:00,22339.04,22394.2,22321.98,22359.8,2935
2024-12-23 06:00:00,22359.8,22436.12,22355.32,22418.32,2994
2024-12-23 07:00:00,22418.32,22427.22,22362.71,22386.33,2988
2024-12-23 08:00:00,22386.33,22482.04,21878.04,22011.91,67142
2024-12-23 09:00:00,22011.91,22070.17,21746.58,21895.18,67289
2024-12-23 10:00:00,21895.18,22118.15,21519.87,21948.82,66713
2024-12-23 11:00:00,21948.82,21981.21,21681.52,21855.48,65733
2024-12-23 12:00:00,21855.48,21919.24,21704.86,21847.5,67120
2024-12-23 13:00:00,21847.5,21881.28,21524.77,21578.96,89849
2024-12-23 14:00:00,21578.96,21998.03,20736.08,21122.6,88331
2024-12-23 15:00:00,21122.6,21180.5,20896.69,20969.34,87004
2024-12-23 16:00:00,20969.34,21063.76,20572.62,20656.34,89211
2024-12-23 17:00:00,20656.34,20891.48,20576.97,20774.06,89625
2024-12-23 18:00:00,20774.06,21314.19,20470.9,20822.1,88304
2024-12-23 19:00:00,20822.1,20903.12,20430.08,20701.07,87347
2024-12-23 20:00:00,20701.07,21207.9,20569.73,21162.44,89727
2024-12-23 21:00:00,21162.44,21325.23,21154.97,21313.05,2989
2024-12-23 22:00:00,21313.05,21477.45,21312.8,21472.25,274
2024-12-23 23:00:00,21472.25,21639.39,21442.39,21606.69,2894
2024-12-24 00:00:00,21606.69,21814.34,21557.93,21792.92,2985
2024-12-24 01:00:00,21792.92,21986.3,21773.81,21968.68,3001
2024-12-24 02:00:00,21968.68,22104.04,21952.25,22079.26,2956
2024-12-24 03:00:00,22079.26,22241.73,22075.16,22224.12,2925
2024-12-24 04:00:00,22224.12,22337.81,22203.73,22298.35,2936
2024-12-24 05:00:00,22298.35,22512.97,22285.98,22497.73,2984
2024-12-24 06:00:00,22497.73,22718.77,22473.85,22700.24,2940
2024-12-24 07:00:00,22700.24,22933.55,22694.72,22898.34,2971
2024-12-24 08:00:00,22898.34,23169.96,22749.87,22907.8,67124
2024-12-24 09:00:00,22907.8,23138.01,22752.95,22823.41,64972
2024-12-24 10:00:00,22823.41,22988.18,22552.93,22867.45,67169
2024-12-24 11:00:00,22867.45,23017.28,22199.52,22495.93,66235
2024-12-24 12:00:00,22495.93,22642.38,22010.52,22280.49,66005
2024-12-24 13:00:00,22280.49,22680.05,21958.87,22238.52,88349
2024-12-24 14:00:00,22238.52,22290.35,21755.89,22047.54,89407
2024-12-24 15:00:00,22047.54,22292.69,21539.3,22239.2,87485
2024-12-24 16:00:00,22239.2,22868.58,21958.03,22728.44,89586
2024-12-24 17:00:00,22728.44,23561.15,22523.98,23004.82,91563
2024-12-24 18:00:00,23004.82,23224.08,22642.69,22864.46,90246
2024-12-24 19:00:00,22864.46,23321.51,22631.33,23261.84,89879
2024-12-24 20:00:00,23261.84,23805.98,23015.73,23783.66,87761
2024-12-24 21:00:00,23783.66,23949.15,23769.96,23918.33,3018
2024-12-24 22:00:00,23918.33,24093.03,23914.52,24092.44,265
2024-12-24 23:00:00,24092.44,24245.54,24053.8,24223.91,2961
2024-12-25 00:00:00,24223.91,24240.81,24182.89,24218.65,2983
2024-12-25 01:00:00,24218.65,24277.12,24212.01,24260.6,2973
2024-12-25 02:00:00,24260.6,24322.79,24254.05,24318.44,2942
2024-12-25 03:00:00,24318.44,24330.75,24260.29,24273.78,3003
2024-12-25 04:00:00,24273.78,24335.64,24262.28,24309.33,2948
2024-12-25 05:00:00,24309.33,24340.48,24286.13,24311.44,2997
2024-12-25 06:00:00,24311.44,24317.08,24269.23,24296.86,2944
2024-12-25 07:00:00,24296.86,24320.33,24273.71,24307.51,2917
2024-12-25 08:00:00,24307.51,24451.88,24221.41,24257.16,65029
2024-12-25 09:00:00,24257.16,24328.51,23946.4,24116.05,66103
2024-12-25 10:00:00,24116.05,24251.57,23971.5,24025.22,64833
2024-12-25 11:00:00,24025.22,24081.56,23857.85,23970.17,67952
2024-12-25 12:00:00,23970.17,24157.99,23952.16,24057.8,66555
2024-12-25 13:00:00,24057.8,24276.26,24002.02,24136.72,89413
2024-12-25 14:00:00,24136.72,24400.48,23908.48,24211.56,90862
2024-12-25 15:00:00,24211.56,24408.65,24055.7,24258.0,90876
2024-12-25 16:00:00,24258.0,24496.76,24161.12,24403.22,90619
2024-12-25 17:00:00,24403.22,24706.43,24319.17,24529.14,90235
2024-12-25 18:00:00,24529.14,24684.79,24336.37,24417.24,89092
2024-12-25 19:00:00,24417.24,24510.04,24054.45,24171.79,90825
2024-12-25 20:00:00,24171.79,24431.73,24035.91,24313.84,89675
2024-12-25 21:00:00,24313.84,24335.41,24302.22,24313.57,2947
2024-12-25 22:00:00,24313.57,24314.44,24308.79,24310.38,269
2024-12-25 23:00:00,24310.38,24328.03,24261.71,24283.9,2968
2024-12-26 00:00:00,24283.9,24322.78,24271.8,24303.35,2989
2024-12-26 01:00:00,24303.35,24358.87,24246.5,24279.99,2982
2024-12-26 02:00:00,24279.99,24335.27,24269.4,24321.88,3004
2024-12-26 03:00:00,24321.88,24413.67,24311.38,24400.98,2979
2024-12-26 04:00:00,24400.98,24418.97,24362.58,24405.65,2923
2024-12-26 05:00:00,24405.65,24426.6,24379.62,24412.82,2921
2024-12-26 06:00:00,24412.82,24431.9,24393.3,24418.74,3029
2024-12-26 07:00:00,24418.74,24438.82,24379.17,24405.01,2954
2024-12-26 08:00:00,24405.01,24435.04,24082.66,24099.77,66510
2024-12-26 09:00:00,24099.77,24210.36,24004.47,24148.72,65876
2024-12-26 10:00:00,24148.72,24295.01,24023.24,24204.89,65204
2024-12-26 11:00:00,24204.89,24438.84,24142.15,24255.37,65698
2024-12-26 12:00:00,24255.37,25136.77,24100.36,24825.99,66592
2024-12-26 13:00:00,24825.99,25010.33,24570.59,24715.19,90359
2024-12-26 14:00:00,24715.19,24902.81,24531.51,24741.48,90803
2024-12-26 15:00:00,24741.48,24877.45,24594.07,24677.04,89917
2024-12-26 16:00:00,24677.04,25399.19,24121.11,24968.42,89531
2024-12-26 17:00:00,24968.42,25081.68,24751.02,24993.19,89233
2024-12-26 18:00:00,24993.19,25100.04,24816.63,25016.38,89741
2024-12-26 19:00:00,25016.38,25117.95,24845.46,24995.45,91883
2024-12-26 20:00:00,24995.45,25224.77,24400.94,24755.23,89920
2024-12-26 21:00:00,24755.23,24779.02,24737.25,24754.44,2963
2024-12-26 22:00:00,24754.44,24760.67,24751.74,24758.65,269
2024-12-26 23:00:00,24758.65,24789.21,24745.57,24775.4,2968
2024-12-27 00:00:00,24775.4,24808.44,24741.68,24783.54,2947
2024-12-27 01:00:00,24783.54,24790.85,24733.46,24739.82,3001
2024-12-27 02:00:00,24739.82,24768.24,24723.0,24744.55,2960
2024-12-27 03:00:00,24744.55,24797.36,24734.21,24792.08,3006
2024-12-27 04:00:00,24792.08,24829.14,24761.94,24770.4,2975
2024-12-27 05:00:00,24770.4,24802.86,24737.49,24783.0,2912
2024-12-27 06:00:00,24783.0,24800.58,24757.06,24774.01,3033
2024-12-27 07:00:00,24774.01,24809.81,24758.94,24800.67,2979
2024-12-27 08:00:00,24800.67,24966.75,24691.11,24811.93,64984
2024-12-27 09:00:00,24811.93,24961.24,24753.87,24851.35,66997
2024-12-27 10:00:00,24851.35,25098.16,24741.34,24998.68,65236
2024-12-27 11:00:00,24998.68,25154.52,24897.8,25072.5,64940
2024-12-27 12:00:00,25072.5,25262.01,24973.57,25147.38,66680
2024-12-27 13:00:00,25147.38,25293.19,25005.93,25146.01,89404
2024-12-27 14:00:00,25146.01,25259.44,24947.59,25189.92,88826
2024-12-27 15:00:00,25189.92,25262.55,24671.82,24801.19,89821
2024-12-27 16:00:00,24801.19,24869.45,24406.46,24536.89,86613
2024-12-27 17:00:00,24536.89,24703.19,24334.15,24579.31,88031
2024-12-27 18:00:00,24579.31,24739.96,24390.13,24558.64,91464
2024-12-27 19:00:00,24558.64,25098.22,23850.19,24953.35,88405
2024-12-27 20:00:00,24953.35,25363.29,24899.88,25307.94,89913
2024-12-27 21:00:00,25307.94,25626.28,25059.7,25531.05,2905
2024-12-27 22:00:00,25531.05,25534.51,25528.42,25532.18,278
2024-12-27 23:00:00,25532.18,25552.59,25505.86,25512.46,2934
2024-12-30 00:00:00,25512.46,25574.19,25505.06,25565.67,3003
2024-12-30 01:00:00,25565.67,25573.79,25513.66,25529.98,3089
2024-12-30 02:00:00,25529.98,25548.78,25487.22,25502.51,2976
2024-12-30 03:00:00,25502.51,25517.33,25459.95,25461.73,2962
2024-12-30 04:00:00,25461.73,25529.69,25449.21,25499.59,2908
2024-12-30 05:00:00,25499.59,25507.84,25440.91,25474.3,2964
2024-12-30 06:00:00,25474.3,26875.29,25326.29,25924.49,2963
2024-12-30 07:00:00,25924.49,25928.94,25856.84,25882.88,3015
2024-12-30 08:00:00,25882.88,25962.86,25772.21,25891.15,66439
2024-12-30 09:00:00,25891.15,25999.34,25719.89,25966.93,66597
2024-12-30 10:00:00,25966.93,26052.27,25822.03,25872.2,65625
2024-12-30 11:00:00,25872.2,25996.71,25629.23,25817.06,66652
2024-12-30 12:00:00,25817.06,26151.37,25666.81,26044.24,65691
2024-12-30 13:00:00,26044.24,26065.13,25769.46,25953.93,89243
2024-12-30 14:00:00,25953.93,26491.89,25898.13,26445.67,87555
2024-12-30 15:00:00,26445.67,26838.24,26429.03,26722.1,90754
2024-12-30 16:00:00,26722.1,26891.8,26478.64,26603.03,87825
2024-12-30 17:00:00,26603.03,26980.79,26528.39,26840.37,91422
2024-12-30 18:00:00,26840.37,27109.1,26668.69,26870.57,89629
2024-12-30 19:00:00,26870.57,28102.61,25926.13,27275.03,87005
2024-12-30 20:00:00,27275.03,27558.58,27022.62,27074.59,86667
2024-12-30 21:00:00,27074.59,27106.2,27038.32,27055.18,2918
2024-12-30 22:00:00,27055.18,27062.37,27053.03,27055.86,272
2024-12-30 23:00:00,27055.86,27071.16,26993.55,27029.39,2904
2024-12-31 00:00:00,27029.39,27105.89,27003.24,27075.64,2951
2024-12-31 01:00:00,27075.64,27086.6,27022.49,27046.18,2977
2024-12-31 02:00:00,27046.18,27127.5,27033.66,27114.49,2936
2024-12-31 03:00:00,27114.49,27145.23,27095.94,27125.27,2981
2024-12-31 04:00:00,27125.27,27236.72,26458.41,26836.63,2897
2024-12-31 05:00:00,26836.63,26851.56,26799.37,26828.57,2986
2024-12-31 06:00:00,26828.57,26909.55,26820.67,26893.32,3044
2024-12-31 07:00:00,26893.32,26928.39,26870.12,26907.61,3007
2024-12-31 08:00:00,26907.61,26994.43,26687.01,26742.57,66153
2024-12-31 09:00:00,26742.57,27030.72,26647.03,26951.47,65103
2024-12-31 10:00:00,26951.47,27055.55,26651.43,26945.34,65865
2024-12-31 11:00:00,26945.34,27042.69,26841.12,26950.51,67475
2024-12-31 12:00:00,26950.51,27193.72,26895.44,27141.35,65693
2024-12-31 13:00:00,27141.35,27201.1,26519.14,26571.98,89948
2024-12-31 14:00:00,26571.98,27354.35,26086.54,26901.23,88307
2024-12-31 15:00:00,26901.23,27090.5,26618.31,26669.42,92084
2024-12-31 16:00:00,26669.42,26750.49,26413.58,26448.41,89310
2024-12-31 17:00:00,26448.41,26651.9,26377.6,26502.36,91130
2024-12-31 18:00:00,26502.36,26569.24,26209.41,26461.55,90992
2024-12-31 19:00:00,26461.55,26565.76,26277.73,26362.5,88530
2024-12-31 20:00:00,26362.5,26772.14,26270.72,26567.39,89776
2024-12-31 21:00:00,26567.39,26615.49,26553.07,26601.99,2950
2024-12-31 22:00:00,26601.99,26603.49,26593.65,26598.12,271
2024-12-31 23:00:00,26598.12,26656.21,26581.18,26639.79,2887
2025-01-01 00:00:00,26639.79,26690.24,26634.17,26665.8,2971
2025-01-01 01:00:00,26665.8,27340.5,26305.57,27007.08,3011
2025-01-01 02:00:00,27007.08,27050.3,26990.75,27036.43,2948
2025-01-01 03:00:00,27036.43,27083.67,27017.48,27050.81,2946
2025-01-01 04:00:00,27050.81,27063.7,26991.27,27027.76,2961
2025-01-01 05:00:00,27027.76,27066.4,27001.41,27064.04,2936
2025-01-01 06:00:00,27064.04,27106.14,27015.59,27054.84,3033
2025-01-01 07:00:00,27054.84,27127.3,27048.71,27108.91,3007
2025-01-01 08:00:00,27108.91,27352.72,27072.22,27090.1,66332
2025-01-01 09:00:00,27090.1,27182.62,26881.64,26918.87,66030
2025-01-01 10:00:00,26918.87,27552.33,26759.36,27109.48,65393
2025-01-01 11:00:00,27109.48,27123.0,26804.26,26850.62,64330
2025-01-01 12:00:00,26850.62,26856.23,26444.2,26468.36,64754
2025-01-01 13:00:00,26468.36,26654.17,25528.0,26158.66,92221
2025-01-01 14:00:00,26158.66,26459.46,26102.77,26430.65,89085
2025-01-01 15:00:00,26430.65,26602.18,26171.26,26575.86,91282
2025-01-01 16:00:00,26575.86,26852.25,26413.7,26684.63,91981
2025-01-01 17:00:00,26684.63,27412.88,26629.57,27277.11,87412
2025-01-01 18:00:00,27277.11,27527.11,27103.91,27309.41,88315
2025-01-01 19:00:00,27309.41,27554.65,27157.03,27388.59,89806
2025-01-01 20:00:00,27388.59,27530.72,26921.99,27044.53,89382
2025-01-01 21:00:00,27044.53,27046.13,26984.49,26999.16,2988
2025-01-01 22:00:00,26999.16,27001.39,26997.8,26998.45,272
2025-01-01 23:00:00,26998.45,27039.45,26987.79,27019.42,3065
2025-01-02 00:00:00,27019.42,27664.92,26877.3,27306.43,2992
2025-01-02 01:00:00,27306.43,27345.87,27280.56,27312.75,3002
2025-01-02 02:00:00,27312.75,27364.29,27302.95,27329.62,2894
2025-01-02 03:00:00,27329.62,27655.88,27172.85,27427.7,3004
2025-01-02 04:00:00,27427.7,27455.07,27182.49,27275.58,2959
2025-01-02 05:00:00,27275.58,27310.9,27254.54,27295.89,3005
2025-01-02 06:00:00,27295.89,27351.39,27278.71,27302.6,3003
2025-01-02 07:00:00,27302.6,27322.77,27255.18,27275.06,3014
2025-01-02 08:00:00,27275.06,27395.63,27022.11,27065.98,64978
2025-01-02 09:00:00,27065.98,27250.12,25981.53,26038.26,67320
2025-01-02 10:00:00,26038.26,26191.16,25930.79,26063.1,64259
2025-01-02 11:00:00,26063.1,26176.45,25925.52,26138.9,65473
2025-01-02 12:00:00,26138.9,26337.84,26104.73,26283.85,67910
2025-01-02 13:00:00,26283.85,26518.57,26145.28,26280.85,88857
2025-01-02 14:00:00,26280.85,26291.03,25902.54,26002.22,90498
2025-01-02 15:00:00,26002.22,26512.47,25451.52,26445.75,89684
2025-01-02 16:00:00,26445.75,26712.45,26276.27,26376.03,91028
2025-01-02 17:00:00,26376.03,27651.01,26029.99,26876.7,89687
2025-01-02 18:00:00,26876.7,27221.75,26703.08,27159.37,88312
2025-01-02 19:00:00,27159.37,27311.56,26805.96,26910.1,88979
2025-01-02 20:00:00,26910.1,26985.74,26305.56,26382.38,90921
2025-01-02 21:00:00,26382.38,26410.16,26364.66,26382.25,2952
2025-01-02 22:00:00,26382.25,26384.47,26378.66,26380.17,270
2025-01-02 23:00:00,26380.17,26441.55,26352.38,26409.24,2908
2025-01-03 00:00:00,26409.24,26478.17,26387.07,26473.75,3056
2025-01-03 01:00:00,26473.75,26513.27,26453.34,26502.31,2927
2025-01-03 02:00:00,26502.31,26560.19,26470.13,26553.44,3062
2025-01-03 03:00:00,26553.44,26563.71,26504.39,26523.41,3042
2025-01-03 04:00:00,26523.41,26539.72,26468.16,26497.5,2981
2025-01-03 05:00:00,26497.5,26522.95,26469.56,26487.37,2943
2025-01-03 06:00:00,26487.37,26516.46,26451.65,26465.57,2957
2025-01-03 07:00:00,26465.57,26500.26,26429.3,26478.45,2949
2025-01-03 08:00:00,26478.45,26624.76,26338.9,26549.07,65969
2025-01-03 09:00:00,26549.07,26588.38,26059.27,26143.9,66962
2025-01-03 10:00:00,26143.9,26291.23,26080.45,26121.55,66982
2025-01-03 11:00:00,26121.55,26201.97,25761.41,25814.36,64048
2025-01-03 12:00:00,25814.36,25834.66,25429.46,25483.18,66251
2025-01-03 13:00:00,25483.18,25698.24,25382.51,25607.93,87551
2025-01-03 14:00:00,25607.93,25827.43,25513.71,25674.71,88980
2025-01-03 15:00:00,25674.71,25866.58,25538.22,25630.36,88825
2025-01-03 16:00:00,25630.36,25686.33,25317.3,25533.08,88919
2025-01-03 17:00:00,25533.08,25992.3,25439.72,25642.67,88923
2025-01-03 18:00:00,25642.67,25922.11,25518.46,25683.92,91929
2025-01-03 19:00:00,25683.92,25830.69,25445.64,25634.81,88831
2025-01-03 20:00:00,25634.81,25733.74,25422.37,25641.22,90579
2025-01-03 21:00:00,25641.22,25651.75,25567.08,25582.58,2912
2025-01-03 22:00:00,25582.58,25584.04,25576.5,25577.78,275
2025-01-03 23:00:00,25577.78,25599.55,25542.83,25559.69,2887
2025-01-06 00:00:00,25559.69,25605.83,25542.3,25592.4,3005
2025-01-06 01:00:00,25592.4,25612.17,25538.36,25585.78,2942
2025-01-06 02:00:00,25585.78,26919.42,25448.24,25833.77,3017
2025-01-06 03:00:00,25833.77,25880.7,25828.0,25858.24,2908
2025-01-06 04:00:00,25858.24,25881.29,25837.71,25853.09,2977
2025-01-06 05:00:00,25853.09,25867.42,25785.88,25796.13,2921
2025-01-06 06:00:00,25796.13,25834.47,25791.22,25805.07,3016
2025-01-06 07:00:00,25805.07,25835.79,25750.9,25766.76,3019
2025-01-06 08:00:00,25766.76,26600.64,25648.04,26060.48,65220
2025-01-06 09:00:00,26060.48,26302.83,26001.94,26256.92,66141
2025-01-06 10:00:00,26256.92,26285.02,25839.19,25921.93,66892
2025-01-06 11:00:00,25921.93,26122.72,25794.88,26062.4,65856
2025-01-06 12:00:00,26062.4,26181.51,25937.82,25967.24,66204
2025-01-06 13:00:00,25967.24,26040.92,25728.01,25768.95,90287
2025-01-06 14:00:00,25768.95,25937.97,25554.08,25747.72,90499
2025-01-06 15:00:00,25747.72,25914.05,25647.46,25802.56,87523
2025-01-06 16:00:00,25802.56,25864.8,25470.8,25502.42,90432
2025-01-06 17:00:00,25502.42,26799.11,25016.54,26141.74,89842
2025-01-06 18:00:00,26141.74,26450.93,26063.36,26327.55,89939
2025-01-06 19:00:00,26327.55,26600.87,26298.61,26570.69,91103
2025-01-06 20:00:00,26570.69,26740.48,26191.65,26239.73,89921
2025-01-06 21:00:00,26239.73,26259.84,26089.28,26109.51,2969
2025-01-06 22:00:00,26109.51,26114.71,25927.13,25932.85,268
2025-01-06 23:00:00,25932.85,25948.69,25573.62,25585.41,2987
2025-01-07 00:00:00,25585.41,25598.41,25384.31,25392.11,2954
2025-01-07 01:00:00,25392.11,25397.93,24794.57,25001.78,3040
2025-01-07 02:00:00,25001.78,25021.55,24824.66,24871.19,2997
2025-01-07 03:00:00,24871.19,25384.12,23990.24,24418.12,2908
2025-01-07 04:00:00,24418.12,24426.24,24199.78,24201.72,2973
2025-01-07 05:00:00,24201.72,24231.96,24012.38,24023.15,2987
2025-01-07 06:00:00,24023.15,24041.9,23901.43,23943.59,2975
2025-01-07 07:00:00,23943.59,24011.8,23834.02,23851.32,2993
2025-01-07 08:00:00,23851.32,24003.09,23057.42,23360.35,66185
2025-01-07 09:00:00,23360.35,23547.53,23104.43,23215.67,65175
2025-01-07 10:00:00,23215.67,23349.12,22899.92,23130.93,66754
2025-01-07 11:00:00,23130.93,23202.18,22649.78,23099.15,67064
2025-01-07 12:00:00,23099.15,23158.91,22525.65,22707.98,65059
2025-01-07 13:00:00,22707.98,22740.57,21813.48,21966.09,89742
2025-01-07 14:00:00,21966.09,22015.09,21377.0,21613.28,89188
2025-01-07 15:00:00,21613.28,21874.71,21230.83,21838.89,89714
2025-01-07 16:00:00,21838.89,22238.34,21673.08,21827.74,90485
2025-01-07 17:00:00,21827.74,21992.14,20970.72,21394.45,92709
2025-01-07 18:00:00,21394.45,21618.71,21052.46,21480.37,88856
2025-01-07 19:00:00,21480.37,21755.58,21294.84,21672.14,90960
2025-01-07 20:00:00,21672.14,22148.92,21533.43,21822.77,89002
2025-01-07 21:00:00,21822.77,21839.25,21633.64,21645.63,2998
2025-01-07 22:00:00,21645.63,21650.93,21493.28,21495.04,267
2025-01-07 23:00:00,21495.04,21505.91,21303.61,21309.76,3024
2025-01-08 00:00:00,21309.76,21317.27,21118.25,21136.9,3015
2025-01-08 01:00:00,21136.9,21138.78,20963.79,20980.68,2991
2025-01-08 02:00:00,20980.68,20992.75,20803.22,20813.3,2922
2025-01-08 03:00:00,20813.3,20829.98,20651.45,20673.78,2968
2025-01-08 04:00:00,20673.78,20681.82,20562.58,20619.58,2923
2025-01-08 05:00:00,20619.58,20628.0,20453.69,20476.33,3041
2025-01-08 06:00:00,20476.33,20506.08,20377.75,20394.59,3013
2025-01-08 07:00:00,20394.59,20405.89,20250.34,20261.84,2954
2025-01-08 08:00:00,20261.84,20396.33,20068.89,20164.01,67577
2025-01-08 09:00:00,20164.01,20253.48,19755.34,19903.78,65236
2025-01-08 10:00:00,19903.78,20061.73,19750.14,19858.25,63722
2025-01-08 11:00:00,19858.25,19989.29,19609.61,19836.62,66908
2025-01-08 12:00:00,19836.62,19907.61,19239.31,19450.7,64991
2025-01-08 13:00:00,19450.7,19655.42,18970.15,19023.62,89316
2025-01-08 14:00:00,19023.62,19794.73,18702.98,19080.08,89028
2025-01-08 15:00:00,19080.08,19633.81,18927.46,19426.26,89410
2025-01-08 16:00:00,19426.26,19566.1,19077.1,19434.08,89325
2025-01-08 17:00:00,19434.08,19556.48,18989.41,19096.05,90790
2025-01-08 18:00:00,19096.05,19423.86,18456.26,18596.51,90360
2025-01-08 19:00:00,18596.51,18939.62,18503.64,18809.75,90466
2025-01-08 20:00:00,18809.75,19262.45,18587.55,19140.98,89062
2025-01-08 21:00:00,19140.98,19170.52,19019.44,19026.03,2960
2025-01-08 22:00:00,19026.03,19029.4,18885.48,18887.26,270
2025-01-08 23:00:00,18887.26,18896.8,18721.49,18746.85,2967
2025-01-09 00:00:00,18746.85,18772.85,18656.64,18662.22,2957
2025-01-09 01:00:00,18662.22,19116.2,18325.99,18785.14,2981
2025-01-09 02:00:00,18785.14,18801.32,18577.0,18626.52,2954
2025-01-09 03:00:00,18626.52,18629.38,18416.23,18437.65,3024
2025-01-09 04:00:00,18437.65,18459.66,18322.72,18337.54,2940
2025-01-09 05:00:00,18337.54,18345.4,18188.03,18197.43,2938
2025-01-09 06:00:00,18197.43,18235.59,18043.9,18053.36,3009
2025-01-09 07:00:00,18053.36,18065.03,17917.8,17924.67,2958
2025-01-09 08:00:00,17924.67,18078.67,17769.87,17929.81,65214
2025-01-09 09:00:00,17929.81,18057.35,17634.8,17701.85,65903
2025-01-09 10:00:00,17701.85,17826.25,17512.44,17709.21,67426
2025-01-09 11:00:00,17709.21,17776.06,17300.36,17382.16,64273
2025-01-09 12:00:00,17382.16,17574.1,17186.83,17207.61,65433
2025-01-09 13:00:00,17207.61,17358.55,17017.98,17316.34,89135
2025-01-09 14:00:00,17316.34,17449.29,16733.25,16850.85,90190
2025-01-09 15:00:00,16850.85,17294.07,16211.62,17192.29,90198
2025-01-09 16:00:00,17192.29,17296.49,16402.92,16693.46,87421
2025-01-09 17:00:00,16693.46,16707.87,16315.08,16549.62,89075
2025-01-09 18:00:00,16549.62,16707.42,16163.43,16295.93,89325
2025-01-09 19:00:00,16295.93,16725.71,16182.61,16632.43,89348
2025-01-09 20:00:00,16632.43,16694.02,16282.07,16391.29,88980
2025-01-09 21:00:00,16391.29,16405.19,16207.0,16215.73,2968
2025-01-09 22:00:00,16215.73,16218.42,16097.54,16098.77,265
2025-01-09 23:00:00,16098.77,16104.9,15954.31,15984.93,2966
2025-01-10 00:00:00,15984.93,16040.21,15644.77,15750.65,2994
2025-01-10 01:00:00,15750.65,15759.37,15552.72,15571.98,2911
2025-01-10 02:00:00,15571.98,15585.38,15444.32,15453.21,2976
2025-01-10 03:00:00,15453.21,15457.16,15323.09,15324.29,2999
2025-01-10 04:00:00,15324.29,15336.86,15249.86,15271.12,3045
2025-01-10 05:00:00,15271.12,15271.75,15159.83,15172.01,2915
2025-01-10 06:00:00,15172.01,15188.61,15079.68,15087.22,2941
2025-01-10 07:00:00,15087.22,15104.68,14974.57,14985.51,2996
2025-01-10 08:00:00,14985.51,15289.84,14686.99,14731.2,66947
2025-01-10 09:00:00,14731.2,14810.38,14675.83,14794.91,64264
2025-01-10 10:00:00,14794.91,14853.63,14645.93,14711.99,66522
2025-01-10 11:00:00,14711.99,14772.52,14613.09,14650.35,65574
2025-01-10 12:00:00,14650.35,14709.86,14528.99,14609.19,64256
2025-01-10 13:00:00,14609.19,14694.77,14526.5,14636.01,90685
2025-01-10 14:00:00,14636.01,14877.37,14625.26,14814.66,91586
2025-01-10 15:00:00,14814.66,14987.47,14758.07,14900.77,89504
2025-01-10 16:00:00,14900.77,15058.82,14864.73,14972.5,88597
2025-01-10 17:00:00,14972.5,15212.91,14915.49,15039.02,87913
2025-01-10 18:00:00,15039.02,15067.36,14915.9,14981.61,85451
2025-01-10 19:00:00,14981.61,14995.08,14703.71,14748.19,89473
2025-01-10 20:00:00,14748.19,14776.64,14615.35,14717.35,87191
2025-01-10 21:00:00,14717.35,15079.89,14685.2,14877.61,2968
2025-01-10 22:00:00,14877.61,14877.88,14873.14,14874.29,275
2025-01-10 23:00:00,14874.29,14883.78,14836.13,14843.55,2949
2025-01-13 00:00:00,14843.55,14873.32,14836.6,14867.51,2869
2025-01-13 01:00:00,14867.51,14888.17,14851.04,14867.96,2907
2025-01-13 02:00:00,14867.96,14876.67,14837.31,14860.03,2951
2025-01-13 03:00:00,14860.03,14886.46,14852.45,14872.43,2913
2025-01-13 04:00:00,14872.43,14887.58,14848.29,14859.34,3042
2025-01-13 05:00:00,14859.34,15046.91,14593.96,14651.23,2949
2025-01-13 06:00:00,14651.23,14700.18,14649.43,14692.47,2994
2025-01-13 07:00:00,14692.47,14700.68,14677.9,14690.03,2930
2025-01-13 08:00:00,14690.03,14722.49,14545.55,14617.6,66575
2025-01-13 09:00:00,14617.6,14697.6,14544.02,14626.3,67159
2025-01-13 10:00:00,14626.3,14759.94,14555.25,14624.26,67094
2025-01-13 11:00:00,14624.26,14689.08,14542.66,14635.49,66137
2025-01-13 12:00:00,14635.49,14697.24,14559.3,14595.55,64434
2025-01-13 13:00:00,14595.55,14827.25,14527.61,14785.61,89727
2025-01-13 14:00:00,14785.61,14872.45,14668.16,14795.47,88710
2025-01-13 15:00:00,14795.47,14890.69,14606.83,14657.2,89882
2025-01-13 16:00:00,14657.2,14775.48,14545.15,14670.08,89755
2025-01-13 17:00:00,14670.08,14810.23,14627.93,14724.06,91218
2025-01-13 18:00:00,14724.06,14789.05,14655.47,14707.6,89471
2025-01-13 19:00:00,14707.6,14737.6,14536.85,14581.6,88888
2025-01-13 20:00:00,14581.6,14620.75,14337.47,14379.24,90845
2025-01-13 21:00:00,14379.24,14416.06,14372.33,14399.24,3025
2025-01-13 22:00:00,14399.24,14402.16,14398.52,14401.28,272
2025-01-13 23:00:00,14401.28,14403.35,14369.44,14373.42,2984
2025-01-14 00:00:00,14373.42,14388.35,14365.02,14374.95,2960
2025-01-14 01:00:00,14374.95,14393.31,14351.03,14357.86,2986
2025-01-14 02:00:00,14357.86,14366.71,14334.15,14337.51,3003
2025-01-14 03:00:00,14337.51,14351.36,14312.44,14326.4,2944
2025-01-14 04:00:00,14326.4,14332.1,14297.04,14310.05,2911
2025-01-14 05:00:00,14310.05,14347.02,14185.7,14196.87,2983
2025-01-14 06:00:00,14196.87,14222.78,14188.59,14209.45,3022
2025-01-14 07:00:00,14209.45,14246.52,14195.34,14217.44,2946
2025-01-14 08:00:00,14217.44,14388.11,14178.97,14321.26,66381
2025-01-14 09:00:00,14321.26,14348.85,14171.84,14236.77,66030
2025-01-14 10:00:00,14236.77,14329.63,14164.67,14280.22,67323
2025-01-14 11:00:00,14280.22,14309.97,14199.35,14266.14,65851
2025-01-14 12:00:00,14266.14,14336.73,14185.89,14307.8,66375
2025-01-14 13:00:00,14307.8,14449.48,14228.65,14338.37,89639
2025-01-14 14:00:00,14338.37,14585.79,14311.08,14477.95,86933
2025-01-14 15:00:00,14477.95,14573.39,14330.56,14341.34,91313
2025-01-14 16:00:00,14341.34,14386.47,14163.04,14211.05,90265
2025-01-14 17:00:00,14211.05,14363.12,14152.77,14286.47,90701
2025-01-14 18:00:00,14286.47,14327.13,14121.75,14237.63,92124
2025-01-14 19:00:00,14237.63,14343.9,14143.82,14264.47,88987
2025-01-14 20:00:00,14264.47,14319.57,14196.36,14246.18,90990
2025-01-14 21:00:00,14246.18,14260.88,14212.54,14224.3,3013
2025-01-14 22:00:00,14224.3,14225.93,14222.64,14223.51,269
2025-01-14 23:00:00,14223.51,14231.36,14210.52,14220.28,2942
2025-01-15 00:00:00,14220.28,14254.18,14205.91,14241.99,2989
2025-01-15 01:00:00,14241.99,14274.79,14227.68,14255.88,2936
2025-01-15 02:00:00,14255.88,14269.44,14233.99,14250.64,2920
2025-01-15 03:00:00,14250.64,14255.43,14225.0,14251.71,2972
2025-01-15 04:00:00,14251.71,14272.81,14064.55,14082.47,2965
2025-01-15 05:00:00,14082.47,14108.11,14068.38,14077.17,2975
2025-01-15 06:00:00,14077.17,14110.45,14072.38,14097.2,3006
2025-01-15 07:00:00,14097.2,14117.34,14044.53,14060.98,2960
2025-01-15 08:00:00,14060.98,14139.04,14017.97,14117.64,66280
2025-01-15 09:00:00,14117.64,14132.91,14018.93,14056.43,66574
2025-01-15 10:00:00,14056.43,14105.54,13971.33,14021.86,66077
2025-01-15 11:00:00,14021.86,14064.75,13958.13,13989.56,66272
2025-01-15 12:00:00,13989.56,14039.18,13899.4,13975.32,63917
2025-01-15 13:00:00,13975.32,14089.17,13928.53,14039.36,90544
2025-01-15 14:00:00,14039.36,14187.37,13972.49,14113.97,90652
2025-01-15 15:00:00,14113.97,14177.63,13951.42,14015.9,88649
2025-01-15 16:00:00,14015.9,14162.81,13626.77,13870.83,89740
2025-01-15 17:00:00,13870.83,13977.29,13787.71,13927.12,90690
2025-01-15 18:00:00,13927.12,13938.89,13708.4,13754.85,88236
2025-01-15 19:00:00,13754.85,13956.12,13717.39,13869.15,89704
2025-01-15 20:00:00,13869.15,14026.34,13814.92,13931.81,90003
2025-01-15 21:00:00,13931.81,13961.97,13918.89,13953.68,2876
2025-01-15 22:00:00,13953.68,13955.34,13951.96,13953.54,273
2025-01-15 23:00:00,13953.54,13958.6,13924.83,13934.24,2940
2025-01-16 00:00:00,13934.24,14276.67,13572.94,14127.43,3041
2025-01-16 01:00:00,14127.43,14541.56,13955.82,14378.52,3006
2025-01-16 02:00:00,14378.52,14715.56,14316.51,14543.41,2967
2025-01-16 03:00:00,14543.41,14552.67,14507.8,14522.68,2877
2025-01-16 04:00:00,14522.68,14536.93,14499.58,14501.81,2993
2025-01-16 05:00:00,14501.81,14519.62,14475.97,14482.18,2993
2025-01-16 06:00:00,14482.18,14500.43,14466.17,14482.14,2943
2025-01-16 07:00:00,14482.14,14494.26,14466.05,14476.65,3002
2025-01-16 08:00:00,14476.65,14559.71,14426.09,14437.45,66467
2025-01-16 09:00:00,14437.45,14546.14,14403.47,14512.97,67251
2025-01-16 10:00:00,14512.97,14673.86,14495.34,14628.16,66173
2025-01-16 11:00:00,14628.16,14658.69,14548.85,14594.84,66673
2025-01-16 12:00:00,14594.84,14629.71,14444.9,14546.07,66823
2025-01-16 13:00:00,14546.07,14783.32,14528.0,14742.14,86780
2025-01-16 14:00:00,14742.14,14767.19,14543.09,14576.59,89721
2025-01-16 15:00:00,14576.59,14619.65,14511.0,14593.86,88961
2025-01-16 16:00:00,14593.86,14787.45,14553.99,14743.17,91258
2025-01-16 17:00:00,14743.17,14785.87,14494.35,14508.73,89484
2025-01-16 18:00:00,14508.73,14640.69,14444.23,14578.8,87815
2025-01-16 19:00:00,14578.8,14723.82,14497.0,14574.28,91796
2025-01-16 20:00:00,14574.28,14669.38,14488.14,14632.02,90606
2025-01-16 21:00:00,14632.02,14660.94,14620.03,14651.79,2943
2025-01-16 22:00:00,14651.79,14654.18,14650.23,14651.35,264
2025-01-16 23:00:00,14651.35,14661.59,14630.64,14658.6,2978
2025-01-17 00:00:00,14658.6,14696.96,14655.63,14661.5,2931
2025-01-17 01:00:00,14661.5,14698.76,14658.26,14696.42,2983
2025-01-17 02:00:00,14696.42,14729.15,14684.92,14729.02,3025
2025-01-17 03:00:00,14729.02,14739.59,14710.78,14718.93,2906
2025-01-17 04:00:00,14718.93,14872.15,14528.87,14541.27,2968
2025-01-17 05:00:00,14541.27,14547.28,14516.22,14528.26,2993
2025-01-17 06:00:00,14528.26,14544.79,14511.42,14532.93,2984
2025-01-17 07:00:00,14532.93,14542.76,14517.41,14541.95,3032
2025-01-17 08:00:00,14541.95,14675.08,14512.6,14575.39,66422
2025-01-17 09:00:00,14575.39,14637.5,14499.24,14590.61,65403
2025-01-17 10:00:00,14590.61,14674.36,14514.18,14526.33,68167
2025-01-17 11:00:00,14526.33,14622.79,14457.57,14561.66,67140
2025-01-17 12:00:00,14561.66,14681.43,14523.02,14650.74,67139
2025-01-17 13:00:00,14650.74,14723.88,14566.12,14660.64,87274
2025-01-17 14:00:00,14660.64,14707.4,14486.94,14575.19,87929
2025-01-17 15:00:00,14575.19,14702.0,14506.54,14643.38,89162
2025-01-17 16:00:00,14643.38,14706.84,14594.34,14607.78,89114
2025-01-17 17:00:00,14607.78,14719.91,14447.61,14506.53,89295
2025-01-17 18:00:00,14506.53,14608.29,14417.05,14550.66,92260
2025-01-17 19:00:00,14550.66,14703.83,14504.34,14654.71,90287
2025-01-17 20:00:00,14654.71,14709.22,14527.08,14581.49,89715
2025-01-17 21:00:00,14581.49,14606.5,14568.28,14578.24,3082
2025-01-17 22:00:00,14578.24,14579.99,14577.13,14579.34,272
2025-01-17 23:00:00,14579.34,14627.03,14571.92,14616.14,3038
2025-01-20 00:00:00,14616.14,14652.09,14607.69,14641.9,3005
2025-01-20 01:00:00,14641.9,14658.94,14613.34,14631.35,2934
2025-01-20 02:00:00,14631.35,14641.09,14592.93,14632.34,3005
2025-01-20 03:00:00,14632.34,14644.63,14604.81,14618.48,3014
2025-01-20 04:00:00,14618.48,14635.73,14598.03,14621.11,3078
2025-01-20 05:00:00,14621.11,14632.36,14595.37,14619.43,2888
2025-01-20 06:00:00,14619.43,14649.07,14609.89,14638.24,2959
2025-01-20 07:00:00,14638.24,14649.15,14624.59,14631.61,2976
2025-01-20 08:00:00,14631.61,14693.04,14550.38,14613.03,65089
2025-01-20 09:00:00,14613.03,14693.54,14566.62,14586.96,66360
2025-01-20 10:00:00,14586.96,14664.27,14545.8,14635.85,67383
2025-01-20 11:00:00,14635.85,14669.61,14551.84,14570.21,65299
2025-01-20 12:00:00,14570.21,14643.44,14531.98,14593.15,66701
2025-01-20 13:00:00,14593.15,14610.65,14430.04,14514.79,91610
2025-01-20 14:00:00,14514.79,14661.49,14454.29,14546.34,89485
2025-01-20 15:00:00,14546.34,14648.89,14446.17,14494.55,89770
2025-01-20 16:00:00,14494.55,14550.47,14281.49,14351.07,89911
2025-01-20 17:00:00,14351.07,14393.79,14245.28,14330.5,90023
2025-01-20 18:00:00,14330.5,14420.16,14242.1,14392.75,90977
2025-01-20 19:00:00,14392.75,14405.49,14138.65,14319.05,90051
2025-01-20 20:00:00,14319.05,14405.21,14179.03,14281.42,90480
2025-01-20 21:00:00,14281.42,14310.92,14280.51,14297.76,2922
2025-01-20 22:00:00,14297.76,14298.01,14295.32,14296.77,268
2025-01-20 23:00:00,14296.77,14325.88,14282.79,14309.1,3037
2025-01-21 00:00:00,14309.1,14349.55,14306.76,14342.91,2866
2025-01-21 01:00:00,14342.91,14368.19,14330.36,14360.35,2958
2025-01-21 02:00:00,14360.35,14376.85,14343.25,14352.77,2798
2025-01-21 03:00:00,14352.77,14366.92,14337.66,14356.37,2955
2025-01-21 04:00:00,14356.37,14359.44,14321.78,14333.83,2962
2025-01-21 05:00:00,14333.83,14337.42,14290.24,14302.03,2952
2025-01-21 06:00:00,14302.03,14315.32,14273.9,14291.56,2940
2025-01-21 07:00:00,14291.56,14322.87,14286.21,14315.28,3006
2025-01-21 08:00:00,14315.28,14697.73,13768.15,14595.58,64446
2025-01-21 09:00:00,14595.58,14724.02,14548.4,14656.17,64472
2025-01-21 10:00:00,14656.17,14748.0,14612.78,14647.3,66167
2025-01-21 11:00:00,14647.3,14946.75,14368.82,14886.43,64671
2025-01-21 12:00:00,14886.43,14902.87,14708.35,14726.21,66986
2025-01-21 13:00:00,14726.21,14784.8,14603.99,14615.98,89441
2025-01-21 14:00:00,14615.98,14657.71,14447.05,14552.57,92015
2025-01-21 15:00:00,14552.57,14718.65,14515.07,14638.04,88862
2025-01-21 16:00:00,14638.04,14647.21,14405.18,14431.54,93245
2025-01-21 17:00:00,14431.54,14459.04,14232.29,14262.06,90107
2025-01-21 18:00:00,14262.06,14300.98,14117.3,14188.59,92029
2025-01-21 19:00:00,14188.59,14265.09,13981.13,14061.8,88281
2025-01-21 20:00:00,14061.8,14177.72,14010.38,14103.28,88915
2025-01-21 21:00:00,14103.28,14125.08,14094.63,14113.04,2968
2025-01-21 22:00:00,14113.04,14113.37,14108.82,14110.39,277
2025-01-21 23:00:00,14110.39,14114.37,14076.42,14084.55,2931
2025-01-22 00:00:00,14084.55,14111.14,14075.62,14101.14,2892
2025-01-22 01:00:00,14101.14,14114.33,14083.58,14107.4,2975
2025-01-22 02:00:00,14107.4,14135.38,14103.93,14123.89,2927
2025-01-22 03:00:00,14123.89,14135.15,14115.17,14119.77,2988
2025-01-22 04:00:00,14119.77,14550.92,13844.18,14312.52,2937
2025-01-22 05:00:00,14312.52,14328.97,14295.08,14312.49,2938
2025-01-22 06:00:00,14312.49,14319.08,14285.56,14297.68,2937
2025-01-22 07:00:00,14297.68,14314.19,14277.6,14296.26,2888
2025-01-22 08:00:00,14296.26,14344.29,14162.18,14254.67,65530
2025-01-22 09:00:00,14254.67,14387.12,14213.33,14356.87,66508
2025-01-22 10:00:00,14356.87,14446.28,14314.95,14410.27,65458
2025-01-22 11:00:00,14410.27,14514.73,14369.27,14454.95,64870
2025-01-22 12:00:00,14454.95,14495.74,14328.09,14462.67,66553
2025-01-22 13:00:00,14462.67,14579.54,14435.85,14455.86,90014
2025-01-22 14:00:00,14455.86,14782.6,14382.95,14703.77,88419
2025-01-22 15:00:00,14703.77,14797.21,14641.74,14721.49,88428
2025-01-22 16:00:00,14721.49,14767.03,14564.2,14641.4,89184
2025-01-22 17:00:00,14641.4,14829.38,14605.3,14731.71,89844
2025-01-22 18:00:00,14731.71,14855.02,14655.44,14748.01,90761
2025-01-22 19:00:00,14748.01,14786.21,14542.02,14659.48,87259
2025-01-22 20:00:00,14659.48,14695.12,14480.58,14530.22,90178
2025-01-22 21:00:00,14530.22,14616.81,13341.33,14218.41,2950
2025-01-22 22:00:00,14218.41,14473.48,13921.79,14059.8,272
2025-01-22 23:00:00,14059.8,14061.65,14034.37,14050.27,2911
2025-01-23 00:00:00,14050.27,14077.63,14046.15,14067.8,2963
2025-01-23 01:00:00,14067.8,14082.16,14055.57,14061.78,2960
2025-01-23 02:00:00,14061.78,14084.84,14050.91,14070.89,2965
2025-01-23 03:00:00,14070.89,14082.6,14052.29,14070.18,2993
2025-01-23 04:00:00,14070.18,14079.41,14040.92,14042.28,3004
2025-01-23 05:00:00,14042.28,14051.48,13719.72,13823.3,2933
2025-01-23 06:00:00,13823.3,13834.64,13807.54,13823.1,2925
2025-01-23 07:00:00,13823.1,14078.51,13678.27,13939.31,2944
2025-01-23 08:00:00,13939.31,13989.22,13887.69,13898.57,64558
2025-01-23 09:00:00,13898.57,14002.79,13883.95,13944.7,66096
2025-01-23 10:00:00,13944.7,14046.51,13889.65,14029.55,66136
2025-01-23 11:00:00,14029.55,14074.06,13886.04,13966.71,65615
2025-01-23 12:00:00,13966.71,14073.28,13930.49,14068.29,64351
2025-01-23 13:00:00,14068.29,14320.48,14058.79,14222.94,93720
2025-01-23 14:00:00,14222.94,14329.71,14153.22,14265.96,89730
2025-01-23 15:00:00,14265.96,14387.1,14232.25,14280.54,89925
2025-01-23 16:00:00,14280.54,14532.31,14233.47,14473.25,89174
2025-01-23 17:00:00,14473.25,14535.66,14304.49,14393.44,91028
2025-01-23 18:00:00,14393.44,14489.27,14272.73,14347.44,88963
2025-01-23 19:00:00,14347.44,14416.33,14078.39,14166.06,88958
2025-01-23 20:00:00,14166.06,14240.29,14082.54,14093.78,89511
2025-01-23 21:00:00,14093.78,14104.11,14064.74,14086.59,2985
2025-01-23 22:00:00,14086.59,14087.7,14083.22,14087.51,266
2025-01-23 23:00:00,14087.51,14318.3,13621.88,13756.33,2966
2025-01-24 00:00:00,13756.33,13767.97,13739.91,13747.01,2936
2025-01-24 01:00:00,13747.01,13765.86,13739.77,13762.58,2996
2025-01-24 02:00:00,13762.58,13769.26,13747.13,13751.6,3018
2025-01-24 03:00:00,13751.6,13766.66,13741.56,13745.53,2943
2025-01-24 04:00:00,13745.53,13777.02,13738.47,13765.3,2986
2025-01-24 05:00:00,13765.3,13767.71,13739.1,13750.91,2948
2025-01-24 06:00:00,13750.91,13757.09,13703.73,13712.99,3027
2025-01-24 07:00:00,13712.99,13742.97,13704.99,13738.5,2927
2025-01-24 08:00:00,13738.5,14102.4,13564.02,14023.54,67473
2025-01-24 09:00:00,14023.54,14089.53,13979.63,14012.95,66612
2025-01-24 10:00:00,14012.95,14156.59,13996.56,14139.42,64251
2025-01-24 11:00:00,14139.42,14224.01,14084.4,14124.8,66493
2025-01-24 12:00:00,14124.8,14173.92,14070.54,14112.37,66112
2025-01-24 13:00:00,14112.37,14196.29,13987.61,14097.75,89080
2025-01-24 14:00:00,14097.75,14177.75,14011.02,14073.52,88634
2025-01-24 15:00:00,14073.52,14119.15,13861.15,14114.75,88501
2025-01-24 16:00:00,14114.75,14201.51,13995.74,14085.72,91368
2025-01-24 17:00:00,14085.72,14236.5,14070.6,14114.63,89888
2025-01-24 18:00:00,14114.63,14544.15,13850.99,14031.2,92421
2025-01-24 19:00:00,14031.2,14096.65,13881.07,13920.69,88110
2025-01-24 20:00:00,13920.69,14199.25,13214.2,13515.45,88968
2025-01-24 21:00:00,13515.45,13530.56,13477.58,13488.27,3024
2025-01-24 22:00:00,13488.27,13489.72,13487.82,13488.5,267
2025-01-24 23:00:00,13488.5,13494.8,13469.65,13486.03,3009
2025-01-27 00:00:00,13486.03,13528.31,13480.59,13509.92,2925
2025-01-27 01:00:00,13509.92,13535.73,13487.35,13529.62,2986
2025-01-27 02:00:00,13529.62,13541.48,13295.75,13370.7,2967
2025-01-27 03:00:00,13370.7,13387.13,13346.67,13350.09,2956
2025-01-27 04:00:00,13350.09,13373.02,13345.17,13349.5,2856
2025-01-27 05:00:00,13349.5,13352.8,13331.55,13343.16,2966
2025-01-27 06:00:00,13343.16,13364.02,13330.12,13351.29,2947
2025-01-27 07:00:00,13351.29,13374.98,13340.7,13350.17,3029
2025-01-27 08:00:00,13350.17,13476.01,13340.39,13416.05,65793
2025-01-27 09:00:00,13416.05,13497.34,13295.58,13359.38,66434
2025-01-27 10:00:00,13359.38,13424.77,13251.42,13288.97,65198
2025-01-27 11:00:00,13288.97,13351.06,13197.33,13291.24,65732
2025-01-27 12:00:00,13291.24,13377.3,13282.67,13365.4,66206
2025-01-27 13:00:00,13365.4,13553.04,13298.68,13436.45,88603
2025-01-27 14:00:00,13436.45,14130.94,13322.96,13655.13,91589
2025-01-27 15:00:00,13655.13,13769.51,13329.5,13530.25,92384
2025-01-27 16:00:00,13530.25,13672.24,13491.93,13576.74,91769
2025-01-27 17:00:00,13576.74,13780.2,13503.11,13722.08,91815
2025-01-27 18:00:00,13722.08,13773.57,13276.58,13410.09,90853
2025-01-27 19:00:00,13410.09,13446.47,13280.18,13329.15,89297
2025-01-27 20:00:00,13329.15,13636.69,13268.2,13597.12,89600
2025-01-27 21:00:00,13597.12,13606.37,13581.34,13588.54,2914
2025-01-27 22:00:00,13588.54,13589.91,13587.06,13588.17,269
2025-01-27 23:00:00,13588.17,13606.41,13580.61,13590.74,2960
2025-01-28 00:00:00,13590.74,13592.55,13558.59,13574.09,2911
2025-01-28 01:00:00,13574.09,13596.91,13560.9,13564.73,2925
2025-01-28 02:00:00,13564.73,13590.45,13553.08,13583.75,3048
2025-01-28 03:00:00,13583.75,13764.12,13122.05,13442.21,2968
2025-01-28 04:00:00,13442.21,13450.4,13421.8,13433.0,2999
2025-01-28 05:00:00,13433.0,13437.89,13412.73,13424.38,2982
2025-01-28 06:00:00,13424.38,14038.91,13280.68,13679.02,2922
2025-01-28 07:00:00,13679.02,13694.56,13661.15,13685.47,2881
2025-01-28 08:00:00,13685.47,13871.04,13534.23,13681.5,65420
2025-01-28 09:00:00,13681.5,13746.64,13416.51,13546.74,66105
2025-01-28 10:00:00,13546.74,13834.81,13524.2,13783.0,66158
2025-01-28 11:00:00,13783.0,14329.58,13731.32,14187.83,65441
2025-01-28 12:00:00,14187.83,14466.47,13877.98,14349.9,66048
2025-01-28 13:00:00,14349.9,14584.7,14210.57,14534.87,90105
2025-01-28 14:00:00,14534.87,14767.26,14381.29,14541.7,88830
2025-01-28 15:00:00,14541.7,14776.04,14382.98,14737.03,89934
2025-01-28 16:00:00,14737.03,15154.73,14630.34,14919.47,90337
2025-01-28 17:00:00,14919.47,15276.24,14896.0,14990.47,89594
2025-01-28 18:00:00,14990.47,15498.98,14878.96,15420.96,90105
2025-01-28 19:00:00,15420.96,15852.18,15309.59,15761.55,88723
2025-01-28 20:00:00,15761.55,16601.23,15701.73,16560.63,91644
2025-01-28 21:00:00,16560.63,16693.17,16551.8,16687.41,2979
2025-01-28 22:00:00,16687.41,16805.78,16686.23,16802.99,272
2025-01-28 23:00:00,16802.99,16899.44,16782.62,16896.48,2988
2025-01-29 00:00:00,16896.48,17065.82,16884.07,17048.23,3028
2025-01-29 01:00:00,17048.23,17207.47,16879.37,17022.24,2952
2025-01-29 02:00:00,17022.24,17111.05,17011.11,17103.4,2907
2025-01-29 03:00:00,17103.4,17254.05,17082.39,17251.22,2954
2025-01-29 04:00:00,17251.22,17322.36,17244.1,17268.07,2974
2025-01-29 05:00:00,17268.07,17396.72,17252.63,17345.06,2945
2025-01-29 06:00:00,17345.06,17432.83,17302.68,17418.15,2995
2025-01-29 07:00:00,17418.15,17576.23,17385.48,17562.79,2991
2025-01-29 08:00:00,17562.79,17776.84,17286.3,17754.67,65955
2025-01-29 09:00:00,17754.67,18131.37,17574.57,17867.71,66150
2025-01-29 10:00:00,17867.71,18283.49,17837.06,18195.55,66209
2025-01-29 11:00:00,18195.55,18395.32,17952.11,17976.91,65363
2025-01-29 12:00:00,17976.91,18075.52,17717.02,17725.85,65796
2025-01-29 13:00:00,17725.85,17945.1,17526.11,17766.7,91248
2025-01-29 14:00:00,17766.7,18259.43,17604.19,17819.09,90304
2025-01-29 15:00:00,17819.09,18132.25,17635.65,17838.8,89261
2025-01-29 16:00:00,17838.8,18046.51,17580.52,18005.68,88551
2025-01-29 17:00:00,18005.68,18861.68,17941.59,18579.91,90720
2025-01-29 18:00:00,18579.91,18727.42,18343.42,18484.5,91182
2025-01-29 19:00:00,18484.5,18667.17,18120.51,18376.22,89960
2025-01-29 20:00:00,18376.22,18670.37,18056.99,18190.31,89600
2025-01-29 21:00:00,18190.31,18204.32,17998.79,18024.11,2927
2025-01-29 22:00:00,18024.11,18026.77,17884.38,17886.41,274
2025-01-29 23:00:00,17886.41,17906.89,17784.75,17802.61,2922
2025-01-30 00:00:00,17802.61,17815.38,17688.23,17704.01,2873
2025-01-30 01:00:00,17704.01,17723.39,17531.02,17539.83,3036
2025-01-30 02:00:00,17539.83,17563.89,17391.08,17408.53,2940
2025-01-30 03:00:00,17408.53,17413.59,17242.19,17250.42,2908
2025-01-30 04:00:00,17250.42,17263.71,17053.26,17096.61,2907
2025-01-30 05:00:00,17096.61,17106.4,16968.66,16984.54,2884
2025-01-30 06:00:00,16984.54,16987.53,16827.65,16863.57,3017
2025-01-30 07:00:00,16863.57,16877.41,16713.52,16727.41,2991
2025-01-30 08:00:00,16727.41,16821.08,16437.73,16634.14,66224
2025-01-30 09:00:00,16634.14,16746.75,16319.68,16553.23,65850
2025-01-30 10:00:00,16553.23,16626.8,16277.33,16341.54,65704
2025-01-30 11:00:00,16341.54,16530.0,16134.74,16203.94,66019
2025-01-30 12:00:00,16203.94,16258.96,15908.71,15942.69,66664
2025-01-30 13:00:00,15942.69,16120.01,15608.3,15862.03,89869
2025-01-30 14:00:00,15862.03,16000.18,15470.36,15637.05,91679
2025-01-30 15:00:00,15637.05,15902.35,15488.69,15677.97,90262
2025-01-30 16:00:00,15677.97,15887.79,15489.96,15778.63,90266
2025-01-30 17:00:00,15778.63,15890.7,15383.69,15466.76,93030
2025-01-30 18:00:00,15466.76,15648.08,15006.06,15272.32,87939
2025-01-30 19:00:00,15272.32,15468.08,15059.96,15313.29,90089
2025-01-30 20:00:00,15313.29,15655.75,15224.49,15463.14,91138
2025-01-30 21:00:00,15463.14,15467.3,15343.46,15347.35,2951
2025-01-30 22:00:00,15347.35,15637.31,15151.8,15370.97,273
2025-01-30 23:00:00,15370.97,15372.96,15338.57,15365.07,2916
2025-01-31 00:00:00,15365.07,15371.3,15335.02,15353.34,3035
2025-01-31 01:00:00,15353.34,15362.19,15314.42,15355.6,2992
2025-01-31 02:00:00,15355.6,15381.39,15323.29,15367.58,3016
2025-01-31 03:00:00,15367.58,15376.54,15330.94,15348.72,2967
2025-01-31 04:00:00,15348.72,15350.67,15307.83,15320.24,3014
2025-01-31 05:00:00,15320.24,15340.55,15297.63,15313.26,2956
2025-01-31 06:00:00,15313.26,15334.27,15304.07,15309.05,2986
2025-01-31 07:00:00,15309.05,15332.93,15294.09,15305.92,2981
2025-01-31 08:00:00,15305.92,15341.94,15196.37,15275.82,67519
2025-01-31 09:00:00,15275.82,15324.57,15162.51,15206.91,65968
2025-01-31 10:00:00,15206.91,15314.72,15171.99,15248.89,66171
2025-01-31 11:00:00,15248.89,15323.37,15176.47,15248.53,67602
2025-01-31 12:00:00,15248.53,15328.18,15145.85,15295.54,62848
2025-01-31 13:00:00,15295.54,15519.69,15288.02,15493.41,91481
2025-01-31 14:00:00,15493.41,15657.23,15389.82,15572.25,90616
2025-01-31 15:00:00,15572.25,15595.03,15433.38,15496.05,87603
2025-01-31 16:00:00,15496.05,15552.37,15360.06,15488.69,89728
2025-01-31 17:00:00,15488.69,15621.74,15426.46,15445.3,88260
2025-01-31 18:00:00,15445.3,15629.55,15330.75,15506.48,89915
2025-01-31 19:00:00,15506.48,15998.97,15254.56,15851.97,91393
2025-01-31 20:00:00,15851.97,15874.15,15554.23,15615.1,88752
2025-01-31 21:00:00,15615.1,15621.74,15595.44,15597.26,2943
2025-01-31 22:00:00,15597.26,15598.51,15595.49,15596.22,263
2025-01-31 23:00:00,15596.22,15628.86,15582.86,15607.48,2949
2025-02-03 00:00:00,15607.48,15635.57,15596.83,15619.18,3043
2025-02-03 01:00:00,15619.18,15634.4,15613.49,15624.4,2988
2025-02-03 02:00:00,15624.4,15638.38,15606.92,15614.19,3044
2025-02-03 03:00:00,15614.19,15635.43,15603.89,15622.89,3004
2025-02-03 04:00:00,15622.89,15636.69,15590.13,15608.01,2962
2025-02-03 05:00:00,15608.01,15627.9,15591.92,15603.27,2946
2025-02-03 06:00:00,15603.27,15623.83,15585.02,15614.72,2931
2025-02-03 07:00:00,15614.72,15627.3,15597.69,15610.19,2987
2025-02-03 08:00:00,15610.19,15641.67,15457.7,15546.63,66540
2025-02-03 09:00:00,15546.63,15563.93,15342.06,15489.21,66266
2025-02-03 10:00:00,15489.21,15550.78,15403.77,15444.86,67703
2025-02-03 11:00:00,15444.86,15489.74,15373.64,15412.87,66581
2025-02-03 12:00:00,15412.87,15495.42,15325.22,15447.4,64533
2025-02-03 13:00:00,15447.4,15472.36,15121.5,15165.44,92507
2025-02-03 14:00:00,15165.44,15215.14,15020.05,15040.42,90950
2025-02-03 15:00:00,15040.42,15051.45,14903.86,14984.52,90060
2025-02-03 16:00:00,14984.52,15074.32,14804.22,14996.41,90812
2025-02-03 17:00:00,14996.41,15115.83,14930.27,14971.65,88687
2025-02-03 18:00:00,14971.65,14997.27,14791.13,14922.06,89382
2025-02-03 19:00:00,14922.06,15006.48,14799.3,14868.81,90681
2025-02-03 20:00:00,14868.81,14980.25,14842.77,14908.25,89325
2025-02-03 21:00:00,14908.25,14935.57,14831.68,14843.76,3007
2025-02-03 22:00:00,14843.76,14844.7,14736.08,14740.12,267
2025-02-03 23:00:00,14740.12,14742.26,14615.74,14625.94,2882
2025-02-04 00:00:00,14625.94,14641.42,14527.93,14532.92,2941
2025-02-04 01:00:00,14532.92,14539.9,14400.54,14413.4,2939
2025-02-04 02:00:00,14413.4,14481.25,14188.56,14203.53,3027
2025-02-04 03:00:00,14203.53,14215.8,14116.96,14133.21,2850
2025-02-04 04:00:00,14133.21,14145.62,14036.77,14040.56,2975
2025-02-04 05:00:00,14040.56,14051.18,13904.43,13924.97,2938
2025-02-04 06:00:00,13924.97,13942.94,13740.77,13750.4,2935
2025-02-04 07:00:00,13750.4,13769.65,13665.32,13685.02,2992
2025-02-04 08:00:00,13685.02,13749.26,12550.63,13386.92,66833
2025-02-04 09:00:00,13386.92,13589.22,13302.76,13423.38,66592
2025-02-04 10:00:00,13423.38,13450.71,13064.29,13096.63,64902
2025-02-04 11:00:00,13096.63,13197.31,12901.55,12955.09,65761
2025-02-04 12:00:00,12955.09,13159.53,12638.05,12657.07,66291
2025-02-04 13:00:00,12657.07,12813.85,12452.37,12781.09,88589
2025-02-04 14:00:00,12781.09,12939.49,12527.4,12583.06,90527
2025-02-04 15:00:00,12583.06,12692.32,12401.02,12481.34,89632
2025-02-04 16:00:00,12481.34,12644.08,12218.39,12325.96,88984
2025-02-04 17:00:00,12325.96,12434.21,11965.53,12225.33,89993
2025-02-04 18:00:00,12225.33,12245.62,11635.73,11780.12,89397
2025-02-04 19:00:00,11780.12,11948.17,11429.89,11481.58,88950
2025-02-04 20:00:00,11481.58,11508.28,11210.66,11255.72,90980
2025-02-04 21:00:00,11255.72,11289.1,10961.69,10985.11,3027
2025-02-04 22:00:00,10985.11,11463.99,10910.15,11058.51,266
2025-02-04 23:00:00,11058.51,11068.08,10967.21,10971.38,2925
2025-02-05 00:00:00,10971.38,10979.67,10889.58,10897.96,2960
2025-02-05 01:00:00,10897.96,10902.57,10809.24,10823.94,2987
2025-02-05 02:00:00,10823.94,10831.89,10701.31,10714.71,2996
2025-02-05 03:00:00,10714.71,10766.32,10656.01,10748.69,3050
2025-02-05 04:00:00,10748.69,10751.43,10648.72,10652.89,3071
2025-02-05 05:00:00,10652.89,10659.89,10585.86,10594.66,3021
2025-02-05 06:00:00,10594.66,10600.5,10485.9,10493.52,3022
2025-02-05 07:00:00,10493.52,10499.74,10383.99,10390.8,3010
2025-02-05 08:00:00,10390.8,10566.23,10241.85,10375.24,67132
2025-02-05 09:00:00,10375.24,10485.51,10328.47,10436.8,67660
2025-02-05 10:00:00,10436.8,10616.18,10321.82,10374.63,66666
2025-02-05 11:00:00,10374.63,10459.07,10057.97,10183.05,65698
2025-02-05 12:00:00,10183.05,10290.43,9974.47,10071.22,66235
2025-02-05 13:00:00,10071.22,10207.16,9953.35,10008.61,89696
2025-02-05 14:00:00,10008.61,10270.84,9907.44,10247.11,90405
2025-02-05 15:00:00,10247.11,10404.01,10105.38,10241.51,89229
2025-02-05 16:00:00,10241.51,10566.44,10159.22,10478.91,89381
2025-02-05 17:00:00,10478.91,10606.38,10414.99,10509.14,90309
2025-02-05 18:00:00,10509.14,10660.52,10141.79,10416.39,91890
2025-02-05 19:00:00,10416.39,10483.11,10197.79,10358.45,86602
2025-02-05 20:00:00,10358.45,10529.49,10210.35,10370.82,89656
2025-02-05 21:00:00,10370.82,10485.64,10355.26,10480.68,2995
2025-02-05 22:00:00,10480.68,10556.12,10478.57,10556.04,274
2025-02-05 23:00:00,10556.04,10679.95,10539.15,10667.71,2922
2025-02-06 00:00:00,10667.71,10773.39,10491.14,10544.26,2960
2025-02-06 01:00:00,10544.26,10609.9,10540.52,10607.53,2906
2025-02-06 02:00:00,10607.53,10717.41,10595.81,10710.58,2913
2025-02-06 03:00:00,10710.58,10804.25,10698.98,10801.96,2961
2025-02-06 04:00:00,10801.96,11147.69,10656.35,11146.61,2922
2025-02-06 05:00:00,11146.61,11289.1,11145.07,11275.86,2953
2025-02-06 06:00:00,11275.86,11399.27,10819.06,11166.87,2969
2025-02-06 07:00:00,11166.87,11269.32,11161.45,11264.41,2970
2025-02-06 08:00:00,11264.41,11515.29,11157.23,11226.95,65648
2025-02-06 09:00:00,11226.95,11388.38,11138.84,11304.95,66362
2025-02-06 10:00:00,11304.95,11467.51,11250.96,11452.87,64722
2025-02-06 11:00:00,11452.87,11727.46,11405.18,11642.13,66014
2025-02-06 12:00:00,11642.13,11688.77,11496.75,11602.42,65031
2025-02-06 13:00:00,11602.42,11871.22,11431.27,11765.51,93791
2025-02-06 14:00:00,11765.51,11927.99,11088.16,11533.01,89751
2025-02-06 15:00:00,11533.01,11846.41,11469.42,11738.2,89607
2025-02-06 16:00:00,11738.2,11864.54,11692.51,11803.43,89180
2025-02-06 17:00:00,11803.43,11860.84,11644.35,11791.66,86229
2025-02-06 18:00:00,11791.66,11863.21,11734.39,11828.5,90197
2025-02-06 19:00:00,11828.5,11936.29,11730.19,11879.93,89405
2025-02-06 20:00:00,11879.93,12052.04,11866.24,12027.13,88976
2025-02-06 21:00:00,12027.13,12051.69,12019.62,12038.58,2970
2025-02-06 22:00:00,12038.58,12039.63,12037.31,12039.23,267
2025-02-06 23:00:00,12039.23,12058.27,12034.74,12045.91,2973
2025-02-07 00:00:00,12045.91,12047.44,12031.51,12034.96,2974
2025-02-07 01:00:00,12034.96,12060.61,12033.18,12038.77,2914
2025-02-07 02:00:00,12038.77,12040.92,12021.16,12032.38,2862
2025-02-07 03:00:00,12032.38,12038.11,12012.15,12018.75,2985
2025-02-07 04:00:00,12018.75,12033.44,12008.78,12018.75,2954
2025-02-07 05:00:00,12018.75,12042.61,12005.43,12032.48,2976
2025-02-07 06:00:00,12032.48,12044.2,12019.5,12037.43,3025
2025-02-07 07:00:00,12037.43,12053.85,12018.29,12036.78,2900
2025-02-07 08:00:00,12036.78,12092.78,11984.86,12052.7,65577
2025-02-07 09:00:00,12052.7,12186.54,12007.75,12103.18,65513
2025-02-07 10:00:00,12103.18,12198.78,12037.93,12174.37,65238
2025-02-07 11:00:00,12174.37,12236.82,12126.21,12138.02,65987
2025-02-07 12:00:00,12138.02,12196.85,12102.73,12183.86,65683
2025-02-07 13:00:00,12183.86,12694.06,11823.39,11912.13,88710
2025-02-07 14:00:00,11912.13,11978.13,11823.89,11947.99,89562
2025-02-07 15:00:00,11947.99,12069.59,11882.76,11966.76,90740
2025-02-07 16:00:00,11966.76,12039.87,11835.44,11942.75,93429
2025-02-07 17:00:00,11942.75,12057.33,11890.35,11990.08,90067
2025-02-07 18:00:00,11990.08,12418.53,11508.73,11807.23,87386
2025-02-07 19:00:00,11807.23,11849.95,11648.96,11797.25,89881
2025-02-07 20:00:00,11797.25,11812.6,11645.98,11719.86,89551
2025-02-07 21:00:00,11719.86,11742.46,11714.43,11736.5,3041
2025-02-07 22:00:00,11736.5,11935.14,10967.31,11475.16,265
2025-02-07 23:00:00,11475.16,11571.27,11471.91,11567.15,2850
2025-02-10 00:00:00,11567.15,11638.64,11548.36,11624.36,2951
2025-02-10 01:00:00,11624.36,11744.63,11622.74,11730.61,3043
2025-02-10 02:00:00,11730.61,11878.67,11697.89,11866.68,2903
2025-02-10 03:00:00,11866.68,12200.06,11668.22,12195.07,3094
2025-02-10 04:00:00,12195.07,12308.23,12167.31,12297.36,2942
2025-02-10 05:00:00,12297.36,12361.56,12281.81,12356.56,3000
2025-02-10 06:00:00,12356.56,12456.35,12334.38,12455.96,2973
2025-02-10 07:00:00,12455.96,13025.25,12304.47,12719.68,3030
2025-02-10 08:00:00,12719.68,12971.88,12702.05,12842.32,67255
2025-02-10 09:00:00,12842.32,13235.64,12809.26,13161.44,65361
2025-02-10 10:00:00,13161.44,13406.9,13083.24,13349.03,66430
2025-02-10 11:00:00,13349.03,13431.31,13153.01,13185.48,66041
2025-02-10 12:00:00,13185.48,13361.05,13073.71,13289.16,66921
2025-02-10 13:00:00,13289.16,13633.59,13238.35,13394.95,90899
2025-02-10 14:00:00,13394.95,13708.32,13283.25,13616.55,87604
2025-02-10 15:00:00,13616.55,13839.01,13521.32,13715.72,89986
2025-02-10 16:00:00,13715.72,14011.41,13632.88,13816.57,92951
2025-02-10 17:00:00,13816.57,14118.57,13610.69,14010.63,89324
2025-02-10 18:00:00,14010.63,14157.8,13811.46,14043.63,91277
2025-02-10 19:00:00,14043.63,14502.99,13965.59,14362.91,89239
2025-02-10 20:00:00,14362.91,14675.06,14299.06,14507.94,91375
2025-02-10 21:00:00,14507.94,15427.5,14059.8,14884.95,2991
2025-02-10 22:00:00,14884.95,14970.3,14395.13,14695.59,277
2025-02-10 23:00:00,14695.59,14783.06,14678.08,14764.27,2945
2025-02-11 00:00:00,14764.27,14888.96,14755.86,14879.04,2921
2025-02-11 01:00:00,14879.04,15301.95,14660.81,15098.41,2916
2025-02-11 02:00:00,15098.41,15253.86,15084.03,15229.65,2929
2025-02-11 03:00:00,15229.65,15333.36,15204.31,15316.87,2976
2025-02-11 04:00:00,15316.87,15444.7,15308.93,15436.08,3017
2025-02-11 05:00:00,15436.08,15578.1,15424.6,15540.66,2960
2025-02-11 06:00:00,15540.66,15631.54,15514.5,15602.92,2980
2025-02-11 07:00:00,15602.92,15771.92,15596.45,15761.82,2988
2025-02-11 08:00:00,15761.82,16039.43,15641.29,15912.96,64555
2025-02-11 09:00:00,15912.96,15965.09,15733.78,15809.81,65211
2025-02-11 10:00:00,15809.81,16006.59,15764.88,15850.86,64820
2025-02-11 11:00:00,15850.86,16068.57,15782.68,15976.47,64374
2025-02-11 12:00:00,15976.47,16034.26,15613.67,15766.8,65742
2025-02-11 13:00:00,15766.8,15848.54,15398.92,15561.09,89401
2025-02-11 14:00:00,15561.09,16039.11,15341.2,15829.69,89914
2025-02-11 15:00:00,15829.69,16003.94,15602.94,15821.57,90281
2025-02-11 16:00:00,15821.57,15936.25,15421.25,15612.85,89897
2025-02-11 17:00:00,15612.85,15965.51,15566.35,15830.13,88929
2025-02-11 18:00:00,15830.13,16014.87,15581.65,15877.84,88440
2025-02-11 19:00:00,15877.84,16307.86,15786.08,16166.09,86730
2025-02-11 20:00:00,16166.09,16484.29,16051.74,16227.48,88676
2025-02-11 21:00:00,16227.48,16367.54,16218.3,16340.72,3019
2025-02-11 22:00:00,16340.72,16459.46,16339.1,16454.99,268
2025-02-11 23:00:00,16454.99,16563.86,16448.56,16544.6,2935
2025-02-12 00:00:00,16544.6,16596.97,16533.15,16586.34,2991
2025-02-12 01:00:00,16586.34,16612.99,16580.99,16587.18,2962
2025-02-12 02:00:00,16587.18,16593.41,16549.08,16555.73,2900
2025-02-12 03:00:00,16555.73,16579.96,16541.5,16566.39,2950
2025-02-12 04:00:00,16566.39,16594.86,16559.5,16573.73,2946
2025-02-12 05:00:00,16573.73,16601.5,16541.98,16595.68,2981
2025-02-12 06:00:00,16595.68,16631.73,16567.75,16582.41,2881
2025-02-12 07:00:00,16582.41,16588.92,16561.51,16564.69,2989
2025-02-12 08:00:00,16564.69,16612.51,16401.85,16464.27,64399
2025-02-12 09:00:00,16464.27,16513.19,16375.01,16381.92,65505
2025-02-12 10:00:00,16381.92,16402.05,16157.51,16202.7,65323
2025-02-12 11:00:00,16202.7,16264.62,16157.62,16240.66,65043
2025-02-12 12:00:00,16240.66,17130.97,15888.66,16487.34,65685
2025-02-12 13:00:00,16487.34,16571.39,16400.44,16476.16,87629
2025-02-12 14:00:00,16476.16,16742.33,16413.87,16639.54,90518
2025-02-12 15:00:00,16639.54,16719.54,16525.0,16539.74,88945
2025-02-12 16:00:00,16539.74,16624.95,16406.05,16573.92,88669
2025-02-12 17:00:00,16573.92,16659.95,16464.45,16489.33,91802
2025-02-12 18:00:00,16489.33,16594.85,16409.45,16448.75,90634
2025-02-12 19:00:00,16448.75,16587.1,16357.92,16458.04,90890
2025-02-12 20:00:00,16458.04,16556.52,16312.43,16451.93,91961
2025-02-12 21:00:00,16451.93,16462.27,15882.13,16258.62,2938
2025-02-12 22:00:00,16258.62,16260.37,16256.85,16258.63,277
2025-02-12 23:00:00,16258.63,16275.61,16237.12,16250.35,2973
2025-02-13 00:00:00,16250.35,16269.94,16240.85,16253.47,3052
2025-02-13 01:00:00,16253.47,16275.25,16233.42,16247.24,2966
2025-02-13 02:00:00,16247.24,16255.42,16210.98,16220.48,2974
2025-02-13 03:00:00,16220.48,16227.67,16190.81,16208.37,2899
2025-02-13 04:00:00,16208.37,16214.56,16166.97,16175.65,2929
2025-02-13 05:00:00,16175.65,16207.7,16169.94,16195.2,2955
2025-02-13 06:00:00,16195.2,16198.44,16166.74,16171.3,2957
2025-02-13 07:00:00,16171.3,16194.4,16148.53,16169.35,2935
2025-02-13 08:00:00,16169.35,16321.07,16152.2,16262.97,66289
2025-02-13 09:00:00,16262.97,16346.38,16209.18,16308.19,64761
2025-02-13 10:00:00,16308.19,16401.01,16202.31,16229.06,66214
2025-02-13 11:00:00,16229.06,16409.72,16189.24,16392.99,65683
2025-02-13 12:00:00,16392.99,16446.46,16281.09,16362.17,67326
2025-02-13 13:00:00,16362.17,16499.29,16287.75,16421.75,90901
2025-02-13 14:00:00,16421.75,16508.53,15966.54,16225.04,87801
2025-02-13 15:00:00,16225.04,16385.19,16132.4,16303.49,89852
2025-02-13 16:00:00,16303.49,16372.53,16070.84,16187.12,90391
2025-02-13 17:00:00,16187.12,16430.93,16154.02,16355.41,91286
2025-02-13 18:00:00,16355.41,16508.71,16336.2,16475.73,87757
2025-02-13 19:00:00,16475.73,16589.38,16346.55,16416.85,87366
2025-02-13 20:00:00,16416.85,16471.26,16226.03,16299.57,91143
2025-02-13 21:00:00,16299.57,16338.19,16286.17,16330.19,2989
2025-02-13 22:00:00,16330.19,16332.07,16329.0,16330.39,272
2025-02-13 23:00:00,16330.39,16337.45,16308.75,16312.34,2948
2025-02-14 00:00:00,16312.34,16343.04,16303.84,16317.25,2918
2025-02-14 01:00:00,16317.25,16345.48,16296.91,16330.95,2987
2025-02-14 02:00:00,16330.95,16370.95,16323.03,16348.07,2961
2025-02-14 03:00:00,16348.07,16365.41,16328.35,16351.48,3037
2025-02-14 04:00:00,16351.48,16368.64,16334.89,16364.53,2893
2025-02-14 05:00:00,16364.53,16396.06,16348.67,16368.61,2927
2025-02-14 06:00:00,16368.61,16383.02,16345.54,16351.72,3022
2025-02-14 07:00:00,16351.72,16391.72,16344.78,16364.17,2963
2025-02-14 08:00:00,16364.17,16451.28,16286.2,16412.49,66451
2025-02-14 09:00:00,16412.49,16545.18,16341.24,16401.55,66443
2025-02-14 10:00:00,16401.55,16477.28,16313.04,16394.59,65195
2025-02-14 11:00:00,16394.59,16538.08,16326.65,16395.12,64778
2025-02-14 12:00:00,16395.12,16487.65,16357.19,16422.49,64871
2025-02-14 13:00:00,16422.49,16482.75,16303.65,16377.8,90374
2025-02-14 14:00:00,16377.8,16394.44,16109.64,16174.03,89040
2025-02-14 15:00:00,16174.03,16249.79,15994.82,16014.75,89462
2025-02-14 16:00:00,16014.75,16109.68,15803.71,15936.96,87348
2025-02-14 17:00:00,15936.96,16102.08,15867.18,16006.08,87514
2025-02-14 18:00:00,16006.08,16034.98,15875.26,15992.95,89946
2025-02-14 19:00:00,15992.95,16131.39,15890.12,16019.35,88624
2025-02-14 20:00:00,16019.35,16347.35,15991.4,16294.0,89981
2025-02-14 21:00:00,16294.0,16305.14,16270.73,16288.31,3011
2025-02-14 22:00:00,16288.31,16289.35,16284.13,16284.51,268
2025-02-14 23:00:00,16284.51,16288.34,16251.99,16272.33,3025
2025-02-17 00:00:00,16272.33,16285.74,16257.35,16265.2,3035
2025-02-17 01:00:00,16265.2,16288.06,16244.56,16277.82,2971
2025-02-17 02:00:00,16277.82,16302.61,16270.76,16283.77,2950
2025-02-17 03:00:00,16283.77,16298.83,16255.11,16263.87,3011
2025-02-17 04:00:00,16263.87,16813.4,15692.94,16538.65,2943
2025-02-17 05:00:00,16538.65,16550.69,16507.83,16532.41,3019
2025-02-17 06:00:00,16532.41,16545.28,16510.08,16514.28,2924
2025-02-17 07:00:00,16514.28,16566.16,16507.58,16538.94,2996
2025-02-17 08:00:00,16538.94,16567.2,16426.25,16499.54,68057
2025-02-17 09:00:00,16499.54,16674.48,16471.28,16634.35,65627
2025-02-17 10:00:00,16634.35,18080.61,15576.21,17243.01,66635
2025-02-17 11:00:00,17243.01,17406.63,17175.95,17361.09,66364
2025-02-17 12:00:00,17361.09,17409.02,17254.22,17354.2,65750
2025-02-17 13:00:00,17354.2,17522.55,17293.96,17433.84,85351
2025-02-17 14:00:00,17433.84,17501.4,17293.15,17421.84,87528
2025-02-17 15:00:00,17421.84,17684.45,17349.21,17610.21,89126
2025-02-17 16:00:00,17610.21,18278.88,17605.88,17835.3,88550
2025-02-17 17:00:00,17835.3,17898.22,17636.78,17777.04,91947
2025-02-17 18:00:00,17777.04,18531.87,17250.44,17589.94,89740
2025-02-17 19:00:00,17589.94,17694.12,17442.35,17563.07,90671
2025-02-17 20:00:00,17563.07,17656.92,17350.53,17608.52,91906
2025-02-17 21:00:00,17608.52,17647.86,17606.77,17620.92,2964
2025-02-17 22:00:00,17620.92,17622.76,17618.04,17619.16,266
2025-02-17 23:00:00,17619.16,17632.18,17592.68,17623.46,2975
2025-02-18 00:00:00,17623.46,17637.92,17596.44,17616.24,2952
2025-02-18 01:00:00,17616.24,17644.27,17603.48,17633.86,2985
2025-02-18 02:00:00,17633.86,17676.86,17623.97,17651.49,2985
2025-02-18 03:00:00,17651.49,17662.51,17613.68,17629.6,2988
2025-02-18 04:00:00,17629.6,17653.26,17615.46,17643.85,2991
2025-02-18 05:00:00,17643.85,17669.78,17635.71,17667.93,3001
2025-02-18 06:00:00,17667.93,17679.82,17635.48,17655.13,2876
2025-02-18 07:00:00,17655.13,17678.45,17648.51,17668.23,2982
2025-02-18 08:00:00,17668.23,18184.27,17401.24,17836.84,65263
2025-02-18 09:00:00,17836.84,18118.39,17762.82,18033.11,67259
2025-02-18 10:00:00,18033.11,18068.65,17467.03,17657.46,65678
2025-02-18 11:00:00,17657.46,17676.25,17366.1,17467.68,65044
2025-02-18 12:00:00,17467.68,17551.25,17006.0,17078.15,67660
2025-02-18 13:00:00,17078.15,17130.39,16134.23,16145.99,91712
2025-02-18 14:00:00,16145.99,16335.44,15814.82,15909.28,89467
2025-02-18 15:00:00,15909.28,16143.25,15509.4,15672.96,90062
2025-02-18 16:00:00,15672.96,15801.94,15306.56,15558.13,90061
2025-02-18 17:00:00,15558.13,15584.17,15252.93,15520.09,91946
2025-02-18 18:00:00,15520.09,15613.71,15043.65,15168.62,91304
2025-02-18 19:00:00,15168.62,15271.26,14825.21,14945.57,89349
2025-02-18 20:00:00,14945.57,15018.58,14692.25,14773.51,90819
2025-02-18 21:00:00,14773.51,14778.26,14643.73,14652.18,2921
2025-02-18 22:00:00,14652.18,14653.78,14542.87,14547.24,269
2025-02-18 23:00:00,14547.24,14553.33,14417.41,14458.06,2926
2025-02-19 00:00:00,14458.06,14461.79,14287.89,14301.29,3003
2025-02-19 01:00:00,14301.29,14313.08,14162.04,14169.39,2944
2025-02-19 02:00:00,14169.39,14184.29,14054.33,14083.2,2986
2025-02-19 03:00:00,14083.2,14091.82,13942.34,13947.85,3014
2025-02-19 04:00:00,13947.85,13960.77,13862.84,13876.17,2955
2025-02-19 05:00:00,13876.17,13877.24,13753.47,13775.91,2925
2025-02-19 06:00:00,13775.91,13782.89,13691.53,13700.21,2955
2025-02-19 07:00:00,13700.21,13706.86,13622.25,13641.01,3004
2025-02-19 08:00:00,13641.01,13742.69,13473.91,13544.38,66687
2025-02-19 09:00:00,13544.38,13716.5,13443.04,13568.6,66276
2025-02-19 10:00:00,13568.6,13635.12,13385.68,13546.89,65743
2025-02-19 11:00:00,13546.89,13781.01,13521.45,13707.9,64731
2025-02-19 12:00:00,13707.9,13861.84,13495.09,13707.45,65705
2025-02-19 13:00:00,13707.45,13857.61,12844.17,12985.06,90044
2025-02-19 14:00:00,12985.06,13267.78,12864.6,12925.41,90413
2025-02-19 15:00:00,12925.41,13001.21,12450.5,12574.86,89537
2025-02-19 16:00:00,12574.86,12636.82,12233.74,12393.02,89910
2025-02-19 17:00:00,12393.02,12543.92,12202.2,12453.64,92049
2025-02-19 18:00:00,12453.64,12536.83,12090.32,12232.35,92175
2025-02-19 19:00:00,12232.35,12463.15,11931.14,11967.8,92459
2025-02-19 20:00:00,11967.8,12182.3,11861.37,11973.87,91158
2025-02-19 21:00:00,11973.87,12091.46,11968.14,12085.09,3026
2025-02-19 22:00:00,12085.09,12174.94,12082.12,12173.59,265
2025-02-19 23:00:00,12173.59,12238.82,12139.65,12207.34,2996
2025-02-20 00:00:00,12207.34,12313.56,12203.33,12305.3,2960
2025-02-20 01:00:00,12305.3,12409.67,12294.66,12405.67,2974
2025-02-20 02:00:00,12405.67,12533.84,12398.28,12531.59,2922
2025-02-20 03:00:00,12531.59,12606.33,12499.97,12597.54,2896
2025-02-20 04:00:00,12597.54,12675.41,12582.43,12668.39,2939
2025-02-20 05:00:00,12668.39,12827.72,12662.64,12823.6,2968
2025-02-20 06:00:00,12823.6,13667.53,12511.06,13197.07,2982
2025-02-20 07:00:00,13197.07,13308.93,13169.17,13306.83,2995
2025-02-20 08:00:00,13306.83,13394.55,13178.75,13342.08,67574
2025-02-20 09:00:00,13342.08,13462.17,13209.18,13417.77,66349
2025-02-20 10:00:00,13417.77,13600.87,13274.24,13345.41,65306
2025-02-20 11:00:00,13345.41,13493.02,13225.95,13286.34,66113
2025-02-20 12:00:00,13286.34,13407.4,13164.29,13314.84,65939
2025-02-20 13:00:00,13314.84,13402.42,13135.45,13269.8,89588
2025-02-20 14:00:00,13269.8,13431.2,13026.01,13121.0,91750
2025-02-20 15:00:00,13121.0,13353.6,12957.26,13036.15,90260
2025-02-20 16:00:00,13036.15,13254.78,12891.51,13202.09,90684
2025-02-20 17:00:00,13202.09,13340.81,13039.48,13102.87,90126
2025-02-20 18:00:00,13102.87,13290.09,12974.6,13142.23,89739
2025-02-20 19:00:00,13142.23,13373.0,12997.48,13180.86,91183
2025-02-20 20:00:00,13180.86,13699.51,13115.4,13666.02,89541
2025-02-20 21:00:00,13666.02,13748.53,13661.27,13741.89,2983
2025-02-20 22:00:00,13741.89,13843.48,13739.34,13840.72,269
2025-02-20 23:00:00,13840.72,13904.93,13828.65,13888.22,2909
2025-02-21 00:00:00,13888.22,14028.3,13885.41,14017.81,3028
2025-02-21 01:00:00,14017.81,14121.13,13990.11,14118.62,2922
2025-02-21 02:00:00,14118.62,14261.85,14112.53,14255.38,2925
2025-02-21 03:00:00,14255.38,14348.91,14249.87,14332.39,2987
2025-02-21 04:00:00,14332.39,14441.31,14331.49,14422.64,2968
2025-02-21 05:00:00,14422.64,14553.4,14413.64,14526.02,2945
2025-02-21 06:00:00,14526.02,14671.58,14511.77,14666.02,3053
2025-02-21 07:00:00,14666.02,14789.55,14653.44,14765.64,2994
2025-02-21 08:00:00,14765.64,14867.84,14622.04,14727.02,64718
2025-02-21 09:00:00,14727.02,15051.03,14522.19,14613.97,64567
2025-02-21 10:00:00,14613.97,14655.7,14358.07,14567.13,66174
2025-02-21 11:00:00,14567.13,14664.51,14396.27,14585.26,64558
2025-02-21 12:00:00,14585.26,14630.66,14343.58,14476.61,67314
2025-02-21 13:00:00,14476.61,14615.38,14285.8,14368.33,90460
2025-02-21 14:00:00,14368.33,14550.85,14147.58,14393.0,91817
2025-02-21 15:00:00,14393.0,14754.76,14251.02,14701.04,89740
2025-02-21 16:00:00,14701.04,15312.99,14673.11,15061.18,87619
2025-02-21 17:00:00,15061.18,15403.72,14968.34,15356.68,91064
2025-02-21 18:00:00,15356.68,15732.23,15327.05,15689.38,89259
2025-02-21 19:00:00,15689.38,15892.97,15527.27,15702.4,87026
2025-02-21 20:00:00,15702.4,15930.47,15589.5,15715.35,92349
2025-02-21 21:00:00,15715.35,15864.31,15708.06,15856.32,2936
2025-02-21 22:00:00,15856.32,15972.73,15854.49,15971.28,275
2025-02-21 23:00:00,15971.28,16157.54,15957.94,16126.59,2921
2025-02-24 00:00:00,16126.59,16238.62,16115.89,16233.52,2958
2025-02-24 01:00:00,16233.52,16294.09,16215.5,16281.23,2952
2025-02-24 02:00:00,16281.23,16376.86,16261.75,16375.44,2958
2025-02-24 03:00:00,16375.44,16496.95,16360.58,16483.05,2972
2025-02-24 04:00:00,16483.05,16591.09,16457.21,16579.95,2929
2025-02-24 05:00:00,16579.95,16710.34,16554.23,16702.52,2935
2025-02-24 06:00:00,16702.52,16851.05,16690.94,16846.27,2971
2025-02-24 07:00:00,16846.27,16947.28,16835.55,16933.26,2952
2025-02-24 08:00:00,16933.26,17061.91,16716.72,16912.58,65321
2025-02-24 09:00:00,16912.58,17148.56,16871.86,16910.25,65208
2025-02-24 10:00:00,16910.25,17120.23,16840.5,16899.42,65172
2025-02-24 11:00:00,16899.42,16976.16,16666.8,16739.45,66294
2025-02-24 12:00:00,16739.45,17138.4,16429.37,17029.18,64922
2025-02-24 13:00:00,17029.18,17290.79,16817.76,17100.27,89716
2025-02-24 14:00:00,17100.27,17579.73,17027.61,17495.0,90429
2025-02-24 15:00:00,17495.0,18284.66,17451.38,18023.03,91083
2025-02-24 16:00:00,18023.03,18145.74,17698.94,17912.58,91124
2025-02-24 17:00:00,17912.58,18437.41,17788.7,18315.35,89880
2025-02-24 18:00:00,18315.35,18461.72,17826.07,18386.59,91924
2025-02-24 19:00:00,18386.59,19141.37,18307.09,19126.45,90417
2025-02-24 20:00:00,19126.45,19167.51,18782.69,18960.61,90037
2025-02-24 21:00:00,18960.61,19091.71,18942.67,19075.33,3009
2025-02-24 22:00:00,19075.33,19219.82,19074.43,19214.85,265
2025-02-24 23:00:00,19214.85,19694.93,18856.36,19655.94,2974
2025-02-25 00:00:00,19655.94,20215.28,19448.98,19542.67,2973
2025-02-25 01:00:00,19542.67,19796.87,19534.17,19779.69,2855
2025-02-25 02:00:00,19779.69,20054.21,19765.27,20030.97,2930
2025-02-25 03:00:00,20030.97,20191.13,20021.8,20134.84,2986
2025-02-25 04:00:00,20134.84,20383.61,20126.53,20378.84,2889
2025-02-25 05:00:00,20378.84,20480.09,20359.94,20470.4,3033
2025-02-25 06:00:00,20470.4,20540.53,20429.58,20514.1,2977
2025-02-25 07:00:00,20514.1,20668.26,20507.87,20626.95,2917
2025-02-25 08:00:00,20626.95,20992.0,20569.8,20927.12,66887
2025-02-25 09:00:00,20927.12,21054.86,20733.37,20973.95,66547
2025-02-25 10:00:00,20973.95,21750.29,20148.78,21706.45,66812
2025-02-25 11:00:00,21706.45,21954.68,21624.56,21934.76,66863
2025-02-25 12:00:00,21934.76,22236.91,21747.09,21956.25,65555
2025-02-25 13:00:00,21956.25,22398.59,21789.94,22173.49,90648
2025-02-25 14:00:00,22173.49,22219.33,21634.49,21844.15,90380
2025-02-25 15:00:00,21844.15,21909.03,21529.45,21661.39,88296
2025-02-25 16:00:00,21661.39,21835.19,21552.52,21786.01,89999
2025-02-25 17:00:00,21786.01,21921.89,21699.94,21776.33,90829
2025-02-25 18:00:00,21776.33,21919.48,21574.67,21778.09,87438
2025-02-25 19:00:00,21778.09,21920.09,21663.62,21899.21,89273
2025-02-25 20:00:00,21899.21,22051.31,21751.23,21920.53,91622
2025-02-25 21:00:00,21920.53,21933.3,21900.12,21925.23,2990
2025-02-25 22:00:00,21925.23,21927.06,21920.76,21922.43,269
2025-02-25 23:00:00,21922.43,21949.78,21881.83,21900.12,2954
2025-02-26 00:00:00,21900.12,21915.03,21865.92,21887.94,2980
2025-02-26 01:00:00,21887.94,22531.65,21041.17,21512.77,3001
2025-02-26 02:00:00,21512.77,21558.16,21499.55,21546.88,2957
2025-02-26 03:00:00,21546.88,21586.77,21528.74,21552.96,2922
2025-02-26 04:00:00,21552.96,21562.8,21495.8,21514.48,2917
2025-02-26 05:00:00,21514.48,21523.61,21472.96,21485.12,2983
2025-02-26 06:00:00,21485.12,21509.29,21424.96,21448.76,3064
2025-02-26 07:00:00,21448.76,21456.46,21398.81,21430.19,2997
2025-02-26 08:00:00,21430.19,21514.63,21288.06,21349.81,67017
2025-02-26 09:00:00,21349.81,21514.47,21262.78,21394.55,65621
2025-02-26 10:00:00,21394.55,21436.27,21184.67,21368.62,66002
2025-02-26 11:00:00,21368.62,21546.94,21274.14,21432.82,65750
2025-02-26 12:00:00,21432.82,21715.3,21381.38,21677.33,66057
2025-02-26 13:00:00,21677.33,21754.89,21410.52,21703.33,90156
2025-02-26 14:00:00,21703.33,21835.96,21595.8,21768.54,91648
2025-02-26 15:00:00,21768.54,21860.88,21542.09,21630.63,90519
2025-02-26 16:00:00,21630.63,21667.34,21445.14,21489.54,88397
2025-02-26 17:00:00,21489.54,21688.12,21433.05,21639.77,90370
2025-02-26 18:00:00,21639.77,21657.75,21340.18,21442.64,91845
2025-02-26 19:00:00,21442.64,22669.54,20968.63,21077.35,89114
2025-02-26 20:00:00,21077.35,21421.51,21003.67,21352.57,90413
2025-02-26 21:00:00,21352.57,21360.49,21317.15,21329.65,2931
2025-02-26 22:00:00,21329.65,21331.85,21327.07,21330.47,273
2025-02-26 23:00:00,21330.47,21344.08,21296.41,21334.07,2918
2025-02-27 00:00:00,21334.07,21381.98,21317.23,21347.66,3012
2025-02-27 01:00:00,21347.66,21360.4,21321.63,21325.66,2983
2025-02-27 02:00:00,21325.66,21337.2,21294.69,21327.08,2995
2025-02-27 03:00:00,21327.08,21345.24,21299.89,21318.02,3017
2025-02-27 04:00:00,21318.02,21324.14,21283.99,21293.79,2979
2025-02-27 05:00:00,21293.79,21322.25,21273.49,21298.38,2934
2025-02-27 06:00:00,21298.38,21319.28,21267.59,21279.72,2994
2025-02-27 07:00:00,21279.72,21313.39,21230.19,21282.85,3051
2025-02-27 08:00:00,21282.85,21600.94,21230.42,21554.07,65954
2025-02-27 09:00:00,21554.07,21714.66,21303.71,21561.74,64022
2025-02-27 10:00:00,21561.74,21714.37,21529.93,21636.86,65012
2025-02-27 11:00:00,21636.86,21775.36,21584.64,21645.71,66522
2025-02-27 12:00:00,21645.71,21646.15,21445.95,21558.32,65615
2025-02-27 13:00:00,21558.32,21805.72,21449.24,21759.6,88158
2025-02-27 14:00:00,21759.6,21866.04,21573.2,21713.59,90180
2025-02-27 15:00:00,21713.59,21888.87,21635.6,21748.88,88819
2025-02-27 16:00:00,21748.88,22177.74,21688.43,22127.88,91932
2025-02-27 17:00:00,22127.88,22269.74,21917.59,22110.29,88719
2025-02-27 18:00:00,22110.29,22310.43,22058.86,22178.71,91380
2025-02-27 19:00:00,22178.71,23315.32,21645.17,21864.49,88388
2025-02-27 20:00:00,21864.49,22188.68,21787.25,22065.3,90270
2025-02-27 21:00:00,22065.3,22136.08,22039.48,22109.62,2985
2025-02-27 22:00:00,22109.62,22111.09,22106.06,22108.55,269
2025-02-27 23:00:00,22108.55,22135.1,22073.93,22109.32,2881
2025-02-28 00:00:00,22109.32,22148.2,22096.36,22127.46,2980
2025-02-28 01:00:00,22127.46,22165.28,22106.26,22140.74,2968
2025-02-28 02:00:00,22140.74,22170.05,22122.09,22128.57,2981
2025-02-28 03:00:00,22128.57,22141.36,22099.72,22126.45,3047
2025-02-28 04:00:00,22126.45,22144.07,22097.33,22109.69,2989
2025-02-28 05:00:00,22109.69,22122.97,22076.43,22097.36,2963
2025-02-28 06:00:00,22097.36,22124.15,22063.48,22086.01,3015
2025-02-28 07:00:00,22086.01,22117.56,22070.16,22095.17,3044
2025-02-28 08:00:00,22095.17,22230.12,21943.31,22174.89,67044
2025-02-28 09:00:00,22174.89,22323.51,22076.16,22091.75,67502
2025-02-28 10:00:00,22091.75,22177.75,21901.72,22013.63,65382
2025-02-28 11:00:00,22013.63,22191.68,21922.47,22116.7,65166
2025-02-28 12:00:00,22116.7,22304.59,22101.36,22271.13,66709
2025-02-28 13:00:00,22271.13,22543.06,22093.52,22267.23,90734
2025-02-28 14:00:00,22267.23,22561.96,22231.16,22426.42,89947
2025-02-28 15:00:00,22426.42,22606.01,22331.72,22416.32,90626
2025-02-28 16:00:00,22416.32,22445.84,22147.51,22214.2,90221
2025-02-28 17:00:00,22214.2,22353.51,22055.84,22103.09,88925
2025-02-28 18:00:00,22103.09,22370.23,22068.71,22247.6,89502
2025-02-28 19:00:00,22247.6,22365.21,22115.13,22294.81,88909
2025-02-28 20:00:00,22294.81,22682.0,22220.29,22607.6,91155
2025-02-28 21:00:00,22607.6,22656.11,22590.54,22653.31,3032
2025-02-28 22:00:00,22653.31,22655.47,22650.59,22653.86,276
2025-02-28 23:00:00,22653.86,22679.84,22626.04,22656.43,3016
2025-03-03 00:00:00,22656.43,22662.91,22604.33,22616.33,2933
2025-03-03 01:00:00,22616.33,22652.25,22598.58,22649.46,2982
2025-03-03 02:00:00,22649.46,22681.84,22619.11,22670.56,2914
2025-03-03 03:00:00,22670.56,22702.98,22659.16,22676.08,2956
2025-03-03 04:00:00,22676.08,22688.68,22629.85,22650.85,2939
2025-03-03 05:00:00,22650.85,22681.56,22629.85,22665.96,3036
2025-03-03 06:00:00,22665.96,22715.49,22649.53,22685.48,3023
2025-03-03 07:00:00,22685.48,22931.95,22220.53,22446.21,3012
2025-03-03 08:00:00,22446.21,22461.58,22265.21,22344.03,66436
2025-03-03 09:00:00,22344.03,22392.33,22050.53,22122.74,66501
2025-03-03 10:00:00,22122.74,22182.5,21959.32,22045.33,65613
2025-03-03 11:00:00,22045.33,22295.28,21977.6,22153.02,64965
2025-03-03 12:00:00,22153.02,22207.26,21999.74,22094.47,65815
2025-03-03 13:00:00,22094.47,22209.61,21595.49,22047.22,91201
2025-03-03 14:00:00,22047.22,22209.93,21866.77,21983.39,89983
2025-03-03 15:00:00,21983.39,22313.72,21945.09,22165.09,88625
2025-03-03 16:00:00,22165.09,22582.67,22069.11,22529.87,90721
2025-03-03 17:00:00,22529.87,22740.85,22484.55,22589.62,89987
2025-03-03 18:00:00,22589.62,22921.72,22530.08,22838.07,91866
2025-03-03 19:00:00,22838.07,23548.18,22239.13,22320.71,88802
2025-03-03 20:00:00,22320.71,22606.18,22188.83,22271.11,90431
2025-03-03 21:00:00,22271.11,22408.43,21959.1,22007.83,2963
2025-03-03 22:00:00,22007.83,22009.88,22005.3,22009.03,265
2025-03-03 23:00:00,22009.03,22019.17,21959.13,21965.89,2887
2025-03-04 00:00:00,21965.89,21986.79,21929.18,21955.03,2972
2025-03-04 01:00:00,21955.03,21983.68,21908.02,21938.54,3026
2025-03-04 02:00:00,21938.54,21966.35,21889.33,21900.26,2954
2025-03-04 03:00:00,21900.26,21938.78,21877.29,21922.11,2974
2025-03-04 04:00:00,21922.11,21930.5,21888.65,21913.68,2953
2025-03-04 05:00:00,21913.68,21960.75,21900.67,21945.18,2927
2025-03-04 06:00:00,21945.18,21979.72,21922.42,21958.5,2991
2025-03-04 07:00:00,21958.5,21979.21,21940.98,21953.64,2987
2025-03-04 08:00:00,21953.64,22208.46,21906.77,22185.83,65674
2025-03-04 09:00:00,22185.83,22271.81,22039.95,22104.54,65234
2025-03-04 10:00:00,22104.54,22200.65,22048.53,22094.28,65362
2025-03-04 11:00:00,22094.28,22235.56,21999.95,22054.0,65937
2025-03-04 12:00:00,22054.0,22180.47,21809.76,21838.13,65271
2025-03-04 13:00:00,21838.13,21884.35,21641.92,21700.85,90768
2025-03-04 14:00:00,21700.85,21710.84,21314.58,21377.68,87135
2025-03-04 15:00:00,21377.68,21585.9,21320.06,21348.39,90989
2025-03-04 16:00:00,21348.39,21400.46,20916.94,21056.34,90702
2025-03-04 17:00:00,21056.34,21273.86,20887.08,20941.1,91041
2025-03-04 18:00:00,20941.1,21243.41,20913.24,21207.02,91430
2025-03-04 19:00:00,21207.02,21397.77,21082.02,21315.51,90399
2025-03-04 20:00:00,21315.51,21419.04,21156.97,21232.25,90606
2025-03-04 21:00:00,21232.25,21265.95,21213.21,21243.17,2945
2025-03-04 22:00:00,21243.17,21251.31,21243.06,21250.45,270
2025-03-04 23:00:00,21250.45,21298.08,21226.51,21296.28,2985
2025-03-05 00:00:00,21296.28,21319.05,21259.68,21305.76,3024
2025-03-05 01:00:00,21305.76,21342.66,21294.02,21300.24,2942
2025-03-05 02:00:00,21300.24,21330.24,21284.05,21288.68,3019
2025-03-05 03:00:00,21288.68,21546.83,21157.47,21404.24,3043
2025-03-05 04:00:00,21404.24,21455.96,21201.03,21332.15,2941
2025-03-05 05:00:00,21332.15,21341.88,21248.05,21252.86,2961
2025-03-05 06:00:00,21252.86,21273.31,21243.75,21248.12,3025
2025-03-05 07:00:00,21248.12,21253.1,21219.1,21224.85,2939
2025-03-05 08:00:00,21224.85,22004.67,20467.38,20864.02,65871
2025-03-05 09:00:00,20864.02,21010.29,20793.3,20942.03,64889
2025-03-05 10:00:00,20942.03,20989.41,20785.18,20860.44,65505
2025-03-05 11:00:00,20860.44,20912.32,20720.15,20791.85,67050
2025-03-05 12:00:00,20791.85,21066.57,20651.11,21047.67,66727
2025-03-05 13:00:00,21047.67,21150.07,20904.62,21110.05,87093
2025-03-05 14:00:00,21110.05,21157.87,20923.03,21086.37,89957
2025-03-05 15:00:00,21086.37,21220.92,20972.98,21062.12,90737
2025-03-05 16:00:00,21062.12,21377.37,21036.33,21193.51,90916
2025-03-05 17:00:00,21193.51,21325.58,20927.54,20997.08,89033
2025-03-05 18:00:00,20997.08,21155.36,20914.8,20998.49,91795
2025-03-05 19:00:00,20998.49,21126.87,20876.57,20993.26,88679
2025-03-05 20:00:00,20993.26,21132.21,20913.61,20958.35,90782
2025-03-05 21:00:00,20958.35,20998.75,20935.49,20969.47,2962
2025-03-05 22:00:00,20969.47,20970.46,20965.73,20967.5,274
2025-03-05 23:00:00,20967.5,21006.1,20948.12,21004.16,3031
2025-03-06 00:00:00,21004.16,21022.25,20983.21,20998.39,2975
2025-03-06 01:00:00,20998.39,21267.59,20313.7,20740.02,3032
2025-03-06 02:00:00,20740.02,20766.56,20713.64,20758.27,2840
2025-03-06 03:00:00,20758.27,20776.77,20736.17,20764.18,2941
2025-03-06 04:00:00,20764.18,20770.38,20719.35,20732.72,2948
2025-03-06 05:00:00,20732.72,20745.19,20682.4,20722.75,2921
2025-03-06 06:00:00,20722.75,20729.04,20699.28,20715.08,2979
2025-03-06 07:00:00,20715.08,20716.14,20652.24,20672.09,2995
2025-03-06 08:00:00,20672.09,20747.57,20589.27,20665.79,65020
2025-03-06 09:00:00,20665.79,20741.55,20479.3,20555.96,65708
2025-03-06 10:00:00,20555.96,20711.78,20442.72,20450.87,65427
2025-03-06 11:00:00,20450.87,20525.0,20367.32,20416.14,63724
2025-03-06 12:00:00,20416.14,20630.1,20361.82,20516.32,67102
2025-03-06 13:00:00,20516.32,20620.68,20304.01,20535.72,86984
2025-03-06 14:00:00,20535.72,20783.1,20477.83,20736.28,88050
2025-03-06 15:00:00,20736.28,21174.28,20641.13,21153.41,91471
2025-03-06 16:00:00,21153.41,21313.98,20970.09,21211.18,87348
2025-03-06 17:00:00,21211.18,21332.57,21076.88,21213.1,90932
2025-03-06 18:00:00,21213.1,21303.14,20884.34,20927.75,89877
2025-03-06 19:00:00,20927.75,21039.54,20753.34,20920.86,91189
2025-03-06 20:00:00,20920.86,21082.51,20720.89,20805.53,88370
2025-03-06 21:00:00,20805.53,20822.54,20781.93,20801.94,2953
2025-03-06 22:00:00,20801.94,20804.45,20800.58,20802.13,266
2025-03-06 23:00:00,20802.13,20822.44,20776.63,20793.61,2944
2025-03-07 00:00:00,20793.61,20804.01,20749.66,20761.24,2888
2025-03-07 01:00:00,20761.24,20768.64,20713.02,20729.96,2886
2025-03-07 02:00:00,20729.96,20761.04,20725.18,20743.28,2948
2025-03-07 03:00:00,20743.28,20772.22,20710.85,20718.21,2938
2025-03-07 04:00:00,20718.21,20755.83,20710.11,20739.07,2986
2025-03-07 05:00:00,20739.07,20761.9,20723.76,20749.18,3012
2025-03-07 06:00:00,20749.18,20760.97,20719.54,20723.97,2957
2025-03-07 07:00:00,20723.97,20965.9,20574.93,20586.71,2988
2025-03-07 08:00:00,20586.71,20624.74,20427.3,20554.62,65855
2025-03-07 09:00:00,20554.62,20645.21,20400.24,20492.83,65177
2025-03-07 10:00:00,20492.83,20575.4,20377.77,20481.74,66439
2025-03-07 11:00:00,20481.74,20574.0,20374.29,20536.96,66172
2025-03-07 12:00:00,20536.96,20572.28,20364.97,20446.01,66680
2025-03-07 13:00:00,20446.01,21552.76,20221.46,20729.95,91804
2025-03-07 14:00:00,20729.95,20838.66,20620.48,20666.73,90166
2025-03-07 15:00:00,20666.73,20713.66,20373.13,20547.11,89061
2025-03-07 16:00:00,20547.11,20598.61,20334.63,20421.82,88556
2025-03-07 17:00:00,20421.82,20453.2,19986.32,20138.73,88225
2025-03-07 18:00:00,20138.73,20275.65,20025.67,20142.9,89649
2025-03-07 19:00:00,20142.9,20566.85,20042.25,20487.36,90324
2025-03-07 20:00:00,20487.36,21204.55,19142.78,20001.62,89593
2025-03-07 21:00:00,20001.62,20293.87,18838.44,19567.93,2996
2025-03-07 22:00:00,19567.93,19570.59,19565.5,19566.08,266
2025-03-07 23:00:00,19566.08,20095.68,19406.66,19870.51,2943
2025-03-10 00:00:00,19870.51,19873.83,19799.92,19804.46,2978
2025-03-10 01:00:00,19804.46,19811.75,19759.54,19786.45,2942
2025-03-10 02:00:00,19786.45,19812.54,19776.83,19784.44,2944
2025-03-10 03:00:00,19784.44,19796.33,19745.44,19754.59,2961
2025-03-10 04:00:00,19754.59,19780.18,19724.61,19738.09,2988
2025-03-10 05:00:00,19738.09,19747.13,19676.96,19703.06,3070
2025-03-10 06:00:00,19703.06,19733.62,19690.84,19715.61,2974
2025-03-10 07:00:00,19715.61,19741.16,19704.42,19727.4,3008
2025-03-10 08:00:00,19727.4,19797.05,19644.01,19657.97,65085
2025-03-10 09:00:00,19657.97,19689.6,19459.53,19496.41,66991
2025-03-10 10:00:00,19496.41,19655.1,19473.01,19607.73,66739
2025-03-10 11:00:00,19607.73,19664.46,19521.32,19599.44,64862
2025-03-10 12:00:00,19599.44,19697.41,19537.99,19617.31,65481
2025-03-10 13:00:00,19617.31,20011.51,19575.3,19855.08,90107
2025-03-10 14:00:00,19855.08,20015.36,19792.34,19957.6,90030
2025-03-10 15:00:00,19957.6,20035.15,19800.41,19908.18,88512
2025-03-10 16:00:00,19908.18,20179.74,19710.82,20092.67,88858
2025-03-10 17:00:00,20092.67,20239.75,19987.02,20045.31,89495
2025-03-10 18:00:00,20045.31,20185.21,19910.69,20004.28,90375
2025-03-10 19:00:00,20004.28,20483.96,19214.19,19466.63,89105
2025-03-10 20:00:00,19466.63,19530.45,16806.62,17533.98,91925
2025-03-10 21:00:00,17533.98,17663.94,17500.21,17648.98,2987
2025-03-10 22:00:00,17648.98,17771.2,17647.82,17768.87,271
2025-03-10 23:00:00,17768.87,17899.44,17752.25,17867.69,2925
2025-03-11 00:00:00,17867.69,17974.18,17859.0,17962.89,3027
2025-03-11 01:00:00,17962.89,18116.8,17933.96,18079.31,2981
2025-03-11 02:00:00,18079.31,18278.72,18064.06,18273.14,2957
2025-03-11 03:00:00,18273.14,18381.53,18249.59,18369.81,2999
2025-03-11 04:00:00,18369.81,18580.88,18356.54,18578.18,3034
2025-03-11 05:00:00,18578.18,18735.22,18564.26,18714.74,2966
2025-03-11 06:00:00,18714.74,18873.55,18708.06,18859.0,2937
2025-03-11 07:00:00,18859.0,19029.36,18850.65,19019.88,2970
2025-03-11 08:00:00,19019.88,19274.05,18933.43,19205.35,65778
2025-03-11 09:00:00,19205.35,19429.29,18825.12,19019.49,65732
2025-03-11 10:00:00,19019.49,19372.72,18878.72,19196.41,67484
2025-03-11 11:00:00,19196.41,19479.47,19118.21,19235.51,67267
2025-03-11 12:00:00,19235.51,19616.43,19049.14,19555.2,65756
2025-03-11 13:00:00,19555.2,19968.5,19184.18,19813.58,87955
2025-03-11 14:00:00,19813.58,19908.23,19364.31,19407.9,89754
2025-03-11 15:00:00,19407.9,19482.69,19093.44,19296.91,89918
2025-03-11 16:00:00,19296.91,19771.78,19244.99,19375.28,88512
2025-03-11 17:00:00,19375.28,19923.64,19358.68,19877.01,89788
2025-03-11 18:00:00,19877.01,20075.9,19490.92,19815.52,92245
2025-03-11 19:00:00,19815.52,20098.03,19539.3,19875.53,90356
2025-03-11 20:00:00,19875.53,20632.35,19633.48,20519.52,89320
2025-03-11 21:00:00,20519.52,20703.88,20505.08,20694.45,2987
2025-03-11 22:00:00,20694.45,20837.21,20687.77,20836.79,272
2025-03-11 23:00:00,20836.79,21034.28,20822.23,21016.92,2975
2025-03-12 00:00:00,21016.92,21127.25,20976.97,21111.01,2909
2025-03-12 01:00:00,21111.01,21296.81,21094.46,21274.49,2959
2025-03-12 02:00:00,21274.49,21373.13,21254.22,21322.25,2906
2025-03-12 03:00:00,21322.25,22218.96,21303.56,21782.77,2923
2025-03-12 04:00:00,21782.77,21798.82,21748.96,21786.09,2990
2025-03-12 05:00:00,21786.09,21797.6,21749.24,21757.55,2959
2025-03-12 06:00:00,21757.55,21775.83,21735.61,21755.18,3002
2025-03-12 07:00:00,21755.18,21764.87,21738.84,21744.55,2970
2025-03-12 08:00:00,21744.55,21818.68,21605.95,21768.71,65936
2025-03-12 09:00:00,21768.71,21954.59,21749.44,21812.92,65931
2025-03-12 10:00:00,21812.92,21969.8,21790.57,21832.71,65970
2025-03-12 11:00:00,21832.71,22045.75,21817.37,21977.73,66295
2025-03-12 12:00:00,21977.73,22145.18,21860.2,21965.42,67771
2025-03-12 13:00:00,21965.42,22135.55,21844.34,22060.73,87157
2025-03-12 14:00:00,22060.73,22143.96,21781.78,21889.77,89412
2025-03-12 15:00:00,21889.77,21988.63,21658.22,21749.14,89592
2025-03-12 16:00:00,21749.14,21821.32,21486.52,21637.14,89700
2025-03-12 17:00:00,21637.14,22436.23,21489.69,21797.8,90452
2025-03-12 18:00:00,21797.8,21926.38,21546.15,21653.23,89783
2025-03-12 19:00:00,21653.23,22145.75,21408.12,22091.66,90198
2025-03-12 20:00:00,22091.66,22404.58,22013.15,22271.81,89773
2025-03-12 21:00:00,22271.81,22289.08,22222.3,22241.59,3053
2025-03-12 22:00:00,22241.59,22247.52,22240.33,22246.48,267
2025-03-12 23:00:00,22246.48,22268.29,22214.24,22251.03,2920
2025-03-13 00:00:00,22251.03,22273.96,22223.21,22259.89,2912
2025-03-13 01:00:00,22259.89,22474.02,21134.48,21892.1,2889
2025-03-13 02:00:00,21892.1,21936.88,21877.55,21926.98,2997
2025-03-13 03:00:00,21926.98,21993.71,21909.67,21981.85,2933
2025-03-13 04:00:00,21981.85,22061.79,21303.85,21748.11,3005
2025-03-13 05:00:00,21748.11,21752.29,21692.88,21720.99,2989
2025-03-13 06:00:00,21720.99,21757.38,21701.77,21732.76,2956
2025-03-13 07:00:00,21732.76,21805.0,21728.04,21797.95,3005
2025-03-13 08:00:00,21797.95,21915.52,21736.5,21832.34,64988
2025-03-13 09:00:00,21832.34,21889.72,21703.23,21735.38,65593
2025-03-13 10:00:00,21735.38,21779.85,21529.91,21588.21,65761
2025-03-13 11:00:00,21588.21,21709.18,21431.32,21508.01,64270
2025-03-13 12:00:00,21508.01,21553.4,21328.05,21364.55,65986
2025-03-13 13:00:00,21364.55,21430.42,21194.46,21296.57,89710
2025-03-13 14:00:00,21296.57,21474.36,21205.58,21345.14,91454
2025-03-13 15:00:00,21345.14,21524.77,21255.03,21460.0,89956
2025-03-13 16:00:00,21460.0,21570.75,21290.0,21416.81,91833
2025-03-13 17:00:00,21416.81,21511.27,21123.91,21245.17,89324
2025-03-13 18:00:00,21245.17,21462.48,21171.17,21395.9,88191
2025-03-13 19:00:00,21395.9,21524.31,21211.97,21397.09,92646
2025-03-13 20:00:00,21397.09,21519.11,21200.45,21263.12,88211
2025-03-13 21:00:00,21263.12,21275.95,21237.36,21266.29,2986
2025-03-13 22:00:00,21266.29,21267.74,21259.56,21262.16,267
2025-03-13 23:00:00,21262.16,21290.79,21244.9,21268.55,3010
2025-03-14 00:00:00,21268.55,21285.93,21249.22,21277.11,2946
2025-03-14 01:00:00,21277.11,21313.59,21264.43,21290.98,3011
2025-03-14 02:00:00,21290.98,21323.48,21188.43,21196.95,3007
2025-03-14 03:00:00,21196.95,21215.55,20972.53,20988.53,3042
2025-03-14 04:00:00,20988.53,21038.38,20862.54,20887.49,2978
2025-03-14 05:00:00,20887.49,20888.35,20817.88,20840.35,2913
2025-03-14 06:00:00,20840.35,20841.04,20619.2,20629.45,2923
2025-03-14 07:00:00,20629.45,20641.99,20517.27,20526.91,2990
2025-03-14 08:00:00,20526.91,20681.58,20396.45,20559.05,65994
2025-03-14 09:00:00,20559.05,20770.77,20425.67,20634.69,65261
2025-03-14 10:00:00,20634.69,20679.66,20104.82,20362.16,66377
2025-03-14 11:00:00,20362.16,20529.43,20129.62,20293.42,63893
2025-03-14 12:00:00,20293.42,20533.71,20144.29,20407.48,65773
2025-03-14 13:00:00,20407.48,20548.49,19583.75,19666.37,90693
2025-03-14 14:00:00,19666.37,20572.67,19489.88,20456.7,89361
2025-03-14 15:00:00,20456.7,20663.26,19825.93,20010.04,90555
2025-03-14 16:00:00,20010.04,20081.57,19399.49,19673.39,90864
2025-03-14 17:00:00,19673.39,20011.85,19334.55,19446.85,88059
2025-03-14 18:00:00,19446.85,19669.1,19318.26,19555.31,89535
2025-03-14 19:00:00,19555.31,20541.07,19133.64,20050.3,87271
2025-03-14 20:00:00,20050.3,20187.16,19707.86,19983.61,88824
2025-03-14 21:00:00,19983.61,20000.85,19847.9,19859.03,2987
2025-03-14 22:00:00,19859.03,19860.04,19706.56,19710.56,269
2025-03-14 23:00:00,19710.56,19734.3,19561.49,19571.3,3058
2025-03-17 00:00:00,19571.3,19583.57,19389.29,19410.5,2938
2025-03-17 01:00:00,19410.5,19428.03,19256.15,19266.27,2919
2025-03-17 02:00:00,19266.27,19299.64,19085.4,19110.65,2966
2025-03-17 03:00:00,19110.65,19117.7,18979.58,18992.25,2925
2025-03-17 04:00:00,18992.25,19001.48,18862.1,18871.95,2908
2025-03-17 05:00:00,18871.95,18893.58,18709.79,18733.5,2997
2025-03-17 06:00:00,18733.5,18738.5,18509.47,18533.22,2970
2025-03-17 07:00:00,18533.22,18552.69,18401.71,18416.68,2924
2025-03-17 08:00:00,18416.68,18578.98,18070.65,18148.44,66493
2025-03-17 09:00:00,18148.44,18304.51,17964.8,18129.68,67169
2025-03-17 10:00:00,18129.68,18282.12,17735.37,17817.91,67724
2025-03-17 11:00:00,17817.91,17868.64,17444.45,17451.35,65682
2025-03-17 12:00:00,17451.35,17609.64,17211.32,17511.85,66366
2025-03-17 13:00:00,17511.85,17934.19,17453.74,17655.25,90549
2025-03-17 14:00:00,17655.25,17830.5,17430.96,17607.77,87686
2025-03-17 15:00:00,17607.77,17877.46,17321.31,17397.82,91087
2025-03-17 16:00:00,17397.82,17951.3,17281.8,17718.65,88361
2025-03-17 17:00:00,17718.65,18044.64,17621.67,17878.31,90080
2025-03-17 18:00:00,17878.31,18275.81,17292.33,17354.51,88449
2025-03-17 19:00:00,17354.51,17500.68,17104.21,17317.74,87197
2025-03-17 20:00:00,17317.74,17716.56,17108.37,17228.54,90512
2025-03-17 21:00:00,17228.54,17340.95,17211.77,17327.51,2934
2025-03-17 22:00:00,17327.51,17458.25,17323.77,17455.25,267
2025-03-17 23:00:00,17455.25,17572.78,17433.33,17565.37,3028
2025-03-18 00:00:00,17565.37,17759.7,17559.15,17725.91,3028
2025-03-18 01:00:00,17725.91,17866.3,17701.69,17846.75,3014
2025-03-18 02:00:00,17846.75,18002.15,17832.44,17984.29,2991
2025-03-18 03:00:00,17984.29,18135.94,17980.38,18124.66,3002
2025-03-18 04:00:00,18124.66,18265.47,18094.6,18232.98,2964
2025-03-18 05:00:00,18232.98,18473.41,18224.45,18450.46,2965
2025-03-18 06:00:00,18450.46,18544.42,18437.2,18508.5,3018
2025-03-18 07:00:00,18508.5,18677.92,18490.81,18657.77,2969
2025-03-18 08:00:00,18657.77,18719.85,18159.59,18425.51,66593
2025-03-18 09:00:00,18425.51,18710.24,18284.94,18441.42,66677
2025-03-18 10:00:00,18441.42,18603.43,18210.58,18425.11,63980
2025-03-18 11:00:00,18425.11,18957.45,18419.77,18863.05,64312
2025-03-18 12:00:00,18863.05,19201.82,18756.97,19120.3,67775
2025-03-18 13:00:00,19120.3,19541.8,18878.38,19240.96,90522
2025-03-18 14:00:00,19240.96,19635.18,18965.27,19156.98,90514
2025-03-18 15:00:00,19156.98,19780.32,18862.1,19137.54,89907
2025-03-18 16:00:00,19137.54,19271.56,18810.36,19025.98,89866
2025-03-18 17:00:00,19025.98,19579.75,18892.24,19421.53,90658
2025-03-18 18:00:00,19421.53,19921.54,19166.04,19822.34,89796
2025-03-18 19:00:00,19822.34,19869.29,18947.23,18986.56,88498
2025-03-18 20:00:00,18986.56,19471.26,18775.45,19316.33,88598
2025-03-18 21:00:00,19316.33,19399.03,19283.73,19369.86,2974
2025-03-18 22:00:00,19369.86,19517.12,19367.26,19514.46,276
2025-03-18 23:00:00,19514.46,20121.17,19512.46,20042.01,2970
2025-03-19 00:00:00,20042.01,20174.91,20036.91,20161.07,2964
2025-03-19 01:00:00,20161.07,20341.63,20150.0,20336.66,2966
2025-03-19 02:00:00,20336.66,20511.24,20317.98,20486.6,2882
2025-03-19 03:00:00,20486.6,20636.49,20460.46,20632.61,2995
2025-03-19 04:00:00,20632.61,20708.12,20595.98,20692.79,2915
2025-03-19 05:00:00,20692.79,21601.55,20281.42,20530.04,2993
2025-03-19 06:00:00,20530.04,20593.25,20503.68,20554.89,2963
2025-03-19 07:00:00,20554.89,20576.68,20547.44,20569.43,2948
2025-03-19 08:00:00,20569.43,20783.86,19776.93,20310.76,64994
2025-03-19 09:00:00,20310.76,20703.29,20303.95,20607.54,64240
2025-03-19 10:00:00,20607.54,20641.64,20460.85,20491.08,64708
2025-03-19 11:00:00,20491.08,20540.74,20398.32,20488.97,66290
2025-03-19 12:00:00,20488.97,20665.37,20421.18,20492.14,66313
2025-03-19 13:00:00,20492.14,20677.2,20289.84,20621.18,88296
2025-03-19 14:00:00,20621.18,20937.35,20534.05,20789.74,90592
2025-03-19 15:00:00,20789.74,20835.42,20499.0,20567.88,89558
2025-03-19 16:00:00,20567.88,20797.3,20337.89,20732.93,92294
2025-03-19 17:00:00,20732.93,20808.87,20601.53,20718.79,90036
2025-03-19 18:00:00,20718.79,20779.06,20530.4,20692.24,91177
2025-03-19 19:00:00,20692.24,20788.58,20560.33,20675.93,89103
2025-03-19 20:00:00,20675.93,20731.79,20470.64,20497.57,92617
2025-03-19 21:00:00,20497.57,21220.81,19940.47,20824.58,2901
2025-03-19 22:00:00,20824.58,20825.55,20818.51,20819.9,271
2025-03-19 23:00:00,20819.9,20861.55,20789.71,20850.77,2969
2025-03-20 00:00:00,20850.77,20870.18,20822.14,20842.97,3002
2025-03-20 01:00:00,20842.97,20857.7,20808.67,20817.06,3002
2025-03-20 02:00:00,20817.06,20859.33,20813.57,20842.09,3011
2025-03-20 03:00:00,20842.09,20857.63,20804.39,20829.35,2940
2025-03-20 04:00:00,20829.35,20867.01,20793.2,20836.54,2937
2025-03-20 05:00:00,20836.54,20840.86,20796.46,20814.38,3011
2025-03-20 06:00:00,20814.38,20849.01,20807.71,20823.97,2936
2025-03-20 07:00:00,20823.97,21034.17,20455.73,20659.56,3060
2025-03-20 08:00:00,20659.56,20754.99,20542.07,20697.28,64913
2025-03-20 09:00:00,20697.28,20881.47,20684.65,20709.55,66256
2025-03-20 10:00:00,20709.55,20722.83,20425.51,20456.07,66932
2025-03-20 11:00:00,20456.07,20567.35,20414.52,20511.05,66666
2025-03-20 12:00:00,20511.05,20625.52,20414.85,20421.2,66110
2025-03-20 13:00:00,20421.2,20644.7,20364.48,20545.83,90525
2025-03-20 14:00:00,20545.83,21454.42,20332.05,21028.27,86995
2025-03-20 15:00:00,21028.27,21488.26,20607.29,21115.64,93689
2025-03-20 16:00:00,21115.64,21317.18,21063.58,21182.52,90104
2025-03-20 17:00:00,21182.52,21275.45,20930.01,20994.75,91341
2025-03-20 18:00:00,20994.75,21217.27,20939.19,20939.23,90129
2025-03-20 19:00:00,20939.23,21051.07,20660.18,20776.28,87988
2025-03-20 20:00:00,20776.28,20822.8,20580.52,20667.83,88100
2025-03-20 21:00:00,20667.83,20691.59,20636.12,20689.4,2934
2025-03-20 22:00:00,20689.4,20692.49,20688.19,20689.88,270
2025-03-20 23:00:00,20689.88,20716.52,20670.35,20703.74,3066
2025-03-21 00:00:00,20703.74,20720.88,20680.76,20688.08,2989
2025-03-21 01:00:00,20688.08,20715.79,20677.72,20703.44,3013
2025-03-21 02:00:00,20703.44,20737.44,20695.51,20719.09,3043
2025-03-21 03:00:00,20719.09,21321.16,19352.14,20236.42,3015
2025-03-21 04:00:00,20236.42,20246.71,20186.14,20218.12,3047
2025-03-21 05:00:00,20218.12,20266.19,20210.07,20236.6,2890
2025-03-21 06:00:00,20236.6,20250.82,20211.58,20230.89,2926
2025-03-21 07:00:00,20230.89,20256.53,20219.93,20239.95,3012
2025-03-21 08:00:00,20239.95,20861.98,19965.17,20421.27,67332
2025-03-21 09:00:00,20421.27,20576.76,20346.53,20499.42,64656
2025-03-21 10:00:00,20499.42,20609.15,20105.02,20134.94,65006
2025-03-21 11:00:00,20134.94,20375.95,20055.26,20244.88,66247
2025-03-21 12:00:00,20244.88,20345.0,20141.88,20201.01,65821
2025-03-21 13:00:00,20201.01,20468.15,20113.0,20279.85,91706
2025-03-21 14:00:00,20279.85,20579.05,20256.8,20435.1,92862
2025-03-21 15:00:00,20435.1,20555.92,20105.65,20145.85,89957
2025-03-21 16:00:00,20145.85,20355.5,20004.62,20193.14,91067
2025-03-21 17:00:00,20193.14,20313.32,20083.13,20235.78,89791
2025-03-21 18:00:00,20235.78,20321.97,20023.35,20168.56,89847
2025-03-21 19:00:00,20168.56,20274.01,20008.51,20155.7,90704
2025-03-21 20:00:00,20155.7,20249.3,19963.4,20150.11,89179
2025-03-21 21:00:00,20150.11,20173.3,20093.17,20112.35,2970
2025-03-21 22:00:00,20112.35,20113.2,20109.28,20110.72,274
2025-03-21 23:00:00,20110.72,20171.44,20103.12,20152.08,2972
2025-03-24 00:00:00,20152.08,20165.16,20116.99,20132.79,2996
2025-03-24 01:00:00,20132.79,20148.53,20106.02,20124.03,2940
2025-03-24 02:00:00,20124.03,20176.36,20104.75,20145.03,2997
2025-03-24 03:00:00,20145.03,20163.99,20132.32,20152.45,2899
2025-03-24 04:00:00,20152.45,20200.83,20139.08,20188.4,3060
2025-03-24 05:00:00,20188.4,20205.86,20150.22,20156.01,2931
2025-03-24 06:00:00,20156.01,20169.55,20106.14,20124.51,3016
2025-03-24 07:00:00,20124.51,20158.92,20104.48,20136.52,2972
2025-03-24 08:00:00,20136.52,20223.96,20052.52,20138.54,67077
2025-03-24 09:00:00,20138.54,20301.35,20071.08,20263.09,65249
2025-03-24 10:00:00,20263.09,20380.5,20165.58,20338.69,65298
2025-03-24 11:00:00,20338.69,20531.11,20099.2,20377.74,65972
2025-03-24 12:00:00,20377.74,20467.71,20285.43,20408.99,65120
2025-03-24 13:00:00,20408.99,20663.14,20349.26,20512.02,90619
2025-03-24 14:00:00,20512.02,20666.47,20365.68,20485.58,89817
2025-03-24 15:00:00,20485.58,20586.87,20253.25,20538.14,87230
2025-03-24 16:00:00,20538.14,20683.42,20488.78,20637.3,88515
2025-03-24 17:00:00,20637.3,20895.59,20555.53,20656.69,90784
2025-03-24 18:00:00,20656.69,21076.33,20463.29,20761.81,90468
2025-03-24 19:00:00,20761.81,20923.83,20650.59,20875.34,90162
2025-03-24 20:00:00,20875.34,21533.65,20848.25,21403.55,90536
2025-03-24 21:00:00,21403.55,21450.28,21390.6,21430.32,2976
2025-03-24 22:00:00,21430.32,21431.41,21426.27,21427.96,273
2025-03-24 23:00:00,21427.96,21453.86,21383.8,21439.38,3001
2025-03-25 00:00:00,21439.38,21452.64,21393.72,21410.01,3016
2025-03-25 01:00:00,21410.01,21459.41,21391.93,21440.22,2929
2025-03-25 02:00:00,21440.22,21464.34,21426.35,21444.16,2895
2025-03-25 03:00:00,21444.16,21492.8,21436.09,21454.88,2877
2025-03-25 04:00:00,21454.88,21480.56,21405.27,21476.89,2917
2025-03-25 05:00:00,21476.89,21534.76,21448.43,21529.72,2944
2025-03-25 06:00:00,21529.72,21551.66,21492.32,21537.3,2920
2025-03-25 07:00:00,21537.3,21565.79,21523.15,21547.36,3029
2025-03-25 08:00:00,21547.36,22365.99,21245.17,21806.06,64804
2025-03-25 09:00:00,21806.06,21859.83,21686.52,21813.77,67141
2025-03-25 10:00:00,21813.77,22011.85,21794.23,21869.32,65673
2025-03-25 11:00:00,21869.32,21932.67,21660.59,21724.6,67924
2025-03-25 12:00:00,21724.6,22009.23,21700.05,21918.71,66514
2025-03-25 13:00:00,21918.71,22202.51,21781.55,22097.26,92160
2025-03-25 14:00:00,22097.26,22258.02,21973.42,22128.31,90769
2025-03-25 15:00:00,22128.31,22337.86,21967.92,22158.91,90191
2025-03-25 16:00:00,22158.91,22245.81,21616.63,21927.71,91034
2025-03-25 17:00:00,21927.71,22259.48,21862.29,22198.06,88598
2025-03-25 18:00:00,22198.06,22347.16,21960.42,22133.77,88038
2025-03-25 19:00:00,22133.77,22186.57,21869.95,21998.56,89981
2025-03-25 20:00:00,21998.56,22148.04,21759.05,21861.17,89018
2025-03-25 21:00:00,21861.17,21904.03,21848.65,21897.75,2894
2025-03-25 22:00:00,21897.75,21899.6,21896.31,21897.1,269
2025-03-25 23:00:00,21897.1,21933.47,21879.09,21889.28,2902
2025-03-26 00:00:00,21889.28,21914.81,21870.09,21896.56,3030
2025-03-26 01:00:00,21896.56,21923.55,21876.11,21895.5,3007
2025-03-26 02:00:00,21895.5,21899.19,21853.09,21875.85,2967
2025-03-26 03:00:00,21875.85,21889.05,21840.89,21865.83,2978
2025-03-26 04:00:00,21865.83,22785.49,21397.6,21862.5,3001
2025-03-26 05:00:00,21862.5,21894.84,21852.51,21874.11,2958
2025-03-26 06:00:00,21874.11,21897.15,21857.79,21879.56,3011
2025-03-26 07:00:00,21879.56,21893.08,21837.68,21849.34,2991
2025-03-26 08:00:00,21849.34,21947.37,21798.87,21867.38,66433
2025-03-26 09:00:00,21867.38,21964.63,21696.62,21825.01,67056
2025-03-26 10:00:00,21825.01,21889.6,21697.31,21817.03,66168
2025-03-26 11:00:00,21817.03,21873.84,21677.95,21852.41,65746
2025-03-26 12:00:00,21852.41,21953.19,21763.8,21907.94,66538
2025-03-26 13:00:00,21907.94,22198.99,21788.16,22045.96,88653
2025-03-26 14:00:00,22045.96,22274.08,21873.24,22010.76,90753
2025-03-26 15:00:00,22010.76,22250.05,21946.71,22107.18,90047
2025-03-26 16:00:00,22107.18,22389.16,22050.91,22237.67,90966
2025-03-26 17:00:00,22237.67,22347.09,22078.68,22237.16,90987
2025-03-26 18:00:00,22237.16,22483.32,22062.89,22468.84,87704
2025-03-26 19:00:00,22468.84,22594.97,22353.8,22454.28,90234
2025-03-26 20:00:00,22454.28,22554.18,22292.52,22531.92,89336
2025-03-26 21:00:00,22531.92,22552.01,22511.45,22522.63,2990
2025-03-26 22:00:00,22522.63,22525.39,22519.75,22520.94,268
2025-03-26 23:00:00,22520.94,22538.22,22483.65,22500.51,3045
2025-03-27 00:00:00,22500.51,22512.22,22448.17,22452.42,2946
2025-03-27 01:00:00,22452.42,22494.58,22434.31,22461.39,3012
2025-03-27 02:00:00,22461.39,23419.74,22135.54,22662.36,2977
2025-03-27 03:00:00,22662.36,22668.17,22586.32,22596.68,2968
2025-03-27 04:00:00,22596.68,22613.77,22567.01,22584.9,3057
2025-03-27 05:00:00,22584.9,22592.27,22533.96,22549.9,3000
2025-03-27 06:00:00,22549.9,22568.05,22505.63,22532.98,2979
2025-03-27 07:00:00,22532.98,22538.41,22475.35,22487.3,2965
2025-03-27 08:00:00,22487.3,22606.45,22361.1,22415.27,65401
2025-03-27 09:00:00,22415.27,22451.94,22207.12,22306.84,66497
2025-03-27 10:00:00,22306.84,22363.37,22135.4,22255.83,64450
2025-03-27 11:00:00,22255.83,22285.5,21853.96,21985.88,64700
2025-03-27 12:00:00,21985.88,22154.73,21924.52,22065.8,65051
2025-03-27 13:00:00,22065.8,22546.12,22003.77,22514.74,88028
2025-03-27 14:00:00,22514.74,22636.95,22391.35,22536.87,91205
2025-03-27 15:00:00,22536.87,22579.17,22191.21,22330.53,88432
2025-03-27 16:00:00,22330.53,22523.57,22253.02,22339.66,93313
2025-03-27 17:00:00,22339.66,22400.57,22140.76,22228.18,92420
2025-03-27 18:00:00,22228.18,22410.11,22114.89,22286.55,92771
2025-03-27 19:00:00,22286.55,22588.97,22205.67,22511.81,89538
2025-03-27 20:00:00,22511.81,22574.65,22281.97,22432.41,88819
2025-03-27 21:00:00,22432.41,22456.85,22424.94,22430.83,2910
2025-03-27 22:00:00,22430.83,22435.37,22429.11,22431.61,274
2025-03-27 23:00:00,22431.61,22457.91,22415.51,22443.96,3073
2025-03-28 00:00:00,22443.96,22500.55,22416.07,22473.33,2959
2025-03-28 01:00:00,22473.33,22532.62,22470.94,22523.52,3027
2025-03-28 02:00:00,22523.52,22543.81,22498.41,22521.76,2944
2025-03-28 03:00:00,22521.76,22542.14,22510.71,22516.56,2937
2025-03-28 04:00:00,22516.56,22530.57,22492.0,22512.48,2947
2025-03-28 05:00:00,22512.48,22547.84,22485.56,22546.18,2963
2025-03-28 06:00:00,22546.18,22555.04,22514.3,22529.63,3012
2025-03-28 07:00:00,22529.63,22571.04,22525.76,22570.6,3053
2025-03-28 08:00:00,22570.6,22874.53,22497.43,22674.18,64856
2025-03-28 09:00:00,22674.18,22793.08,22570.9,22644.32,65249
2025-03-28 10:00:00,22644.32,22824.2,22556.47,22694.96,66432
2025-03-28 11:00:00,22694.96,22804.27,22612.14,22682.48,65477
2025-03-28 12:00:00,22682.48,22738.79,22447.47,22490.59,66334
2025-03-28 13:00:00,22490.59,22527.37,22283.03,22418.01,89667
2025-03-28 14:00:00,22418.01,22476.36,22074.36,22131.6,88648
2025-03-28 15:00:00,22131.6,22237.38,21921.54,22161.23,91241
2025-03-28 16:00:00,22161.23,22325.04,22013.7,22316.58,88578
2025-03-28 17:00:00,22316.58,22461.96,22238.65,22324.14,92315
2025-03-28 18:00:00,22324.14,22572.14,22184.34,22511.93,90984
2025-03-28 19:00:00,22511.93,22748.72,22453.3,22527.25,89453
2025-03-28 20:00:00,22527.25,22643.0,22230.98,22271.25,90825
2025-03-28 21:00:00,22271.25,22303.42,22236.42,22248.5,2970
2025-03-28 22:00:00,22248.5,22255.03,22246.93,22254.15,274
2025-03-28 23:00:00,22254.15,22265.03,22229.38,22253.49,3005
2025-03-31 00:00:00,22253.49,22277.34,22222.77,22263.31,3008
2025-03-31 01:00:00,22263.31,22280.91,22233.88,22242.16,3030
2025-03-31 02:00:00,22242.16,22266.75,22212.77,22236.04,2975
2025-03-31 03:00:00,22236.04,22287.67,22231.06,22286.78,3021
2025-03-31 04:00:00,22286.78,22340.51,22253.5,22333.05,2902
2025-03-31 05:00:00,22333.05,22370.88,22289.05,22295.05,2940
2025-03-31 06:00:00,22295.05,22326.19,22246.06,22291.37,2961
2025-03-31 07:00:00,22291.37,22320.49,22266.96,22307.16,2964
2025-03-31 08:00:00,22307.16,22506.42,22277.76,22381.62,66333
2025-03-31 09:00:00,22381.62,22420.73,22134.01,22181.91,67345
2025-03-31 10:00:00,22181.91,22389.9,22116.19,22292.1,65912
2025-03-31 11:00:00,22292.1,22349.29,22112.25,22182.16,66660
2025-03-31 12:00:00,22182.16,22236.76,22030.94,22133.32,65394
2025-03-31 13:00:00,22133.32,22204.53,21782.35,21899.51,90245
2025-03-31 14:00:00,21899.51,22043.77,21823.46,21903.79,87879
2025-03-31 15:00:00,21903.79,22959.81,21201.49,22052.1,90427
2025-03-31 16:00:00,22052.1,22137.12,21746.98,21850.6,90010
2025-03-31 17:00:00,21850.6,22040.73,21790.24,21929.55,86996
2025-03-31 18:00:00,21929.55,22185.62,21821.49,21963.16,89431
2025-03-31 19:00:00,21963.16,22127.02,21898.47,22006.51,91457
2025-03-31 20:00:00,22006.51,22163.49,21752.32,22081.55,89827
2025-03-31 21:00:00,22081.55,22131.45,22072.39,22096.05,2902
2025-03-31 22:00:00,22096.05,22099.22,22093.72,22097.24,260
2025-03-31 23:00:00,22097.24,22155.89,22093.75,22131.91,2942
2025-04-01 00:00:00,22131.91,22144.26,22096.94,22103.15,2978
2025-04-01 01:00:00,22103.15,22110.54,22056.36,22080.47,2913
2025-04-01 02:00:00,22080.47,22095.11,22047.1,22056.99,2932
2025-04-01 03:00:00,22056.99,22083.73,22047.33,22070.4,2923
2025-04-01 04:00:00,22070.4,22081.8,22030.34,22053.6,2901
2025-04-01 05:00:00,22053.6,22082.3,22020.09,22039.97,2979
2025-04-01 06:00:00,22039.97,22062.97,21986.33,22017.84,2934
2025-04-01 07:00:00,22017.84,22051.53,22000.72,22015.15,2930
2025-04-01 08:00:00,22015.15,22041.68,21833.3,21916.66,64863
2025-04-01 09:00:00,21916.66,22032.4,21817.05,21861.1,66024
2025-04-01 10:00:00,21861.1,22057.7,21320.5,21349.01,65589
2025-04-01 11:00:00,21349.01,21439.42,21203.87,21405.33,67506
2025-04-01 12:00:00,21405.33,21512.81,21332.24,21417.53,66387
2025-04-01 13:00:00,21417.53,21509.86,21271.06,21416.16,89464
2025-04-01 14:00:00,21416.16,21669.34,21322.88,21434.07,90467
2025-04-01 15:00:00,21434.07,21582.43,21338.63,21540.59,90340
2025-04-01 16:00:00,21540.59,21724.11,21454.53,21581.87,88886
2025-04-01 17:00:00,21581.87,21753.45,21385.8,21507.46,89274
2025-04-01 18:00:00,21507.46,21611.2,21175.27,21323.62,89210
2025-04-01 19:00:00,21323.62,21745.63,21241.3,21692.16,92850
2025-04-01 20:00:00,21692.16,21851.77,21560.49,21663.84,87656
2025-04-01 21:00:00,21663.84,21687.26,21638.9,21670.84,2938
2025-04-01 22:00:00,21670.84,21672.46,21668.18,21670.56,271
2025-04-01 23:00:00,21670.56,21684.28,21639.17,21678.1,2896
2025-04-02 00:00:00,21678.1,21714.86,21657.27,21693.76,2949
2025-04-02 01:00:00,21693.76,22079.24,21634.61,22069.92,2963
2025-04-02 02:00:00,22069.92,22131.04,22056.66,22104.95,2907
2025-04-02 03:00:00,22104.95,22148.13,22090.22,22129.11,2946
2025-04-02 04:00:00,22129.11,22157.13,22120.47,22129.85,3020
2025-04-02 05:00:00,22129.85,22154.33,22076.38,22105.43,3032
2025-04-02 06:00:00,22105.43,22132.48,22075.19,22100.99,2920
2025-04-02 07:00:00,22100.99,22195.31,21199.44,21617.47,3042
2025-04-02 08:00:00,21617.47,21944.14,21578.93,21749.92,65763
2025-04-02 09:00:00,21749.92,21940.19,21681.24,21930.42,67300
2025-04-02 10:00:00,21930.42,22157.31,21928.06,22087.42,65698
2025-04-02 11:00:00,22087.42,22140.02,21900.21,21982.88,65409
2025-04-02 12:00:00,21982.88,22044.41,21891.2,21961.16,65722
2025-04-02 13:00:00,21961.16,22073.66,21862.8,22013.41,93688
2025-04-02 14:00:00,22013.41,22163.02,21807.95,21821.55,90441
2025-04-02 15:00:00,21821.55,22036.16,21752.36,21857.03,91120
2025-04-02 16:00:00,21857.03,21975.79,21696.2,21774.08,88787
2025-04-02 17:00:00,21774.08,22019.11,21687.95,21922.02,93595
2025-04-02 18:00:00,21922.02,22239.1,21863.76,22131.76,89353
2025-04-02 19:00:00,22131.76,22204.07,21861.9,21991.35,91967
2025-04-02 20:00:00,21991.35,22158.29,21871.45,22016.0,88186
2025-04-02 21:00:00,22016.0,22080.14,21998.65,22072.96,2937
2025-04-02 22:00:00,22072.96,22078.46,22072.18,22075.74,265
2025-04-02 23:00:00,22075.74,22088.62,22027.51,22050.46,2955
2025-04-03 00:00:00,22050.46,22071.62,22025.11,22054.69,2969
2025-04-03 01:00:00,22054.69,22085.3,22047.58,22073.0,2981
2025-04-03 02:00:00,22073.0,22090.23,22027.18,22036.4,3027
2025-04-03 03:00:00,22036.4,22064.19,22025.91,22057.97,2978
2025-04-03 04:00:00,22057.97,22072.34,22026.27,22034.9,2941
2025-04-03 05:00:00,22034.9,22039.69,21962.18,21988.45,2845
2025-04-03 06:00:00,21988.45,21995.07,21951.15,21985.38,2993
2025-04-03 07:00:00,21985.38,21999.75,21962.16,21985.96,2843
2025-04-03 08:00:00,21985.96,22036.23,21835.23,21862.76,66092
2025-04-03 09:00:00,21862.76,22184.28,21820.3,22042.59,64982
2025-04-03 10:00:00,22042.59,22081.97,21894.85,21962.39,64699
2025-04-03 11:00:00,21962.39,22074.66,21871.82,21975.42,66244
2025-04-03 12:00:00,21975.42,22602.84,21636.79,22106.05,65623
2025-04-03 13:00:00,22106.05,22187.55,21790.7,21906.69,90833
2025-04-03 14:00:00,21906.69,21942.28,21731.17,21875.14,90356
2025-04-03 15:00:00,21875.14,22072.63,21741.49,21969.37,89158
2025-04-03 16:00:00,21969.37,21998.49,21598.92,21744.16,89999
2025-04-03 17:00:00,21744.16,21940.53,21593.43,21872.28,91567
2025-04-03 18:00:00,21872.28,22093.42,21762.71,21916.19,90232
2025-04-03 19:00:00,21916.19,22099.99,21868.83,21918.0,92316
2025-04-03 20:00:00,21918.0,22028.35,21806.15,21986.72,89991
2025-04-03 21:00:00,21986.72,22015.93,21964.47,21991.57,2915
2025-04-03 22:00:00,21991.57,21992.61,21988.55,21989.18,269
2025-04-03 23:00:00,21989.18,22027.09,21979.07,21997.02,2955
2025-04-04 00:00:00,21997.02,22004.6,21954.24,21972.7,2972
2025-04-04 01:00:00,21972.7,21982.79,21899.08,21909.3,2987
2025-04-04 02:00:00,21909.3,21931.78,21879.67,21885.64,3006
2025-04-04 03:00:00,21885.64,21915.32,21865.07,21891.56,3013
2025-04-04 04:00:00,21891.56,21915.77,21867.53,21893.06,2958
2025-04-04 05:00:00,21893.06,21925.67,21883.57,21908.07,3025
2025-04-04 06:00:00,21908.07,21922.14,21877.06,21905.39,2964
2025-04-04 07:00:00,21905.39,21925.0,21888.4,21910.78,2964
2025-04-04 08:00:00,21910.78,22052.39,21810.96,21837.65,66191
2025-04-04 09:00:00,21837.65,22057.33,21786.92,22010.01,67470
2025-04-04 10:00:00,22010.01,22127.98,21903.32,22090.72,64802
2025-04-04 11:00:00,22090.72,22200.88,22022.82,22137.34,66522
2025-04-04 12:00:00,22137.34,22310.04,22057.65,22185.01,64497
2025-04-04 13:00:00,22185.01,22220.68,21923.11,21967.17,90544
2025-04-04 14:00:00,21967.17,22076.23,21788.65,21923.5,89503
2025-04-04 15:00:00,21923.5,22445.86,21759.96,22235.03,91497
2025-04-04 16:00:00,22235.03,22726.32,21692.45,21831.13,90611
2025-04-04 17:00:00,21831.13,22893.03,21117.9,22368.1,90755
2025-04-04 18:00:00,22368.1,23274.97,22302.38,22748.44,89213
2025-04-04 19:00:00,22748.44,24176.78,21811.93,23038.72,89672
2025-04-04 20:00:00,23038.72,25158.07,22661.22,24028.45,90580
2025-04-04 21:00:00,24028.45,24037.37,23854.21,23884.66,3018
2025-04-04 22:00:00,23884.66,23889.16,23708.84,23712.26,277
2025-04-04 23:00:00,23712.26,23718.8,23547.84,23585.41,2961
2025-04-07 00:00:00,23585.41,23592.2,23444.44,23475.59,2968
2025-04-07 01:00:00,23475.59,23478.18,23240.51,23247.68,3008
2025-04-07 02:00:00,23247.68,23277.3,23010.3,23035.36,2945
2025-04-07 03:00:00,23035.36,23077.58,22827.66,22858.03,2962
2025-04-07 04:00:00,22858.03,22869.26,22622.76,22659.86,2894
2025-04-07 05:00:00,22659.86,22670.72,22532.44,22542.89,2959
2025-04-07 06:00:00,22542.89,22550.49,22423.57,22451.6,3009
2025-04-07 07:00:00,22451.6,22492.96,22324.79,22382.01,2963
2025-04-07 08:00:00,22382.01,22649.84,22055.37,22274.18,64828
2025-04-07 09:00:00,22274.18,22370.29,22045.72,22298.66,67326
2025-04-07 10:00:00,22298.66,22344.75,21607.7,21689.76,66067
2025-04-07 11:00:00,21689.76,21794.28,21447.35,21663.44,66571
2025-04-07 12:00:00,21663.44,21951.46,21574.14,21809.32,67053
2025-04-07 13:00:00,21809.32,21924.44,20912.83,21364.0,91619
2025-04-07 14:00:00,21364.0,21579.8,20797.4,20922.2,87651
2025-04-07 15:00:00,20922.2,21230.76,20741.74,20754.12,89005
2025-04-07 16:00:00,20754.12,20976.52,20576.74,20704.19,88771
2025-04-07 17:00:00,20704.19,20767.28,20368.99,20700.6,90416
2025-04-07 18:00:00,20700.6,20843.18,20050.98,20231.21,89870
2025-04-07 19:00:00,20231.21,20419.49,20080.25,20311.33,91947
2025-04-07 20:00:00,20311.33,20515.65,19808.38,19891.09,88668
2025-04-07 21:00:00,19891.09,19906.78,19795.24,19811.78,2942
2025-04-07 22:00:00,19811.78,19815.31,19669.26,19669.89,267
2025-04-07 23:00:00,19669.89,19678.49,19507.5,19513.09,2966
2025-04-08 00:00:00,19513.09,19550.68,19415.74,19441.31,3022
2025-04-08 01:00:00,19441.31,19450.38,19289.96,19305.95,2960
2025-04-08 02:00:00,19305.95,19323.41,19104.64,19122.32,2963
2025-04-08 03:00:00,19122.32,19138.18,18994.41,19046.01,2943
2025-04-08 04:00:00,19046.01,19058.43,18840.86,18843.93,2996
2025-04-08 05:00:00,18843.93,18848.4,18609.33,18611.29,2988
2025-04-08 06:00:00,18611.29,18650.55,18495.96,18496.61,2963
2025-04-08 07:00:00,18496.61,18511.19,18352.5,18371.0,3027
2025-04-08 08:00:00,18371.0,18403.73,17954.0,18020.47,65796
2025-04-08 09:00:00,18020.47,18156.38,17727.67,17903.81,65310
2025-04-08 10:00:00,17903.81,18284.87,17705.53,17727.05,65773
2025-04-08 11:00:00,17727.05,17836.38,17416.08,17548.17,65564
2025-04-08 12:00:00,17548.17,17660.56,17280.66,17602.63,64376
2025-04-08 13:00:00,17602.63,17816.6,17421.39,17545.92,90700
2025-04-08 14:00:00,17545.92,17692.12,17185.52,17259.27,87739
2025-04-08 15:00:00,17259.27,17378.42,16798.65,16835.48,91339
2025-04-08 16:00:00,16835.48,16940.36,16322.55,16450.7,90771
2025-04-08 17:00:00,16450.7,16561.82,15889.64,15940.29,87866
2025-04-08 18:00:00,15940.29,16064.98,15709.6,15741.42,90622
2025-04-08 19:00:00,15741.42,15792.43,15325.48,15461.49,91404
2025-04-08 20:00:00,15461.49,15622.3,15047.62,15127.6,89156
2025-04-08 21:00:00,15127.6,15138.73,14985.24,14994.35,3053
2025-04-08 22:00:00,14994.35,14997.37,14885.11,14888.78,272
2025-04-08 23:00:00,14888.78,14898.13,14825.03,14855.42,2976
2025-04-09 00:00:00,14855.42,14867.39,14748.8,14763.59,3016
2025-04-09 01:00:00,14763.59,14771.07,14636.29,14641.87,2985
2025-04-09 02:00:00,14641.87,14656.96,14524.65,14532.98,3020
2025-04-09 03:00:00,14532.98,14551.6,14418.16,14428.66,2970
2025-04-09 04:00:00,14428.66,14447.31,14312.83,14345.72,2871
2025-04-09 05:00:00,14345.72,14375.5,14268.25,14274.13,2972
2025-04-09 06:00:00,14274.13,14294.4,14126.1,14183.08,2981
2025-04-09 07:00:00,14183.08,14188.83,14098.12,14112.22,3135
2025-04-09 08:00:00,14112.22,14178.71,13966.61,14043.9,67145
2025-04-09 09:00:00,14043.9,14104.32,13854.91,13882.62,66621
2025-04-09 10:00:00,13882.62,13945.12,13566.67,13787.37,67204
2025-04-09 11:00:00,13787.37,14027.75,13766.49,13937.64,65686
2025-04-09 12:00:00,13937.64,13999.7,13851.31,13899.78,66887
2025-04-09 13:00:00,13899.78,13939.05,13566.34,13629.6,92168
2025-04-09 14:00:00,13629.6,13856.02,13488.24,13523.21,89795
2025-04-09 15:00:00,13523.21,13923.89,12821.82,13302.55,90929
2025-04-09 16:00:00,13302.55,13378.34,13173.98,13239.53,89472
2025-04-09 17:00:00,13239.53,13535.96,13077.45,13390.15,89830
2025-04-09 18:00:00,13390.15,13415.28,13210.7,13321.18,91299
2025-04-09 19:00:00,13321.18,13871.02,12571.2,12964.67,89925
2025-04-09 20:00:00,12964.67,13034.69,12851.5,12952.3,89966
2025-04-09 21:00:00,12952.3,12959.0,12933.79,12938.57,2889
2025-04-09 22:00:00,12938.57,12939.71,12934.02,12934.51,264
2025-04-09 23:00:00,12934.51,12950.71,12928.58,12948.37,2937
2025-04-10 00:00:00,12948.37,12951.91,12924.61,12946.12,2949
2025-04-10 01:00:00,12946.12,12958.64,12914.96,12920.62,2946
2025-04-10 02:00:00,12920.62,12928.52,12896.24,12912.09,2941
2025-04-10 03:00:00,12912.09,12928.5,12901.35,12921.51,3028
2025-04-10 04:00:00,12921.51,12941.85,12914.93,12922.81,2980
2025-04-10 05:00:00,12922.81,12924.0,12894.91,12898.7,2901
2025-04-10 06:00:00,12898.7,12930.73,12890.66,12916.62,2974
2025-04-10 07:00:00,12916.62,12921.93,12894.55,12908.09,2960
2025-04-10 08:00:00,12908.09,12998.47,12855.5,12966.84,67516
2025-04-10 09:00:00,12966.84,13064.64,12896.74,12979.98,65281
2025-04-10 10:00:00,12979.98,13076.92,12967.45,13028.37,65912
2025-04-10 11:00:00,13028.37,13128.74,13009.42,13020.6,66038
2025-04-10 12:00:00,13020.6,13086.69,12892.43,12936.16,64935
2025-04-10 13:00:00,12936.16,13381.61,12563.86,13110.26,89808
2025-04-10 14:00:00,13110.26,13310.06,13068.21,13246.87,89227
2025-04-10 15:00:00,13246.87,13284.57,13088.77,13120.95,91206
2025-04-10 16:00:00,13120.95,13276.43,13082.57,13235.0,89640
2025-04-10 17:00:00,13235.0,13387.76,13116.8,13366.6,90460
2025-04-10 18:00:00,13366.6,13483.52,13329.48,13388.82,88140
2025-04-10 19:00:00,13388.82,13427.92,13268.81,13340.07,89146
2025-04-10 20:00:00,13340.07,13359.52,13144.94,13158.45,91165
2025-04-10 21:00:00,13158.45,13177.26,13150.93,13154.46,2972
2025-04-10 22:00:00,13154.46,13155.81,13153.38,13154.51,272
2025-04-10 23:00:00,13154.51,13166.77,13132.37,13136.87,2965
2025-04-11 00:00:00,13136.87,13152.45,13128.62,13146.96,2962
2025-04-11 01:00:00,13146.96,13166.99,13131.2,13134.43,3001
2025-04-11 02:00:00,13134.43,13149.33,13120.73,13129.85,3030
2025-04-11 03:00:00,13129.85,13136.96,13096.03,13103.27,2912
2025-04-11 04:00:00,13103.27,13112.83,13093.91,13099.83,2955
2025-04-11 05:00:00,13099.83,13125.64,13092.45,13119.18,2923
2025-04-11 06:00:00,13119.18,13125.94,13097.61,13104.47,3010
2025-04-11 07:00:00,13104.47,13109.04,13077.31,13093.12,2934
2025-04-11 08:00:00,13093.12,13199.98,13070.01,13115.32,66454
2025-04-11 09:00:00,13115.32,13197.79,12974.45,13003.81,66242
2025-04-11 10:00:00,13003.81,13511.41,12125.63,12781.39,65890
2025-04-11 11:00:00,12781.39,12867.71,12704.53,12854.27,65236
2025-04-11 12:00:00,12854.27,12950.99,12801.26,12851.52,66624
2025-04-11 13:00:00,12851.52,12994.63,12824.45,12957.69,90936
2025-04-11 14:00:00,12957.69,13027.93,12791.76,12819.15,92360
2025-04-11 15:00:00,12819.15,12979.73,12792.47,12923.88,88496
2025-04-11 16:00:00,12923.88,12977.0,12851.78,12899.34,90425
2025-04-11 17:00:00,12899.34,13104.36,12846.44,13031.41,90927
2025-04-11 18:00:00,13031.41,13066.3,12881.45,12958.04,89590
2025-04-11 19:00:00,12958.04,13133.18,12908.19,13102.95,90421
2025-04-11 20:00:00,13102.95,13273.43,13062.83,13233.32,90702
2025-04-11 21:00:00,13233.32,13246.82,13217.16,13235.13,3002
2025-04-11 22:00:00,13235.13,13236.5,13233.85,13235.89,272
2025-04-11 23:00:00,13235.89,13257.72,13226.4,13239.24,2921
2025-04-14 00:00:00,13239.24,13253.4,13215.81,13220.58,2953
2025-04-14 01:00:00,13220.58,13701.71,12891.77,12953.93,2943
2025-04-14 02:00:00,12953.93,12957.29,12924.45,12940.07,3022
2025-04-14 03:00:00,12940.07,12964.1,12924.29,12953.4,2907
2025-04-14 04:00:00,12953.4,12971.41,12951.12,12957.98,2932
2025-04-14 05:00:00,12957.98,12977.24,12952.31,12967.54,2939
2025-04-14 06:00:00,12967.54,12973.48,12940.36,12957.12,2965
2025-04-14 07:00:00,12957.12,12994.93,12950.92,12977.27,2892
2025-04-14 08:00:00,12977.27,13072.21,12937.85,13013.0,64993
2025-04-14 09:00:00,13013.0,13066.35,12927.91,13011.85,67287
2025-04-14 10:00:00,13011.85,13040.06,12921.51,12971.57,66768
2025-04-14 11:00:00,12971.57,13731.98,12616.0,12962.59,65681
2025-04-14 12:00:00,12962.59,13068.91,12939.59,13026.64,66471
2025-04-14 13:00:00,13026.64,13057.45,12738.3,12854.73,88291
2025-04-14 14:00:00,12854.73,12930.63,12784.46,12893.89,92195
2025-04-14 15:00:00,12893.89,12952.31,12827.71,12855.36,90784
2025-04-14 16:00:00,12855.36,13151.08,12833.06,13117.27,88443
2025-04-14 17:00:00,13117.27,13168.43,12561.03,12817.86,89974
2025-04-14 18:00:00,12817.86,13184.4,12465.3,12886.68,88146
2025-04-14 19:00:00,12886.68,13022.6,12846.73,12939.57,89424
2025-04-14 20:00:00,12939.57,13041.23,12860.67,12906.54,91537
2025-04-14 21:00:00,12906.54,12931.19,12894.62,12928.99,2920
2025-04-14 22:00:00,12928.99,13403.69,12647.16,13219.52,274
2025-04-14 23:00:00,13219.52,13238.15,13214.48,13221.62,2949
2025-04-15 00:00:00,13221.62,13264.7,12805.63,12923.01,2931
2025-04-15 01:00:00,12923.01,12933.6,12901.2,12924.08,2970
2025-04-15 02:00:00,12924.08,12927.11,12888.04,12914.55,3003
2025-04-15 03:00:00,12914.55,12929.58,12889.05,12892.88,2913
2025-04-15 04:00:00,12892.88,12898.59,12781.23,12789.08,2989
2025-04-15 05:00:00,12789.08,12805.0,12701.03,12704.53,2946
2025-04-15 06:00:00,12704.53,12717.82,12617.14,12625.76,3050
2025-04-15 07:00:00,12625.76,12641.38,12535.75,12549.82,2894
2025-04-15 08:00:00,12549.82,12660.07,12260.85,12324.57,66642
2025-04-15 09:00:00,12324.57,12454.86,12278.99,12392.39,65873
2025-04-15 10:00:00,12392.39,12422.08,12233.76,12277.1,64998
2025-04-15 11:00:00,12277.1,12343.44,12103.12,12154.25,66055
2025-04-15 12:00:00,12154.25,12236.7,12031.67,12057.77,65637
2025-04-15 13:00:00,12057.77,12085.6,11663.81,11742.56,88064
2025-04-15 14:00:00,11742.56,11791.4,11435.1,11674.63,90516
2025-04-15 15:00:00,11674.63,11864.21,11520.86,11551.47,90890
2025-04-15 16:00:00,11551.47,11764.78,11317.22,11389.6,89975
2025-04-15 17:00:00,11389.6,11752.83,11276.42,11455.25,90843
2025-04-15 18:00:00,11455.25,11536.75,11148.99,11257.2,90183
2025-04-15 19:00:00,11257.2,11283.04,11015.8,11090.81,91214
2025-04-15 20:00:00,11090.81,11193.79,10784.71,10850.03,91546
2025-04-15 21:00:00,10850.03,10863.19,10776.04,10792.02,2985
2025-04-15 22:00:00,10792.02,10792.2,10708.03,10712.18,267
2025-04-15 23:00:00,10712.18,10714.68,10667.93,10680.88,2976
2025-04-16 00:00:00,10680.88,10683.18,10613.88,10617.46,2990
2025-04-16 01:00:00,10617.46,10620.76,10536.22,10548.03,2961
2025-04-16 02:00:00,10548.03,10557.0,10473.86,10485.03,2917
2025-04-16 03:00:00,10485.03,10497.85,10397.36,10411.34,2929
2025-04-16 04:00:00,10411.34,10604.61,10048.64,10337.67,2961
2025-04-16 05:00:00,10337.67,10341.4,10224.31,10226.0,2916
2025-04-16 06:00:00,10226.0,10236.41,10165.2,10169.68,2935
2025-04-16 07:00:00,10169.68,10171.03,10065.42,10081.74,2924
2025-04-16 08:00:00,10081.74,10109.0,9805.62,9858.68,65177
2025-04-16 09:00:00,9858.68,10049.04,9758.47,9958.57,64467
2025-04-16 10:00:00,9958.57,9981.15,9777.68,9837.29,64464
2025-04-16 11:00:00,9837.29,9912.11,9579.52,9633.86,64614
2025-04-16 12:00:00,9633.86,9688.94,9525.98,9603.24,66992
2025-04-16 13:00:00,9603.24,9635.9,9376.93,9434.53,87844
2025-04-16 14:00:00,9434.53,9486.86,9271.46,9397.85,90396
2025-04-16 15:00:00,9397.85,9654.66,9332.8,9564.75,88615
2025-04-16 16:00:00,9564.75,9573.15,9141.93,9174.32,91232
2025-04-16 17:00:00,9174.32,9290.06,9027.9,9249.12,92429
2025-04-16 18:00:00,9249.12,9418.84,9192.9,9332.75,88795
2025-04-16 19:00:00,9332.75,9363.64,9122.0,9238.9,90846
2025-04-16 20:00:00,9238.9,9405.48,9102.11,9301.32,86642
2025-04-16 21:00:00,9301.32,9307.57,9239.41,9246.75,2920
2025-04-16 22:00:00,9246.75,9247.34,9183.45,9184.01,267
2025-04-16 23:00:00,9184.01,9186.63,9126.83,9140.23,2967
2025-04-17 00:00:00,9140.23,9142.42,9029.48,9032.18,2990
2025-04-17 01:00:00,9032.18,9050.89,8972.22,8979.29,3020
2025-04-17 02:00:00,8979.29,8982.18,8895.77,8896.28,2951
2025-04-17 03:00:00,8896.28,8911.41,8853.62,8859.31,2939
2025-04-17 04:00:00,8859.31,8867.46,8703.52,8711.24,2959
2025-04-17 05:00:00,8711.24,8724.08,8615.62,8616.98,2970
2025-04-17 06:00:00,8616.98,8619.23,8527.12,8528.73,2967
2025-04-17 07:00:00,8528.73,8534.8,8449.4,8451.47,2985
2025-04-17 08:00:00,8451.47,8499.13,8265.8,8358.43,66355
2025-04-17 09:00:00,8358.43,8388.85,8221.28,8257.71,64876
2025-04-17 10:00:00,8257.71,8426.39,8220.59,8321.12,65261
2025-04-17 11:00:00,8321.12,8402.74,8243.2,8309.17,65364
2025-04-17 12:00:00,8309.17,8416.64,8259.27,8406.88,66687
2025-04-17 13:00:00,8406.88,8543.91,8285.14,8437.25,90579
2025-04-17 14:00:00,8437.25,8528.98,8286.19,8355.83,88895
2025-04-17 15:00:00,8355.83,8536.85,8323.37,8466.91,91165
2025-04-17 16:00:00,8466.91,8635.95,8316.4,8463.87,90735
2025-04-17 17:00:00,8463.87,8630.98,8408.25,8577.64,89071
2025-04-17 18:00:00,8577.64,8702.66,8370.28,8441.88,88380
2025-04-17 19:00:00,8441.88,8525.44,8246.03,8250.99,91569
2025-04-17 20:00:00,8250.99,8258.04,8079.69,8186.45,89897
2025-04-17 21:00:00,8186.45,8192.18,8090.4,8091.49,2925
2025-04-17 22:00:00,8091.49,8092.34,8032.07,8032.21,266
2025-04-17 23:00:00,8032.21,8036.07,7966.87,7967.11,2945
2025-04-18 00:00:00,7967.11,7970.56,7886.71,7896.6,3087
2025-04-18 01:00:00,7896.6,7905.38,7793.15,7800.48,2968
2025-04-18 02:00:00,7800.48,7802.41,7745.06,7752.75,2997
2025-04-18 03:00:00,7752.75,7762.76,7725.34,7731.5,2946
2025-04-18 04:00:00,7731.5,7737.6,7684.71,7693.94,2961
2025-04-18 05:00:00,7693.94,7701.5,7644.9,7648.35,3002
2025-04-18 06:00:00,7648.35,7649.94,7582.81,7586.21,2935
2025-04-18 07:00:00,7586.21,7606.49,7550.81,7555.7,2984
2025-04-18 08:00:00,7555.7,7589.42,7429.88,7528.88,64874
2025-04-18 09:00:00,7528.88,7870.35,7452.05,7698.22,66778
2025-04-18 10:00:00,7698.22,7759.48,7635.57,7712.35,67012
2025-04-18 11:00:00,7712.35,7726.95,7581.35,7626.51,67794
2025-04-18 12:00:00,7626.51,7654.95,7477.55,7502.57,65992
2025-04-18 13:00:00,7502.57,7569.11,7351.18,7393.93,89240
2025-04-18 14:00:00,7393.93,7445.19,7114.34,7136.57,90430
2025-04-18 15:00:00,7136.57,7433.07,7131.54,7337.75,87774
2025-04-18 16:00:00,7337.75,7358.76,7220.08,7261.27,90374
2025-04-18 17:00:00,7261.27,7396.75,7214.95,7325.42,92019
2025-04-18 18:00:00,7325.42,7358.28,7205.11,7263.21,89448
2025-04-18 19:00:00,7263.21,7467.53,7221.65,7419.63,90312
2025-04-18 20:00:00,7419.63,7431.72,7249.75,7298.45,91153
2025-04-18 21:00:00,7298.45,7307.56,7274.21,7276.25,2956
2025-04-18 22:00:00,7276.25,7276.85,7223.17,7223.55,266
2025-04-18 23:00:00,7223.55,7228.65,7169.2,7175.22,3086
2025-04-21 00:00:00,7175.22,7183.58,7097.35,7105.81,2982
2025-04-21 01:00:00,7105.81,7117.37,7049.1,7049.89,2967
2025-04-21 02:00:00,7049.89,7052.44,6995.65,6998.69,2874
2025-04-21 03:00:00,6998.69,7006.05,6953.17,6959.01,2975
2025-04-21 04:00:00,6959.01,6965.28,6899.69,6906.59,3013
2025-04-21 05:00:00,6906.59,6912.01,6862.41,6870.75,2960
2025-04-21 06:00:00,6870.75,6878.84,6832.51,6837.45,2978
2025-04-21 07:00:00,6837.45,6839.81,6773.4,6780.95,2984
2025-04-21 08:00:00,6780.95,7009.93,6586.54,6824.92,65299
2025-04-21 09:00:00,6824.92,6939.1,6776.67,6894.89,66005
2025-04-21 10:00:00,6894.89,6931.98,6809.98,6858.37,67900
2025-04-21 11:00:00,6858.37,6880.18,6689.09,6713.56,65748
2025-04-21 12:00:00,6713.56,6757.99,6630.87,6646.05,64897
2025-04-21 13:00:00,6646.05,6721.02,6534.57,6593.86,89377
2025-04-21 14:00:00,6593.86,6606.31,6275.39,6332.8,92527
2025-04-21 15:00:00,6332.8,6425.15,6259.98,6278.03,89830
2025-04-21 16:00:00,6278.03,6350.04,6194.93,6343.86,90361
2025-04-21 17:00:00,6343.86,6410.64,6183.08,6257.33,90353
2025-04-21 18:00:00,6257.33,6298.84,6099.39,6214.08,90556
2025-04-21 19:00:00,6214.08,6267.47,6104.15,6215.72,89722
2025-04-21 20:00:00,6215.72,6240.87,6120.18,6228.32,88760
2025-04-21 21:00:00,6228.32,6232.92,6152.95,6154.64,2982
2025-04-21 22:00:00,6154.64,6155.8,6109.1,6109.51,273
2025-04-21 23:00:00,6109.51,6120.13,6073.7,6074.91,2971
2025-04-22 00:00:00,6074.91,6083.03,6015.94,6018.25,3000
2025-04-22 01:00:00,6018.25,6027.67,5988.86,5990.87,2995
2025-04-22 02:00:00,5990.87,5991.44,5940.58,5944.23,3059
2025-04-22 03:00:00,5944.23,5949.54,5893.51,5907.09,2994
2025-04-22 04:00:00,5907.09,5910.31,5855.49,5863.84,2908
2025-04-22 05:00:00,5863.84,5869.77,5784.19,5797.99,2987
2025-04-22 06:00:00,5797.99,5805.79,5759.01,5772.22,3016
2025-04-22 07:00:00,5772.22,5775.8,5727.38,5737.02,3028
2025-04-22 08:00:00,5737.02,5753.21,5663.03,5692.52,66675
2025-04-22 09:00:00,5692.52,5760.04,5648.27,5720.75,66496
2025-04-22 10:00:00,5720.75,5727.17,5571.04,5602.95,67407
2025-04-22 11:00:00,5602.95,5718.59,5565.81,5611.39,66669
2025-04-22 12:00:00,5611.39,5654.72,5545.37,5597.85,65447
2025-04-22 13:00:00,5597.85,5617.63,5447.27,5485.03,88148
2025-04-22 14:00:00,5485.03,5537.82,5378.07,5485.56,90917
2025-04-22 15:00:00,5485.56,5594.1,5432.55,5522.93,89797
2025-04-22 16:00:00,5522.93,5641.2,5405.06,5505.3,88987
2025-04-22 17:00:00,5505.3,5550.84,5425.34,5488.79,89084
2025-04-22 18:00:00,5488.79,5812.24,5203.91,5295.55,92398
2025-04-22 19:00:00,5295.55,5351.73,5127.13,5155.12,88860
2025-04-22 20:00:00,5155.12,5347.05,5096.14,5300.38,87671
2025-04-22 21:00:00,5300.38,5303.74,5266.99,5269.62,3030
2025-04-22 22:00:00,5269.62,5269.91,5230.8,5232.75,266
2025-04-22 23:00:00,5232.75,5236.02,5198.08,5199.9,3064
2025-04-23 00:00:00,5199.9,5202.88,5147.13,5151.08,3046
2025-04-23 01:00:00,5151.08,5153.64,5106.44,5109.06,2979
2025-04-23 02:00:00,5109.06,5111.71,5065.8,5066.3,2948
2025-04-23 03:00:00,5066.3,5069.14,5019.14,5019.18,2981
2025-04-23 04:00:00,5019.18,5028.09,4992.1,4995.22,2956
2025-04-23 05:00:00,4995.22,4998.27,4972.64,4981.33,2950
2025-04-23 06:00:00,4981.33,4984.11,4939.49,4945.09,3009
2025-04-23 07:00:00,4945.09,4952.4,4915.05,4915.9,2909
2025-04-23 08:00:00,4915.9,4931.88,4791.55,4812.16,65481
2025-04-23 09:00:00,4812.16,4823.62,4718.05,4797.01,65675
2025-04-23 10:00:00,4797.01,4837.96,4719.7,4766.77,63834
2025-04-23 11:00:00,4766.77,4868.1,4613.32,4803.76,65373
2025-04-23 12:00:00,4803.76,4835.33,4558.14,4679.49,67040
2025-04-23 13:00:00,4679.49,4711.1,4627.08,4632.71,89945
2025-04-23 14:00:00,4632.71,4653.5,4538.23,4544.81,88559
2025-04-23 15:00:00,4544.81,4570.04,4487.66,4532.22,89699
2025-04-23 16:00:00,4532.22,4609.48,4509.87,4562.65,88585
2025-04-23 17:00:00,4562.65,4572.41,4523.45,4542.83,89265
2025-04-23 18:00:00,4542.83,4546.76,4464.29,4487.88,89948
2025-04-23 19:00:00,4487.88,4519.35,4457.42,4504.55,90522
2025-04-23 20:00:00,4504.55,4517.49,4464.33,4478.62,88715
2025-04-23 21:00:00,4478.62,4483.69,4474.2,4479.26,2945
2025-04-23 22:00:00,4479.26,4479.39,4478.3,4479.02,272
2025-04-23 23:00:00,4479.02,4491.1,4476.33,4485.16,2999
2025-04-24 00:00:00,4485.16,4487.56,4479.43,4485.45,3027
2025-04-24 01:00:00,4485.45,4495.83,4480.49,4488.66,2943
2025-04-24 02:00:00,4488.66,4491.64,4483.54,4487.33,2905
2025-04-24 03:00:00,4487.33,4488.91,4476.57,4478.14,2937
2025-04-24 04:00:00,4478.14,4484.55,4476.13,4481.14,2943
2025-04-24 05:00:00,4481.14,4484.83,4475.96,4480.38,2975
2025-04-24 06:00:00,4480.38,4491.89,4476.51,4488.12,2984
2025-04-24 07:00:00,4488.12,4500.44,4482.6,4498.1,2987
2025-04-24 08:00:00,4498.1,4513.4,4478.2,4505.04,66584
2025-04-24 09:00:00,4505.04,4519.5,4481.95,4502.36,66697
2025-04-24 10:00:00,4502.36,4520.67,4456.9,4464.4,64204
2025-04-24 11:00:00,4464.4,4519.03,4460.48,4512.14,66982
2025-04-24 12:00:00,4512.14,4569.32,4499.6,4547.23,67978
2025-04-24 13:00:00,4547.23,4560.45,4502.46,4526.02,91922
2025-04-24 14:00:00,4526.02,4538.72,4333.17,4418.52,89967
2025-04-24 15:00:00,4418.52,4540.97,4348.33,4498.4,89222
2025-04-24 16:00:00,4498.4,4514.32,4457.15,4473.3,92227
2025-04-24 17:00:00,4473.3,4514.46,4463.09,4496.03,90543
2025-04-24 18:00:00,4496.03,4579.24,4492.66,4553.84,91150
2025-04-24 19:00:00,4553.84,4596.63,4529.76,4567.54,91419
2025-04-24 20:00:00,4567.54,4699.47,4447.44,4598.84,90819
2025-04-24 21:00:00,4598.84,4603.71,4595.77,4597.93,2963
2025-04-24 22:00:00,4597.93,4598.42,4597.76,4598.19,265
2025-04-24 23:00:00,4598.19,4602.44,4591.06,4596.37,3013
2025-04-25 00:00:00,4596.37,4608.78,4593.64,4602.91,2943
2025-04-25 01:00:00,4602.91,4614.36,4598.36,4612.01,2946
2025-04-25 02:00:00,4612.01,4615.54,4602.4,4607.87,2981
2025-04-25 03:00:00,4607.87,4657.58,4563.79,4653.8,2876
2025-04-25 04:00:00,4653.8,4655.57,4644.01,4649.91,2963
2025-04-25 05:00:00,4649.91,4653.09,4640.2,4641.85,3022
2025-04-25 06:00:00,4641.85,4646.02,4636.79,4640.06,2969
2025-04-25 07:00:00,4640.06,4645.65,4633.94,4638.44,2892
2025-04-25 08:00:00,4638.44,4688.07,4624.05,4671.75,66082
2025-04-25 09:00:00,4671.75,4677.41,4482.07,4537.82,63656
2025-04-25 10:00:00,4537.82,4592.99,4528.9,4568.33,67728
2025-04-25 11:00:00,4568.33,4582.4,4536.76,4555.46,65457
2025-04-25 12:00:00,4555.46,4581.07,4531.63,4561.39,66094
2025-04-25 13:00:00,4561.39,4622.76,4523.18,4601.97,90099
2025-04-25 14:00:00,4601.97,4728.37,4428.24,4519.23,90091
2025-04-25 15:00:00,4519.23,4544.51,4494.94,4513.25,88622
2025-04-25 16:00:00,4513.25,4533.08,4481.72,4524.88,88545
2025-04-25 17:00:00,4524.88,4533.56,4467.68,4496.38,92287
2025-04-25 18:00:00,4496.38,4573.41,4488.08,4534.01,92585
2025-04-25 19:00:00,4534.01,4684.08,4420.51,4675.64,88140
2025-04-25 20:00:00,4675.64,4752.79,4667.43,4736.13,87791
2025-04-25 21:00:00,4736.13,4782.19,4734.3,4778.13,2895
2025-04-25 22:00:00,4778.13,4815.18,4777.16,4814.33,276
2025-04-25 23:00:00,4814.33,4851.51,4811.65,4847.79,2957
2025-04-28 00:00:00,4847.79,4889.76,4845.99,4882.85,3008
2025-04-28 01:00:00,4882.85,4924.16,4878.34,4914.96,2861
2025-04-28 02:00:00,4914.96,4956.61,4913.37,4947.06,2893
2025-04-28 03:00:00,4947.06,4972.46,4936.81,4966.29,2945
2025-04-28 04:00:00,4966.29,5009.34,4964.1,5006.26,2949
2025-04-28 05:00:00,5006.26,5044.18,5002.61,5042.24,2967
2025-04-28 06:00:00,5042.24,5101.24,4837.79,4974.22,2980
2025-04-28 07:00:00,4974.22,5013.05,4969.38,5011.91,2957
2025-04-28 08:00:00,5011.91,5167.67,4887.76,4945.16,65103
2025-04-28 09:00:00,4945.16,5036.49,4918.01,5029.04,65580
2025-04-28 10:00:00,5029.04,5085.92,4948.14,5057.28,66857
2025-04-28 11:00:00,5057.28,5101.27,5036.28,5076.1,65037
2025-04-28 12:00:00,5076.1,5161.76,5045.15,5106.57,65185
2025-04-28 13:00:00,5106.57,5186.42,5096.38,5132.64,88501
2025-04-28 14:00:00,5132.64,5172.75,4992.3,5035.64,90397
2025-04-28 15:00:00,5035.64,5166.3,4988.54,5124.93,89965
2025-04-28 16:00:00,5124.93,5326.62,5087.72,5299.95,89572
2025-04-28 17:00:00,5299.95,5360.3,5268.71,5313.68,87816
2025-04-28 18:00:00,5313.68,5364.99,5203.72,5307.41,91581
2025-04-28 19:00:00,5307.41,5437.19,5277.51,5345.74,90253
2025-04-28 20:00:00,5345.74,5419.56,5219.09,5306.63,90655
2025-04-28 21:00:00,5306.63,5343.82,5306.14,5337.96,2939
2025-04-28 22:00:00,5337.96,5379.32,5337.11,5378.44,272
2025-04-28 23:00:00,5378.44,5440.37,5374.38,5437.12,2960
2025-04-29 00:00:00,5437.12,5478.46,5434.38,5472.37,2959
2025-04-29 01:00:00,5472.37,5511.29,5466.0,5509.3,2930
2025-04-29 02:00:00,5509.3,5557.4,5506.63,5556.22,3030
2025-04-29 03:00:00,5556.22,5596.06,5553.17,5589.77,2975
2025-04-29 04:00:00,5589.77,5619.19,5579.67,5614.86,2974
2025-04-29 05:00:00,5614.86,5619.72,5607.87,5616.41,2893
2025-04-29 06:00:00,5616.41,5621.28,5608.59,5610.29,2984
2025-04-29 07:00:00,5610.29,5619.27,5603.73,5612.23,3058
2025-04-29 08:00:00,5612.23,5665.23,5503.81,5640.82,65952
2025-04-29 09:00:00,5640.82,5696.27,5487.97,5595.6,67123
2025-04-29 10:00:00,5595.6,5652.03,5589.02,5631.18,66461
2025-04-29 11:00:00,5631.18,5709.13,5621.02,5698.31,66268
2025-04-29 12:00:00,5698.31,5723.52,5684.13,5695.01,67325
2025-04-29 13:00:00,5695.01,5724.3,5648.56,5692.3,92144
2025-04-29 14:00:00,5692.3,5754.3,5676.75,5717.27,91374
2025-04-29 15:00:00,5717.27,5725.32,5652.71,5686.78,90531
2025-04-29 16:00:00,5686.78,5800.49,5666.52,5774.82,88902
2025-04-29 17:00:00,5774.82,5789.14,5679.98,5709.02,86865
2025-04-29 18:00:00,5709.02,5734.52,5670.77,5703.28,89548
2025-04-29 19:00:00,5703.28,5767.75,5684.15,5742.14,89909
2025-04-29 20:00:00,5742.14,5857.75,5729.81,5839.57,91925
2025-04-29 21:00:00,5839.57,5844.57,5817.73,5823.54,2958
2025-04-29 22:00:00,5823.54,5824.48,5822.82,5823.15,277
2025-04-29 23:00:00,5823.15,6188.59,5692.98,5954.4,2949
2025-04-30 00:00:00,5954.4,6053.79,5919.52,6018.27,3025
2025-04-30 01:00:00,6018.27,6246.37,6010.41,6100.94,2928
2025-04-30 02:00:00,6100.94,6107.47,6091.58,6104.37,2952
2025-04-30 03:00:00,6104.37,6109.12,6095.22,6096.77,2951
2025-04-30 04:00:00,6096.77,6343.77,5927.61,6155.93,2910
2025-04-30 05:00:00,6155.93,6165.97,6149.87,6151.41,2954
2025-04-30 06:00:00,6151.41,6152.06,6138.12,6148.56,2972
2025-04-30 07:00:00,6148.56,6159.34,6142.0,6149.52,2961
2025-04-30 08:00:00,6149.52,6175.52,6123.9,6140.43,66018
2025-04-30 09:00:00,6140.43,6162.08,6106.25,6122.63,66105
2025-04-30 10:00:00,6122.63,6155.05,6081.28,6139.03,64146
2025-04-30 11:00:00,6139.03,6139.29,6065.12,6093.31,66872
2025-04-30 12:00:00,6093.31,6147.02,6063.38,6071.79,66662
2025-04-30 13:00:00,6071.79,6072.17,5984.24,6004.69,90175
2025-04-30 14:00:00,6004.69,6049.24,5960.81,5963.19,88404
2025-04-30 15:00:00,5963.19,5994.27,5867.59,5918.94,87160
2025-04-30 16:00:00,5918.94,6043.69,5874.45,5961.39,88997
2025-04-30 17:00:00,5961.39,6042.7,5868.58,5909.98,92736
2025-04-30 18:00:00,5909.98,5973.98,5825.66,5862.82,89200
2025-04-30 19:00:00,5862.82,5884.99,5680.01,5715.84,88466
2025-04-30 20:00:00,5715.84,5735.11,5621.13,5692.61,88026
2025-04-30 21:00:00,5692.61,5885.16,5588.53,5774.1,2935
2025-04-30 22:00:00,5774.1,5774.36,5731.24,5731.38,267
2025-04-30 23:00:00,5731.38,5734.61,5685.11,5690.43,2989
2025-05-01 00:00:00,5690.43,5693.06,5631.0,5643.01,2953
2025-05-01 01:00:00,5643.01,5648.05,5600.77,5605.49,2952
2025-05-01 02:00:00,5605.49,5610.1,5563.43,5569.49,2968
2025-05-01 03:00:00,5569.49,5571.2,5534.88,5536.85,2960
2025-05-01 04:00:00,5536.85,5541.33,5479.72,5483.67,3011
2025-05-01 05:00:00,5483.67,5485.51,5435.89,5444.59,2988
2025-05-01 06:00:00,5444.59,5446.72,5400.19,5409.29,2934
2025-05-01 07:00:00,5409.29,5414.08,5368.93,5370.82,2981
2025-05-01 08:00:00,5370.82,5402.44,5315.39,5358.42,63954
2025-05-01 09:00:00,5358.42,5420.4,5329.44,5343.8,67643
2025-05-01 10:00:00,5343.8,5373.41,5201.63,5225.58,66567
2025-05-01 11:00:00,5225.58,5261.26,5154.27,5252.54,65742
2025-05-01 12:00:00,5252.54,5274.72,5146.06,5154.66,64574
2025-05-01 13:00:00,5154.66,5240.16,5031.64,5055.18,93420
2025-05-01 14:00:00,5055.18,5192.12,5025.17,5084.43,89832
2025-05-01 15:00:00,5084.43,5120.78,4927.18,4978.36,94082
2025-05-01 16:00:00,4978.36,5036.36,4908.85,5031.37,88169
2025-05-01 17:00:00,5031.37,5085.8,4959.34,5037.81,90129
2025-05-01 18:00:00,5037.81,5079.62,4910.38,4955.22,91915
2025-05-01 19:00:00,4955.22,4972.33,4810.9,4825.48,90085
2025-05-01 20:00:00,4825.48,4849.86,4710.37,4728.11,92844
2025-05-01 21:00:00,4728.11,4730.51,4683.5,4683.59,2935
2025-05-01 22:00:00,4683.59,4684.17,4648.56,4648.77,267
2025-05-01 23:00:00,4648.77,4651.86,4620.96,4628.04,2945
2025-05-02 00:00:00,4628.04,4635.83,4598.77,4600.0,2926
2025-05-02 01:00:00,4600.0,4611.48,4560.11,4562.58,2864
2025-05-02 02:00:00,4562.58,4569.68,4522.23,4523.68,2991
2025-05-02 03:00:00,4523.68,4525.59,4464.13,4464.95,2979
2025-05-02 04:00:00,4464.95,4468.14,4449.38,4452.07,3088
2025-05-02 05:00:00,4452.07,4469.03,4416.45,4441.32,2941
2025-05-02 06:00:00,4441.32,4449.57,4437.78,4440.43,2914
2025-05-02 07:00:00,4440.43,4513.64,4320.45,4393.83,2988
2025-05-02 08:00:00,4393.83,4408.61,4375.08,4389.99,64826
2025-05-02 09:00:00,4389.99,4407.43,4363.57,4378.0,66068
2025-05-02 10:00:00,4378.0,4384.28,4237.47,4250.11,67896
2025-05-02 11:00:00,4250.11,4272.83,4223.31,4236.89,65280
2025-05-02 12:00:00,4236.89,4252.77,4209.38,4241.03,64517
2025-05-02 13:00:00,4241.03,4268.15,4196.67,4235.37,88813
2025-05-02 14:00:00,4235.37,4268.48,4200.77,4236.54,92020
2025-05-02 15:00:00,4236.54,4265.83,4216.4,4239.13,87446
2025-05-02 16:00:00,4239.13,4275.33,4226.38,4262.96,89156
2025-05-02 17:00:00,4262.96,4303.32,4218.28,4234.41,91274
2025-05-02 18:00:00,4234.41,4285.51,4209.68,4233.12,88511
2025-05-02 19:00:00,4233.12,4305.29,4225.9,4299.89,90249
2025-05-02 20:00:00,4299.89,4315.85,4262.24,4284.45,89471
2025-05-02 21:00:00,4284.45,4288.36,4281.08,4281.4,3045
2025-05-02 22:00:00,4281.4,4282.55,4281.15,4282.29,268
2025-05-02 23:00:00,4282.29,4284.33,4234.18,4243.78,2937
2025-05-05 00:00:00,4243.78,4252.42,4241.36,4247.65,2923
2025-05-05 01:00:00,4247.65,4252.43,4240.58,4250.29,2936
2025-05-05 02:00:00,4250.29,4252.38,4244.03,4248.65,3039
2025-05-05 03:00:00,4248.65,4252.27,4241.72,4249.03,2964
2025-05-05 04:00:00,4249.03,4256.07,4246.44,4249.19,2957
2025-05-05 05:00:00,4249.19,4250.83,4240.25,4244.41,2986
2025-05-05 06:00:00,4244.41,4248.06,4237.85,4243.28,2866
2025-05-05 07:00:00,4243.28,4247.95,4239.12,4241.77,2967
2025-05-05 08:00:00,4241.77,4262.01,4229.76,4237.8,64977
2025-05-05 09:00:00,4237.8,4266.63,4217.23,4239.03,66275
2025-05-05 10:00:00,4239.03,4240.57,4206.51,4219.69,65008
2025-05-05 11:00:00,4219.69,4389.46,3887.16,4105.9,66043
2025-05-05 12:00:00,4105.9,4156.4,4094.98,4129.98,67619
2025-05-05 13:00:00,4129.98,4140.05,4068.48,4086.27,88372
2025-05-05 14:00:00,4086.27,4105.01,3990.06,4044.06,91778
2025-05-05 15:00:00,4044.06,4113.3,4023.58,4107.01,89269
2025-05-05 16:00:00,4107.01,4176.38,4085.15,4162.17,89672
2025-05-05 17:00:00,4162.17,4187.57,4120.23,4146.5,90928
2025-05-05 18:00:00,4146.5,4176.84,4125.36,4126.98,91870
2025-05-05 19:00:00,4126.98,4204.62,4123.01,4182.2,89403
2025-05-05 20:00:00,4182.2,4213.85,4131.83,4159.73,90802
2025-05-05 21:00:00,4159.73,4164.04,4153.49,4155.26,2964
2025-05-05 22:00:00,4155.26,4155.66,4154.98,4155.27,276
2025-05-05 23:00:00,4155.27,4162.46,4151.39,4159.0,2999
2025-05-06 00:00:00,4159.0,4163.85,4156.35,4159.12,2882
2025-05-06 01:00:00,4159.12,4167.44,4154.99,4163.25,2959
2025-05-06 02:00:00,4163.25,4168.4,4159.23,4164.9,2968
2025-05-06 03:00:00,4164.9,4169.2,4156.66,4167.23,2972
2025-05-06 04:00:00,4167.23,4169.68,4157.59,4162.69,3021
2025-05-06 05:00:00,4162.69,4165.52,4157.77,4160.23,2951
2025-05-06 06:00:00,4160.23,4164.06,4153.0,4154.42,2928
2025-05-06 07:00:00,4154.42,4160.14,4149.5,4158.18,3007
2025-05-06 08:00:00,4158.18,4190.47,4148.22,4163.11,64746
2025-05-06 09:00:00,4163.11,4327.51,4151.8,4206.64,65681
2025-05-06 10:00:00,4206.64,4244.72,4193.09,4233.73,64896
2025-05-06 11:00:00,4233.73,4257.46,4210.41,4246.35,65941
2025-05-06 12:00:00,4246.35,4342.05,4063.64,4157.79,65864
2025-05-06 13:00:00,4157.79,4186.58,4122.78,4152.92,86514
2025-05-06 14:00:00,4152.92,4176.11,4126.74,4163.75,90127
2025-05-06 15:00:00,4163.75,4182.74,4133.91,4150.03,88717
2025-05-06 16:00:00,4150.03,4306.91,4122.95,4271.56,90450
2025-05-06 17:00:00,4271.56,4362.54,4061.96,4286.19,85628
2025-05-06 18:00:00,4286.19,4318.61,4254.58,4301.4,89056
2025-05-06 19:00:00,4301.4,4442.84,4228.07,4393.53,87713
2025-05-06 20:00:00,4393.53,4403.76,4345.15,4351.8,92427
2025-05-06 21:00:00,4351.8,4354.38,4309.12,4311.73,2948
2025-05-06 22:00:00,4311.73,4312.62,4280.13,4281.44,260
2025-05-06 23:00:00,4281.44,4284.4,4250.73,4253.34,2969
2025-05-07 00:00:00,4253.34,4257.67,4216.22,4220.64,3007
2025-05-07 01:00:00,4220.64,4221.33,4189.42,4190.34,3014
2025-05-07 02:00:00,4190.34,4259.62,4107.96,4111.24,3130
2025-05-07 03:00:00,4111.24,4114.43,4082.27,4084.48,2978
2025-05-07 04:00:00,4084.48,4088.11,4048.9,4054.58,2930
2025-05-07 05:00:00,4054.58,4060.42,4014.23,4018.72,2951
2025-05-07 06:00:00,4018.72,4025.31,3974.19,3975.74,2939
2025-05-07 07:00:00,3975.74,3980.62,3775.57,3849.26,3004
2025-05-07 08:00:00,3849.26,3885.3,3784.6,3876.28,65540
2025-05-07 09:00:00,3876.28,3948.99,3866.64,3915.27,67146
2025-05-07 10:00:00,3915.27,3939.33,3801.32,3814.31,66051
2025-05-07 11:00:00,3814.31,3848.25,3751.8,3776.79,67311
2025-05-07 12:00:00,3776.79,3780.97,3691.58,3713.58,66702
2025-05-07 13:00:00,3713.58,3738.17,3618.09,3632.98,89643
2025-05-07 14:00:00,3632.98,3700.54,3539.7,3558.75,90882
2025-05-07 15:00:00,3558.75,3628.95,3536.41,3605.74,89516
2025-05-07 16:00:00,3605.74,3690.22,3598.16,3615.0,88832
2025-05-07 17:00:00,3615.0,3644.42,3548.44,3570.36,89908
2025-05-07 18:00:00,3570.36,3632.41,3520.72,3588.89,90977
2025-05-07 19:00:00,3588.89,3621.19,3489.37,3509.81,93217
2025-05-07 20:00:00,3509.81,3585.82,3488.14,3529.16,90778
2025-05-07 21:00:00,3529.16,3531.15,3496.23,3498.66,2968
2025-05-07 22:00:00,3498.66,3498.71,3473.65,3473.93,268
2025-05-07 23:00:00,3473.93,3477.81,3430.84,3434.8,2987
2025-05-08 00:00:00,3434.8,3435.99,3401.96,3404.3,3019
2025-05-08 01:00:00,3404.3,3566.09,3314.04,3450.9,2948
2025-05-08 02:00:00,3450.9,3454.8,3423.35,3423.58,2981
2025-05-08 03:00:00,3423.58,3427.2,3393.33,3396.49,2931
2025-05-08 04:00:00,3396.49,3400.05,3370.05,3371.49,2975
2025-05-08 05:00:00,3371.49,3373.41,3331.69,3333.67,2959
2025-05-08 06:00:00,3333.67,3373.43,3200.29,3258.01,2954
2025-05-08 07:00:00,3258.01,3259.14,3228.34,3234.37,3044
2025-05-08 08:00:00,3234.37,3268.29,3203.86,3225.7,65321
2025-05-08 09:00:00,3225.7,3251.64,3218.02,3234.15,65903
2025-05-08 10:00:00,3234.15,3261.01,3216.66,3245.01,66310
2025-05-08 11:00:00,3245.01,3266.7,3220.84,3262.45,66703
2025-05-08 12:00:00,3262.45,3309.86,3240.13,3248.03,65013
2025-05-08 13:00:00,3248.03,3319.24,3202.34,3242.05,86907
2025-05-08 14:00:00,3242.05,3304.13,3194.01,3268.13,90349
2025-05-08 15:00:00,3268.13,3279.25,3197.6,3206.28,90208
2025-05-08 16:00:00,3206.28,3324.71,3179.6,3266.73,89186
2025-05-08 17:00:00,3266.73,3328.18,3212.85,3240.24,91774
2025-05-08 18:00:00,3240.24,3332.74,3205.04,3296.93,89221
2025-05-08 19:00:00,3296.93,3335.19,3227.74,3260.76,90215
2025-05-08 20:00:00,3260.76,3309.69,3194.84,3224.49,89633
2025-05-08 21:00:00,3224.49,3225.43,3199.2,3200.45,2999
2025-05-08 22:00:00,3200.45,3201.24,3194.83,3195.82,270
2025-05-08 23:00:00,3195.82,3197.65,3189.51,3190.96,3041
2025-05-09 00:00:00,3190.96,3262.27,3025.6,3127.72,2921
2025-05-09 01:00:00,3127.72,3133.18,3124.34,3131.21,2940
2025-05-09 02:00:00,3131.21,3133.54,3125.96,3128.49,2940
2025-05-09 03:00:00,3128.49,3130.66,3123.74,3126.63,2986
2025-05-09 04:00:00,3126.63,3130.97,3122.73,3125.57,2955
2025-05-09 05:00:00,3125.57,3129.5,3123.59,3125.99,2907
2025-05-09 06:00:00,3125.99,3260.03,2946.9,3088.45,3002
2025-05-09 07:00:00,3088.45,3092.92,3082.07,3085.61,2975
2025-05-09 08:00:00,3085.61,3090.37,3055.99,3080.71,65673
2025-05-09 09:00:00,3080.71,3096.99,3071.96,3092.5,65520
2025-05-09 10:00:00,3092.5,3106.08,3069.45,3090.3,65795
2025-05-09 11:00:00,3090.3,3116.24,3076.1,3103.3,67669
2025-05-09 12:00:00,3103.3,3120.47,3084.81,3089.38,67395
2025-05-09 13:00:00,3089.38,3122.53,3079.58,3095.54,88950
2025-05-09 14:00:00,3095.54,3103.25,3060.2,3074.62,88442
2025-05-09 15:00:00,3074.62,3130.31,3065.26,3119.65,90094
2025-05-09 16:00:00,3119.65,3153.67,3107.22,3147.04,87480
2025-05-09 17:00:00,3147.04,3153.69,3117.82,3144.66,89103
2025-05-09 18:00:00,3144.66,3178.54,3133.16,3157.99,90239
2025-05-09 19:00:00,3157.99,3183.46,3145.72,3174.01,92027
2025-05-09 20:00:00,3174.01,3210.59,3158.83,3169.42,88884
2025-05-09 21:00:00,3169.42,3226.01,2931.64,3109.3,2982
2025-05-09 22:00:00,3109.3,3110.07,3109.2,3109.68,266
2025-05-09 23:00:00,3109.68,3114.12,3108.35,3112.04,2884
2025-05-12 00:00:00,3112.04,3114.61,3106.85,3110.8,3000
2025-05-12 01:00:00,3110.8,3115.27,3107.54,3112.06,3011
2025-05-12 02:00:00,3112.06,3115.62,3108.08,3109.5,3036
2025-05-12 03:00:00,3109.5,3114.21,3107.53,3109.06,2987
2025-05-12 04:00:00,3109.06,3109.98,3100.99,3105.54,2980
2025-05-12 05:00:00,3105.54,3108.13,3099.16,3100.78,2988
2025-05-12 06:00:00,3100.78,3103.24,3096.67,3100.69,2910
2025-05-12 07:00:00,3100.69,3103.5,3096.91,3101.96,3007
2025-05-12 08:00:00,3101.96,3109.63,3072.16,3079.53,67070
2025-05-12 09:00:00,3079.53,3121.63,3032.47,3108.43,67108
2025-05-12 10:00:00,3108.43,3130.52,3092.9,3121.71,65341
2025-05-12 11:00:00,3121.71,3133.96,3090.79,3110.39,66780
2025-05-12 12:00:00,3110.39,3118.01,3093.84,3098.91,66631
2025-05-12 13:00:00,3098.91,3115.57,3064.11,3092.07,91641
2025-05-12 14:00:00,3092.07,3103.44,3054.26,3084.69,89770
2025-05-12 15:00:00,3084.69,3096.01,3051.63,3066.04,88555
2025-05-12 16:00:00,3066.04,3071.41,3005.98,3036.8,90033
2025-05-12 17:00:00,3036.8,3054.29,3014.1,3021.65,89579
2025-05-12 18:00:00,3021.65,3034.28,2982.73,3027.83,92577
2025-05-12 19:00:00,3027.83,3056.92,3010.96,3042.54,89981
2025-05-12 20:00:00,3042.54,3086.77,3029.18,3083.84,87758
2025-05-12 21:00:00,3083.84,3088.03,3078.58,3083.74,2917
2025-05-12 22:00:00,3083.74,3083.79,3082.88,3083.18,272
2025-05-12 23:00:00,3083.18,3092.34,3081.41,3090.4,2930
2025-05-13 00:00:00,3090.4,3095.79,3085.99,3091.05,3039
2025-05-13 01:00:00,3091.05,3095.3,3090.59,3094.1,2936
2025-05-13 02:00:00,3094.1,3099.87,3093.08,3097.46,2975
2025-05-13 03:00:00,3097.46,3100.81,3093.46,3096.8,3003
2025-05-13 04:00:00,3096.8,3098.54,3092.04,3093.71,3003
2025-05-13 05:00:00,3093.71,3097.55,3088.84,3091.21,2875
2025-05-13 06:00:00,3091.21,3094.72,3087.77,3090.04,2999
2025-05-13 07:00:00,3090.04,3094.32,3086.14,3092.29,2884
2025-05-13 08:00:00,3092.29,3094.78,3066.75,3087.19,65054
2025-05-13 09:00:00,3087.19,3096.17,3066.46,3087.67,65918
2025-05-13 10:00:00,3087.67,3100.91,3072.11,3091.13,67164
2025-05-13 11:00:00,3091.13,3104.23,3067.25,3078.08,66313
2025-05-13 12:00:00,3078.08,3088.43,3037.44,3067.12,67035
2025-05-13 13:00:00,3067.12,3076.21,3038.66,3057.65,88446
2025-05-13 14:00:00,3057.65,3074.32,3028.99,3036.01,88611
2025-05-13 15:00:00,3036.01,3062.75,3018.73,3045.64,90349
2025-05-13 16:00:00,3045.64,3066.32,3032.64,3053.0,90033
2025-05-13 17:00:00,3053.0,3070.72,3040.87,3054.78,89492
2025-05-13 18:00:00,3054.78,3062.52,3020.1,3055.36,90457
2025-05-13 19:00:00,3055.36,3081.49,3035.21,3051.43,89592
2025-05-13 20:00:00,3051.43,3079.82,3044.13,3053.73,91027
2025-05-13 21:00:00,3053.73,3055.92,3047.32,3051.86,2918
2025-05-13 22:00:00,3051.86,3052.24,3051.29,3051.46,265
2025-05-13 23:00:00,3051.46,3054.43,3043.82,3047.26,2975
2025-05-14 00:00:00,3047.26,3051.93,3044.0,3045.69,3004
2025-05-14 01:00:00,3045.69,3050.92,3043.28,3043.86,2968
2025-05-14 02:00:00,3043.86,3047.93,3040.35,3044.15,2991
2025-05-14 03:00:00,3044.15,3052.7,3042.54,3048.95,2957
2025-05-14 04:00:00,3048.95,3050.44,3043.66,3044.51,2956
2025-05-14 05:00:00,3044.51,3050.13,3043.08,3047.77,2975
2025-05-14 06:00:00,3047.77,3048.65,3039.08,3042.55,3041
2025-05-14 07:00:00,3042.55,3048.59,3040.17,3042.12,3075
2025-05-14 08:00:00,3042.12,3062.88,3028.92,3039.9,67044
2025-05-14 09:00:00,3039.9,3050.42,3024.48,3030.15,64883
2025-05-14 10:00:00,3030.15,3043.46,3018.44,3027.43,65107
2025-05-14 11:00:00,3027.43,3054.58,3012.37,3047.01,64918
2025-05-14 12:00:00,3047.01,3051.66,3006.54,3015.67,65363
2025-05-14 13:00:00,3015.67,3051.14,3002.86,3030.16,89590
2025-05-14 14:00:00,3030.16,3051.13,3009.59,3012.15,90039
2025-05-14 15:00:00,3012.15,3037.71,3000.8,3018.28,89857
2025-05-14 16:00:00,3018.28,3033.69,2994.74,3028.8,90529
2025-05-14 17:00:00,3028.8,3036.77,2999.32,3031.27,90744
2025-05-14 18:00:00,3031.27,3039.34,3001.2,3015.37,92146
2025-05-14 19:00:00,3015.37,3038.89,3002.88,3028.64,89276
2025-05-14 20:00:00,3028.64,3045.34,3004.37,3031.62,88101
2025-05-14 21:00:00,3031.62,3034.78,3028.55,3029.78,2920
2025-05-14 22:00:00,3029.78,3029.94,3028.57,3028.87,274
2025-05-14 23:00:00,3028.87,3032.69,3027.63,3030.41,2950
2025-05-15 00:00:00,3030.41,3036.65,3026.15,3034.05,2968
2025-05-15 01:00:00,3034.05,3043.28,3030.47,3041.87,2961
2025-05-15 02:00:00,3041.87,3044.44,3033.12,3036.2,3023
2025-05-15 03:00:00,3036.2,3038.82,3031.09,3038.11,2901
2025-05-15 04:00:00,3038.11,3045.2,3031.43,3043.79,3001
2025-05-15 05:00:00,3043.79,3047.99,3040.79,3045.88,2952
2025-05-15 06:00:00,3045.88,3047.05,3040.15,3043.29,3026
2025-05-15 07:00:00,3043.29,3046.95,3040.66,3043.48,2861
2025-05-15 08:00:00,3043.48,3062.76,3027.59,3050.35,66645
2025-05-15 09:00:00,3050.35,3072.67,3042.88,3052.12,65290
2025-05-15 10:00:00,3052.12,3070.78,3040.69,3059.95,65577
2025-05-15 11:00:00,3059.95,3072.3,3046.67,3064.28,66705
2025-05-15 12:00:00,3064.28,3070.2,3051.17,3058.59,64846
2025-05-15 13:00:00,3058.59,3082.45,3041.9,3053.52,91372
2025-05-15 14:00:00,3053.52,3056.52,3010.73,3047.11,89566
2025-05-15 15:00:00,3047.11,3050.89,3012.46,3031.31,87983
2025-05-15 16:00:00,3031.31,3074.0,3028.24,3058.31,91333
2025-05-15 17:00:00,3058.31,3075.59,3025.34,3033.92,90591
2025-05-15 18:00:00,3033.92,3159.25,2899.88,2972.43,89446
2025-05-15 19:00:00,2972.43,2984.58,2945.11,2965.4,89837
2025-05-15 20:00:00,2965.4,3040.94,2953.52,2974.71,90825
2025-05-15 21:00:00,2974.71,2983.67,2973.58,2982.92,2978
2025-05-15 22:00:00,2982.92,2983.54,2982.69,2983.26,265
2025-05-15 23:00:00,2983.26,2990.53,2979.87,2988.42,2948
2025-05-16 00:00:00,2988.42,2990.48,2982.88,2985.32,2961
2025-05-16 01:00:00,2985.32,2988.06,2981.51,2981.94,3002
2025-05-16 02:00:00,2981.94,2989.89,2980.64,2988.62,2942
2025-05-16 03:00:00,2988.62,2993.78,2988.23,2989.49,2965
2025-05-16 04:00:00,2989.49,2993.34,2986.32,2990.24,2908
2025-05-16 05:00:00,2990.24,2991.4,2983.69,2984.77,2892
2025-05-16 06:00:00,2984.77,2989.32,2983.96,2986.13,2869
2025-05-16 07:00:00,2986.13,2990.22,2984.45,2987.36,2965
2025-05-16 08:00:00,2987.36,2991.96,2966.33,2974.83,66031
2025-05-16 09:00:00,2974.83,2984.97,2941.8,2961.8,66265
2025-05-16 10:00:00,2961.8,2983.72,2953.16,2957.13,65226
2025-05-16 11:00:00,2957.13,2964.37,2921.86,2936.67,66337
2025-05-16 12:00:00,2936.67,2945.78,2920.68,2931.31,67315
2025-05-16 13:00:00,2931.31,2960.14,2920.99,2936.48,90154
2025-05-16 14:00:00,2936.48,2962.79,2918.02,2939.63,91078
2025-05-16 15:00:00,2939.63,2960.46,2923.2,2948.37,90003
2025-05-16 16:00:00,2948.37,2976.6,2917.93,2926.6,89496
2025-05-16 17:00:00,2926.6,2958.13,2916.78,2952.83,91375
2025-05-16 18:00:00,2952.83,2978.07,2908.38,2915.83,91614
2025-05-16 19:00:00,2915.83,2929.66,2889.84,2904.71,90533
2025-05-16 20:00:00,2904.71,3045.99,2846.88,2969.0,89825
2025-05-16 21:00:00,2969.0,2976.65,2966.27,2975.6,2992
2025-05-16 22:00:00,2975.6,2975.77,2974.87,2974.95,273
2025-05-16 23:00:00,2974.95,2978.46,2971.11,2977.19,3014
2025-05-19 00:00:00,2977.19,2980.29,2966.2,2969.11,3027
2025-05-19 01:00:00,2969.11,3078.2,2929.56,3015.89,3061
2025-05-19 02:00:00,3015.89,3016.69,3003.03,3005.74,2981
2025-05-19 03:00:00,3005.74,3007.93,3001.63,3003.01,2926
2025-05-19 04:00:00,3003.01,3007.26,3000.05,3004.07,2890
2025-05-19 05:00:00,3004.07,3008.24,3000.86,3002.96,3022
2025-05-19 06:00:00,3002.96,3008.25,3000.68,3006.05,2922
2025-05-19 07:00:00,3006.05,3010.2,3003.88,3009.66,2855
2025-05-19 08:00:00,3009.66,3017.5,2985.28,2993.98,66505
2025-05-19 09:00:00,2993.98,3013.19,2960.16,3004.79,67786
2025-05-19 10:00:00,3004.79,3034.15,2964.39,3010.34,65224
2025-05-19 11:00:00,3010.34,3047.39,2997.36,3028.75,66754
2025-05-19 12:00:00,3028.75,3044.39,2966.55,2986.41,66039
2025-05-19 13:00:00,2986.41,3101.21,2958.14,3054.1,91039
2025-05-19 14:00:00,3054.1,3094.36,3020.5,3033.31,90274
2025-05-19 15:00:00,3033.31,3215.78,3006.23,3204.15,90753
2025-05-19 16:00:00,3204.15,3237.27,3152.81,3204.73,91761
2025-05-19 17:00:00,3204.73,3215.18,3131.63,3198.76,88249
2025-05-19 18:00:00,3198.76,3254.14,3102.14,3229.86,88880
2025-05-19 19:00:00,3229.86,3296.9,3204.73,3282.29,89991
2025-05-19 20:00:00,3282.29,3313.2,3250.65,3280.23,91633
2025-05-19 21:00:00,3280.23,3299.23,3279.35,3295.59,3009
2025-05-19 22:00:00,3295.59,3320.03,3295.4,3319.87,267
2025-05-19 23:00:00,3319.87,3346.93,3318.52,3342.71,2980
2025-05-20 00:00:00,3342.71,3382.2,3340.13,3377.47,2994
2025-05-20 01:00:00,3377.47,3400.0,3374.24,3399.46,3042
2025-05-20 02:00:00,3399.46,3436.72,3398.29,3434.11,2960
2025-05-20 03:00:00,3434.11,3616.07,3214.87,3383.53,3086
2025-05-20 04:00:00,3383.53,3418.52,3380.77,3412.81,3004
2025-05-20 05:00:00,3412.81,3438.66,3404.97,3438.03,3072
2025-05-20 06:00:00,3438.03,3463.76,3435.55,3462.95,2913
2025-05-20 07:00:00,3462.95,3500.79,3461.88,3494.13,3033
2025-05-20 08:00:00,3494.13,3510.52,3442.16,3474.25,66434
2025-05-20 09:00:00,3474.25,3565.59,3461.94,3520.46,66797
2025-05-20 10:00:00,3520.46,3577.12,3504.12,3561.64,64137
2025-05-20 11:00:00,3561.64,3640.64,3532.36,3581.43,65432
2025-05-20 12:00:00,3581.43,3626.93,3552.04,3618.04,66272
2025-05-20 13:00:00,3618.04,3719.07,3614.68,3665.55,92338
2025-05-20 14:00:00,3665.55,3770.83,3648.57,3753.81,87611
2025-05-20 15:00:00,3753.81,3809.92,3707.62,3785.03,90972
2025-05-20 16:00:00,3785.03,3843.22,3764.67,3803.08,89695
2025-05-20 17:00:00,3803.08,3860.02,3725.59,3756.77,92109
2025-05-20 18:00:00,3756.77,3876.79,3725.82,3813.49,90363
2025-05-20 19:00:00,3813.49,3866.46,3767.3,3819.31,89126
2025-05-20 20:00:00,3819.31,3871.74,3795.41,3809.22,89480
2025-05-20 21:00:00,3809.22,3834.81,3808.63,3827.0,2951
2025-05-20 22:00:00,3827.0,3854.65,3826.27,3854.5,264
2025-05-20 23:00:00,3854.5,3872.07,3849.08,3871.69,3025
2025-05-21 00:00:00,3871.69,3949.09,3729.26,3833.87,2942
2025-05-21 01:00:00,3833.87,3865.7,3831.03,3860.12,2895
2025-05-21 02:00:00,3860.12,3902.19,3857.72,3899.83,3051
2025-05-21 03:00:00,3899.83,3945.86,3729.49,3842.55,3027
2025-05-21 04:00:00,3842.55,3870.47,3837.88,3866.56,2964
2025-05-21 05:00:00,3866.56,4105.31,3818.38,3979.02,2984
2025-05-21 06:00:00,3979.02,4012.13,3977.1,4010.21,3032
2025-05-21 07:00:00,4010.21,4027.89,3892.88,3967.2,2948
2025-05-21 08:00:00,3967.2,3992.78,3920.35,3976.58,66265
2025-05-21 09:00:00,3976.58,3986.51,3887.94,3910.06,64004
2025-05-21 10:00:00,3910.06,3989.26,3868.7,3925.69,65502
2025-05-21 11:00:00,3925.69,3990.51,3894.71,3951.82,67131
2025-05-21 12:00:00,3951.82,4027.44,3908.01,4006.87,65075
2025-05-21 13:00:00,4006.87,4212.76,3967.28,4171.56,92122
2025-05-21 14:00:00,4171.56,4274.86,4136.24,4270.98,90355
2025-05-21 15:00:00,4270.98,4446.03,4259.06,4414.07,91287
2025-05-21 16:00:00,4414.07,4536.89,4365.31,4475.06,91524
2025-05-21 17:00:00,4475.06,4625.74,4419.24,4511.26,89297
2025-05-21 18:00:00,4511.26,4698.24,4471.97,4609.24,92030
2025-05-21 19:00:00,4609.24,4662.18,4584.22,4634.72,88888
2025-05-21 20:00:00,4634.72,4664.91,4595.81,4625.99,89962
2025-05-21 21:00:00,4625.99,4638.37,4622.63,4636.46,2980
2025-05-21 22:00:00,4636.46,4636.77,4635.74,4636.68,268
2025-05-21 23:00:00,4636.68,4639.57,4626.99,4634.05,3030
2025-05-22 00:00:00,4634.05,4635.86,4624.45,4632.48,2892
2025-05-22 01:00:00,4632.48,4643.83,4629.06,4636.21,2958
2025-05-22 02:00:00,4636.21,4637.37,4531.4,4565.29,3026
2025-05-22 03:00:00,4565.29,4568.26,4559.75,4562.42,2942
2025-05-22 04:00:00,4562.42,4567.97,4557.43,4561.31,2949
2025-05-22 05:00:00,4561.31,4568.85,4559.35,4564.72,2866
2025-05-22 06:00:00,4564.72,4569.0,4558.31,4561.72,2928
2025-05-22 07:00:00,4561.72,4563.54,4551.41,4556.79,3034
2025-05-22 08:00:00,4556.79,4604.11,4520.7,4524.83,65776
2025-05-22 09:00:00,4524.83,4567.34,4517.07,4552.35,65421
2025-05-22 10:00:00,4552.35,4618.83,4429.67,4437.36,65928
2025-05-22 11:00:00,4437.36,4491.09,4431.29,4479.17,66465
2025-05-22 12:00:00,4479.17,4503.38,4469.72,4494.06,64608
2025-05-22 13:00:00,4494.06,4511.94,4447.11,4461.4,90555
2025-05-22 14:00:00,4461.4,4470.11,4424.65,4447.85,88922
2025-05-22 15:00:00,4447.85,4495.39,4421.07,4457.18,90808
2025-05-22 16:00:00,4457.18,4511.69,4438.26,4489.52,89460
2025-05-22 17:00:00,4489.52,4545.3,4483.84,4521.88,89375
2025-05-22 18:00:00,4521.88,4568.54,4488.87,4547.54,89799
2025-05-22 19:00:00,4547.54,4625.18,4540.09,4604.31,89295
2025-05-22 20:00:00,4604.31,4679.35,4584.16,4628.35,91746
2025-05-22 21:00:00,4628.35,4629.15,4619.0,4621.93,2915
2025-05-22 22:00:00,4621.93,4622.24,4621.34,4621.67,270
2025-05-22 23:00:00,4621.67,4622.76,4611.92,4612.15,2912
2025-05-23 00:00:00,4612.15,4616.33,4601.73,4603.24,2983
2025-05-23 01:00:00,4603.24,4768.7,4384.59,4525.66,2957
2025-05-23 02:00:00,4525.66,4531.01,4520.76,4527.81,3010
2025-05-23 03:00:00,4527.81,4531.81,4523.33,4526.81,2989
2025-05-23 04:00:00,4526.81,4530.35,4519.59,4523.8,3037
2025-05-23 05:00:00,4523.8,4527.62,4518.63,4521.63,2989
2025-05-23 06:00:00,4521.63,4525.78,4518.51,4522.99,2978
2025-05-23 07:00:00,4522.99,4524.26,4511.58,4522.81,3026
2025-05-23 08:00:00,4522.81,4548.03,4496.87,4511.79,65579
2025-05-23 09:00:00,4511.79,4541.34,4485.48,4537.38,64673
2025-05-23 10:00:00,4537.38,4539.26,4490.38,4492.99,65956
2025-05-23 11:00:00,4492.99,4519.1,4456.52,4515.71,65913
2025-05-23 12:00:00,4515.71,4532.92,4502.57,4528.07,66526
2025-05-23 13:00:00,4528.07,4538.52,4470.03,4488.34,90662
2025-05-23 14:00:00,4488.34,4494.35,4438.89,4477.4,89879
2025-05-23 15:00:00,4477.4,4576.94,4467.64,4534.02,93262
2025-05-23 16:00:00,4534.02,4591.56,4463.29,4478.84,89442
2025-05-23 17:00:00,4478.84,4515.29,4453.77,4491.12,89863
2025-05-23 18:00:00,4491.12,4527.01,4467.8,4515.35,89232
2025-05-23 19:00:00,4515.35,4581.94,4502.29,4549.31,90544
2025-05-23 20:00:00,4549.31,4559.89,4505.49,4525.85,89486
2025-05-23 21:00:00,4525.85,4536.98,4523.39,4535.55,2939
2025-05-23 22:00:00,4535.55,4535.81,4534.81,4535.19,271
2025-05-23 23:00:00,4535.19,4539.58,4527.39,4534.55,2924
2025-05-26 00:00:00,4534.55,4544.72,4531.52,4542.51,2914
2025-05-26 01:00:00,4542.51,4549.41,4541.48,4545.01,2905
2025-05-26 02:00:00,4545.01,4549.83,4540.56,4541.59,2984
2025-05-26 03:00:00,4541.59,4549.53,4537.16,4543.47,2971
2025-05-26 04:00:00,4543.47,4545.42,4529.38,4533.01,3009
2025-05-26 05:00:00,4533.01,4540.07,4531.59,4535.59,2986
2025-05-26 06:00:00,4535.59,4538.96,4529.44,4530.74,2938
2025-05-26 07:00:00,4530.74,4539.02,4526.56,4536.63,3020
2025-05-26 08:00:00,4536.63,4546.19,4500.32,4514.39,66030
2025-05-26 09:00:00,4514.39,4532.97,4482.63,4500.02,66281
2025-05-26 10:00:00,4500.02,4515.72,4459.74,4466.38,64644
2025-05-26 11:00:00,4466.38,4488.81,4457.18,4481.4,64206
2025-05-26 12:00:00,4481.4,4509.72,4462.65,4468.79,66602
2025-05-26 13:00:00,4468.79,4518.24,4449.78,4475.13,88762
2025-05-26 14:00:00,4475.13,4518.94,4453.95,4510.32,91141
2025-05-26 15:00:00,4510.32,4519.37,4460.01,4497.53,89273
2025-05-26 16:00:00,4497.53,4507.13,4468.55,4478.47,90102
2025-05-26 17:00:00,4478.47,4510.25,4462.21,4471.37,89037
2025-05-26 18:00:00,4471.37,4513.4,4448.42,4452.12,90439
2025-05-26 19:00:00,4452.12,4477.62,4416.27,4441.7,89222
2025-05-26 20:00:00,4441.7,4465.29,4402.7,4436.31,91006
2025-05-26 21:00:00,4436.31,4439.53,4429.7,4434.4,2893
2025-05-26 22:00:00,4434.4,4434.72,4433.68,4434.47,269
2025-05-26 23:00:00,4434.47,4440.93,4431.49,4435.95,2905
2025-05-27 00:00:00,4435.95,4441.77,4432.0,4441.36,3000
2025-05-27 01:00:00,4441.36,4443.15,4428.05,4433.43,3012
2025-05-27 02:00:00,4433.43,4438.57,4428.53,4436.64,2993
2025-05-27 03:00:00,4436.64,4440.73,4427.3,4436.3,2991
2025-05-27 04:00:00,4436.3,4442.01,4430.08,4436.02,3007
2025-05-27 05:00:00,4436.02,4440.72,4430.13,4437.39,2955
2025-05-27 06:00:00,4437.39,4441.07,4431.42,4437.63,2911
2025-05-27 07:00:00,4437.63,4445.36,4435.02,4439.98,2911
2025-05-27 08:00:00,4439.98,4443.47,4397.75,4399.65,67203
2025-05-27 09:00:00,4399.65,4449.18,4393.24,4438.37,66262
2025-05-27 10:00:00,4438.37,4460.08,4403.3,4435.3,66520
2025-05-27 11:00:00,4435.3,4489.76,4425.08,4472.72,65134
2025-05-27 12:00:00,4472.72,4488.09,4451.5,4470.64,65678
2025-05-27 13:00:00,4470.64,4531.2,4444.1,4522.38,87554
2025-05-27 14:00:00,4522.38,4537.12,4479.0,4490.65,91283
2025-05-27 15:00:00,4490.65,4537.34,4454.35,4500.91,87503
2025-05-27 16:00:00,4500.91,4547.92,4494.44,4522.26,90687
2025-05-27 17:00:00,4522.26,4532.47,4471.56,4495.07,90611
2025-05-27 18:00:00,4495.07,4654.61,4369.38,4547.67,90911
2025-05-27 19:00:00,4547.67,4632.95,4337.51,4445.79,90314
2025-05-27 20:00:00,4445.79,4468.12,4404.35,4448.27,88974
2025-05-27 21:00:00,4448.27,4510.58,4351.69,4495.3,3011
2025-05-27 22:00:00,4495.3,4495.48,4494.4,4494.7,265
2025-05-27 23:00:00,4494.7,4506.02,4492.17,4504.26,2963
2025-05-28 00:00:00,4504.26,4509.92,4501.77,4504.74,3014
2025-05-28 01:00:00,4504.74,4513.49,4500.48,4511.73,2959
2025-05-28 02:00:00,4511.73,4515.07,4504.01,4510.81,2962
2025-05-28 03:00:00,4510.81,4519.72,4505.03,4511.24,2948
2025-05-28 04:00:00,4511.24,4520.67,4503.18,4519.24,2997
2025-05-28 05:00:00,4519.24,4525.79,4516.78,4522.62,2960
2025-05-28 06:00:00,4522.62,4639.5,4477.25,4581.88,2912
2025-05-28 07:00:00,4581.88,4585.27,4577.36,4581.33,2956
2025-05-28 08:00:00,4581.33,4615.62,4573.13,4610.04,65981
2025-05-28 09:00:00,4610.04,4636.22,4570.93,4619.74,66638
2025-05-28 10:00:00,4619.74,4661.34,4597.53,4653.41,67948
2025-05-28 11:00:00,4653.41,4736.15,4553.48,4592.35,65494
2025-05-28 12:00:00,4592.35,4641.7,4577.23,4586.88,64593
2025-05-28 13:00:00,4586.88,4622.29,4564.82,4592.12,90784
2025-05-28 14:00:00,4592.12,4594.99,4496.81,4549.74,87828
2025-05-28 15:00:00,4549.74,4566.8,4508.91,4541.87,91022
2025-05-28 16:00:00,4541.87,4581.92,4523.16,4552.89,87935
2025-05-28 17:00:00,4552.89,4564.47,4496.28,4535.26,89690
2025-05-28 18:00:00,4535.26,4597.1,4519.99,4580.34,87121
2025-05-28 19:00:00,4580.34,4629.86,4545.14,4603.52,90007
2025-05-28 20:00:00,4603.52,4651.05,4585.59,4641.76,91228
2025-05-28 21:00:00,4641.76,4644.53,4630.08,4636.49,2906
2025-05-28 22:00:00,4636.49,4637.08,4635.93,4636.44,274
2025-05-28 23:00:00,4636.44,4640.85,4629.26,4633.88,3011
2025-05-29 00:00:00,4633.88,4635.43,4625.81,4631.5,3098
2025-05-29 01:00:00,4631.5,4636.52,4624.94,4634.38,2923
2025-05-29 02:00:00,4634.38,4637.31,4628.26,4636.55,2975
2025-05-29 03:00:00,4636.55,4642.55,4631.4,4635.74,2958
2025-05-29 04:00:00,4635.74,4647.34,4632.99,4645.16,3037
2025-05-29 05:00:00,4645.16,4653.53,4638.38,4648.55,2961
2025-05-29 06:00:00,4648.55,4650.43,4638.14,4640.52,2925
2025-05-29 07:00:00,4640.52,4645.65,4634.33,4636.67,3008
2025-05-29 08:00:00,4636.67,4664.91,4623.44,4639.35,65096
2025-05-29 09:00:00,4639.35,4677.15,4626.28,4648.41,66153
2025-05-29 10:00:00,4648.41,4664.92,4619.38,4637.2,66143
2025-05-29 11:00:00,4637.2,4666.36,4609.25,4629.75,68119
2025-05-29 12:00:00,4629.75,4650.25,4607.45,4636.88,66880
2025-05-29 13:00:00,4636.88,4849.42,4539.05,4595.98,89091
2025-05-29 14:00:00,4595.98,4642.46,4546.74,4602.67,89926
2025-05-29 15:00:00,4602.67,4628.08,4561.4,4577.91,88701
2025-05-29 16:00:00,4577.91,4785.34,4477.71,4677.46,91849
2025-05-29 17:00:00,4677.46,4696.02,4611.75,4666.56,87789
2025-05-29 18:00:00,4666.56,4674.34,4549.92,4583.11,90178
2025-05-29 19:00:00,4583.11,4659.34,4567.05,4654.59,89552
2025-05-29 20:00:00,4654.59,4810.31,4504.4,4733.08,88873
2025-05-29 21:00:00,4733.08,4739.26,4730.41,4734.07,2990
2025-05-29 22:00:00,4734.07,4734.66,4733.33,4734.48,274
2025-05-29 23:00:00,4734.48,4738.31,4728.9,4731.35,2978
2025-05-30 00:00:00,4731.35,4739.47,4723.75,4735.9,2892
2025-05-30 01:00:00,4735.9,4741.08,4725.44,4728.11,3007
2025-05-30 02:00:00,4728.11,4732.57,4721.94,4732.03,2984
2025-05-30 03:00:00,4732.03,4734.51,4725.34,4730.97,3010
2025-05-30 04:00:00,4730.97,4732.49,4716.91,4721.59,3015
2025-05-30 05:00:00,4721.59,4731.9,4720.79,4725.12,2979
2025-05-30 06:00:00,4725.12,4941.96,4658.04,4817.82,2944
2025-05-30 07:00:00,4817.82,4823.49,4813.83,4818.2,2950
2025-05-30 08:00:00,4818.2,4825.7,4766.77,4803.08,65244
2025-05-30 09:00:00,4803.08,4815.19,4767.75,4776.49,66696
2025-05-30 10:00:00,4776.49,4788.56,4734.68,4745.27,65932
2025-05-30 11:00:00,4745.27,4795.01,4736.89,4774.86,64991
2025-05-30 12:00:00,4774.86,4787.54,4743.89,4750.31,65540
2025-05-30 13:00:00,4750.31,4814.33,4733.66,4796.35,88613
2025-05-30 14:00:00,4796.35,4913.14,4691.66,4817.77,91629
2025-05-30 15:00:00,4817.77,4869.78,4806.47,4843.52,91568
2025-05-30 16:00:00,4843.52,4888.34,4822.69,4873.78,90992
2025-05-30 17:00:00,4873.78,4951.24,4826.93,4933.13,91417
2025-05-30 18:00:00,4933.13,4962.78,4887.42,4899.92,89248
2025-05-30 19:00:00,4899.92,4919.85,4852.79,4865.55,90010
2025-05-30 20:00:00,4865.55,4922.71,4860.04,4877.22,89566
2025-05-30 21:00:00,4877.22,4881.25,4867.54,4872.74,3103
2025-05-30 22:00:00,4872.74,4874.45,4872.65,4874.21,274
2025-05-30 23:00:00,4874.21,4975.53,4680.11,4794.24,2969
2025-06-02 00:00:00,4794.24,4801.95,4790.61,4798.83,2925
2025-06-02 01:00:00,4798.83,4801.34,4789.52,4800.46,2969
2025-06-02 02:00:00,4800.46,4804.8,4789.56,4796.58,2939
2025-06-02 03:00:00,4796.58,4801.71,4790.49,4799.87,3018
2025-06-02 04:00:00,4799.87,4805.08,4792.26,4803.79,2979
2025-06-02 05:00:00,4803.79,4945.46,4600.6,4876.96,3027
2025-06-02 06:00:00,4876.96,4889.82,4876.79,4887.67,2899
2025-06-02 07:00:00,4887.67,4889.22,4876.69,4885.01,2907
2025-06-02 08:00:00,4885.01,5022.64,4801.92,4940.54,64200
2025-06-02 09:00:00,4940.54,4963.22,4887.49,4923.35,63986
2025-06-02 10:00:00,4923.35,4931.04,4892.87,4912.79,66863
2025-06-02 11:00:00,4912.79,4926.46,4874.93,4883.2,67200
2025-06-02 12:00:00,4883.2,4900.21,4860.14,4889.02,65090
2025-06-02 13:00:00,4889.02,4925.44,4870.14,4900.37,89991
2025-06-02 14:00:00,4900.37,4904.65,4790.12,4810.56,88167
2025-06-02 15:00:00,4810.56,4816.29,4723.41,4758.58,91230
2025-06-02 16:00:00,4758.58,4808.5,4672.05,4744.92,91536
2025-06-02 17:00:00,4744.92,4778.63,4693.53,4715.98,89886
2025-06-02 18:00:00,4715.98,4783.58,4701.56,4766.07,91791
2025-06-02 19:00:00,4766.07,4806.93,4743.86,4773.32,92719
2025-06-02 20:00:00,4773.32,4788.9,4686.32,4732.23,90041
2025-06-02 21:00:00,4732.23,4737.45,4725.86,4730.33,3001
2025-06-02 22:00:00,4730.33,4730.42,4729.59,4729.73,274
2025-06-02 23:00:00,4729.73,4733.82,4726.24,4731.18,2963
2025-06-03 00:00:00,4731.18,4738.48,4727.13,4732.68,2931
2025-06-03 01:00:00,4732.68,4779.79,4628.06,4632.24,2996
2025-06-03 02:00:00,4632.24,4646.77,4630.02,4641.61,2901
2025-06-03 03:00:00,4641.61,4714.43,4566.91,4712.42,2902
2025-06-03 04:00:00,4712.42,4717.75,4707.83,4714.85,2942
2025-06-03 05:00:00,4714.85,4720.83,4710.94,4716.42,2971
2025-06-03 06:00:00,4716.42,4733.07,4712.15,4730.8,2942
2025-06-03 07:00:00,4730.8,4737.76,4725.12,4735.83,2980
2025-06-03 08:00:00,4735.83,4754.28,4719.67,4729.49,66233
2025-06-03 09:00:00,4729.49,4741.03,4698.54,4721.62,66023
2025-06-03 10:00:00,4721.62,4748.05,4705.2,4731.99,64746
2025-06-03 11:00:00,4731.99,4763.5,4716.53,4743.19,67010
2025-06-03 12:00:00,4743.19,4761.93,4713.75,4723.51,66553
2025-06-03 13:00:00,4723.51,5086.66,4613.88,4822.83,93806
2025-06-03 14:00:00,4822.83,4862.02,4587.95,4640.28,87876
2025-06-03 15:00:00,4640.28,4674.27,4626.13,4634.54,87478
2025-06-03 16:00:00,4634.54,4657.98,4597.01,4638.37,88879
2025-06-03 17:00:00,4638.37,4694.74,4619.52,4675.36,89873
2025-06-03 18:00:00,4675.36,4721.69,4662.11,4680.97,89801
2025-06-03 19:00:00,4680.97,4707.74,4639.78,4681.78,89532
2025-06-03 20:00:00,4681.78,4722.59,4542.71,4565.71,90726
2025-06-03 21:00:00,4565.71,4575.67,4564.68,4568.55,2932
2025-06-03 22:00:00,4568.55,4569.35,4568.43,4569.17,265
2025-06-03 23:00:00,4569.17,4573.52,4564.7,4567.32,3002
2025-06-04 00:00:00,4567.32,4570.62,4560.27,4565.59,2968
2025-06-04 01:00:00,4565.59,4572.52,4560.48,4562.37,2940
2025-06-04 02:00:00,4562.37,4571.63,4560.41,4565.55,2999
2025-06-04 03:00:00,4565.55,4567.32,4559.24,4561.3,3007
2025-06-04 04:00:00,4561.3,4704.74,4515.02,4604.03,3000
2025-06-04 05:00:00,4604.03,4611.35,4600.76,4608.52,2896
2025-06-04 06:00:00,4608.52,4620.32,4608.17,4616.99,3067
2025-06-04 07:00:00,4616.99,4622.38,4606.26,4607.97,2979
2025-06-04 08:00:00,4607.97,4617.3,4580.93,4607.63,66613
2025-06-04 09:00:00,4607.63,4626.63,4590.43,4609.81,65297
2025-06-04 10:00:00,4609.81,4810.71,4585.98,4711.49,65051
2025-06-04 11:00:00,4711.49,4736.96,4698.03,4709.16,64797
2025-06-04 12:00:00,4709.16,4724.98,4686.07,4720.56,65147
2025-06-04 13:00:00,4720.56,4776.15,4688.42,4760.07,88837
2025-06-04 14:00:00,4760.07,4805.39,4726.37,4750.04,88732
2025-06-04 15:00:00,4750.04,4765.82,4705.7,4718.58,88664
2025-06-04 16:00:00,4718.58,4773.22,4702.48,4768.81,90356
2025-06-04 17:00:00,4768.81,4802.69,4721.39,4773.82,87905
2025-06-04 18:00:00,4773.82,4813.39,4739.95,4786.58,91155
2025-06-04 19:00:00,4786.58,4820.54,4761.63,4794.51,90384
2025-06-04 20:00:00,4794.51,4827.57,4762.67,4795.37,90720
2025-06-04 21:00:00,4795.37,4799.99,4789.99,4798.5,3014
2025-06-04 22:00:00,4798.5,4798.92,4797.89,4798.44,274
2025-06-04 23:00:00,4798.44,4803.49,4791.32,4800.12,3008
2025-06-05 00:00:00,4800.12,4985.18,4700.29,4897.82,2964
2025-06-05 01:00:00,4897.82,4968.61,4754.87,4813.96,3000
2025-06-05 02:00:00,4813.96,4821.33,4812.17,4817.56,2968
2025-06-05 03:00:00,4817.56,4820.53,4809.67,4814.36,3009
2025-06-05 04:00:00,4814.36,4823.9,4813.89,4819.18,2921
2025-06-05 05:00:00,4819.18,4821.79,4812.54,4815.91,2988
2025-06-05 06:00:00,4815.91,4818.42,4808.93,4814.64,3010
2025-06-05 07:00:00,4814.64,4818.49,4807.05,4808.17,3042
2025-06-05 08:00:00,4808.17,4861.16,4797.6,4853.6,64746
2025-06-05 09:00:00,4853.6,4889.67,4823.12,4860.22,66858
2025-06-05 10:00:00,4860.22,4905.68,4840.73,4878.72,65157
2025-06-05 11:00:00,4878.72,4880.21,4809.5,4822.93,66301
2025-06-05 12:00:00,4822.93,4828.15,4773.02,4787.17,66601
2025-06-05 13:00:00,4787.17,4811.02,4756.39,4772.77,92493
2025-06-05 14:00:00,4772.77,4796.16,4754.02,4786.28,88025
2025-06-05 15:00:00,4786.28,4793.16,4720.52,4751.9,90300
2025-06-05 16:00:00,4751.9,4806.71,4729.98,4765.95,90581
2025-06-05 17:00:00,4765.95,4820.8,4754.6,4809.53,91970
2025-06-05 18:00:00,4809.53,4905.11,4625.66,4891.33,89063
2025-06-05 19:00:00,4891.33,4911.74,4837.69,4905.1,91816
2025-06-05 20:00:00,4905.1,5059.66,4780.77,4952.53,88546
2025-06-05 21:00:00,4952.53,4954.92,4941.06,4944.09,2959
2025-06-05 22:00:00,4944.09,4944.57,4943.57,4944.21,268
2025-06-05 23:00:00,4944.21,4958.58,4886.44,4901.36,2909
2025-06-06 00:00:00,4901.36,4904.44,4885.68,4897.9,2946
2025-06-06 01:00:00,4897.9,4910.46,4893.9,4902.83,2965
2025-06-06 02:00:00,4902.83,4910.05,4898.08,4902.37,2998
2025-06-06 03:00:00,4902.37,5067.72,4698.12,5007.03,2973
2025-06-06 04:00:00,5007.03,5010.97,4998.23,5003.44,2945
2025-06-06 05:00:00,5003.44,5105.28,4970.69,5046.0,2976
2025-06-06 06:00:00,5046.0,5052.7,5041.91,5047.19,2947
2025-06-06 07:00:00,5047.19,5058.72,5045.16,5056.83,2990
2025-06-06 08:00:00,5056.83,5106.0,5041.77,5084.72,65495
2025-06-06 09:00:00,5084.72,5105.39,5052.1,5066.24,64620
2025-06-06 10:00:00,5066.24,5085.46,5043.72,5062.04,64724
2025-06-06 11:00:00,5062.04,5114.95,5048.75,5087.24,65151
2025-06-06 12:00:00,5087.24,5113.42,5039.89,5070.74,66227
2025-06-06 13:00:00,5070.74,5097.48,5025.95,5065.86,88374
2025-06-06 14:00:00,5065.86,5131.82,5058.64,5084.16,91939
2025-06-06 15:00:00,5084.16,5151.16,5055.88,5103.34,90651
2025-06-06 16:00:00,5103.34,5167.05,5077.32,5147.72,87250
2025-06-06 17:00:00,5147.72,5201.57,5140.88,5152.14,87739
2025-06-06 18:00:00,5152.14,5186.84,5119.16,5147.4,88691
2025-06-06 19:00:00,5147.4,5170.85,5104.25,5122.75,89484
2025-06-06 20:00:00,5122.75,5157.44,5095.3,5123.61,89575
2025-06-06 21:00:00,5123.61,5127.64,5113.22,5115.45,2996
2025-06-06 22:00:00,5115.45,5115.8,5114.66,5114.96,271
2025-06-06 23:00:00,5114.96,5119.9,5105.31,5118.05,2923
2025-06-09 00:00:00,5118.05,5128.72,5114.17,5123.43,3018
2025-06-09 01:00:00,5123.43,5129.19,5119.15,5121.43,2970
2025-06-09 02:00:00,5121.43,5134.51,5119.61,5128.85,2934
2025-06-09 03:00:00,5128.85,5131.71,5120.21,5127.79,3022
2025-06-09 04:00:00,5127.79,5131.28,5121.92,5123.97,2995
2025-06-09 05:00:00,5123.97,5134.89,5119.06,5129.35,3044
2025-06-09 06:00:00,5129.35,5132.59,5121.39,5124.59,2976
2025-06-09 07:00:00,5124.59,5128.86,5119.03,5124.5,2900
2025-06-09 08:00:00,5124.5,5150.24,5084.03,5107.48,67487
2025-06-09 09:00:00,5107.48,5118.25,5070.08,5110.8,67010
2025-06-09 10:00:00,5110.8,5123.8,5053.49,5060.85,66035
2025-06-09 11:00:00,5060.85,5072.97,5026.6,5029.01,65376
2025-06-09 12:00:00,5029.01,5063.03,5014.23,5049.12,65580
2025-06-09 13:00:00,5049.12,5124.34,5004.87,5094.24,90465
2025-06-09 14:00:00,5094.24,5121.98,5031.35,5081.91,90146
2025-06-09 15:00:00,5081.91,5106.25,5015.48,5019.3,88345
2025-06-09 16:00:00,5019.3,5076.63,4994.9,5068.02,88844
2025-06-09 17:00:00,5068.02,5126.36,5061.66,5091.78,88556
2025-06-09 18:00:00,5091.78,5097.75,5015.62,5027.59,87781
2025-06-09 19:00:00,5027.59,5067.57,4947.73,4979.4,86983
2025-06-09 20:00:00,4979.4,5070.97,4974.29,5063.34,89601
2025-06-09 21:00:00,5063.34,5073.42,5059.8,5063.89,3000
2025-06-09 22:00:00,5063.89,5064.83,5063.35,5063.82,271
2025-06-09 23:00:00,5063.82,5069.45,5055.66,5056.24,2908
2025-06-10 00:00:00,5056.24,5063.96,5051.39,5057.93,3022
2025-06-10 01:00:00,5057.93,5065.1,5050.28,5063.21,2974
2025-06-10 02:00:00,5063.21,5065.15,5055.03,5059.75,2915
2025-06-10 03:00:00,5059.75,5065.16,5056.08,5064.16,2956
2025-06-10 04:00:00,5064.16,5068.27,5055.04,5059.34,3057
2025-06-10 05:00:00,5059.34,5205.5,4944.86,5152.19,2974
2025-06-10 06:00:00,5152.19,5158.08,5145.81,5153.59,2932
2025-06-10 07:00:00,5153.59,5161.44,5149.29,5156.59,2972
2025-06-10 08:00:00,5156.59,5197.44,5142.06,5179.92,66173
2025-06-10 09:00:00,5179.92,5190.12,5112.21,5119.6,66583
2025-06-10 10:00:00,5119.6,5150.77,5113.99,5134.27,66619
2025-06-10 11:00:00,5134.27,5177.48,5123.56,5162.15,66606
2025-06-10 12:00:00,5162.15,5186.82,5133.49,5161.63,66039
2025-06-10 13:00:00,5161.63,5203.21,5138.77,5144.42,91119
2025-06-10 14:00:00,5144.42,5172.48,5062.13,5094.94,89474
2025-06-10 15:00:00,5094.94,5124.55,5063.83,5112.05,89031
2025-06-10 16:00:00,5112.05,5146.02,5055.9,5114.91,88954
2025-06-10 17:00:00,5114.91,5170.34,5094.8,5118.77,89856
2025-06-10 18:00:00,5118.77,5139.09,5076.1,5097.43,90563
2025-06-10 19:00:00,5097.43,5114.69,5061.79,5105.86,88289
2025-06-10 20:00:00,5105.86,5116.26,5060.09,5098.62,90234
2025-06-10 21:00:00,5098.62,5103.13,5088.07,5090.2,2960
2025-06-10 22:00:00,5090.2,5091.64,5090.0,5090.95,267
2025-06-10 23:00:00,5090.95,5093.96,5082.36,5088.34,2975
2025-06-11 00:00:00,5088.34,5094.47,5082.13,5087.55,2913
2025-06-11 01:00:00,5087.55,5090.38,5078.51,5083.42,2998
2025-06-11 02:00:00,5083.42,5089.95,5074.71,5082.92,2891
2025-06-11 03:00:00,5082.92,5087.95,5076.0,5084.88,2945
2025-06-11 04:00:00,5084.88,5087.03,5074.6,5080.73,3050
2025-06-11 05:00:00,5080.73,5083.52,5074.55,5081.74,2934
2025-06-11 06:00:00,5081.74,5083.11,5072.53,5074.79,3020
2025-06-11 07:00:00,5074.79,5080.4,5068.96,5073.22,2964
2025-06-11 08:00:00,5073.22,5129.71,5053.93,5089.95,65494
2025-06-11 09:00:00,5089.95,5123.98,5055.11,5106.3,67505
2025-06-11 10:00:00,5106.3,5126.44,5056.46,5078.17,65025
2025-06-11 11:00:00,5078.17,5087.16,5047.98,5082.59,66136
2025-06-11 12:00:00,5082.59,5112.7,5042.55,5091.8,64451
2025-06-11 13:00:00,5091.8,5192.66,5064.98,5114.85,89035
2025-06-11 14:00:00,5114.85,5127.99,5052.0,5098.17,89228
2025-06-11 15:00:00,5098.17,5330.86,5001.49,5079.07,92377
2025-06-11 16:00:00,5079.07,5154.3,5069.69,5117.73,90010
2025-06-11 17:00:00,5117.73,5189.55,5098.61,5163.74,89794
2025-06-11 18:00:00,5163.74,5245.78,5105.69,5184.27,91234
2025-06-11 19:00:00,5184.27,5219.99,5140.32,5199.81,90166
2025-06-11 20:00:00,5199.81,5221.96,5160.42,5183.63,90620
2025-06-11 21:00:00,5183.63,5192.85,5181.93,5188.43,2976
2025-06-11 22:00:00,5188.43,5190.61,5188.25,5190.32,270
2025-06-11 23:00:00,5190.32,5194.28,5181.6,5190.31,2922
2025-06-12 00:00:00,5190.31,5199.89,5185.27,5197.18,2972
2025-06-12 01:00:00,5197.18,5202.24,5187.57,5198.35,2957
2025-06-12 02:00:00,5198.35,5404.36,5175.84,5305.13,2952
2025-06-12 03:00:00,5305.13,5309.56,5294.74,5299.28,2909
2025-06-12 04:00:00,5299.28,5539.17,5210.69,5381.11,2971
2025-06-12 05:00:00,5381.11,5390.27,5373.37,5389.01,2990
2025-06-12 06:00:00,5389.01,5404.24,5386.17,5400.27,3057
2025-06-12 07:00:00,5400.27,5405.49,5388.4,5392.97,3018
2025-06-12 08:00:00,5392.97,5414.1,5376.87,5401.89,65758
2025-06-12 09:00:00,5401.89,5467.2,5387.05,5447.21,66485
2025-06-12 10:00:00,5447.21,5527.14,5401.11,5489.22,66527
2025-06-12 11:00:00,5489.22,5512.15,5446.99,5454.32,66264
2025-06-12 12:00:00,5454.32,5496.67,5440.01,5489.57,64911
2025-06-12 13:00:00,5489.57,5532.79,5471.79,5516.49,88912
2025-06-12 14:00:00,5516.49,5532.41,5443.84,5464.59,88156
2025-06-12 15:00:00,5464.59,5510.11,5436.82,5458.18,91445
2025-06-12 16:00:00,5458.18,5536.17,5447.4,5493.71,91157
2025-06-12 17:00:00,5493.71,5607.67,5432.37,5554.02,90236
2025-06-12 18:00:00,5554.02,5626.31,5460.1,5480.16,89489
2025-06-12 19:00:00,5480.16,5504.02,5391.22,5449.48,90478
2025-06-12 20:00:00,5449.48,5503.89,5313.13,5322.88,89580
2025-06-12 21:00:00,5322.88,5324.58,5271.29,5279.41,2917
2025-06-12 22:00:00,5279.41,5279.92,5240.48,5241.2,272
2025-06-12 23:00:00,5241.2,5251.69,5214.4,5215.32,2987
2025-06-13 00:00:00,5215.32,5226.34,5187.04,5188.49,2935
2025-06-13 01:00:00,5188.49,5192.51,5145.7,5153.17,2942
2025-06-13 02:00:00,5153.17,5157.06,5092.3,5101.37,3005
2025-06-13 03:00:00,5101.37,5109.14,5065.96,5071.72,2996
2025-06-13 04:00:00,5071.72,5076.11,5033.41,5040.03,2996
2025-06-13 05:00:00,5040.03,5043.05,5002.75,5006.73,3014
2025-06-13 06:00:00,5006.73,5007.64,4965.03,4965.8,2961
2025-06-13 07:00:00,4965.8,4973.82,4930.23,4932.72,3021
2025-06-13 08:00:00,4932.72,4978.85,4895.62,4916.39,65975
2025-06-13 09:00:00,4916.39,4932.8,4832.76,4836.41,65508
2025-06-13 10:00:00,4836.41,4879.91,4732.04,4751.33,67625
2025-06-13 11:00:00,4751.33,4771.12,4673.45,4707.23,66087
2025-06-13 12:00:00,4707.23,4763.05,4677.98,4736.29,66658
2025-06-13 13:00:00,4736.29,4762.52,4617.35,4636.03,88344
2025-06-13 14:00:00,4636.03,4661.63,4561.62,4609.69,91233
2025-06-13 15:00:00,4609.69,4676.2,4534.54,4546.47,88183
2025-06-13 16:00:00,4546.47,4630.25,4509.75,4560.25,90125
2025-06-13 17:00:00,4560.25,4592.34,4402.14,4433.66,87922
2025-06-13 18:00:00,4433.66,4487.16,4387.2,4416.61,88608
2025-06-13 19:00:00,4416.61,4498.75,4301.19,4330.14,88771
2025-06-13 20:00:00,4330.14,4354.06,4215.41,4235.34,91271
2025-06-13 21:00:00,4235.34,4241.7,4215.13,4224.2,2956
2025-06-13 22:00:00,4224.2,4225.04,4191.91,4192.34,265
2025-06-13 23:00:00,4192.34,4198.07,4164.93,4166.61,2964
2025-06-16 00:00:00,4166.61,4172.43,4136.94,4138.41,2973
2025-06-16 01:00:00,4138.41,4141.98,4103.5,4103.76,3010
2025-06-16 02:00:00,4103.76,4107.55,4066.89,4073.49,2990
2025-06-16 03:00:00,4073.49,4079.01,4040.61,4042.27,2953
2025-06-16 04:00:00,4042.27,4047.46,4027.67,4028.9,2965
2025-06-16 05:00:00,4028.9,4030.28,4022.24,4024.07,2962
2025-06-16 06:00:00,4024.07,4029.74,4021.36,4028.06,3054
2025-06-16 07:00:00,4028.06,4029.23,4019.85,4024.63,3007
2025-06-16 08:00:00,4024.63,4038.26,4005.8,4015.35,65741
2025-06-16 09:00:00,4015.35,4028.42,3985.73,4005.15,65900
2025-06-16 10:00:00,4005.15,4024.74,3975.41,3992.34,66281
2025-06-16 11:00:00,3992.34,3994.22,3952.01,3964.18,65889
2025-06-16 12:00:00,3964.18,4004.9,3959.24,3996.83,64455
2025-06-16 13:00:00,3996.83,4068.13,3987.31,4042.39,89443
2025-06-16 14:00:00,4042.39,4102.51,4037.29,4094.14,89338
2025-06-16 15:00:00,4094.14,4146.08,4073.11,4137.1,92314
2025-06-16 16:00:00,4137.1,4164.4,4107.32,4123.08,89313
2025-06-16 17:00:00,4123.08,4127.0,4052.74,4064.35,90077
2025-06-16 18:00:00,4064.35,4158.96,3917.35,3962.93,89215
2025-06-16 19:00:00,3962.93,3980.68,3934.15,3949.88,90492
2025-06-16 20:00:00,3949.88,3958.24,3894.39,3945.53,89479
2025-06-16 21:00:00,3945.53,3956.27,3942.62,3950.65,2937
2025-06-16 22:00:00,3950.65,3951.19,3950.28,3951.12,275
2025-06-16 23:00:00,3951.12,3957.45,3947.13,3955.53,2882
2025-06-17 00:00:00,3955.53,3958.5,3949.16,3949.88,2959
2025-06-17 01:00:00,3949.88,3957.58,3949.13,3953.09,3022
2025-06-17 02:00:00,3953.09,3954.45,3945.82,3949.32,2952
2025-06-17 03:00:00,3949.32,3956.43,3943.17,3947.51,3024
2025-06-17 04:00:00,3947.51,3952.18,3942.43,3945.97,2931
2025-06-17 05:00:00,3945.97,3949.6,3940.05,3947.77,2894
2025-06-17 06:00:00,3947.77,3953.07,3943.5,3952.11,3026
2025-06-17 07:00:00,3952.11,3954.71,3947.45,3953.21,2978
2025-06-17 08:00:00,3953.21,3989.38,3943.72,3981.87,67622
2025-06-17 09:00:00,3981.87,3991.59,3947.41,3967.73,65902
2025-06-17 10:00:00,3967.73,4003.25,3959.83,3984.53,66854
2025-06-17 11:00:00,3984.53,4017.15,3975.07,4007.02,66147
2025-06-17 12:00:00,4007.02,4014.16,3974.73,3999.78,65032
2025-06-17 13:00:00,3999.78,4004.79,3967.93,3974.57,89442
2025-06-17 14:00:00,3974.57,4015.19,3968.98,3980.34,90779
2025-06-17 15:00:00,3980.34,4014.35,3957.99,4001.91,91673
2025-06-17 16:00:00,4001.91,4010.44,3958.19,3984.77,91876
2025-06-17 17:00:00,3984.77,3996.9,3931.56,3947.46,89400
2025-06-17 18:00:00,3947.46,3957.16,3881.01,3895.33,89821
2025-06-17 19:00:00,3895.33,3949.46,3890.33,3927.33,92192
2025-06-17 20:00:00,3927.33,3941.45,3889.2,3921.83,91101
2025-06-17 21:00:00,3921.83,3923.17,3910.49,3917.24,3040
2025-06-17 22:00:00,3917.24,4070.06,3848.42,4002.77,266
2025-06-17 23:00:00,4002.77,4007.96,3988.7,3991.14,2988
2025-06-18 00:00:00,3991.14,3992.01,3965.81,3967.61,2958
2025-06-18 01:00:00,3967.61,3970.36,3927.66,3930.35,3001
2025-06-18 02:00:00,3930.35,3931.1,3902.49,3909.7,2955
2025-06-18 03:00:00,3909.7,3915.63,3897.97,3901.96,2969
2025-06-18 04:00:00,3901.96,3920.65,3886.52,3887.59,2941
2025-06-18 05:00:00,3887.59,3890.84,3859.36,3862.32,2830
2025-06-18 06:00:00,3862.32,3862.98,3815.77,3817.12,2926
2025-06-18 07:00:00,3817.12,3824.2,3776.99,3787.03,2915
2025-06-18 08:00:00,3787.03,3824.1,3764.92,3809.53,67298
2025-06-18 09:00:00,3809.53,3849.6,3763.26,3800.07,64829
2025-06-18 10:00:00,3800.07,3813.1,3736.47,3758.62,64971
2025-06-18 11:00:00,3758.62,3771.08,3704.24,3741.84,67246
2025-06-18 12:00:00,3741.84,3775.1,3705.23,3715.4,64945
2025-06-18 13:00:00,3715.4,3746.16,3666.58,3703.74,90461
2025-06-18 14:00:00,3703.74,3773.47,3668.53,3765.7,88462
2025-06-18 15:00:00,3765.7,3776.32,3671.7,3711.11,92210
2025-06-18 16:00:00,3711.11,3735.09,3658.79,3691.65,88886
2025-06-18 17:00:00,3691.65,3786.3,3600.08,3636.96,93645
2025-06-18 18:00:00,3636.96,3710.03,3598.07,3693.7,88724
2025-06-18 19:00:00,3693.7,3717.29,3598.39,3652.78,89398
2025-06-18 20:00:00,3652.78,3668.44,3568.96,3606.29,91719
2025-06-18 21:00:00,3606.29,3609.21,3581.41,3584.97,2967
2025-06-18 22:00:00,3584.97,3585.87,3560.07,3560.51,274
2025-06-18 23:00:00,3560.51,3565.75,3534.8,3539.43,2974
2025-06-19 00:00:00,3539.43,3541.35,3516.13,3517.17,2959
2025-06-19 01:00:00,3517.17,3518.61,3489.81,3491.85,2997
2025-06-19 02:00:00,3491.85,3497.04,3471.86,3473.35,2918
2025-06-19 03:00:00,3473.35,3477.63,3447.36,3448.68,2937
2025-06-19 04:00:00,3448.68,3450.25,3405.67,3411.76,2909
2025-06-19 05:00:00,3411.76,3414.32,3380.09,3382.88,2967
2025-06-19 06:00:00,3382.88,3384.7,3365.43,3366.68,3022
2025-06-19 07:00:00,3366.68,3389.33,3291.48,3304.52,2965
2025-06-19 08:00:00,3304.52,3323.55,3247.34,3291.84,65760
2025-06-19 09:00:00,3291.84,3311.8,3233.23,3240.84,65928
2025-06-19 10:00:00,3240.84,3260.02,3165.46,3176.98,65789
2025-06-19 11:00:00,3176.98,3220.91,3159.55,3186.93,66955
2025-06-19 12:00:00,3186.93,3242.14,3151.72,3204.25,65838
2025-06-19 13:00:00,3204.25,3213.78,3095.33,3135.78,88270
2025-06-19 14:00:00,3135.78,3161.3,2962.78,3011.03,89073
2025-06-19 15:00:00,3011.03,3072.71,2880.33,2946.9,91033
2025-06-19 16:00:00,2946.9,2973.79,2903.0,2942.36,91658
2025-06-19 17:00:00,2942.36,2971.52,2887.62,2941.44,89263
2025-06-19 18:00:00,2941.44,2957.64,2884.09,2907.38,89576
2025-06-19 19:00:00,2907.38,2910.22,2831.81,2871.55,90196
2025-06-19 20:00:00,2871.55,2956.04,2838.02,2942.39,87492
2025-06-19 21:00:00,2942.39,2969.47,2938.22,2967.58,2968
2025-06-19 22:00:00,2967.58,2990.06,2967.24,2989.64,270
2025-06-19 23:00:00,2989.64,3009.26,2986.89,3009.24,2982
2025-06-20 00:00:00,3009.24,3042.38,3006.33,3041.48,2936
2025-06-20 01:00:00,3041.48,3062.91,3038.41,3061.07,2969
2025-06-20 02:00:00,3061.07,3078.0,3060.36,3076.58,2956
2025-06-20 03:00:00,3076.58,3100.13,3070.33,3097.56,2979
2025-06-20 04:00:00,3097.56,3115.45,3095.75,3113.19,2893
2025-06-20 05:00:00,3113.19,3154.36,3111.43,3148.6,2923
2025-06-20 06:00:00,3148.6,3181.55,3144.26,3179.83,2893
2025-06-20 07:00:00,3179.83,3279.22,3147.87,3276.62,3020
2025-06-20 08:00:00,3276.62,3348.29,3255.47,3318.73,67815
2025-06-20 09:00:00,3318.73,3356.92,3301.73,3349.49,66128
2025-06-20 10:00:00,3349.49,3595.43,3339.57,3456.38,65451
2025-06-20 11:00:00,3456.38,3518.78,3439.21,3514.48,66182
2025-06-20 12:00:00,3514.48,3556.47,3501.47,3526.46,66298
2025-06-20 13:00:00,3526.46,3623.09,3504.89,3577.38,89719
2025-06-20 14:00:00,3577.38,3611.45,3526.92,3591.59,89783
2025-06-20 15:00:00,3591.59,3743.08,3548.8,3688.98,87892
2025-06-20 16:00:00,3688.98,3754.26,3625.91,3744.72,91048
2025-06-20 17:00:00,3744.72,3905.03,3740.0,3876.75,88684
2025-06-20 18:00:00,3876.75,3891.67,3802.58,3808.9,89013
2025-06-20 19:00:00,3808.9,3850.29,3776.35,3820.41,90012
2025-06-20 20:00:00,3820.41,3883.43,3794.61,3854.2,89989
2025-06-20 21:00:00,3854.2,3905.1,3853.28,3902.17,2960
2025-06-20 22:00:00,3902.17,3929.38,3901.75,3928.78,265
2025-06-20 23:00:00,3928.78,3965.77,3925.36,3963.01,2986
2025-06-23 00:00:00,3963.01,3993.87,3959.51,3987.85,2977
2025-06-23 01:00:00,3987.85,4009.78,3973.36,4003.84,2914
2025-06-23 02:00:00,4003.84,4040.92,4001.4,4038.36,2951
2025-06-23 03:00:00,4038.36,4075.72,4035.44,4074.44,3057
2025-06-23 04:00:00,4074.44,4100.81,4066.8,4095.14,2982
2025-06-23 05:00:00,4095.14,4128.98,4089.67,4126.11,2894
2025-06-23 06:00:00,4126.11,4153.75,4119.92,4148.63,2971
2025-06-23 07:00:00,4148.63,4183.69,4147.89,4180.15,2928
2025-06-23 08:00:00,4180.15,4265.68,4157.61,4232.61,65335
2025-06-23 09:00:00,4232.61,4303.26,4209.03,4248.27,66909
2025-06-23 10:00:00,4248.27,4285.11,4205.44,4250.58,65726
2025-06-23 11:00:00,4250.58,4322.79,4224.56,4300.01,66105
2025-06-23 12:00:00,4300.01,4416.43,4280.9,4412.12,66718
2025-06-23 13:00:00,4412.12,4585.55,4399.36,4546.77,90787
2025-06-23 14:00:00,4546.77,4601.28,4476.02,4576.63,91063
2025-06-23 15:00:00,4576.63,4681.21,4495.81,4657.39,89974
2025-06-23 16:00:00,4657.39,4685.29,4573.81,4592.54,90793
2025-06-23 17:00:00,4592.54,4761.05,4554.67,4582.48,88115
2025-06-23 18:00:00,4582.48,4650.04,4520.52,4571.71,90065
2025-06-23 19:00:00,4571.71,4582.55,4477.51,4507.38,88793
2025-06-23 20:00:00,4507.38,4555.87,4417.58,4502.88,91458
2025-06-23 21:00:00,4502.88,4538.26,4501.04,4533.21,2933
2025-06-23 22:00:00,4533.21,4567.0,4532.53,4566.01,265
2025-06-23 23:00:00,4566.01,4606.91,4563.75,4606.25,2951
2025-06-24 00:00:00,4606.25,4632.82,4597.07,4630.25,2879
2025-06-24 01:00:00,4630.25,4671.11,4627.82,4666.66,3007
2025-06-24 02:00:00,4666.66,4701.52,4665.0,4698.96,2975
2025-06-24 03:00:00,4698.96,4744.79,4695.14,4743.02,3048
2025-06-24 04:00:00,4743.02,4799.87,4740.66,4798.73,3013
2025-06-24 05:00:00,4798.73,4837.79,4798.7,4836.52,2926
2025-06-24 06:00:00,4836.52,4898.27,4834.58,4890.68,2937
2025-06-24 07:00:00,4890.68,4975.86,4868.07,4971.39,3022
2025-06-24 08:00:00,4971.39,5064.25,4871.57,4942.52,65735
2025-06-24 09:00:00,4942.52,5048.09,4920.3,4994.94,65473
2025-06-24 10:00:00,4994.94,5150.84,4941.96,5114.96,65989
2025-06-24 11:00:00,5114.96,5234.53,5073.45,5220.44,67165
2025-06-24 12:00:00,5220.44,5338.42,5198.19,5328.86,66091
2025-06-24 13:00:00,5328.86,5537.3,5307.46,5499.42,90730
2025-06-24 14:00:00,5499.42,5602.22,5475.08,5543.24,89800
2025-06-24 15:00:00,5543.24,5710.31,5504.17,5649.62,88784
2025-06-24 16:00:00,5649.62,5731.67,5618.77,5649.44,91421
2025-06-24 17:00:00,5649.44,5780.28,5602.16,5712.46,91859
2025-06-24 18:00:00,5712.46,5738.24,5571.29,5607.09,90827
2025-06-24 19:00:00,5607.09,5652.26,5530.66,5553.04,91924
2025-06-24 20:00:00,5553.04,5635.76,5502.24,5605.98,91692
2025-06-24 21:00:00,5605.98,5642.5,5605.25,5638.77,3075
2025-06-24 22:00:00,5638.77,5680.45,5637.71,5679.71,266
2025-06-24 23:00:00,5679.71,5717.81,5674.69,5716.77,3015
2025-06-25 00:00:00,5716.77,5885.48,5613.22,5823.78,2924
2025-06-25 01:00:00,5823.78,5859.28,5815.12,5850.23,2915
2025-06-25 02:00:00,5850.23,5894.95,5841.89,5886.26,3023
2025-06-25 03:00:00,5886.26,5945.03,5884.46,5938.84,2969
2025-06-25 04:00:00,5938.84,5996.73,5930.31,5991.59,2993
2025-06-25 05:00:00,5991.59,6036.78,5990.03,6034.04,2956
2025-06-25 06:00:00,6034.04,6074.54,6026.31,6065.89,2988
2025-06-25 07:00:00,6065.89,6113.71,6057.12,6105.16,2990
2025-06-25 08:00:00,6105.16,6180.1,6040.78,6125.12,66490
2025-06-25 09:00:00,6125.12,6226.07,6075.97,6202.13,64968
2025-06-25 10:00:00,6202.13,6296.45,6126.76,6140.6,66360
2025-06-25 11:00:00,6140.6,6196.18,6097.76,6130.72,65256
2025-06-25 12:00:00,6130.72,6193.53,6034.79,6044.45,66014
2025-06-25 13:00:00,6044.45,6133.25,5932.85,5939.84,90294
2025-06-25 14:00:00,5939.84,6072.14,5879.64,5916.77,88854
2025-06-25 15:00:00,5916.77,5935.84,5672.33,5699.22,92555
2025-06-25 16:00:00,5699.22,5738.4,5614.09,5631.21,90491
2025-06-25 17:00:00,5631.21,5646.21,5507.37,5575.27,87894
2025-06-25 18:00:00,5575.27,5750.81,5563.92,5633.3,88982
2025-06-25 19:00:00,5633.3,5699.85,5540.81,5589.35,89631
2025-06-25 20:00:00,5589.35,5673.83,5514.89,5581.39,87978
2025-06-25 21:00:00,5581.39,5582.85,5531.49,5544.63,2948
2025-06-25 22:00:00,5544.63,5545.53,5503.44,5503.68,267
2025-06-25 23:00:00,5503.68,5655.65,5458.24,5582.09,2903
2025-06-26 00:00:00,5582.09,5585.8,5512.17,5516.17,3025
2025-06-26 01:00:00,5516.17,5516.74,5473.87,5474.55,2962
2025-06-26 02:00:00,5474.55,5479.37,5417.41,5418.78,2938
2025-06-26 03:00:00,5418.78,5423.86,5368.99,5369.52,2963
2025-06-26 04:00:00,5369.52,5380.01,5332.18,5337.35,3001
2025-06-26 05:00:00,5337.35,5338.88,5310.46,5317.68,2953
2025-06-26 06:00:00,5317.68,5319.74,5268.37,5272.13,2927
2025-06-26 07:00:00,5272.13,5278.18,5249.79,5252.81,3005
2025-06-26 08:00:00,5252.81,5271.65,5065.71,5078.14,66999
2025-06-26 09:00:00,5078.14,5099.35,4959.65,4989.93,66393
2025-06-26 10:00:00,4989.93,5042.24,4936.54,4967.82,66107
2025-06-26 11:00:00,4967.82,5017.4,4909.23,4953.54,64251
2025-06-26 12:00:00,4953.54,5180.95,4866.95,5022.54,64606
2025-06-26 13:00:00,5022.54,5049.01,4896.26,4988.71,90126
2025-06-26 14:00:00,4988.71,5222.42,4976.18,5210.52,90693
2025-06-26 15:00:00,5210.52,5286.92,5155.86,5229.77,88865
2025-06-26 16:00:00,5229.77,5260.43,5160.74,5185.97,89351
2025-06-26 17:00:00,5185.97,5260.78,5075.16,5108.45,90688
2025-06-26 18:00:00,5108.45,5157.02,5006.62,5045.19,87973
2025-06-26 19:00:00,5045.19,5066.22,4945.9,5033.72,90425
2025-06-26 20:00:00,5033.72,5123.84,4989.09,5040.76,88574
2025-06-26 21:00:00,5040.76,5046.69,5001.33,5002.85,3009
2025-06-26 22:00:00,5002.85,5120.96,4921.77,5046.09,279
2025-06-26 23:00:00,5046.09,5046.82,4991.49,4995.92,2947
2025-06-27 00:00:00,4995.92,5047.01,4890.86,4913.84,2954
2025-06-27 01:00:00,4913.84,4916.69,4876.76,4882.59,2976
2025-06-27 02:00:00,4882.59,4885.71,4825.2,4831.87,2896
2025-06-27 03:00:00,4831.87,4835.95,4791.65,4793.39,2978
2025-06-27 04:00:00,4793.39,4942.39,4724.55,4841.78,2927
2025-06-27 05:00:00,4841.78,4845.88,4810.86,4819.28,2970
2025-06-27 06:00:00,4819.28,4827.16,4786.9,4791.93,2960
2025-06-27 07:00:00,4791.93,4794.35,4754.33,4765.62,2998
2025-06-27 08:00:00,4765.62,4960.41,4747.79,4926.76,64937
2025-06-27 09:00:00,4926.76,4964.23,4902.09,4936.98,65596
2025-06-27 10:00:00,4936.98,4995.32,4910.22,4979.38,64243
2025-06-27 11:00:00,4979.38,5232.56,4918.02,5091.49,65033
2025-06-27 12:00:00,5091.49,5129.41,4988.31,5110.65,66131
2025-06-27 13:00:00,5110.65,5227.18,5060.74,5159.24,92758
2025-06-27 14:00:00,5159.24,5252.95,5107.83,5203.27,91328
2025-06-27 15:00:00,5203.27,5241.02,5113.54,5165.43,86036
2025-06-27 16:00:00,5165.43,5214.04,5096.54,5117.53,90798
2025-06-27 17:00:00,5117.53,5204.58,5071.18,5141.91,91954
2025-06-27 18:00:00,5141.91,5291.88,5138.72,5202.83,92482
2025-06-27 19:00:00,5202.83,5289.14,5136.69,5167.87,91634
2025-06-27 20:00:00,5167.87,5216.92,5082.45,5130.99,93065
2025-06-27 21:00:00,5130.99,5180.99,5129.3,5178.77,3005
2025-06-27 22:00:00,5178.77,5339.06,5128.73,5313.99,269
2025-06-27 23:00:00,5313.99,5356.03,5312.02,5353.41,3036
2025-06-30 00:00:00,5353.41,5391.95,5346.16,5389.98,2937
2025-06-30 01:00:00,5389.98,5450.65,5388.48,5449.44,2919
2025-06-30 02:00:00,5449.44,5495.54,5443.81,5493.76,3043
2025-06-30 03:00:00,5493.76,5534.09,5491.06,5528.45,3020
2025-06-30 04:00:00,5528.45,5565.71,5524.73,5564.37,2884
2025-06-30 05:00:00,5564.37,5602.91,5561.34,5597.42,2985
2025-06-30 06:00:00,5597.42,5633.82,5592.16,5628.31,2997
2025-06-30 07:00:00,5628.31,5688.38,5622.95,5678.29,3040
2025-06-30 08:00:00,5678.29,5867.07,5677.05,5838.24,65140
2025-06-30 09:00:00,5838.24,5959.38,5771.14,5937.65,67538
2025-06-30 10:00:00,5937.65,5977.06,5908.35,5961.22,65574
2025-06-30 11:00:00,5961.22,6093.34,5901.59,6034.88,67195
2025-06-30 12:00:00,6034.88,6102.2,5997.21,6062.05,65898
2025-06-30 13:00:00,6062.05,6224.83,6050.3,6154.51,91951
2025-06-30 14:00:00,6154.51,6200.25,6078.18,6153.9,88722
2025-06-30 15:00:00,6153.9,6236.09,6074.87,6176.24,90535
2025-06-30 16:00:00,6176.24,6322.14,6128.14,6241.95,91024
2025-06-30 17:00:00,6241.95,6500.89,6154.54,6430.7,90736
2025-06-30 18:00:00,6430.7,6579.56,6405.25,6523.94,86847
2025-06-30 19:00:00,6523.94,6637.67,6244.89,6507.39,89869
2025-06-30 20:00:00,6507.39,6824.99,6344.87,6671.16,91316
2025-06-30 21:00:00,6671.16,6676.37,6658.82,6673.76,2962
2025-06-30 22:00:00,6673.76,6674.6,6673.53,6674.02,267
2025-06-30 23:00:00,6674.02,6680.25,6661.9,6667.0,2989
2025-07-01 00:00:00,6667.0,6675.54,6664.9,6674.19,2995
2025-07-01 01:00:00,6674.19,6682.73,6666.72,6676.51,2959
2025-07-01 02:00:00,6676.51,6677.95,6652.91,6663.02,3030
2025-07-01 03:00:00,6663.02,6670.05,6655.43,6663.04,2932
2025-07-01 04:00:00,6663.04,6673.36,6658.52,6663.53,2994
2025-07-01 05:00:00,6663.53,6684.05,6659.37,6679.5,3017
2025-07-01 06:00:00,6679.5,6693.47,6677.48,6688.1,2982
2025-07-01 07:00:00,6688.1,6705.61,6686.19,6701.21,2913
2025-07-01 08:00:00,6701.21,6732.61,6656.52,6671.71,66987
2025-07-01 09:00:00,6671.71,6691.9,6628.09,6644.4,66383
2025-07-01 10:00:00,6644.4,6713.85,6635.28,6698.91,65203
2025-07-01 11:00:00,6698.91,6770.1,6662.77,6766.57,66033
2025-07-01 12:00:00,6766.57,6969.92,6574.71,6656.71,65958
2025-07-01 13:00:00,6656.71,6690.94,6587.65,6630.86,89458
2025-07-01 14:00:00,6630.86,6767.97,6612.05,6753.58,90897
2025-07-01 15:00:00,6753.58,6763.24,6694.84,6725.93,88286
2025-07-01 16:00:00,6725.93,6773.36,6650.26,6700.89,90976
2025-07-01 17:00:00,6700.89,6741.04,6651.1,6664.07,90225
2025-07-01 18:00:00,6664.07,6695.72,6587.95,6612.98,91560
2025-07-01 19:00:00,6612.98,6684.39,6580.3,6670.39,89393
2025-07-01 20:00:00,6670.39,6708.63,6637.59,6684.85,89276
2025-07-01 21:00:00,6684.85,6691.59,6674.86,6677.88,2921
2025-07-01 22:00:00,6677.88,6678.12,6676.39,6677.99,271
2025-07-01 23:00:00,6677.99,6685.39,6674.16,6677.38,2950
2025-07-02 00:00:00,6677.38,6681.0,6664.75,6667.87,2920
2025-07-02 01:00:00,6667.87,6675.92,6660.46,6672.74,2977
2025-07-02 02:00:00,6672.74,6684.88,6668.54,6674.72,2957
2025-07-02 03:00:00,6674.72,6678.03,6663.58,6669.79,3025
2025-07-02 04:00:00,6669.79,6677.3,6662.14,6664.18,2957
2025-07-02 05:00:00,6664.18,6670.69,6652.46,6665.83,2992
2025-07-02 06:00:00,6665.83,6681.65,6663.61,6680.93,3024
2025-07-02 07:00:00,6680.93,6682.6,6669.16,6673.59,2921
2025-07-02 08:00:00,6673.59,6694.74,6618.44,6642.18,67241
2025-07-02 09:00:00,6642.18,6740.79,6352.99,6635.39,67200
2025-07-02 10:00:00,6635.39,6840.61,6542.32,6773.55,65915
2025-07-02 11:00:00,6773.55,6823.76,6651.56,6690.34,64581
2025-07-02 12:00:00,6690.34,6801.72,6684.35,6725.86,63974
2025-07-02 13:00:00,6725.86,6758.91,6487.74,6539.91,89066
2025-07-02 14:00:00,6539.91,6680.52,6498.74,6614.3,91308
2025-07-02 15:00:00,6614.3,6734.62,6579.75,6671.01,88770
2025-07-02 16:00:00,6671.01,6914.31,6633.49,6791.74,91908
2025-07-02 17:00:00,6791.74,6817.37,6620.88,6665.38,90059
2025-07-02 18:00:00,6665.38,6715.09,6423.54,6445.56,89535
2025-07-02 19:00:00,6445.56,6523.7,6355.52,6450.03,91209
2025-07-02 20:00:00,6450.03,6497.45,6324.05,6368.97,93508
2025-07-02 21:00:00,6368.97,6372.26,6308.67,6312.31,2991
2025-07-02 22:00:00,6312.31,6313.9,6264.74,6265.23,274
2025-07-02 23:00:00,6265.23,6268.5,6226.17,6231.76,3009
2025-07-03 00:00:00,6231.76,6232.77,6182.97,6189.61,2962
2025-07-03 01:00:00,6189.61,6193.1,6137.19,6141.12,2921
2025-07-03 02:00:00,6141.12,6142.85,6107.29,6110.1,3021
2025-07-03 03:00:00,6110.1,6123.82,6070.22,6072.48,2975
2025-07-03 04:00:00,6072.48,6090.85,6031.45,6037.38,3005
2025-07-03 05:00:00,6037.38,6052.82,5998.07,6002.65,2987
2025-07-03 06:00:00,6002.65,6005.12,5958.5,5961.14,2978
2025-07-03 07:00:00,5961.14,5964.88,5901.23,5902.79,3006
2025-07-03 08:00:00,5902.79,5979.28,5839.4,5899.45,67632
2025-07-03 09:00:00,5899.45,5925.3,5739.08,5768.63,66726
2025-07-03 10:00:00,5768.63,5837.55,5736.74,5758.63,65453
2025-07-03 11:00:00,5758.63,5816.45,5704.55,5729.67,65947
2025-07-03 12:00:00,5729.67,5754.7,5640.96,5689.9,67138
2025-07-03 13:00:00,5689.9,5704.67,5564.38,5636.83,89002
2025-07-03 14:00:00,5636.83,5736.33,5594.31,5642.71,88757
2025-07-03 15:00:00,5642.71,5842.83,5600.57,5835.4,92044
2025-07-03 16:00:00,5835.4,5912.74,5630.42,5667.52,88874
2025-07-03 17:00:00,5667.52,5737.79,5623.73,5676.56,88498
2025-07-03 18:00:00,5676.56,5737.54,5490.36,5551.35,89612
2025-07-03 19:00:00,5551.35,5559.35,5350.92,5359.67,91585
2025-07-03 20:00:00,5359.67,5430.38,5306.01,5330.54,89445
2025-07-03 21:00:00,5330.54,5339.32,5297.48,5297.74,3031
2025-07-03 22:00:00,5297.74,5298.71,5258.24,5259.07,273
2025-07-03 23:00:00,5259.07,5261.75,5122.16,5125.21,2992
2025-07-04 00:00:00,5125.21,5167.79,4906.62,5023.41,2994
2025-07-04 01:00:00,5023.41,5026.55,4978.51,4984.01,2937
2025-07-04 02:00:00,4984.01,4993.53,4971.44,4974.86,2927
2025-07-04 03:00:00,4974.86,4978.75,4947.4,4953.37,2995
2025-07-04 04:00:00,4953.37,5213.65,4915.56,5009.52,2936
2025-07-04 05:00:00,5009.52,5011.9,4972.13,4978.38,2958
2025-07-04 06:00:00,4978.38,4980.86,4959.49,4963.8,2950
2025-07-04 07:00:00,4963.8,4969.32,4912.21,4920.43,2984
2025-07-04 08:00:00,4920.43,4943.81,4823.4,4859.02,64378
2025-07-04 09:00:00,4859.02,4892.7,4816.85,4837.52,64987
2025-07-04 10:00:00,4837.52,4849.31,4768.21,4823.0,65413
2025-07-04 11:00:00,4823.0,4891.94,4776.85,4835.46,66124
2025-07-04 12:00:00,4835.46,4882.37,4794.86,4849.2,65523
2025-07-04 13:00:00,4849.2,4870.65,4663.32,4683.06,91493
2025-07-04 14:00:00,4683.06,4704.72,4601.56,4650.34,90212
2025-07-04 15:00:00,4650.34,4678.64,4501.95,4550.67,89667
2025-07-04 16:00:00,4550.67,4565.21,4445.58,4528.27,88646
2025-07-04 17:00:00,4528.27,4567.32,4424.47,4444.5,90343
2025-07-04 18:00:00,4444.5,4481.34,4279.28,4292.75,90243
2025-07-04 19:00:00,4292.75,4422.22,4184.44,4205.48,91335
2025-07-04 20:00:00,4205.48,4276.74,4139.98,4183.83,89332
2025-07-04 21:00:00,4183.83,4279.9,4037.19,4232.99,2977
2025-07-04 22:00:00,4232.99,4233.8,4201.13,4201.77,275
2025-07-04 23:00:00,4201.77,4204.34,4163.1,4166.37,2973
2025-07-07 00:00:00,4166.37,4170.25,4128.15,4130.47,3015
2025-07-07 01:00:00,4130.47,4136.5,4101.94,4106.42,2984
2025-07-07 02:00:00,4106.42,4107.55,4080.17,4082.25,2956
2025-07-07 03:00:00,4082.25,4084.71,4047.18,4050.35,3006
2025-07-07 04:00:00,4050.35,4052.6,4009.01,4011.83,2972
2025-07-07 05:00:00,4011.83,4014.54,3980.28,3984.81,2965
2025-07-07 06:00:00,3984.81,3989.54,3946.84,3952.6,2969
2025-07-07 07:00:00,3952.6,3956.2,3922.42,3925.68,2915
2025-07-07 08:00:00,3925.68,3957.46,3842.73,3855.97,67767
2025-07-07 09:00:00,3855.97,3921.69,3830.6,3846.25,64897
2025-07-07 10:00:00,3846.25,3864.85,3782.02,3802.8,65554
2025-07-07 11:00:00,3802.8,3886.78,3766.88,3880.23,65571
2025-07-07 12:00:00,3880.23,3892.44,3785.54,3797.45,64447
2025-07-07 13:00:00,3797.45,3872.7,3754.99,3821.34,93266
2025-07-07 14:00:00,3821.34,3870.0,3732.13,3746.97,90484
2025-07-07 15:00:00,3746.97,3759.83,3557.93,3639.66,89147
2025-07-07 16:00:00,3639.66,3681.43,3521.35,3546.71,91869
2025-07-07 17:00:00,3546.71,3579.83,3462.69,3475.52,88191
2025-07-07 18:00:00,3475.52,3504.54,3464.31,3471.22,88843
2025-07-07 19:00:00,3471.22,3595.67,3370.86,3576.68,87679
2025-07-07 20:00:00,3576.68,3630.34,3566.13,3623.9,88032
2025-07-07 21:00:00,3623.9,3626.2,3618.58,3622.92,3000
2025-07-07 22:00:00,3622.92,3623.09,3621.74,3621.88,279
2025-07-07 23:00:00,3621.88,3626.58,3618.46,3623.05,2950
2025-07-08 00:00:00,3623.05,3633.39,3622.1,3631.2,2976
2025-07-08 01:00:00,3631.2,3634.3,3627.77,3629.68,3032
2025-07-08 02:00:00,3629.68,3634.31,3628.34,3632.75,2995
2025-07-08 03:00:00,3632.75,3639.3,3632.41,3635.79,3021
2025-07-08 04:00:00,3635.79,3638.21,3627.88,3628.39,2938
2025-07-08 05:00:00,3628.39,3631.24,3621.99,3624.02,2905
2025-07-08 06:00:00,3624.02,3632.23,3622.09,3631.25,3072
2025-07-08 07:00:00,3631.25,3636.5,3629.81,3632.35,2923
2025-07-08 08:00:00,3632.35,3642.16,3600.6,3617.02,66329
2025-07-08 09:00:00,3617.02,3649.5,3608.05,3644.51,65970
2025-07-08 10:00:00,3644.51,3672.14,3642.04,3670.86,65028
2025-07-08 11:00:00,3670.86,3699.65,3657.8,3690.75,65075
2025-07-08 12:00:00,3690.75,3702.74,3669.57,3688.63,65610
2025-07-08 13:00:00,3688.63,3700.53,3655.3,3681.64,89882
2025-07-08 14:00:00,3681.64,3694.77,3632.64,3655.16,88969
2025-07-08 15:00:00,3655.16,3699.6,3642.76,3676.88,91041
2025-07-08 16:00:00,3676.88,3715.9,3642.14,3656.32,89051
2025-07-08 17:00:00,3656.32,3687.08,3644.71,3661.33,88677
2025-07-08 18:00:00,3661.33,3671.46,3612.26,3625.68,90068
2025-07-08 19:00:00,3625.68,3686.49,3624.3,3661.58,88685
2025-07-08 20:00:00,3661.58,3677.22,3632.23,3657.0,90925
2025-07-08 21:00:00,3657.0,3660.0,3652.98,3655.61,3008
2025-07-08 22:00:00,3655.61,3656.45,3655.21,3655.96,273
2025-07-08 23:00:00,3655.96,3658.48,3650.98,3655.64,2970
2025-07-09 00:00:00,3655.64,3659.79,3651.82,3657.19,2922
2025-07-09 01:00:00,3657.19,3660.74,3652.31,3658.57,2974
2025-07-09 02:00:00,3658.57,3662.92,3649.94,3654.8,3008
2025-07-09 03:00:00,3654.8,3659.48,3650.02,3656.38,2996
2025-07-09 04:00:00,3656.38,3660.39,3652.86,3659.58,2965
2025-07-09 05:00:00,3659.58,3669.77,3658.37,3663.36,2930
2025-07-09 06:00:00,3663.36,3669.52,3662.1,3665.36,2913
2025-07-09 07:00:00,3665.36,3668.75,3661.32,3663.78,3036
2025-07-09 08:00:00,3663.78,3690.85,3638.79,3679.38,64988
2025-07-09 09:00:00,3679.38,3707.69,3669.99,3684.84,64724
2025-07-09 10:00:00,3684.84,3707.44,3678.29,3698.24,65206
2025-07-09 11:00:00,3698.24,3714.13,3678.64,3695.55,66857
2025-07-09 12:00:00,3695.55,3800.98,3606.29,3761.65,65750
2025-07-09 13:00:00,3761.65,3806.5,3747.95,3771.12,91220
2025-07-09 14:00:00,3771.12,3778.14,3713.93,3726.92,89938
2025-07-09 15:00:00,3726.92,3739.95,3670.49,3699.81,86552
2025-07-09 16:00:00,3699.81,3712.46,3673.8,3689.06,90381
2025-07-09 17:00:00,3689.06,3702.53,3661.8,3682.36,88417
2025-07-09 18:00:00,3682.36,3708.48,3561.07,3603.6,88996
2025-07-09 19:00:00,3603.6,3622.63,3586.35,3610.29,88076
2025-07-09 20:00:00,3610.29,3622.91,3578.23,3592.0,90858
2025-07-09 21:00:00,3592.0,3593.27,3581.68,3583.47,2919
2025-07-09 22:00:00,3583.47,3583.74,3582.89,3583.1,269
2025-07-09 23:00:00,3583.1,3584.37,3570.95,3574.17,2981
2025-07-10 00:00:00,3574.17,3580.26,3571.53,3577.37,2942
2025-07-10 01:00:00,3577.37,3579.11,3571.75,3572.11,3020
2025-07-10 02:00:00,3572.11,3575.48,3568.96,3573.0,2927
2025-07-10 03:00:00,3573.0,3577.07,3569.96,3575.56,3042
2025-07-10 04:00:00,3575.56,3581.21,3571.63,3576.55,2921
2025-07-10 05:00:00,3576.55,3625.76,3558.42,3613.16,2990
2025-07-10 06:00:00,3613.16,3618.79,3611.34,3613.81,2937
2025-07-10 07:00:00,3613.81,3682.31,3555.39,3651.52,3084
2025-07-10 08:00:00,3651.52,3675.64,3628.32,3664.81,65564
2025-07-10 09:00:00,3664.81,3701.77,3654.59,3695.13,62642
2025-07-10 10:00:00,3695.13,3740.23,3686.51,3727.13,67105
2025-07-10 11:00:00,3727.13,3746.28,3610.21,3674.95,67367
2025-07-10 12:00:00,3674.95,3700.25,3667.51,3683.06,65125
2025-07-10 13:00:00,3683.06,3719.74,3668.14,3693.9,92262
2025-07-10 14:00:00,3693.9,3700.67,3644.47,3661.71,89634
2025-07-10 15:00:00,3661.71,3675.74,3633.56,3653.43,91374
2025-07-10 16:00:00,3653.43,3704.06,3642.75,3690.37,91216
2025-07-10 17:00:00,3690.37,3727.05,3668.51,3681.98,91102
2025-07-10 18:00:00,3681.98,3748.55,3673.27,3720.89,89746
2025-07-10 19:00:00,3720.89,3774.03,3698.41,3752.75,89384
2025-07-10 20:00:00,3752.75,3772.13,3722.15,3754.5,88463
2025-07-10 21:00:00,3754.5,3758.68,3752.14,3755.75,2993
2025-07-10 22:00:00,3755.75,3755.86,3755.3,3755.55,270
2025-07-10 23:00:00,3755.55,3757.81,3742.9,3750.36,3024
2025-07-11 00:00:00,3750.36,3752.8,3745.68,3749.44,2945
2025-07-11 01:00:00,3749.44,3760.28,3711.97,3721.75,2972
2025-07-11 02:00:00,3721.75,3724.25,3717.03,3717.34,2974
2025-07-11 03:00:00,3717.34,3723.08,3711.67,3717.75,2961
2025-07-11 04:00:00,3717.75,3720.19,3711.47,3716.57,2933
2025-07-11 05:00:00,3716.57,3718.56,3710.96,3716.67,2968
2025-07-11 06:00:00,3716.67,3725.94,3716.07,3722.09,2968
2025-07-11 07:00:00,3722.09,3724.4,3714.91,3718.89,2953
2025-07-11 08:00:00,3718.89,3734.18,3704.6,3717.19,66165
2025-07-11 09:00:00,3717.19,3732.84,3670.55,3673.26,64563
2025-07-11 10:00:00,3673.26,3682.45,3648.4,3654.5,67543
2025-07-11 11:00:00,3654.5,3666.83,3634.84,3654.39,66133
2025-07-11 12:00:00,3654.39,3676.41,3639.27,3649.56,66667
2025-07-11 13:00:00,3649.56,3671.33,3628.1,3650.01,91560
2025-07-11 14:00:00,3650.01,3662.23,3620.55,3639.22,90062
2025-07-11 15:00:00,3639.22,3645.57,3605.48,3633.25,89002
2025-07-11 16:00:00,3633.25,3668.59,3623.35,3636.22,90263
2025-07-11 17:00:00,3636.22,3755.78,3607.23,3688.92,87817
2025-07-11 18:00:00,3688.92,3729.98,3674.32,3690.1,89621
2025-07-11 19:00:00,3690.1,3728.94,3666.93,3708.0,89690
2025-07-11 20:00:00,3708.0,3737.86,3670.1,3725.42,91490
2025-07-11 21:00:00,3725.42,3734.02,3724.02,3730.91,2929
2025-07-11 22:00:00,3730.91,3731.55,3730.6,3730.72,266
2025-07-11 23:00:00,3730.72,3739.59,3728.73,3737.99,2947
2025-07-14 00:00:00,3737.99,3740.58,3734.83,3738.14,3015
2025-07-14 01:00:00,3738.14,3749.77,3737.64,3746.39,2949
2025-07-14 02:00:00,3746.39,3747.64,3738.99,3740.75,2976
2025-07-14 03:00:00,3740.75,3743.78,3736.8,3740.11,3010
2025-07-14 04:00:00,3740.11,3741.49,3733.37,3739.28,2988
2025-07-14 05:00:00,3739.28,3745.26,3735.57,3744.23,2977
2025-07-14 06:00:00,3744.23,3744.69,3737.65,3741.68,3037
2025-07-14 07:00:00,3741.68,3744.06,3732.84,3735.24,3039
2025-07-14 08:00:00,3735.24,3753.35,3717.66,3739.07,66643
2025-07-14 09:00:00,3739.07,3751.12,3714.55,3726.38,65206
2025-07-14 10:00:00,3726.38,3753.4,3716.7,3738.17,66296
2025-07-14 11:00:00,3738.17,3761.2,3728.51,3732.06,64921
2025-07-14 12:00:00,3732.06,3744.44,3683.83,3704.22,65422
2025-07-14 13:00:00,3704.22,3721.59,3676.18,3702.39,93748
2025-07-14 14:00:00,3702.39,3732.85,3677.68,3713.52,89349
2025-07-14 15:00:00,3713.52,3727.28,3672.94,3691.63,90938
2025-07-14 16:00:00,3691.63,3705.46,3664.95,3691.21,88530
2025-07-14 17:00:00,3691.21,3744.36,3676.11,3710.94,89938
2025-07-14 18:00:00,3710.94,3725.59,3668.89,3686.43,90772
2025-07-14 19:00:00,3686.43,3704.72,3617.22,3635.17,89634
2025-07-14 20:00:00,3635.17,3657.68,3610.47,3632.89,91042
2025-07-14 21:00:00,3632.89,3636.52,3628.08,3635.02,2946
2025-07-14 22:00:00,3635.02,3635.58,3634.75,3634.91,276
2025-07-14 23:00:00,3634.91,3644.39,3634.79,3640.73,2899
2025-07-15 00:00:00,3640.73,3642.22,3634.5,3636.79,3020
2025-07-15 01:00:00,3636.79,3643.81,3635.31,3640.23,3012
2025-07-15 02:00:00,3640.23,3657.99,3563.59,3605.1,2909
2025-07-15 03:00:00,3605.1,3607.72,3601.08,3606.22,3063
2025-07-15 04:00:00,3606.22,3609.68,3602.96,3607.47,2911
2025-07-15 05:00:00,3607.47,3608.75,3600.5,3604.45,2971
2025-07-15 06:00:00,3604.45,3611.7,3601.77,3608.6,3041
2025-07-15 07:00:00,3608.6,3638.34,3566.49,3576.01,2916
2025-07-15 08:00:00,3576.01,3602.36,3552.8,3597.29,65266
2025-07-15 09:00:00,3597.29,3605.76,3549.23,3557.05,66413
2025-07-15 10:00:00,3557.05,3604.01,3552.7,3600.21,65108
2025-07-15 11:00:00,3600.21,3638.49,3593.38,3630.0,64264
2025-07-15 12:00:00,3630.0,3648.82,3610.35,3640.4,66215
2025-07-15 13:00:00,3640.4,3656.59,3610.88,3640.51,91506
2025-07-15 14:00:00,3640.51,3651.71,3593.92,3608.55,89275
2025-07-15 15:00:00,3608.55,3647.03,3599.93,3621.05,89916
2025-07-15 16:00:00,3621.05,3630.73,3580.28,3609.2,89110
2025-07-15 17:00:00,3609.2,3634.71,3585.69,3624.08,93131
2025-07-15 18:00:00,3624.08,3638.07,3601.0,3616.6,89101
2025-07-15 19:00:00,3616.6,3645.88,3599.02,3625.85,91167
2025-07-15 20:00:00,3625.85,3675.86,3609.84,3654.06,88071
2025-07-15 21:00:00,3654.06,3659.0,3649.1,3649.96,2976
2025-07-15 22:00:00,3649.96,3650.63,3649.73,3649.93,274
2025-07-15 23:00:00,3649.93,3651.08,3644.35,3648.1,2884
2025-07-16 00:00:00,3648.1,3649.93,3644.2,3645.28,2929
2025-07-16 01:00:00,3645.28,3646.73,3638.99,3644.9,2978
2025-07-16 02:00:00,3644.9,3648.0,3641.86,3645.89,2986
2025-07-16 03:00:00,3645.89,3651.82,3644.2,3649.7,2929
2025-07-16 04:00:00,3649.7,3652.1,3642.21,3642.94,3006
2025-07-16 05:00:00,3642.94,3643.45,3636.46,3639.76,2930
2025-07-16 06:00:00,3639.76,3642.32,3634.07,3638.25,2925
2025-07-16 07:00:00,3638.25,3641.54,3630.86,3633.09,3037
2025-07-16 08:00:00,3633.09,3643.54,3607.21,3630.29,66007
2025-07-16 09:00:00,3630.29,3639.31,3609.64,3622.47,66201
2025-07-16 10:00:00,3622.47,3641.72,3609.28,3628.2,66188
2025-07-16 11:00:00,3628.2,3658.33,3621.6,3646.39,66728
2025-07-16 12:00:00,3646.39,3686.95,3634.1,3670.8,65166
2025-07-16 13:00:00,3670.8,3712.41,3605.91,3630.2,89825
2025-07-16 14:00:00,3630.2,3681.56,3624.65,3626.46,90173
2025-07-16 15:00:00,3626.46,3646.62,3603.71,3626.75,89042
2025-07-16 16:00:00,3626.75,3650.97,3593.43,3609.41,88939
2025-07-16 17:00:00,3609.41,3652.71,3589.66,3615.78,91116
2025-07-16 18:00:00,3615.78,3639.09,3600.07,3608.2,88502
2025-07-16 19:00:00,3608.2,3703.07,3601.46,3623.62,90640
2025-07-16 20:00:00,3623.62,3635.27,3595.86,3629.65,90754
2025-07-16 21:00:00,3629.65,3638.23,3628.43,3637.06,2886
2025-07-16 22:00:00,3637.06,3638.24,3636.92,3638.02,273
2025-07-16 23:00:00,3638.02,3643.33,3634.44,3634.94,2991
2025-07-17 00:00:00,3634.94,3681.23,3588.57,3678.43,2922
2025-07-17 01:00:00,3678.43,3683.41,3675.62,3679.32,3013
2025-07-17 02:00:00,3679.32,3682.75,3673.51,3674.72,2940
2025-07-17 03:00:00,3674.72,3697.63,3609.95,3640.98,2932
2025-07-17 04:00:00,3640.98,3645.42,3639.12,3640.74,2928
2025-07-17 05:00:00,3640.74,3644.98,3635.22,3637.68,2976
2025-07-17 06:00:00,3637.68,3641.3,3635.22,3639.48,3020
2025-07-17 07:00:00,3639.48,3645.96,3635.35,3641.49,2875
2025-07-17 08:00:00,3641.49,3663.87,3633.32,3650.37,65186
2025-07-17 09:00:00,3650.37,3671.0,3639.18,3656.82,66517
2025-07-17 10:00:00,3656.82,3682.78,3649.34,3676.09,66027
2025-07-17 11:00:00,3676.09,3706.53,3674.06,3692.01,65329
2025-07-17 12:00:00,3692.01,3726.32,3675.61,3715.85,65673
2025-07-17 13:00:00,3715.85,3744.26,3697.99,3709.69,90215
2025-07-17 14:00:00,3709.69,3728.63,3682.95,3687.09,91232
2025-07-17 15:00:00,3687.09,3700.3,3642.26,3652.05,88177
2025-07-17 16:00:00,3652.05,3667.77,3610.61,3621.75,89841
2025-07-17 17:00:00,3621.75,3627.08,3584.51,3597.84,89487
2025-07-17 18:00:00,3597.84,3700.9,3498.66,3622.86,91875
2025-07-17 19:00:00,3622.86,3641.57,3592.87,3610.92,90785
2025-07-17 20:00:00,3610.92,3658.81,3598.71,3625.29,88833
2025-07-17 21:00:00,3625.29,3689.96,3613.39,3658.26,2903
2025-07-17 22:00:00,3658.26,3658.34,3657.24,3657.58,276
2025-07-17 23:00:00,3657.58,3662.78,3655.93,3660.83,2917
2025-07-18 00:00:00,3660.83,3669.22,3655.64,3667.34,2966
2025-07-18 01:00:00,3667.34,3670.96,3659.19,3660.31,3033
2025-07-18 02:00:00,3660.31,3661.19,3653.63,3657.1,2961
2025-07-18 03:00:00,3657.1,3680.6,3590.66,3622.87,3040
2025-07-18 04:00:00,3622.87,3627.8,3617.91,3623.53,2895
2025-07-18 05:00:00,3623.53,3624.06,3617.79,3619.8,2970
2025-07-18 06:00:00,3619.8,3626.97,3618.2,3624.0,2956
2025-07-18 07:00:00,3624.0,3629.26,3618.76,3627.01,3042
2025-07-18 08:00:00,3627.01,3648.07,3612.97,3641.18,65000
2025-07-18 09:00:00,3641.18,3644.79,3610.13,3626.53,66019
2025-07-18 10:00:00,3626.53,3656.7,3604.12,3612.9,64656
2025-07-18 11:00:00,3612.9,3634.66,3600.72,3613.48,64905
2025-07-18 12:00:00,3613.48,3624.06,3573.81,3597.31,65213
2025-07-18 13:00:00,3597.31,3617.62,3567.6,3590.38,91017
2025-07-18 14:00:00,3590.38,3597.76,3556.05,3582.94,87557
2025-07-18 15:00:00,3582.94,3614.92,3548.97,3575.81,88598
2025-07-18 16:00:00,3575.81,3586.82,3541.46,3577.69,89516
2025-07-18 17:00:00,3577.69,3584.87,3544.31,3566.43,89648
2025-07-18 18:00:00,3566.43,3585.75,3532.72,3567.94,89294
2025-07-18 19:00:00,3567.94,3585.98,3532.97,3542.78,89836
2025-07-18 20:00:00,3542.78,3562.23,3522.34,3535.1,90778
2025-07-18 21:00:00,3535.1,3586.77,3502.51,3577.94,2978
2025-07-18 22:00:00,3577.94,3578.1,3577.2,3577.31,269
2025-07-18 23:00:00,3577.31,3584.09,3573.79,3581.49,2973
2025-07-21 00:00:00,3581.49,3585.95,3576.24,3578.52,2934
2025-07-21 01:00:00,3578.52,3580.55,3570.46,3576.0,2992
2025-07-21 02:00:00,3576.0,3580.63,3570.9,3572.51,2989
2025-07-21 03:00:00,3572.51,3576.22,3569.58,3571.0,3013
2025-07-21 04:00:00,3571.0,3708.03,3310.18,3497.41,3035
2025-07-21 05:00:00,3497.41,3503.69,3494.0,3496.73,3017
2025-07-21 06:00:00,3496.73,3501.96,3493.98,3501.24,3006
2025-07-21 07:00:00,3501.24,3504.69,3495.77,3496.5,3024
2025-07-21 08:00:00,3496.5,3861.38,3444.39,3697.68,66462
2025-07-21 09:00:00,3697.68,3754.22,3639.52,3680.38,65139
2025-07-21 10:00:00,3680.38,3814.5,3352.36,3511.5,66216
2025-07-21 11:00:00,3511.5,3563.13,3481.86,3523.01,66693
2025-07-21 12:00:00,3523.01,3528.43,3415.85,3434.53,64878
2025-07-21 13:00:00,3434.53,3451.95,3366.23,3414.25,89468
2025-07-21 14:00:00,3414.25,3428.09,3350.89,3388.78,88464
2025-07-21 15:00:00,3388.78,3411.6,3300.3,3331.42,89910
2025-07-21 16:00:00,3331.42,3372.69,3286.29,3346.51,90837
2025-07-21 17:00:00,3346.51,3387.57,3237.22,3295.49,90589
2025-07-21 18:00:00,3295.49,3321.97,3262.39,3296.78,89836
2025-07-21 19:00:00,3296.78,3341.09,3221.29,3240.99,92720
2025-07-21 20:00:00,3240.99,3275.39,3188.98,3218.09,90541
2025-07-21 21:00:00,3218.09,3221.34,3183.53,3186.38,2963
2025-07-21 22:00:00,3186.38,3187.03,3162.72,3163.59,267
2025-07-21 23:00:00,3163.59,3167.36,3147.58,3151.15,2990
2025-07-22 00:00:00,3151.15,3156.03,3131.59,3135.51,2928
2025-07-22 01:00:00,3135.51,3139.25,3106.5,3111.94,2961
2025-07-22 02:00:00,3111.94,3114.16,3076.48,3079.49,2958
2025-07-22 03:00:00,3079.49,3081.94,3056.94,3062.64,2987
2025-07-22 04:00:00,3062.64,3065.65,3034.82,3035.57,3000
2025-07-22 05:00:00,3035.57,3038.29,3004.62,3006.39,3065
2025-07-22 06:00:00,3006.39,3008.47,2970.76,2973.25,3016
2025-07-22 07:00:00,2973.25,2974.47,2944.86,2947.45,3040
2025-07-22 08:00:00,2947.45,2958.33,2861.17,2869.86,65393
2025-07-22 09:00:00,2869.86,2891.22,2828.36,2835.99,65303
2025-07-22 10:00:00,2835.99,2880.9,2801.98,2808.93,67087
2025-07-22 11:00:00,2808.93,2835.25,2789.66,2807.24,67442
2025-07-22 12:00:00,2807.24,2841.38,2732.44,2830.72,68486
2025-07-22 13:00:00,2830.72,2880.75,2816.92,2842.37,91848
2025-07-22 14:00:00,2842.37,2842.93,2742.63,2759.86,87780
2025-07-22 15:00:00,2759.86,2786.05,2718.48,2725.9,89130
2025-07-22 16:00:00,2725.9,2744.29,2688.09,2691.02,89196
2025-07-22 17:00:00,2691.02,2845.73,2550.32,2679.87,91685
2025-07-22 18:00:00,2679.87,2716.92,2622.77,2644.41,89532
2025-07-22 19:00:00,2644.41,2668.01,2584.79,2594.7,89390
2025-07-22 20:00:00,2594.7,2684.44,2559.72,2659.6,89356
2025-07-22 21:00:00,2659.6,2665.77,2630.86,2640.58,2883
2025-07-22 22:00:00,2640.58,2640.86,2620.55,2621.16,270
2025-07-22 23:00:00,2621.16,2622.69,2590.65,2593.93,2987
2025-07-23 00:00:00,2593.93,2594.96,2574.97,2576.95,3058
2025-07-23 01:00:00,2576.95,2581.12,2562.73,2563.08,2931
2025-07-23 02:00:00,2563.08,2564.26,2546.08,2551.34,2992
2025-07-23 03:00:00,2551.34,2552.78,2529.54,2529.55,2994
2025-07-23 04:00:00,2529.55,2530.29,2504.09,2505.08,2922
2025-07-23 05:00:00,2505.08,2506.18,2483.56,2489.01,3002
2025-07-23 06:00:00,2489.01,2498.68,2476.2,2481.65,2991
2025-07-23 07:00:00,2481.65,2507.4,2441.51,2478.12,2949
2025-07-23 08:00:00,2478.12,2487.45,2441.1,2444.76,65746
2025-07-23 09:00:00,2444.76,2448.01,2381.94,2397.79,66502
2025-07-23 10:00:00,2397.79,2420.62,2387.23,2397.95,66245
2025-07-23 11:00:00,2397.95,2412.3,2344.11,2386.42,65379
2025-07-23 12:00:00,2386.42,2400.25,2367.83,2378.6,67889
2025-07-23 13:00:00,2378.6,2424.08,2366.91,2405.52,88995
2025-07-23 14:00:00,2405.52,2443.97,2335.56,2337.33,90955
2025-07-23 15:00:00,2337.33,2353.72,2278.99,2331.22,90908
2025-07-23 16:00:00,2331.22,2341.89,2270.48,2286.7,87914
2025-07-23 17:00:00,2286.7,2307.92,2218.95,2227.8,91192
2025-07-23 18:00:00,2227.8,2246.63,2175.28,2222.21,88483
2025-07-23 19:00:00,2222.21,2238.16,2186.76,2204.54,90660
2025-07-23 20:00:00,2204.54,2242.62,2190.57,2206.3,90659
2025-07-23 21:00:00,2206.3,2257.57,2112.25,2242.02,2903
2025-07-23 22:00:00,2242.02,2242.25,2226.69,2226.83,268
2025-07-23 23:00:00,2226.83,2227.68,2202.33,2205.37,2995
2025-07-24 00:00:00,2205.37,2207.17,2185.66,2186.47,3000
2025-07-24 01:00:00,2186.47,2187.37,2163.13,2165.02,2970
2025-07-24 02:00:00,2165.02,2168.51,2153.38,2154.36,2867
2025-07-24 03:00:00,2154.36,2159.54,2134.4,2137.11,3057
2025-07-24 04:00:00,2137.11,2139.99,2119.4,2122.04,3032
2025-07-24 05:00:00,2122.04,2127.56,2113.79,2116.16,2921
2025-07-24 06:00:00,2116.16,2117.91,2092.04,2092.94,2948
2025-07-24 07:00:00,2092.94,2094.87,2076.88,2078.81,2960
2025-07-24 08:00:00,2078.81,2092.12,2044.14,2065.89,64754
2025-07-24 09:00:00,2065.89,2086.44,2051.78,2078.94,64679
2025-07-24 10:00:00,2078.94,2099.18,2034.89,2040.78,66925
2025-07-24 11:00:00,2040.78,2046.89,2002.64,2021.72,63816
2025-07-24 12:00:00,2021.72,2027.93,1975.29,2016.39,64823
2025-07-24 13:00:00,2016.39,2037.87,1979.01,2015.08,89814
2025-07-24 14:00:00,2015.08,2036.78,1966.77,2007.73,90335
2025-07-24 15:00:00,2007.73,2014.47,1967.14,1978.52,92260
2025-07-24 16:00:00,1978.52,2009.97,1966.52,1986.22,89750
2025-07-24 17:00:00,1986.22,1988.55,1927.38,1949.13,89382
2025-07-24 18:00:00,1949.13,1973.07,1879.3,1891.15,88909
2025-07-24 19:00:00,1891.15,1910.03,1860.93,1903.99,89294
2025-07-24 20:00:00,1903.99,1947.35,1869.36,1890.88,89630
2025-07-24 21:00:00,1890.88,1893.19,1867.01,1867.78,2938
2025-07-24 22:00:00,1867.78,1868.13,1822.11,1830.34,272
2025-07-24 23:00:00,1830.34,1832.94,1814.58,1815.72,3019
2025-07-25 00:00:00,1815.72,1856.83,1716.77,1764.77,3028
2025-07-25 01:00:00,1764.77,1766.09,1753.22,1755.34,2973
2025-07-25 02:00:00,1755.34,1757.17,1743.11,1743.83,3009
2025-07-25 03:00:00,1743.83,1827.19,1678.83,1765.98,3028
2025-07-25 04:00:00,1765.98,1769.62,1749.46,1749.88,2972
2025-07-25 05:00:00,1749.88,1750.44,1735.97,1737.19,2944
2025-07-25 06:00:00,1737.19,1749.69,1688.16,1693.75,2995
2025-07-25 07:00:00,1693.75,1694.66,1679.22,1679.82,2920
2025-07-25 08:00:00,1679.82,1682.16,1630.54,1639.49,66298
2025-07-25 09:00:00,1639.49,1663.31,1631.21,1647.15,68001
2025-07-25 10:00:00,1647.15,1659.14,1626.81,1635.06,66435
2025-07-25 11:00:00,1635.06,1644.31,1616.44,1629.67,65225
2025-07-25 12:00:00,1629.67,1643.41,1606.25,1626.36,63090
2025-07-25 13:00:00,1626.36,1728.55,1564.19,1676.74,90529
2025-07-25 14:00:00,1676.74,1699.43,1644.04,1660.97,89467
2025-07-25 15:00:00,1660.97,1681.23,1635.72,1657.49,90142
2025-07-25 16:00:00,1657.49,1666.69,1595.1,1616.67,88086
2025-07-25 17:00:00,1616.67,1655.17,1589.35,1632.19,88923
2025-07-25 18:00:00,1632.19,1656.58,1599.37,1636.57,89256
2025-07-25 19:00:00,1636.57,1678.48,1589.28,1593.39,89237
2025-07-25 20:00:00,1593.39,1601.07,1553.59,1565.63,90640
2025-07-25 21:00:00,1565.63,1566.35,1553.21,1555.6,2888
2025-07-25 22:00:00,1555.6,1555.66,1543.67,1544.11,273
2025-07-25 23:00:00,1544.11,1544.26,1536.02,1538.48,2976
2025-07-28 00:00:00,1538.48,1540.68,1529.36,1531.17,3047
2025-07-28 01:00:00,1531.17,1533.07,1510.09,1512.61,2937
2025-07-28 02:00:00,1512.61,1557.72,1440.44,1469.5,2997
2025-07-28 03:00:00,1469.5,1470.21,1451.22,1455.0,2966
2025-07-28 04:00:00,1455.0,1456.05,1442.13,1442.73,2997
2025-07-28 05:00:00,1442.73,1443.05,1429.25,1430.46,3010
2025-07-28 06:00:00,1430.46,1431.78,1419.1,1419.93,3011
2025-07-28 07:00:00,1419.93,1421.45,1412.59,1415.6,2894
2025-07-28 08:00:00,1415.6,1426.19,1399.78,1406.0,65920
2025-07-28 09:00:00,1406.0,1428.73,1400.5,1423.23,66819
2025-07-28 10:00:00,1423.23,1431.03,1397.63,1402.01,65392
2025-07-28 11:00:00,1402.01,1423.53,1319.89,1417.06,65964
2025-07-28 12:00:00,1417.06,1422.21,1384.09,1394.01,65958
2025-07-28 13:00:00,1394.01,1401.18,1340.16,1361.01,89885
2025-07-28 14:00:00,1361.01,1361.72,1310.62,1316.41,91548
2025-07-28 15:00:00,1316.41,1333.33,1303.22,1306.28,90037
2025-07-28 16:00:00,1306.28,1311.56,1273.25,1278.16,91139
2025-07-28 17:00:00,1278.16,1282.4,1234.62,1239.33,88173
2025-07-28 18:00:00,1239.33,1285.5,1230.86,1273.15,89193
2025-07-28 19:00:00,1273.15,1276.91,1235.28,1261.88,90929
2025-07-28 20:00:00,1261.88,1271.35,1235.73,1238.35,88119
2025-07-28 21:00:00,1238.35,1239.54,1236.89,1237.08,3008
2025-07-28 22:00:00,1237.08,1237.44,1237.06,1237.41,277
2025-07-28 23:00:00,1237.41,1238.81,1235.85,1236.61,3002
2025-07-29 00:00:00,1236.61,1237.79,1235.55,1237.31,2938
2025-07-29 01:00:00,1237.31,1237.95,1235.01,1236.06,2892
2025-07-29 02:00:00,1236.06,1237.58,1235.09,1236.61,2989
2025-07-29 03:00:00,1236.61,1238.01,1234.17,1236.52,2911
2025-07-29 04:00:00,1236.52,1237.78,1233.31,1234.27,2961
2025-07-29 05:00:00,1234.27,1237.96,1233.66,1237.75,2982
2025-07-29 06:00:00,1237.75,1240.14,1236.56,1237.53,2983
2025-07-29 07:00:00,1237.53,1239.61,1235.79,1239.17,2945
2025-07-29 08:00:00,1239.17,1254.3,1236.81,1252.15,65043
2025-07-29 09:00:00,1252.15,1256.3,1248.97,1254.61,66886
2025-07-29 10:00:00,1254.61,1259.15,1248.66,1253.85,64805
2025-07-29 11:00:00,1253.85,1262.55,1243.09,1248.99,65252
2025-07-29 12:00:00,1248.99,1259.83,1242.07,1256.35,66796
2025-07-29 13:00:00,1256.35,1269.64,1249.53,1262.76,90887
2025-07-29 14:00:00,1262.76,1282.79,1260.96,1277.89,91899
2025-07-29 15:00:00,1277.89,1293.79,1273.29,1280.09,90489
2025-07-29 16:00:00,1280.09,1288.98,1270.83,1281.85,91011
2025-07-29 17:00:00,1281.85,1297.19,1273.93,1289.52,90724
2025-07-29 18:00:00,1289.52,1303.37,1283.89,1291.41,91706
2025-07-29 19:00:00,1291.41,1297.48,1279.9,1289.12,89215
2025-07-29 20:00:00,1289.12,1296.59,1285.54,1291.88,91015
2025-07-29 21:00:00,1291.88,1292.31,1288.76,1289.03,2952
2025-07-29 22:00:00,1289.03,1289.15,1288.82,1288.84,274
2025-07-29 23:00:00,1288.84,1289.44,1287.26,1287.92,2913
2025-07-30 00:00:00,1287.92,1290.04,1286.86,1287.54,3012
2025-07-30 01:00:00,1287.54,1289.37,1286.47,1288.81,3016
2025-07-30 02:00:00,1288.81,1291.63,1287.41,1291.08,2969
2025-07-30 03:00:00,1291.08,1293.99,1290.45,1293.01,2897
2025-07-30 04:00:00,1293.01,1293.2,1289.58,1290.92,2918
2025-07-30 05:00:00,1290.92,1327.32,1220.39,1267.02,2961
2025-07-30 06:00:00,1267.02,1267.6,1264.93,1266.75,2941
2025-07-30 07:00:00,1266.75,1269.27,1266.45,1268.54,2946
2025-07-30 08:00:00,1268.54,1278.2,1264.32,1269.69,65207
2025-07-30 09:00:00,1269.69,1281.71,1268.82,1274.86,64771
2025-07-30 10:00:00,1274.86,1279.23,1262.39,1263.17,64718
2025-07-30 11:00:00,1263.17,1282.61,1250.45,1273.76,67459
2025-07-30 12:00:00,1273.76,1279.44,1268.63,1272.91,64976
2025-07-30 13:00:00,1272.91,1311.59,1266.1,1303.56,90736
2025-07-30 14:00:00,1303.56,1310.85,1292.0,1294.72,86431
2025-07-30 15:00:00,1294.72,1306.82,1288.54,1295.39,89370
2025-07-30 16:00:00,1295.39,1299.1,1229.53,1244.94,88775
2025-07-30 17:00:00,1244.94,1264.61,1119.25,1168.13,87916
2025-07-30 18:00:00,1168.13,1180.87,1166.95,1173.06,88252
2025-07-30 19:00:00,1173.06,1186.98,1168.97,1177.77,87379
2025-07-30 20:00:00,1177.77,1186.16,1122.72,1155.11,91580
2025-07-30 21:00:00,1155.11,1155.9,1153.48,1154.24,2969
2025-07-30 22:00:00,1154.24,1154.34,1154.06,1154.13,273
2025-07-30 23:00:00,1154.13,1156.29,1152.82,1155.38,2909
2025-07-31 00:00:00,1155.38,1155.96,1153.44,1155.07,2996
2025-07-31 01:00:00,1155.07,1156.97,1154.23,1155.01,2948
2025-07-31 02:00:00,1155.01,1157.96,1154.81,1156.95,2981
2025-07-31 03:00:00,1156.95,1158.1,1155.89,1157.55,2945
2025-07-31 04:00:00,1157.55,1160.42,1156.18,1159.45,3031
2025-07-31 05:00:00,1159.45,1161.65,1158.64,1160.75,2959
2025-07-31 06:00:00,1160.75,1161.12,1158.1,1159.05,2963
2025-07-31 07:00:00,1159.05,1160.09,1157.74,1159.38,2961
2025-07-31 08:00:00,1159.38,1167.49,1152.21,1153.31,64527
2025-07-31 09:00:00,1153.31,1155.11,1141.37,1148.58,67998
2025-07-31 10:00:00,1148.58,1150.61,1142.53,1145.5,67914
2025-07-31 11:00:00,1145.5,1153.78,1140.18,1151.57,67508
2025-07-31 12:00:00,1151.57,1156.05,1148.97,1152.61,66803
2025-07-31 13:00:00,1152.61,1162.94,1142.76,1151.96,88433
2025-07-31 14:00:00,1151.96,1154.19,1139.79,1146.98,90169
2025-07-31 15:00:00,1146.98,1150.24,1138.43,1144.31,91100
2025-07-31 16:00:00,1144.31,1150.35,1129.5,1142.69,91584
2025-07-31 17:00:00,1142.69,1145.79,1097.4,1107.62,90396
2025-07-31 18:00:00,1107.62,1115.47,1100.29,1103.38,90435
2025-07-31 19:00:00,1103.38,1106.69,1090.91,1094.77,89253
2025-07-31 20:00:00,1094.77,1098.58,1083.69,1084.99,89087
2025-07-31 21:00:00,1084.99,1085.6,1082.17,1082.78,2989
2025-07-31 22:00:00,1082.78,1082.95,1082.72,1082.9,265
2025-07-31 23:00:00,1082.9,1083.85,1079.63,1079.76,2899
2025-08-01 00:00:00,1079.76,1081.3,1079.26,1080.4,2965
2025-08-01 01:00:00,1080.4,1081.42,1078.24,1079.31,3006
2025-08-01 02:00:00,1079.31,1080.62,1077.57,1078.09,2911
2025-08-01 03:00:00,1078.09,1081.38,1077.97,1079.68,2966
2025-08-01 04:00:00,1079.68,1081.36,1078.52,1080.01,3008
2025-08-01 05:00:00,1080.01,1081.79,1079.63,1080.61,2941
2025-08-01 06:00:00,1080.61,1118.98,1054.29,1061.24,2984
2025-08-01 07:00:00,1061.24,1062.15,1058.61,1059.21,2992
2025-08-01 08:00:00,1059.21,1065.76,1057.03,1061.19,64980
2025-08-01 09:00:00,1061.19,1074.59,1045.97,1072.68,67320
2025-08-01 10:00:00,1072.68,1073.92,1054.46,1057.52,67550
2025-08-01 11:00:00,1057.52,1063.57,1055.56,1060.66,65789
2025-08-01 12:00:00,1060.66,1069.13,1058.47,1066.48,64000
2025-08-01 13:00:00,1066.48,1076.52,1058.88,1073.12,91079
2025-08-01 14:00:00,1073.12,1076.79,1060.38,1073.7,91572
2025-08-01 15:00:00,1073.7,1076.18,1054.67,1068.84,90086
2025-08-01 16:00:00,1068.84,1115.08,1059.71,1109.73,88687
2025-08-01 17:00:00,1109.73,1150.24,1104.19,1142.97,88156
2025-08-01 18:00:00,1142.97,1157.18,1119.58,1122.14,89661
2025-08-01 19:00:00,1122.14,1150.79,1085.33,1109.28,89377
2025-08-01 20:00:00,1109.28,1124.81,1104.84,1117.35,90430
2025-08-01 21:00:00,1117.35,1125.28,1115.21,1125.12,2974
2025-08-01 22:00:00,1125.12,1133.16,1124.94,1132.93,270
2025-08-01 23:00:00,1132.93,1143.27,1132.17,1142.74,2961
2025-08-04 00:00:00,1142.74,1167.95,1106.86,1137.68,2968
2025-08-04 01:00:00,1137.68,1146.55,1136.8,1146.12,2936
2025-08-04 02:00:00,1146.12,1157.63,1144.42,1157.06,3015
2025-08-04 03:00:00,1157.06,1168.28,1156.02,1167.65,2889
2025-08-04 04:00:00,1167.65,1177.75,1167.28,1176.84,2983
2025-08-04 05:00:00,1176.84,1187.76,1175.78,1184.64,2943
2025-08-04 06:00:00,1184.64,1192.03,1183.96,1190.94,2970
2025-08-04 07:00:00,1190.94,1246.95,1175.72,1224.51,2939
2025-08-04 08:00:00,1224.51,1270.99,1219.57,1263.24,66170
2025-08-04 09:00:00,1263.24,1270.36,1245.79,1263.65,65746
2025-08-04 10:00:00,1263.65,1274.7,1252.29,1269.45,65059
2025-08-04 11:00:00,1269.45,1289.95,1264.05,1271.9,66296
2025-08-04 12:00:00,1271.9,1285.47,1264.04,1281.65,64891
2025-08-04 13:00:00,1281.65,1300.99,1253.47,1262.03,91014
2025-08-04 14:00:00,1262.03,1295.71,1246.8,1279.94,88376
2025-08-04 15:00:00,1279.94,1308.67,1270.39,1284.28,92482
2025-08-04 16:00:00,1284.28,1291.8,1247.84,1256.97,90996
2025-08-04 17:00:00,1256.97,1273.98,1246.65,1271.58,89992
2025-08-04 18:00:00,1271.58,1314.74,1262.02,1304.1,88522
2025-08-04 19:00:00,1304.1,1336.46,1297.5,1325.16,89255
2025-08-04 20:00:00,1325.16,1355.04,1314.78,1333.42,89209
2025-08-04 21:00:00,1333.42,1351.85,1331.62,1351.54,2948
2025-08-04 22:00:00,1351.54,1361.08,1351.35,1360.89,272
2025-08-04 23:00:00,1360.89,1377.54,1360.35,1377.14,3021
2025-08-05 00:00:00,1377.14,1385.28,1375.62,1383.41,2964
2025-08-05 01:00:00,1383.41,1392.7,1327.9,1368.14,2983
2025-08-05 02:00:00,1368.14,1376.14,1365.89,1375.84,2905
2025-08-05 03:00:00,1375.84,1390.01,1373.57,1388.76,2908
2025-08-05 04:00:00,1388.76,1397.62,1385.73,1396.98,2967
2025-08-05 05:00:00,1396.98,1410.55,1395.85,1409.43,2923
2025-08-05 06:00:00,1409.43,1422.52,1406.93,1421.13,2988
2025-08-05 07:00:00,1421.13,1438.44,1420.32,1435.85,2939
2025-08-05 08:00:00,1435.85,1455.92,1421.32,1448.5,67003
2025-08-05 09:00:00,1448.5,1469.59,1439.07,1454.36,65656
2025-08-05 10:00:00,1454.36,1474.51,1449.04,1457.66,67053
2025-08-05 11:00:00,1457.66,1477.69,1448.72,1463.13,65037
2025-08-05 12:00:00,1463.13,1482.73,1440.4,1445.05,66161
2025-08-05 13:00:00,1445.05,1494.12,1438.57,1483.16,89753
2025-08-05 14:00:00,1483.16,1527.76,1480.02,1509.42,88312
2025-08-05 15:00:00,1509.42,1530.0,1500.14,1510.28,89419
2025-08-05 16:00:00,1510.28,1519.49,1485.08,1506.31,90623
2025-08-05 17:00:00,1506.31,1528.77,1465.81,1496.07,89845
2025-08-05 18:00:00,1496.07,1508.24,1460.68,1477.13,90661
2025-08-05 19:00:00,1477.13,1481.54,1453.21,1459.45,89915
2025-08-05 20:00:00,1459.45,1475.29,1438.87,1460.13,88518
2025-08-05 21:00:00,1460.13,1476.45,1459.74,1473.91,2984
2025-08-05 22:00:00,1473.91,1484.91,1473.51,1484.53,268
2025-08-05 23:00:00,1484.53,1494.6,1483.62,1493.47,2929
2025-08-06 00:00:00,1493.47,1509.66,1492.53,1509.08,3022
2025-08-06 01:00:00,1509.08,1523.19,1508.68,1522.1,2903
2025-08-06 02:00:00,1522.1,1531.55,1521.46,1530.62,3005
2025-08-06 03:00:00,1530.62,1543.25,1528.84,1542.15,2988
2025-08-06 04:00:00,1542.15,1553.27,1539.68,1552.81,3013
2025-08-06 05:00:00,1552.81,1564.66,1552.22,1563.23,2912
2025-08-06 06:00:00,1563.23,1570.35,1560.19,1566.26,3037
2025-08-06 07:00:00,1566.26,1585.67,1565.45,1585.37,3020
2025-08-06 08:00:00,1585.37,1599.41,1571.46,1581.59,65348
2025-08-06 09:00:00,1581.59,1585.39,1558.14,1570.17,65599
2025-08-06 10:00:00,1570.17,1589.46,1561.91,1582.93,65325
2025-08-06 11:00:00,1582.93,1628.91,1572.74,1610.5,68180
2025-08-06 12:00:00,1610.5,1658.06,1606.57,1657.72,65686
2025-08-06 13:00:00,1657.72,1683.45,1653.7,1656.77,91235
2025-08-06 14:00:00,1656.77,1682.88,1632.6,1656.55,92498
2025-08-06 15:00:00,1656.55,1699.33,1638.46,1680.17,91959
2025-08-06 16:00:00,1680.17,1688.62,1640.06,1676.49,89782
2025-08-06 17:00:00,1676.49,1719.64,1666.89,1690.53,90093
2025-08-06 18:00:00,1690.53,1734.11,1684.76,1707.1,91494
2025-08-06 19:00:00,1707.1,1734.11,1696.38,1715.52,88683
2025-08-06 20:00:00,1715.52,1716.22,1661.63,1680.35,88870
2025-08-06 21:00:00,1680.35,1692.36,1678.78,1691.36,2943
2025-08-06 22:00:00,1691.36,1704.29,1691.01,1703.9,269
2025-08-06 23:00:00,1703.9,1713.78,1700.77,1711.26,2993
2025-08-07 00:00:00,1711.26,1725.77,1709.97,1724.55,2933
2025-08-07 01:00:00,1724.55,1735.33,1722.87,1734.6,2998
2025-08-07 02:00:00,1734.6,1743.53,1732.97,1742.5,2960
2025-08-07 03:00:00,1742.5,1754.02,1741.64,1751.9,3046
2025-08-07 04:00:00,1751.9,1772.22,1751.49,1770.51,2901
2025-08-07 05:00:00,1770.51,1789.84,1769.54,1789.52,2984
2025-08-07 06:00:00,1789.52,1828.77,1787.22,1822.73,2916
2025-08-07 07:00:00,1822.73,1839.65,1820.08,1839.38,2936
2025-08-07 08:00:00,1839.38,1871.32,1830.62,1866.59,66297
2025-08-07 09:00:00,1866.59,1887.27,1843.5,1872.17,65669
2025-08-07 10:00:00,1872.17,1878.54,1851.42,1865.03,67047
2025-08-07 11:00:00,1865.03,1901.07,1860.91,1892.65,65247
2025-08-07 12:00:00,1892.65,1901.28,1866.27,1873.0,67924
2025-08-07 13:00:00,1873.0,1906.8,1846.88,1873.54,90316
2025-08-07 14:00:00,1873.54,1900.38,1859.25,1878.58,89832
2025-08-07 15:00:00,1878.58,1931.4,1869.27,1920.14,89788
2025-08-07 16:00:00,1920.14,1962.27,1904.16,1956.11,89092
2025-08-07 17:00:00,1956.11,2006.29,1936.19,1998.82,90254
2025-08-07 18:00:00,1998.82,2030.88,1979.27,1989.46,90443
2025-08-07 19:00:00,1989.46,2050.22,1971.09,2044.44,89002
2025-08-07 20:00:00,2044.44,2081.54,2020.44,2070.26,90001
2025-08-07 21:00:00,2070.26,2095.75,2068.37,2094.75,3070
2025-08-07 22:00:00,2094.75,2110.65,2094.16,2110.52,269
2025-08-07 23:00:00,2110.52,2130.32,2108.93,2128.18,2958
2025-08-08 00:00:00,2128.18,2151.98,2126.47,2149.26,2987
2025-08-08 01:00:00,2149.26,2174.51,2146.79,2171.89,2999
2025-08-08 02:00:00,2171.89,2187.99,2164.68,2185.53,2967
2025-08-08 03:00:00,2185.53,2199.5,2181.93,2196.7,2886
2025-08-08 04:00:00,2196.7,2218.91,2193.61,2212.14,2905
2025-08-08 05:00:00,2212.14,2226.01,2209.55,2225.09,2958
2025-08-08 06:00:00,2225.09,2238.69,2222.09,2236.31,3010
2025-08-08 07:00:00,2236.31,2262.04,2234.71,2260.08,2991
2025-08-08 08:00:00,2260.08,2305.95,2246.57,2297.79,68862
2025-08-08 09:00:00,2297.79,2332.04,2266.11,2330.8,65423
2025-08-08 10:00:00,2330.8,2359.7,2311.99,2333.1,64923
2025-08-08 11:00:00,2333.1,2346.79,2303.12,2321.62,66488
2025-08-08 12:00:00,2321.62,2348.98,2316.46,2333.91,65625
2025-08-08 13:00:00,2333.91,2366.02,2288.79,2296.48,92091
2025-08-08 14:00:00,2296.48,2328.95,2286.34,2310.07,88363
2025-08-08 15:00:00,2310.07,2399.8,2288.79,2322.09,88838
2025-08-08 16:00:00,2322.09,2347.34,2263.94,2286.6,89430
2025-08-08 17:00:00,2286.6,2304.02,2239.35,2258.19,88738
2025-08-08 18:00:00,2258.19,2303.71,2238.45,2273.37,89980
2025-08-08 19:00:00,2273.37,2291.85,2232.96,2242.34,89589
2025-08-08 20:00:00,2242.34,2270.48,2199.8,2230.48,88279
2025-08-08 21:00:00,2230.48,2253.36,2227.05,2253.17,2970
2025-08-08 22:00:00,2253.17,2269.11,2252.79,2268.87,269
2025-08-08 23:00:00,2268.87,2286.73,2266.72,2285.44,2969
2025-08-11 00:00:00,2285.44,2301.5,2283.37,2298.24,3030
2025-08-11 01:00:00,2298.24,2322.83,2297.26,2321.98,3004
2025-08-11 02:00:00,2321.98,2340.87,2317.24,2339.42,2986
2025-08-11 03:00:00,2339.42,2362.05,2337.6,2361.0,2923
2025-08-11 04:00:00,2361.0,2387.22,2359.44,2384.79,2995
2025-08-11 05:00:00,2384.79,2405.22,2384.12,2403.22,2968
2025-08-11 06:00:00,2403.22,2421.05,2398.75,2418.16,2956
2025-08-11 07:00:00,2418.16,2437.99,2415.18,2436.19,2988
2025-08-11 08:00:00,2436.19,2468.18,2419.38,2444.03,66842
2025-08-11 09:00:00,2444.03,2517.41,2423.61,2495.22,67290
2025-08-11 10:00:00,2495.22,2549.55,2487.52,2529.02,64913
2025-08-11 11:00:00,2529.02,2558.35,2506.06,2522.83,65094
2025-08-11 12:00:00,2522.83,2580.53,2512.85,2566.07,66328
2025-08-11 13:00:00,2566.07,2674.53,2549.47,2620.67,87661
2025-08-11 14:00:00,2620.67,2650.3,2567.89,2611.41,92108
2025-08-11 15:00:00,2611.41,2646.58,2567.44,2599.75,90855
2025-08-11 16:00:00,2599.75,2681.76,2574.33,2633.98,89996
2025-08-11 17:00:00,2633.98,2654.35,2595.16,2616.15,89460
2025-08-11 18:00:00,2616.15,2659.75,2586.57,2616.66,89454
2025-08-11 19:00:00,2616.66,2630.42,2577.22,2598.98,88353
2025-08-11 20:00:00,2598.98,2678.79,2586.0,2661.22,90938
2025-08-11 21:00:00,2661.22,2699.58,2612.15,2662.71,2950
2025-08-11 22:00:00,2662.71,2683.4,2662.08,2682.99,272
2025-08-11 23:00:00,2682.99,2702.61,2680.04,2698.6,2989
2025-08-12 00:00:00,2698.6,2724.32,2697.47,2722.66,3008
2025-08-12 01:00:00,2722.66,2744.15,2716.29,2737.01,3015
2025-08-12 02:00:00,2737.01,2756.7,2734.76,2750.5,2934
2025-08-12 03:00:00,2750.5,2763.7,2746.74,2761.37,2977
2025-08-12 04:00:00,2761.37,2782.49,2760.08,2779.97,2926
2025-08-12 05:00:00,2779.97,2803.53,2775.98,2796.95,3051
2025-08-12 06:00:00,2796.95,2829.98,2794.88,2828.71,3011
2025-08-12 07:00:00,2828.71,2851.42,2824.27,2848.5,2957
2025-08-12 08:00:00,2848.5,2902.42,2834.71,2885.46,66706
2025-08-12 09:00:00,2885.46,2903.81,2854.29,2865.71,66237
2025-08-12 10:00:00,2865.71,2905.51,2853.57,2878.26,64558
2025-08-12 11:00:00,2878.26,2928.55,2866.26,2906.62,66733
2025-08-12 12:00:00,2906.62,2955.85,2904.39,2942.03,65338
2025-08-12 13:00:00,2942.03,3041.77,2917.07,3037.66,89813
2025-08-12 14:00:00,3037.66,3091.13,2991.25,3078.84,89737
2025-08-12 15:00:00,3078.84,3099.22,3028.83,3045.97,89870
2025-08-12 16:00:00,3045.97,3121.07,3019.08,3085.18,90202
2025-08-12 17:00:00,3085.18,3159.74,3032.25,3114.22,90177
2025-08-12 18:00:00,3114.22,3193.2,3095.46,3165.22,89678
2025-08-12 19:00:00,3165.22,3186.02,3073.12,3103.76,87665
2025-08-12 20:00:00,3103.76,3160.83,3046.14,3130.93,90848
2025-08-12 21:00:00,3130.93,3158.31,3127.99,3151.99,3012
2025-08-12 22:00:00,3151.99,3174.87,3151.04,3174.8,270
2025-08-12 23:00:00,3174.8,3197.94,3173.52,3196.97,2971
2025-08-13 00:00:00,3196.97,3218.3,3193.13,3218.02,2863
2025-08-13 01:00:00,3218.02,3237.81,3215.43,3230.1,3072
2025-08-13 02:00:00,3230.1,3271.98,3228.73,3269.67,2968
2025-08-13 03:00:00,3269.67,3300.7,3187.15,3253.55,2972
2025-08-13 04:00:00,3253.55,3271.55,3249.41,3263.12,2960
2025-08-13 05:00:00,3263.12,3294.53,3259.81,3289.75,2928
2025-08-13 06:00:00,3289.75,3309.65,3288.39,3303.97,2928
2025-08-13 07:00:00,3303.97,3334.78,3302.77,3329.66,2941
2025-08-13 08:00:00,3329.66,3371.27,3303.72,3334.37,64876
2025-08-13 09:00:00,3334.37,3437.05,3312.72,3429.59,67448
2025-08-13 10:00:00,3429.59,3470.05,3389.44,3446.28,67011
2025-08-13 11:00:00,3446.28,3475.31,3394.81,3408.37,65271
2025-08-13 12:00:00,3408.37,3455.27,3373.3,3432.73,66450
2025-08-13 13:00:00,3432.73,3506.9,3384.7,3439.97,89708
2025-08-13 14:00:00,3439.97,3478.0,3398.84,3424.32,87420
2025-08-13 15:00:00,3424.32,3451.72,3343.99,3369.72,92311
2025-08-13 16:00:00,3369.72,3393.84,3303.41,3337.99,91263
2025-08-13 17:00:00,3337.99,3382.59,3289.39,3308.89,89215
2025-08-13 18:00:00,3308.89,3362.34,3272.25,3334.01,91030
2025-08-13 19:00:00,3334.01,3471.79,3316.48,3447.86,90855
2025-08-13 20:00:00,3447.86,3484.8,3412.34,3448.05,89541
2025-08-13 21:00:00,3448.05,3520.82,3363.91,3404.59,2891
2025-08-13 22:00:00,3404.59,3405.27,3404.34,3404.92,271
2025-08-13 23:00:00,3404.92,3410.12,3402.95,3405.04,2941
2025-08-14 00:00:00,3405.04,3409.49,3400.75,3405.35,2908
2025-08-14 01:00:00,3405.35,3408.65,3402.22,3405.32,2994
2025-08-14 02:00:00,3405.32,3413.56,3402.64,3410.78,2912
2025-08-14 03:00:00,3410.78,3416.51,3408.51,3414.28,2970
2025-08-14 04:00:00,3414.28,3417.56,3411.06,3413.57,2907
2025-08-14 05:00:00,3413.57,3475.03,3346.53,3365.95,2996
2025-08-14 06:00:00,3365.95,3376.52,3365.59,3376.08,2990
2025-08-14 07:00:00,3376.08,3382.97,3374.17,3379.54,2974
2025-08-14 08:00:00,3379.54,3381.77,3338.06,3355.52,66383
2025-08-14 09:00:00,3355.52,3379.27,3341.1,3370.03,66901
2025-08-14 10:00:00,3370.03,3384.47,3348.11,3350.22,66750
2025-08-14 11:00:00,3350.22,3370.15,3333.14,3334.72,64953
2025-08-14 12:00:00,3334.72,3337.03,3293.81,3318.32,68090
2025-08-14 13:00:00,3318.32,3486.97,3153.61,3270.05,89645
2025-08-14 14:00:00,3270.05,3293.5,3251.09,3261.85,91143
2025-08-14 15:00:00,3261.85,3276.52,3234.11,3246.75,87711
2025-08-14 16:00:00,3246.75,3278.14,3232.73,3244.41,86699
2025-08-14 17:00:00,3244.41,3258.79,3218.55,3224.12,90693
2025-08-14 18:00:00,3224.12,3263.95,3208.32,3254.42,88438
2025-08-14 19:00:00,3254.42,3303.84,3243.78,3276.34,89315
2025-08-14 20:00:00,3276.34,3284.8,3228.05,3267.81,91229
2025-08-14 21:00:00,3267.81,3271.59,3262.74,3263.91,2927
2025-08-14 22:00:00,3263.91,3264.46,3263.81,3264.16,272
2025-08-14 23:00:00,3264.16,3268.42,3258.66,3260.19,3004
2025-08-15 00:00:00,3260.19,3262.88,3252.75,3255.07,2942
2025-08-15 01:00:00,3255.07,3335.19,3143.46,3332.57,2961
2025-08-15 02:00:00,3332.57,3336.47,3330.86,3333.7,2963
2025-08-15 03:00:00,3333.7,3337.59,3326.23,3330.14,2927
2025-08-15 04:00:00,3330.14,3469.0,3228.26,3386.79,2950
2025-08-15 05:00:00,3386.79,3387.6,3378.07,3381.53,3009
2025-08-15 06:00:00,3381.53,3386.57,3379.57,3385.07,3058
2025-08-15 07:00:00,3385.07,3390.41,3381.71,3386.98,2997
2025-08-15 08:00:00,3386.98,3404.13,3370.13,3387.82,66778
2025-08-15 09:00:00,3387.82,3412.44,3375.0,3398.27,65588
2025-08-15 10:00:00,3398.27,3406.71,3370.83,3389.28,65392
2025-08-15 11:00:00,3389.28,3400.41,3353.18,3377.29,65466
2025-08-15 12:00:00,3377.29,3405.67,3364.86,3396.71,64477
2025-08-15 13:00:00,3396.71,3407.62,3333.75,3338.68,87951
2025-08-15 14:00:00,3338.68,3401.43,3337.21,3376.92,91212
2025-08-15 15:00:00,3376.92,3384.51,3340.86,3358.41,90234
2025-08-15 16:00:00,3358.41,3406.42,3356.33,3386.3,88981
2025-08-15 17:00:00,3386.3,3387.58,3340.06,3347.86,93052
2025-08-15 18:00:00,3347.86,3360.37,3318.85,3332.6,88947
2025-08-15 19:00:00,3332.6,3378.54,3312.31,3352.3,88079
2025-08-15 20:00:00,3352.3,3374.49,3342.01,3365.6,90870
2025-08-15 21:00:00,3365.6,3371.23,3363.78,3368.58,2897
2025-08-15 22:00:00,3368.58,3368.86,3368.02,3368.29,270
2025-08-15 23:00:00,3368.29,3373.99,3366.85,3369.43,3013
2025-08-18 00:00:00,3369.43,3376.59,3368.83,3374.65,2962
2025-08-18 01:00:00,3374.65,3379.36,3372.83,3375.69,2990
2025-08-18 02:00:00,3375.69,3376.61,3369.53,3370.05,2980
2025-08-18 03:00:00,3370.05,3589.34,3337.62,3437.17,2922
2025-08-18 04:00:00,3437.17,3439.98,3432.97,3436.66,2968
2025-08-18 05:00:00,3436.66,3443.6,3435.85,3436.92,3002
2025-08-18 06:00:00,3436.92,3446.02,3433.25,3444.4,3015
2025-08-18 07:00:00,3444.4,3511.98,3353.04,3405.89,2957
2025-08-18 08:00:00,3405.89,3408.47,3319.62,3331.11,64636
2025-08-18 09:00:00,3331.11,3532.0,3298.06,3348.41,65579
2025-08-18 10:00:00,3348.41,3355.87,3315.8,3335.17,65393
2025-08-18 11:00:00,3335.17,3356.9,3322.66,3347.33,64948
2025-08-18 12:00:00,3347.33,3382.4,3334.47,3346.95,63089
2025-08-18 13:00:00,3346.95,3362.9,3322.36,3331.21,90866
2025-08-18 14:00:00,3331.21,3358.14,3308.05,3346.81,89680
2025-08-18 15:00:00,3346.81,3356.14,3307.25,3322.28,90917
2025-08-18 16:00:00,3322.28,3353.71,3314.94,3325.72,90471
2025-08-18 17:00:00,3325.72,3341.19,3291.09,3312.18,89456
2025-08-18 18:00:00,3312.18,3341.26,3284.92,3332.76,92072
2025-08-18 19:00:00,3332.76,3349.88,3307.55,3310.85,88205
2025-08-18 20:00:00,3310.85,3329.98,3283.68,3300.81,88819
2025-08-18 21:00:00,3300.81,3305.11,3298.51,3303.14,2905
2025-08-18 22:00:00,3303.14,3303.52,3302.39,3302.61,268
2025-08-18 23:00:00,3302.61,3305.36,3297.69,3298.53,3038
2025-08-19 00:00:00,3298.53,3538.69,3050.47,3237.37,3008
2025-08-19 01:00:00,3237.37,3380.91,3042.19,3168.57,2925
2025-08-19 02:00:00,3168.57,3180.47,3166.9,3178.91,2958
2025-08-19 03:00:00,3178.91,3180.72,3170.66,3174.36,3022
2025-08-19 04:00:00,3174.36,3179.72,3172.26,3175.0,2891
2025-08-19 05:00:00,3175.0,3179.14,3172.08,3175.6,2932
2025-08-19 06:00:00,3175.6,3178.16,3169.88,3173.19,2922
2025-08-19 07:00:00,3173.19,3178.09,3169.55,3176.6,2913
2025-08-19 08:00:00,3176.6,3219.12,3173.13,3195.73,66724
2025-08-19 09:00:00,3195.73,3213.46,3191.41,3199.16,67124
2025-08-19 10:00:00,3199.16,3218.23,3192.93,3206.78,67041
2025-08-19 11:00:00,3206.78,3221.49,3174.88,3185.9,67037
2025-08-19 12:00:00,3185.9,3224.52,3177.02,3201.12,63887
2025-08-19 13:00:00,3201.12,3224.55,3162.37,3166.37,89619
2025-08-19 14:00:00,3166.37,3223.85,3144.33,3217.68,88970
2025-08-19 15:00:00,3217.68,3247.82,3200.66,3235.39,89783
2025-08-19 16:00:00,3235.39,3248.75,3204.27,3217.72,88186
2025-08-19 17:00:00,3217.72,3255.43,3201.97,3239.03,87884
2025-08-19 18:00:00,3239.03,3259.81,3196.21,3211.15,86836
2025-08-19 19:00:00,3211.15,3235.07,3193.16,3221.79,88855
2025-08-19 20:00:00,3221.79,3247.6,3190.2,3223.92,89982
2025-08-19 21:00:00,3223.92,3246.43,3220.65,3237.89,3038
2025-08-19 22:00:00,3237.89,3261.3,3237.63,3261.06,272
2025-08-19 23:00:00,3261.06,3289.27,3258.54,3288.74,2933
2025-08-20 00:00:00,3288.74,3321.06,3284.64,3319.64,2977
2025-08-20 01:00:00,3319.64,3340.25,3311.71,3336.98,2957
2025-08-20 02:00:00,3336.98,3364.65,3334.48,3362.24,3036
2025-08-20 03:00:00,3362.24,3402.25,3354.86,3400.31,2882
2025-08-20 04:00:00,3400.31,3427.27,3397.02,3424.74,2964
2025-08-20 05:00:00,3424.74,3449.38,3419.35,3448.36,2997
2025-08-20 06:00:00,3448.36,3464.11,3444.91,3462.75,3004
2025-08-20 07:00:00,3462.75,3494.34,3461.44,3491.67,3003
2025-08-20 08:00:00,3491.67,3543.62,3482.54,3518.73,67051
2025-08-20 09:00:00,3518.73,3564.62,3486.79,3542.86,66068
2025-08-20 10:00:00,3542.86,3559.84,3491.43,3513.05,65259
2025-08-20 11:00:00,3513.05,3529.65,3466.88,3491.4,65340
2025-08-20 12:00:00,3491.4,3580.94,3464.15,3563.86,64626
2025-08-20 13:00:00,3563.86,3626.69,3537.35,3595.34,90845
2025-08-20 14:00:00,3595.34,3718.0,3564.34,3691.43,91272
2025-08-20 15:00:00,3691.43,3804.14,3659.47,3793.51,86213
2025-08-20 16:00:00,3793.51,3829.69,3716.9,3742.64,90286
2025-08-20 17:00:00,3742.64,3874.57,3734.7,3861.07,90886
2025-08-20 18:00:00,3861.07,3916.17,3829.25,3876.51,90487
2025-08-20 19:00:00,3876.51,3973.64,3838.03,3940.0,89794
2025-08-20 20:00:00,3940.0,4090.26,3897.45,4051.14,89059
2025-08-20 21:00:00,4051.14,4090.34,4050.56,4086.43,2950
2025-08-20 22:00:00,4086.43,4116.87,4086.15,4116.13,267
2025-08-20 23:00:00,4116.13,4156.78,4111.32,4145.61,2992
2025-08-21 00:00:00,4145.61,4184.3,4145.4,4182.7,2986
2025-08-21 01:00:00,4182.7,4207.13,4177.97,4205.26,2971
2025-08-21 02:00:00,4205.26,4236.94,4200.3,4233.65,2994
2025-08-21 03:00:00,4233.65,4277.61,4231.88,4274.25,3001
2025-08-21 04:00:00,4274.25,4306.95,4273.37,4305.12,2928
2025-08-21 05:00:00,4305.12,4342.13,4304.76,4334.83,2967
2025-08-21 06:00:00,4334.83,4368.54,4330.01,4367.54,2983
2025-08-21 07:00:00,4367.54,4417.16,4362.32,4412.48,2945
2025-08-21 08:00:00,4412.48,4493.3,4377.62,4476.22,66267
2025-08-21 09:00:00,4476.22,4555.23,4450.41,4537.15,65554
2025-08-21 10:00:00,4537.15,4583.2,4503.44,4558.69,66579
2025-08-21 11:00:00,4558.69,4727.56,4544.86,4709.89,65081
2025-08-21 12:00:00,4709.89,4776.12,4654.51,4749.16,65917
2025-08-21 13:00:00,4749.16,4767.16,4621.94,4649.49,88613
2025-08-21 14:00:00,4649.49,4720.53,4576.87,4693.31,89682
2025-08-21 15:00:00,4693.31,4743.85,4640.48,4715.7,91299
2025-08-21 16:00:00,4715.7,4770.94,4637.64,4676.11,89963
2025-08-21 17:00:00,4676.11,4784.99,4620.99,4645.86,91364
2025-08-21 18:00:00,4645.86,4697.25,4549.39,4595.56,91543
2025-08-21 19:00:00,4595.56,4650.72,4540.25,4584.08,89587
2025-08-21 20:00:00,4584.08,4654.93,4550.24,4607.23,89930
2025-08-21 21:00:00,4607.23,4631.93,4600.45,4626.97,3006
2025-08-21 22:00:00,4626.97,4627.74,4626.18,4627.49,273
2025-08-21 23:00:00,4627.49,4631.13,4619.51,4624.6,3012
2025-08-22 00:00:00,4624.6,4627.46,4620.22,4623.99,2972
2025-08-22 01:00:00,4623.99,4634.72,4619.85,4630.05,2936
2025-08-22 02:00:00,4630.05,4734.55,4461.97,4574.57,2965
2025-08-22 03:00:00,4574.57,4580.02,4564.49,4574.49,2957
2025-08-22 04:00:00,4574.49,4582.18,4572.81,4575.25,3032
2025-08-22 05:00:00,4575.25,4584.43,4571.62,4581.83,2969
2025-08-22 06:00:00,4581.83,4587.48,4579.12,4586.82,2948
2025-08-22 07:00:00,4586.82,4606.91,4584.83,4605.59,2960
2025-08-22 08:00:00,4605.59,4616.84,4545.47,4564.84,66416
2025-08-22 09:00:00,4564.84,4595.8,4537.81,4557.16,66277
2025-08-22 10:00:00,4557.16,4572.92,4524.69,4534.45,66351
2025-08-22 11:00:00,4534.45,4544.72,4500.86,4525.51,63789
2025-08-22 12:00:00,4525.51,4552.9,4491.06,4550.06,65392
2025-08-22 13:00:00,4550.06,4594.15,4521.49,4580.06,90886
2025-08-22 14:00:00,4580.06,4628.57,4540.28,4597.13,90742
2025-08-22 15:00:00,4597.13,4619.67,4543.61,4558.31,90390
2025-08-22 16:00:00,4558.31,4603.36,4538.3,4577.95,89645
2025-08-22 17:00:00,4577.95,4592.11,4501.07,4548.35,90934
2025-08-22 18:00:00,4548.35,4565.46,4510.1,4515.82,89336
2025-08-22 19:00:00,4515.82,4533.51,4484.22,4507.59,89488
2025-08-22 20:00:00,4507.59,4546.1,4425.87,4452.27,88152
2025-08-22 21:00:00,4452.27,4459.03,4448.51,4454.15,2930
2025-08-22 22:00:00,4454.15,4454.82,4453.92,4454.66,274
2025-08-22 23:00:00,4454.66,4460.88,4453.0,4455.1,2949
2025-08-25 00:00:00,4455.1,4459.22,4448.54,4452.66,3023
2025-08-25 01:00:00,4452.66,4455.15,4447.68,4449.93,2977
2025-08-25 02:00:00,4449.93,4453.98,4443.98,4444.56,3015
2025-08-25 03:00:00,4444.56,4451.16,4441.53,4444.79,3021
2025-08-25 04:00:00,4444.79,4448.04,4436.19,4439.33,2954
2025-08-25 05:00:00,4439.33,4443.17,4429.13,4432.51,2957
2025-08-25 06:00:00,4432.51,4443.11,4430.99,4439.7,2961
2025-08-25 07:00:00,4439.7,4447.36,4436.2,4445.85,3040
2025-08-25 08:00:00,4445.85,4463.12,4431.3,4440.39,67072
2025-08-25 09:00:00,4440.39,4627.05,4369.85,4509.28,66470
2025-08-25 10:00:00,4509.28,4528.73,4468.0,4482.98,65084
2025-08-25 11:00:00,4482.98,4525.18,4469.08,4508.94,65159
2025-08-25 12:00:00,4508.94,4539.9,4499.04,4517.68,67150
2025-08-25 13:00:00,4517.68,4559.11,4494.58,4522.61,89487
2025-08-25 14:00:00,4522.61,4577.95,4501.27,4527.01,88250
2025-08-25 15:00:00,4527.01,4561.76,4508.64,4528.9,91220
2025-08-25 16:00:00,4528.9,4550.08,4491.73,4518.55,86768
2025-08-25 17:00:00,4518.55,4543.18,4488.29,4528.08,89478
2025-08-25 18:00:00,4528.08,4574.97,4502.67,4544.67,90707
2025-08-25 19:00:00,4544.67,4566.42,4518.09,4555.3,88242
2025-08-25 20:00:00,4555.3,4594.95,4530.51,4573.23,89133
2025-08-25 21:00:00,4573.23,4574.63,4566.06,4571.27,2942
2025-08-25 22:00:00,4571.27,4571.56,4570.74,4571.07,269
2025-08-25 23:00:00,4571.07,4581.02,4565.1,4578.95,2926
2025-08-26 00:00:00,4578.95,4589.22,4576.59,4582.32,2939
2025-08-26 01:00:00,4582.32,4642.79,4365.7,4555.09,3022
2025-08-26 02:00:00,4555.09,4562.88,4549.81,4556.48,2958
2025-08-26 03:00:00,4556.48,4562.03,4550.85,4553.06,2947
2025-08-26 04:00:00,4553.06,4564.78,4552.02,4560.75,2999
2025-08-26 05:00:00,4560.75,4631.88,4475.37,4515.74,2988
2025-08-26 06:00:00,4515.74,4532.75,4511.6,4529.74,2960
2025-08-26 07:00:00,4529.74,4539.84,4526.63,4529.34,3042
2025-08-26 08:00:00,4529.34,4560.55,4522.47,4556.0,67116
2025-08-26 09:00:00,4556.0,4587.87,4530.66,4569.43,65662
2025-08-26 10:00:00,4569.43,4593.23,4527.83,4563.66,64149
2025-08-26 11:00:00,4563.66,4572.33,4520.88,4522.71,65686
2025-08-26 12:00:00,4522.71,4562.99,4516.0,4523.68,66275
2025-08-26 13:00:00,4523.68,4545.83,4485.9,4491.7,89446
2025-08-26 14:00:00,4491.7,4557.0,4481.66,4543.81,88886
2025-08-26 15:00:00,4543.81,4618.41,4541.42,4592.66,88397
2025-08-26 16:00:00,4592.66,4609.6,4552.42,4570.17,90083
2025-08-26 17:00:00,4570.17,4594.78,4506.78,4549.8,92100
2025-08-26 18:00:00,4549.8,4558.73,4508.6,4518.29,89601
2025-08-26 19:00:00,4518.29,4543.83,4500.99,4515.36,92594
2025-08-26 20:00:00,4515.36,4540.26,4493.22,4507.2,87442
2025-08-26 21:00:00,4507.2,4511.14,4493.1,4497.07,2900
2025-08-26 22:00:00,4497.07,4497.67,4496.67,4497.43,276
2025-08-26 23:00:00,4497.43,4507.48,4495.48,4501.94,3047
2025-08-27 00:00:00,4501.94,4511.27,4497.96,4508.44,2967
2025-08-27 01:00:00,4508.44,4516.82,4506.84,4512.84,2974
2025-08-27 02:00:00,4512.84,4514.71,4505.34,4512.95,2920
2025-08-27 03:00:00,4512.95,4514.91,4504.83,4507.63,2975
2025-08-27 04:00:00,4507.63,4508.66,4495.23,4503.95,2903
2025-08-27 05:00:00,4503.95,4505.83,4495.6,4501.18,2922
2025-08-27 06:00:00,4501.18,4512.3,4497.92,4503.04,2878
2025-08-27 07:00:00,4503.04,4514.02,4501.49,4504.15,2939
2025-08-27 08:00:00,4504.15,4560.7,4498.98,4551.31,64278
2025-08-27 09:00:00,4551.31,4755.39,4464.52,4624.83,66334
2025-08-27 10:00:00,4624.83,4629.83,4563.52,4581.36,66766
2025-08-27 11:00:00,4581.36,4607.95,4555.64,4572.26,66423
2025-08-27 12:00:00,4572.26,4577.38,4523.05,4556.83,67126
2025-08-27 13:00:00,4556.83,4633.25,4439.69,4524.42,90529
2025-08-27 14:00:00,4524.42,4528.36,4444.59,4501.6,89897
2025-08-27 15:00:00,4501.6,4553.81,4470.23,4522.46,89338
2025-08-27 16:00:00,4522.46,4548.2,4491.12,4493.99,90746
2025-08-27 17:00:00,4493.99,4501.33,4458.99,4475.02,89017
2025-08-27 18:00:00,4475.02,4494.57,4453.65,4457.63,90183
2025-08-27 19:00:00,4457.63,4499.16,4448.07,4473.61,88630
2025-08-27 20:00:00,4473.61,4496.32,4442.83,4445.03,90467
2025-08-27 21:00:00,4445.03,4447.22,4434.01,4442.64,2983
2025-08-27 22:00:00,4442.64,4443.01,4442.06,4442.16,274
2025-08-27 23:00:00,4442.16,4449.58,4440.25,4449.29,2995
2025-08-28 00:00:00,4449.29,4463.79,4448.19,4456.43,2922
2025-08-28 01:00:00,4456.43,4465.84,4454.44,4459.53,3031
2025-08-28 02:00:00,4459.53,4465.06,4452.74,4456.9,2993
2025-08-28 03:00:00,4456.9,4459.69,4447.83,4451.82,3046
2025-08-28 04:00:00,4451.82,4457.26,4446.13,4452.72,2965
2025-08-28 05:00:00,4452.72,4456.39,4445.43,4452.91,2962
2025-08-28 06:00:00,4452.91,4458.11,4449.82,4455.94,2997
2025-08-28 07:00:00,4455.94,4475.93,4454.5,4473.53,2904
2025-08-28 08:00:00,4473.53,4491.33,4435.48,4465.4,66732
2025-08-28 09:00:00,4465.4,4521.18,4451.95,4511.01,68329
2025-08-28 10:00:00,4511.01,4545.4,4504.29,4516.98,65739
2025-08-28 11:00:00,4516.98,4554.34,4495.87,4539.63,64467
2025-08-28 12:00:00,4539.63,4564.6,4500.1,4558.04,66922
2025-08-28 13:00:00,4558.04,4575.22,4534.55,4553.95,90936
2025-08-28 14:00:00,4553.95,4602.82,4536.03,4570.83,87882
2025-08-28 15:00:00,4570.83,4596.9,4537.38,4587.05,89414
2025-08-28 16:00:00,4587.05,4607.28,4535.25,4552.34,89637
2025-08-28 17:00:00,4552.34,4593.1,4535.19,4564.26,89757
2025-08-28 18:00:00,4564.26,4590.74,4526.84,4532.43,89864
2025-08-28 19:00:00,4532.43,4544.07,4484.74,4536.6,88597
2025-08-28 20:00:00,4536.6,4559.74,4500.59,4519.15,88670
2025-08-28 21:00:00,4519.15,4520.8,4508.14,4515.4,3061
2025-08-28 22:00:00,4515.4,4516.31,4515.2,4516.09,270
2025-08-28 23:00:00,4516.09,4519.21,4510.23,4513.88,2915
2025-08-29 00:00:00,4513.88,4515.92,4501.04,4509.69,3011
2025-08-29 01:00:00,4509.69,4514.9,4504.25,4511.47,2965
2025-08-29 02:00:00,4511.47,4677.84,4477.82,4588.17,2916
2025-08-29 03:00:00,4588.17,4591.73,4580.5,4587.16,2975
2025-08-29 04:00:00,4587.16,4591.66,4581.52,4586.97,3011
2025-08-29 05:00:00,4586.97,4594.54,4401.92,4512.12,2947
2025-08-29 06:00:00,4512.12,4522.19,4511.27,4517.5,2977
2025-08-29 07:00:00,4517.5,4523.44,4513.47,4522.26,2969
2025-08-29 08:00:00,4522.26,4537.72,4483.83,4514.66,66326
2025-08-29 09:00:00,4514.66,4561.74,4489.45,4551.87,66932
2025-08-29 10:00:00,4551.87,4562.65,4506.9,4543.39,65676
2025-08-29 11:00:00,4543.39,4563.96,4510.96,4522.01,65396
2025-08-29 12:00:00,4522.01,4536.41,4489.06,4491.85,66107
2025-08-29 13:00:00,4491.85,4528.37,4468.86,4482.83,90055
2025-08-29 14:00:00,4482.83,4527.66,4439.95,4448.52,89257
2025-08-29 15:00:00,4448.52,4463.16,4419.51,4440.46,90560
2025-08-29 16:00:00,4440.46,4526.43,4438.69,4502.37,88568
2025-08-29 17:00:00,4502.37,4559.08,4469.55,4487.51,89831
2025-08-29 18:00:00,4487.51,4501.62,4444.34,4480.11,89143
2025-08-29 19:00:00,4480.11,4538.21,4213.85,4365.66,88948
2025-08-29 20:00:00,4365.66,4397.17,4340.62,4368.81,88340
2025-08-29 21:00:00,4368.81,4374.93,4364.02,4371.87,3049
2025-08-29 22:00:00,4371.87,4372.18,4371.19,4371.79,267
2025-08-29 23:00:00,4371.79,4389.14,4308.44,4332.46,3046
2025-09-01 00:00:00,4332.46,4352.91,4295.6,4310.15,3050
2025-09-01 01:00:00,4310.15,4317.23,4308.42,4313.25,2934
2025-09-01 02:00:00,4313.25,4315.16,4299.7,4300.73,2964
2025-09-01 03:00:00,4300.73,4306.18,4294.53,4295.99,3041
2025-09-01 04:00:00,4295.99,4300.81,4290.71,4292.49,2962
2025-09-01 05:00:00,4292.49,4300.92,4290.29,4295.31,2951
2025-09-01 06:00:00,4295.31,4304.89,4294.53,4304.88,2954
2025-09-01 07:00:00,4304.88,4438.34,4261.58,4351.47,2981
2025-09-01 08:00:00,4351.47,4359.99,4324.6,4353.99,66898
2025-09-01 09:00:00,4353.99,4396.52,4335.61,4371.44,66124
2025-09-01 10:00:00,4371.44,4389.89,4340.5,4370.57,66215
2025-09-01 11:00:00,4370.57,4395.55,4336.04,4377.2,63482
2025-09-01 12:00:00,4377.2,4427.9,4370.61,4390.91,66214
2025-09-01 13:00:00,4390.91,4392.14,4338.61,4363.09,92858
2025-09-01 14:00:00,4363.09,4373.8,4323.96,4341.66,90754
2025-09-01 15:00:00,4341.66,4389.06,4333.86,4369.2,90879
2025-09-01 16:00:00,4369.2,4399.19,4352.12,4365.01,91425
2025-09-01 17:00:00,4365.01,4390.6,4342.32,4364.19,91534
2025-09-01 18:00:00,4364.19,4387.01,4331.84,4344.47,89068
2025-09-01 19:00:00,4344.47,4373.26,4317.61,4336.37,89122
2025-09-01 20:00:00,4336.37,4362.84,4277.4,4315.73,89032
2025-09-01 21:00:00,4315.73,4323.08,4310.05,4310.72,3002
2025-09-01 22:00:00,4310.72,4311.64,4310.28,4311.06,265
2025-09-01 23:00:00,4311.06,4317.12,4306.94,4310.34,2941
2025-09-02 00:00:00,4310.34,4316.56,4304.22,4312.33,3018
2025-09-02 01:00:00,4312.33,4316.05,4303.67,4305.75,3056
2025-09-02 02:00:00,4305.75,4309.5,4299.33,4300.55,2985
2025-09-02 03:00:00,4300.55,4309.33,4298.84,4302.93,2944
2025-09-02 04:00:00,4302.93,4313.46,4298.83,4306.87,2966
2025-09-02 05:00:00,4306.87,4312.99,4300.38,4301.59,2951
2025-09-02 06:00:00,4301.59,4305.84,4295.46,4298.05,2954
2025-09-02 07:00:00,4298.05,4300.47,4291.11,4292.23,2999
2025-09-02 08:00:00,4292.23,4307.76,4274.95,4300.72,65704
2025-09-02 09:00:00,4300.72,4322.19,4275.28,4314.39,64059
2025-09-02 10:00:00,4314.39,4332.24,4279.35,4285.54,66002
2025-09-02 11:00:00,4285.54,4289.5,4240.2,4264.34,66312
2025-09-02 12:00:00,4264.34,4284.93,4235.97,4249.59,64989
2025-09-02 13:00:00,4249.59,4296.2,4221.67,4266.45,91266
2025-09-02 14:00:00,4266.45,4306.25,4239.6,4270.85,90661
2025-09-02 15:00:00,4270.85,4287.07,4205.2,4214.18,90988
2025-09-02 16:00:00,4214.18,4217.56,4156.3,4163.06,91311
2025-09-02 17:00:00,4163.06,4197.81,4141.84,4165.23,89780
2025-09-02 18:00:00,4165.23,4389.18,4021.29,4046.67,90541
2025-09-02 19:00:00,4046.67,4074.54,4005.96,4037.21,89068
2025-09-02 20:00:00,4037.21,4084.47,3923.77,3933.55,90230
2025-09-02 21:00:00,3933.55,3934.31,3925.37,3926.93,2954
2025-09-02 22:00:00,3926.93,3927.1,3926.07,3926.35,274
2025-09-02 23:00:00,3926.35,4116.6,3722.64,4014.76,2943
2025-09-03 00:00:00,4014.76,4024.61,4013.38,4023.47,3014
2025-09-03 01:00:00,4023.47,4033.14,4019.25,4030.94,3010
2025-09-03 02:00:00,4030.94,4182.25,3878.91,4126.51,3020
2025-09-03 03:00:00,4126.51,4129.47,4122.75,4123.88,3017
2025-09-03 04:00:00,4123.88,4128.66,4119.93,4122.28,2914
2025-09-03 05:00:00,4122.28,4127.9,4117.39,4119.34,3079
2025-09-03 06:00:00,4119.34,4122.7,4110.28,4113.95,3014
2025-09-03 07:00:00,4113.95,4119.69,4111.68,4115.55,2928
2025-09-03 08:00:00,4115.55,4146.99,4108.63,4140.26,64846
2025-09-03 09:00:00,4140.26,4168.61,4127.14,4159.14,65605
2025-09-03 10:00:00,4159.14,4175.26,4135.64,4152.36,65593
2025-09-03 11:00:00,4152.36,4170.66,4128.89,4142.59,65042
2025-09-03 12:00:00,4142.59,4148.45,4107.13,4116.53,66002
2025-09-03 13:00:00,4116.53,4134.45,4097.98,4108.67,91014
2025-09-03 14:00:00,4108.67,4121.6,4047.6,4066.8,90448
2025-09-03 15:00:00,4066.8,4099.9,3992.0,4071.02,90933
2025-09-03 16:00:00,4071.02,4126.66,3975.84,4023.64,90833
2025-09-03 17:00:00,4023.64,4057.94,3882.2,3925.51,92261
2025-09-03 18:00:00,3925.51,3945.13,3836.83,3922.08,89932
2025-09-03 19:00:00,3922.08,3990.54,3890.17,3973.91,91964
2025-09-03 20:00:00,3973.91,3996.41,3818.1,3848.42,90140
2025-09-03 21:00:00,3848.42,3849.95,3813.34,3814.82,2967
2025-09-03 22:00:00,3814.82,3815.36,3785.87,3785.92,271
2025-09-03 23:00:00,3785.92,3787.84,3749.61,3755.34,2867
2025-09-04 00:00:00,3755.34,3758.5,3721.31,3725.29,2968
2025-09-04 01:00:00,3725.29,3726.7,3691.26,3698.36,2989
2025-09-04 02:00:00,3698.36,3701.78,3658.54,3661.96,3013
2025-09-04 03:00:00,3661.96,3665.12,3584.91,3586.83,2985
2025-09-04 04:00:00,3586.83,3591.59,3556.61,3559.12,2985
2025-09-04 05:00:00,3559.12,3563.92,3535.35,3538.19,2968
2025-09-04 06:00:00,3538.19,3539.41,3503.21,3504.34,2930
2025-09-04 07:00:00,3504.34,3509.31,3482.17,3489.44,2930
2025-09-04 08:00:00,3489.44,3506.58,3419.29,3451.14,65032
2025-09-04 09:00:00,3451.14,3467.44,3412.46,3446.95,66022
2025-09-04 10:00:00,3446.95,3459.05,3344.3,3417.09,65169
2025-09-04 11:00:00,3417.09,3439.25,3359.23,3368.03,67222
2025-09-04 12:00:00,3368.03,3377.07,3324.19,3367.22,66265
2025-09-04 13:00:00,3367.22,3390.88,3246.8,3254.12,90147
2025-09-04 14:00:00,3254.12,3267.35,3151.8,3240.15,89590
2025-09-04 15:00:00,3240.15,3286.48,3203.36,3264.35,87683
2025-09-04 16:00:00,3264.35,3269.27,3199.8,3216.04,90960
2025-09-04 17:00:00,3216.04,3220.6,3133.4,3172.99,91553
2025-09-04 18:00:00,3172.99,3254.4,3156.42,3210.4,91054
2025-09-04 19:00:00,3210.4,3287.52,3175.37,3209.76,92500
2025-09-04 20:00:00,3209.76,3252.37,3153.71,3166.75,88585
2025-09-04 21:00:00,3166.75,3168.63,3121.18,3124.65,2973
2025-09-04 22:00:00,3124.65,3125.27,3102.9,3103.44,271
2025-09-04 23:00:00,3103.44,3105.21,3082.49,3083.59,2979
2025-09-05 00:00:00,3083.59,3088.3,3071.81,3075.04,2954
2025-09-05 01:00:00,3075.04,3080.1,3056.62,3058.5,2982
2025-09-05 02:00:00,3058.5,3059.16,3037.28,3041.31,3015
2025-09-05 03:00:00,3041.31,3043.08,3026.35,3032.32,2983
2025-09-05 04:00:00,3032.32,3035.48,3005.35,3007.55,2915
2025-09-05 05:00:00,3007.55,3010.81,2983.37,2988.85,3044
2025-09-05 06:00:00,2988.85,2990.36,2968.04,2969.35,2928
2025-09-05 07:00:00,2969.35,2981.54,2888.0,2891.68,2898
2025-09-05 08:00:00,2891.68,2901.64,2864.8,2890.48,65414
2025-09-05 09:00:00,2890.48,2955.08,2884.81,2915.81,66570
2025-09-05 10:00:00,2915.81,2928.6,2870.32,2880.17,64954
2025-09-05 11:00:00,2880.17,2890.12,2816.2,2827.07,65858
2025-09-05 12:00:00,2827.07,2845.63,2779.41,2779.44,66551
2025-09-05 13:00:00,2779.44,2822.13,2734.41,2779.34,90168
2025-09-05 14:00:00,2779.34,2820.23,2759.09,2789.73,91760
2025-09-05 15:00:00,2789.73,2848.28,2768.68,2775.5,92239
2025-09-05 16:00:00,2775.5,2807.03,2726.97,2733.61,89556
2025-09-05 17:00:00,2733.61,2781.39,2689.71,2708.05,92783
2025-09-05 18:00:00,2708.05,2749.87,2661.43,2713.95,87730
2025-09-05 19:00:00,2713.95,2747.66,2673.09,2686.97,91018
2025-09-05 20:00:00,2686.97,2720.82,2627.62,2650.4,90084
2025-09-05 21:00:00,2650.4,2651.19,2629.23,2630.98,2953
2025-09-05 22:00:00,2630.98,2631.29,2611.85,2612.49,268
2025-09-05 23:00:00,2612.49,2617.18,2599.86,2603.09,3032
2025-09-08 00:00:00,2603.09,2643.17,2453.06,2522.3,2913
2025-09-08 01:00:00,2522.3,2524.29,2495.0,2497.44,3017
2025-09-08 02:00:00,2497.44,2508.47,2453.16,2455.71,2967
2025-09-08 03:00:00,2455.71,2578.38,2380.25,2384.87,2978
2025-09-08 04:00:00,2384.87,2387.46,2374.91,2376.04,2996
2025-09-08 05:00:00,2376.04,2377.11,2358.4,2359.22,2967
2025-09-08 06:00:00,2359.22,2361.01,2341.17,2346.62,2980
2025-09-08 07:00:00,2346.62,2354.09,2341.51,2351.46,2966
2025-09-08 08:00:00,2351.46,2385.52,2329.56,2354.53,66017
2025-09-08 09:00:00,2354.53,2367.24,2293.08,2298.72,65445
2025-09-08 10:00:00,2298.72,2314.71,2278.9,2309.31,63825
2025-09-08 11:00:00,2309.31,2325.84,2257.52,2269.95,66721
2025-09-08 12:00:00,2269.95,2293.54,2249.43,2274.24,67190
2025-09-08 13:00:00,2274.24,2311.61,2177.91,2211.43,87194
2025-09-08 14:00:00,2211.43,2226.91,2196.8,2223.73,89249
2025-09-08 15:00:00,2223.73,2242.65,2217.59,2238.59,91687
2025-09-08 16:00:00,2238.59,2252.08,2218.86,2227.26,89021
2025-09-08 17:00:00,2227.26,2252.15,2223.46,2243.44,89898
2025-09-08 18:00:00,2243.44,2255.71,2225.38,2243.89,90403
2025-09-08 19:00:00,2243.89,2264.34,2231.79,2247.26,90456
2025-09-08 20:00:00,2247.26,2263.15,2239.38,2252.87,88557
2025-09-08 21:00:00,2252.87,2257.41,2251.61,2254.7,2996
2025-09-08 22:00:00,2254.7,2254.78,2254.14,2254.59,273
2025-09-08 23:00:00,2254.59,2259.43,2252.91,2258.8,2977
2025-09-09 00:00:00,2258.8,2261.98,2257.63,2260.35,2916
2025-09-09 01:00:00,2260.35,2263.67,2258.36,2261.78,2969
2025-09-09 02:00:00,2261.78,2265.7,2260.37,2264.59,2934
2025-09-09 03:00:00,2264.59,2266.64,2261.84,2263.81,3010
2025-09-09 04:00:00,2263.81,2267.95,2262.09,2266.3,2983
2025-09-09 05:00:00,2266.3,2267.65,2262.65,2265.74,3026
2025-09-09 06:00:00,2265.74,2270.9,2264.53,2265.64,2975
2025-09-09 07:00:00,2265.64,2267.49,2263.1,2263.84,2949
2025-09-09 08:00:00,2263.84,2276.31,2256.19,2262.32,65949
2025-09-09 09:00:00,2262.32,2266.2,2243.21,2248.44,66861
2025-09-09 10:00:00,2248.44,2264.49,2237.47,2256.28,66816
2025-09-09 11:00:00,2256.28,2267.86,2246.72,2251.3,65925
2025-09-09 12:00:00,2251.3,2256.75,2234.82,2237.64,66650
2025-09-09 13:00:00,2237.64,2267.59,2230.55,2243.7,89367
2025-09-09 14:00:00,2243.7,2280.9,2233.01,2274.26,89575
2025-09-09 15:00:00,2274.26,2296.13,2256.47,2282.75,90196
2025-09-09 16:00:00,2282.75,2333.7,2220.59,2240.43,90680
2025-09-09 17:00:00,2240.43,2243.13,2206.68,2212.61,90147
2025-09-09 18:00:00,2212.61,2241.2,2212.6,2221.14,89862
2025-09-09 19:00:00,2221.14,2227.44,2196.95,2216.86,91853
2025-09-09 20:00:00,2216.86,2248.52,2199.45,2223.14,91224
2025-09-09 21:00:00,2223.14,2225.22,2219.92,2224.17,2998
2025-09-09 22:00:00,2224.17,2224.58,2224.05,2224.32,274
2025-09-09 23:00:00,2224.32,2226.7,2221.52,2223.37,2925
2025-09-10 00:00:00,2223.37,2225.43,2220.61,2222.77,2971
2025-09-10 01:00:00,2222.77,2225.35,2220.82,2222.37,2935
2025-09-10 02:00:00,2222.37,2228.89,2221.01,2227.96,2946
2025-09-10 03:00:00,2227.96,2230.46,2224.63,2226.51,2996
2025-09-10 04:00:00,2226.51,2228.23,2223.96,2225.35,2949
2025-09-10 05:00:00,2225.35,2229.89,2224.29,2225.77,2902
2025-09-10 06:00:00,2225.77,2227.73,2223.76,2226.23,3068
2025-09-10 07:00:00,2226.23,2287.52,2130.11,2275.21,2998
2025-09-10 08:00:00,2275.21,2307.31,2239.15,2289.65,67177
2025-09-10 09:00:00,2289.65,2299.12,2274.64,2281.63,65064
2025-09-10 10:00:00,2281.63,2287.29,2260.87,2266.69,65457
2025-09-10 11:00:00,2266.69,2275.54,2251.82,2257.25,65391
2025-09-10 12:00:00,2257.25,2273.87,2249.42,2268.66,65213
2025-09-10 13:00:00,2268.66,2272.07,2241.91,2263.47,90564
2025-09-10 14:00:00,2263.47,2286.59,2253.48,2282.01,92684
2025-09-10 15:00:00,2282.01,2299.64,2271.35,2281.65,90052
2025-09-10 16:00:00,2281.65,2289.92,2263.43,2280.16,89253
2025-09-10 17:00:00,2280.16,2295.56,2257.42,2277.8,90141
2025-09-10 18:00:00,2277.8,2281.31,2235.64,2242.71,88285
2025-09-10 19:00:00,2242.71,2260.09,2231.62,2241.42,88643
2025-09-10 20:00:00,2241.42,2258.05,2220.41,2223.52,90772
2025-09-10 21:00:00,2223.52,2225.8,2220.38,2222.88,2951
2025-09-10 22:00:00,2222.88,2223.05,2222.4,2222.47,273
2025-09-10 23:00:00,2222.47,2223.59,2217.77,2219.07,2961
2025-09-11 00:00:00,2219.07,2222.04,2217.26,2221.19,2996
2025-09-11 01:00:00,2221.19,2226.5,2219.4,2225.43,2955
2025-09-11 02:00:00,2225.43,2234.62,2185.84,2206.36,2983
2025-09-11 03:00:00,2206.36,2209.23,2204.29,2208.02,2931
2025-09-11 04:00:00,2208.02,2210.91,2206.53,2208.87,3000
2025-09-11 05:00:00,2208.87,2210.47,2205.38,2206.43,2903
2025-09-11 06:00:00,2206.43,2269.83,2162.96,2254.26,2976
2025-09-11 07:00:00,2254.26,2271.19,2251.82,2269.68,3015
2025-09-11 08:00:00,2269.68,2278.21,2242.83,2266.3,65848
2025-09-11 09:00:00,2266.3,2279.89,2243.33,2277.54,64848
2025-09-11 10:00:00,2277.54,2307.87,2253.42,2283.37,63860
2025-09-11 11:00:00,2283.37,2300.83,2252.23,2290.74,67038
2025-09-11 12:00:00,2290.74,2325.55,2274.53,2311.41,66607
2025-09-11 13:00:00,2311.41,2332.24,2251.9,2261.05,91104
2025-09-11 14:00:00,2261.05,2332.23,2248.52,2301.21,89394
2025-09-11 15:00:00,2301.21,2353.17,2279.72,2327.47,90697
2025-09-11 16:00:00,2327.47,2357.93,2298.6,2350.89,89558
2025-09-11 17:00:00,2350.89,2407.31,2332.27,2394.81,89936
2025-09-11 18:00:00,2394.81,2485.67,2352.42,2404.54,90282
2025-09-11 19:00:00,2404.54,2450.14,2391.19,2414.5,89878
2025-09-11 20:00:00,2414.5,2473.33,2398.08,2452.94,88479
2025-09-11 21:00:00,2452.94,2491.89,2431.57,2456.33,2992
2025-09-11 22:00:00,2456.33,2543.34,2417.59,2498.02,270
2025-09-11 23:00:00,2498.02,2522.92,2495.74,2519.67,2922
2025-09-12 00:00:00,2519.67,2525.25,2513.03,2524.65,3009
2025-09-12 01:00:00,2524.65,2542.35,2524.2,2537.73,2965
2025-09-12 02:00:00,2537.73,2552.84,2535.51,2551.7,2990
2025-09-12 03:00:00,2551.7,2565.9,2549.29,2563.19,2966
2025-09-12 04:00:00,2563.19,2578.77,2561.33,2575.16,2912
2025-09-12 05:00:00,2575.16,2594.09,2571.19,2592.81,2996
2025-09-12 06:00:00,2592.81,2609.09,2588.53,2608.18,2966
2025-09-12 07:00:00,2608.18,2634.63,2607.35,2633.37,2991
2025-09-12 08:00:00,2633.37,2642.45,2587.72,2611.86,66130
2025-09-12 09:00:00,2611.86,2639.82,2578.51,2588.04,66426
2025-09-12 10:00:00,2588.04,2613.56,2561.0,2578.21,66540
2025-09-12 11:00:00,2578.21,2601.2,2561.3,2591.17,67156
2025-09-12 12:00:00,2591.17,2596.45,2562.93,2565.62,65615
2025-09-12 13:00:00,2565.62,2569.86,2527.47,2537.79,90973
2025-09-12 14:00:00,2537.79,2553.07,2521.0,2545.36,88550
2025-09-12 15:00:00,2545.36,2547.5,2506.6,2528.31,91778
2025-09-12 16:00:00,2528.31,2535.46,2500.77,2510.89,90529
2025-09-12 17:00:00,2510.89,2523.57,2492.89,2516.81,88492
2025-09-12 18:00:00,2516.81,2532.94,2502.75,2509.33,90473
2025-09-12 19:00:00,2509.33,2527.07,2491.09,2511.49,89909
2025-09-12 20:00:00,2511.49,2540.93,2497.59,2535.37,89939
2025-09-12 21:00:00,2535.37,2538.05,2532.85,2535.13,2907
2025-09-12 22:00:00,2535.13,2535.5,2534.89,2534.97,276
2025-09-12 23:00:00,2534.97,2541.12,2534.44,2540.8,2958
2025-09-15 00:00:00,2540.8,2542.59,2538.06,2539.98,2960
2025-09-15 01:00:00,2539.98,2545.59,2539.29,2542.65,2950
2025-09-15 02:00:00,2542.65,2549.28,2541.45,2548.81,3028
2025-09-15 03:00:00,2548.81,2550.13,2541.51,2543.76,2960
2025-09-15 04:00:00,2543.76,2546.27,2541.21,2542.98,2946
2025-09-15 05:00:00,2542.98,2548.44,2540.6,2545.56,3010
2025-09-15 06:00:00,2545.56,2546.58,2540.58,2542.6,2950
2025-09-15 07:00:00,2542.6,2545.14,2539.93,2543.31,2894
2025-09-15 08:00:00,2543.31,2569.43,2531.05,2550.25,66534
2025-09-15 09:00:00,2550.25,2568.53,2541.82,2559.89,67121
2025-09-15 10:00:00,2559.89,2573.2,2548.86,2559.95,67552
2025-09-15 11:00:00,2559.95,2572.67,2543.67,2565.59,65733
2025-09-15 12:00:00,2565.59,2570.8,2548.57,2558.19,66922
2025-09-15 13:00:00,2558.19,2588.34,2549.12,2576.54,90431
2025-09-15 14:00:00,2576.54,2606.98,2568.9,2585.01,89320
2025-09-15 15:00:00,2585.01,2594.69,2560.81,2581.86,89246
2025-09-15 16:00:00,2581.86,2599.19,2561.9,2578.55,91577
2025-09-15 17:00:00,2578.55,2637.69,2554.0,2626.63,89605
2025-09-15 18:00:00,2626.63,2654.43,2618.35,2639.4,88752
2025-09-15 19:00:00,2639.4,2646.79,2609.98,2641.23,90815
2025-09-15 20:00:00,2641.23,2678.68,2629.54,2652.63,89266
2025-09-15 21:00:00,2652.63,2656.32,2651.06,2652.71,3046
2025-09-15 22:00:00,2652.71,2652.95,2652.13,2652.72,270
2025-09-15 23:00:00,2652.72,2655.13,2649.09,2651.16,2922
2025-09-16 00:00:00,2651.16,2796.12,2459.67,2606.54,2993
2025-09-16 01:00:00,2606.54,2609.71,2601.91,2603.12,2947
2025-09-16 02:00:00,2603.12,2606.42,2601.54,2604.75,2921
2025-09-16 03:00:00,2604.75,2605.09,2597.23,2599.47,3060
2025-09-16 04:00:00,2599.47,2603.1,2591.39,2593.75,3015
2025-09-16 05:00:00,2593.75,2649.35,2569.76,2607.51,2988
2025-09-16 06:00:00,2607.51,2609.21,2604.29,2608.61,3071
2025-09-16 07:00:00,2608.61,2611.39,2605.57,2610.14,2984
2025-09-16 08:00:00,2610.14,2617.94,2593.16,2600.65,67355
2025-09-16 09:00:00,2600.65,2603.15,2572.26,2581.48,66688
2025-09-16 10:00:00,2581.48,2600.66,2578.93,2593.36,66388
2025-09-16 11:00:00,2593.36,2608.05,2573.59,2584.24,66385
2025-09-16 12:00:00,2584.24,2590.2,2547.58,2560.99,65974
2025-09-16 13:00:00,2560.99,2611.22,2552.53,2600.86,88024
2025-09-16 14:00:00,2600.86,2626.24,2580.96,2619.91,90110
2025-09-16 15:00:00,2619.91,2639.23,2606.7,2632.38,90163
2025-09-16 16:00:00,2632.38,2652.52,2614.5,2642.59,89444
2025-09-16 17:00:00,2642.59,2690.65,2623.02,2681.41,90279
2025-09-16 18:00:00,2681.41,2694.88,2656.3,2676.45,92540
2025-09-16 19:00:00,2676.45,2691.4,2645.38,2667.63,88802
2025-09-16 20:00:00,2667.63,2674.94,2641.88,2652.13,88264
2025-09-16 21:00:00,2652.13,2660.63,2650.35,2658.16,2916
2025-09-16 22:00:00,2658.16,2658.66,2658.06,2658.48,270
2025-09-16 23:00:00,2658.48,2659.85,2653.27,2656.73,2900
2025-09-17 00:00:00,2656.73,2661.18,2654.88,2658.68,2960
2025-09-17 01:00:00,2658.68,2660.38,2654.41,2658.43,2932
2025-09-17 02:00:00,2658.43,2659.75,2651.5,2653.26,3055
2025-09-17 03:00:00,2653.26,2654.35,2648.15,2649.62,3019
2025-09-17 04:00:00,2649.62,2650.98,2644.94,2647.73,2978
2025-09-17 05:00:00,2647.73,2792.04,2600.01,2694.31,2927
2025-09-17 06:00:00,2694.31,2698.89,2691.72,2696.82,2910
2025-09-17 07:00:00,2696.82,2703.39,2695.38,2700.38,2921
2025-09-17 08:00:00,2700.38,2710.21,2682.09,2698.11,66684
2025-09-17 09:00:00,2698.11,2711.03,2689.76,2708.12,66511
2025-09-17 10:00:00,2708.12,2720.33,2703.21,2708.96,65852
2025-09-17 11:00:00,2708.96,2730.45,2691.81,2703.54,66993
2025-09-17 12:00:00,2703.54,2763.16,2607.15,2657.18,64581
2025-09-17 13:00:00,2657.18,2677.93,2644.73,2649.72,91211
2025-09-17 14:00:00,2649.72,2668.19,2617.62,2663.28,87166
2025-09-17 15:00:00,2663.28,2669.02,2635.92,2639.38,88957
2025-09-17 16:00:00,2639.38,2649.1,2616.34,2629.69,88520
2025-09-17 17:00:00,2629.69,2647.81,2614.16,2628.04,88801
2025-09-17 18:00:00,2628.04,2645.56,2605.97,2623.12,93830
2025-09-17 19:00:00,2623.12,2640.62,2600.78,2621.29,89028
2025-09-17 20:00:00,2621.29,2625.97,2592.69,2613.68,90209
2025-09-17 21:00:00,2613.68,2614.83,2603.81,2605.06,2946
2025-09-17 22:00:00,2605.06,2636.34,2586.46,2607.67,267
2025-09-17 23:00:00,2607.67,2608.76,2586.25,2587.41,2990
2025-09-18 00:00:00,2587.41,2588.44,2571.14,2573.51,2979
2025-09-18 01:00:00,2573.51,2580.57,2541.97,2544.52,2977
2025-09-18 02:00:00,2544.52,2547.38,2515.3,2517.21,2998
2025-09-18 03:00:00,2517.21,2518.52,2505.04,2506.65,2968
2025-09-18 04:00:00,2506.65,2509.28,2485.09,2487.22,2991
2025-09-18 05:00:00,2487.22,2489.61,2469.98,2470.66,3014
2025-09-18 06:00:00,2470.66,2475.36,2443.48,2448.53,2933
2025-09-18 07:00:00,2448.53,2451.28,2418.91,2421.94,2981
2025-09-18 08:00:00,2421.94,2446.06,2369.87,2379.48,64722
2025-09-18 09:00:00,2379.48,2412.91,2207.54,2327.93,63263
2025-09-18 10:00:00,2327.93,2353.62,2302.63,2310.73,64311
2025-09-18 11:00:00,2310.73,2336.94,2296.99,2322.42,66547
2025-09-18 12:00:00,2322.42,2342.57,2297.57,2335.8,64331
2025-09-18 13:00:00,2335.8,2361.35,2291.56,2311.54,88988
2025-09-18 14:00:00,2311.54,2322.58,2232.74,2254.95,91383
2025-09-18 15:00:00,2254.95,2283.96,2223.55,2254.77,89077
2025-09-18 16:00:00,2254.77,2279.56,2215.43,2224.51,89647
2025-09-18 17:00:00,2224.51,2239.34,2156.71,2161.9,89719
2025-09-18 18:00:00,2161.9,2170.98,2112.41,2163.23,87909
2025-09-18 19:00:00,2163.23,2183.03,2111.49,2128.0,89008
2025-09-18 20:00:00,2128.0,2142.36,2045.49,2089.58,90685
2025-09-18 21:00:00,2089.58,2090.13,2073.39,2075.39,2939
2025-09-18 22:00:00,2075.39,2097.54,1948.84,2022.06,264
2025-09-18 23:00:00,2022.06,2117.32,1904.43,2050.26,2987
2025-09-19 00:00:00,2050.26,2052.61,2041.62,2042.46,2952
2025-09-19 01:00:00,2042.46,2043.35,2023.77,2024.84,3058
2025-09-19 02:00:00,2024.84,2028.96,2015.01,2016.43,2988
2025-09-19 03:00:00,2016.43,2017.84,2004.72,2008.77,2972
2025-09-19 04:00:00,2008.77,2009.33,1987.67,1990.07,2907
2025-09-19 05:00:00,1990.07,1991.59,1966.74,1967.82,3021
2025-09-19 06:00:00,1967.82,1971.06,1957.88,1960.54,3042
2025-09-19 07:00:00,1960.54,2004.96,1887.28,1929.12,2954
2025-09-19 08:00:00,1929.12,1961.53,1918.86,1930.6,67353
2025-09-19 09:00:00,1930.6,1953.3,1915.48,1948.97,66323
2025-09-19 10:00:00,1948.97,1954.14,1906.13,1915.86,64210
2025-09-19 11:00:00,1915.86,1922.11,1883.57,1905.09,66162
2025-09-19 12:00:00,1905.09,1917.71,1889.8,1913.09,64679
2025-09-19 13:00:00,1913.09,1943.71,1888.0,1900.42,88929
2025-09-19 14:00:00,1900.42,1911.44,1826.06,1835.44,91389
2025-09-19 15:00:00,1835.44,1848.07,1786.67,1797.99,90407
2025-09-19 16:00:00,1797.99,1816.78,1760.16,1767.11,90551
2025-09-19 17:00:00,1767.11,1780.46,1718.75,1757.57,90552
2025-09-19 18:00:00,1757.57,1776.78,1741.71,1756.76,88697
2025-09-19 19:00:00,1756.76,1760.26,1648.38,1666.14,89028
2025-09-19 20:00:00,1666.14,1679.88,1616.8,1625.59,91522
2025-09-19 21:00:00,1625.59,1626.26,1608.04,1610.23,3025
2025-09-19 22:00:00,1610.23,1610.7,1598.48,1598.88,267
2025-09-19 23:00:00,1598.88,1600.61,1585.94,1586.54,2995
2025-09-22 00:00:00,1586.54,1588.23,1570.41,1570.77,2946
2025-09-22 01:00:00,1570.77,1572.15,1555.31,1556.41,2997
2025-09-22 02:00:00,1556.41,1558.55,1540.76,1542.15,2946
2025-09-22 03:00:00,1542.15,1542.97,1528.31,1528.78,2993
2025-09-22 04:00:00,1528.78,1529.45,1518.52,1519.28,3002
2025-09-22 05:00:00,1519.28,1520.09,1510.62,1513.49,2962
2025-09-22 06:00:00,1513.49,1516.0,1499.75,1500.56,2913
2025-09-22 07:00:00,1500.56,1502.34,1485.14,1485.65,2930
2025-09-22 08:00:00,1485.65,1507.89,1446.24,1450.22,63268
2025-09-22 09:00:00,1450.22,1452.57,1411.78,1414.05,66348
2025-09-22 10:00:00,1414.05,1418.4,1385.9,1392.18,64757
2025-09-22 11:00:00,1392.18,1409.66,1387.9,1399.17,65689
2025-09-22 12:00:00,1399.17,1411.36,1380.24,1388.44,65611
2025-09-22 13:00:00,1388.44,1407.7,1378.09,1402.81,87607
2025-09-22 14:00:00,1402.81,1409.25,1352.58,1357.51,89720
2025-09-22 15:00:00,1357.51,1386.19,1340.09,1367.3,87531
2025-09-22 16:00:00,1367.3,1388.28,1344.5,1381.89,91457
2025-09-22 17:00:00,1381.89,1413.14,1368.74,1391.06,88351
2025-09-22 18:00:00,1391.06,1413.95,1374.5,1385.11,90195
2025-09-22 19:00:00,1385.11,1404.41,1347.1,1364.3,91004
2025-09-22 20:00:00,1364.3,1372.68,1322.0,1326.77,90188
2025-09-22 21:00:00,1326.77,1351.29,1306.73,1341.99,2986
2025-09-22 22:00:00,1341.99,1350.06,1324.55,1344.05,264
2025-09-22 23:00:00,1344.05,1345.13,1327.61,1328.18,2923
2025-09-23 00:00:00,1328.18,1329.91,1321.68,1322.38,2936
2025-09-23 01:00:00,1322.38,1325.22,1312.31,1312.78,2963
2025-09-23 02:00:00,1312.78,1313.13,1299.28,1302.05,3051
2025-09-23 03:00:00,1302.05,1303.63,1292.29,1295.0,2993
2025-09-23 04:00:00,1295.0,1297.03,1281.08,1283.01,2969
2025-09-23 05:00:00,1283.01,1283.49,1269.27,1270.86,3051
2025-09-23 06:00:00,1270.86,1271.79,1263.37,1265.57,2926
2025-09-23 07:00:00,1265.57,1266.04,1254.78,1255.93,3047
2025-09-23 08:00:00,1255.93,1263.42,1237.94,1251.44,67367
2025-09-23 09:00:00,1251.44,1260.29,1228.71,1238.51,66538
2025-09-23 10:00:00,1238.51,1253.63,1231.83,1250.12,66884
2025-09-23 11:00:00,1250.12,1252.08,1215.89,1227.73,66127
2025-09-23 12:00:00,1227.73,1233.64,1205.33,1207.23,65344
2025-09-23 13:00:00,1207.23,1216.44,1194.14,1194.3,90276
2025-09-23 14:00:00,1194.3,1205.75,1177.35,1177.58,91602
2025-09-23 15:00:00,1177.58,1193.38,1170.37,1179.32,91016
2025-09-23 16:00:00,1179.32,1188.01,1152.51,1178.34,89455
2025-09-23 17:00:00,1178.34,1191.03,1153.73,1158.8,88898
2025-09-23 18:00:00,1158.8,1170.68,1147.23,1154.53,88884
2025-09-23 19:00:00,1154.53,1167.65,1140.51,1155.8,88957
2025-09-23 20:00:00,1155.8,1170.08,1125.25,1138.25,90197
2025-09-23 21:00:00,1138.25,1138.81,1128.32,1129.08,2932
2025-09-23 22:00:00,1129.08,1129.17,1121.04,1121.14,278
2025-09-23 23:00:00,1121.14,1122.36,1115.16,1116.11,2858
2025-09-24 00:00:00,1116.11,1116.38,1103.22,1104.52,2991
2025-09-24 01:00:00,1104.52,1105.48,1094.44,1096.25,2985
2025-09-24 02:00:00,1096.25,1098.64,1088.87,1089.76,3072
2025-09-24 03:00:00,1089.76,1090.6,1084.78,1086.75,2925
2025-09-24 04:00:00,1086.75,1088.66,1081.97,1083.36,2986
2025-09-24 05:00:00,1083.36,1083.62,1067.98,1068.27,2939
2025-09-24 06:00:00,1068.27,1091.51,1040.36,1073.76,2962
2025-09-24 07:00:00,1073.76,1074.46,1066.05,1067.35,2962
2025-09-24 08:00:00,1067.35,1074.87,1046.71,1060.24,65396
2025-09-24 09:00:00,1060.24,1091.54,1011.29,1031.75,66818
2025-09-24 10:00:00,1031.75,1050.08,1028.02,1045.43,66354
2025-09-24 11:00:00,1045.43,1062.08,1038.0,1050.12,65022
2025-09-24 12:00:00,1050.12,1052.69,1035.29,1038.16,65136
2025-09-24 13:00:00,1038.16,1059.58,1020.92,1034.31,89884
2025-09-24 14:00:00,1034.31,1169.96,1001.68,1123.99,91421
2025-09-24 15:00:00,1123.99,1134.68,1114.27,1127.73,91203
2025-09-24 16:00:00,1127.73,1134.53,1121.97,1125.75,87831
2025-09-24 17:00:00,1125.75,1126.95,1112.69,1117.73,89264
2025-09-24 18:00:00,1117.73,1130.51,1116.06,1124.17,89001
2025-09-24 19:00:00,1124.17,1166.8,1093.06,1155.17,90342
2025-09-24 20:00:00,1155.17,1158.16,1142.44,1149.83,89630
2025-09-24 21:00:00,1149.83,1151.9,1149.63,1150.83,2964
2025-09-24 22:00:00,1150.83,1150.97,1150.74,1150.93,267
2025-09-24 23:00:00,1150.93,1151.28,1147.38,1148.66,2968
2025-09-25 00:00:00,1148.66,1151.3,1147.94,1149.22,2992
2025-09-25 01:00:00,1149.22,1151.74,1148.64,1150.93,2919
2025-09-25 02:00:00,1150.93,1152.76,1149.9,1152.05,2904
2025-09-25 03:00:00,1152.05,1153.7,1150.91,1153.46,3097
2025-09-25 04:00:00,1153.46,1154.61,1151.39,1154.16,3032
2025-09-25 05:00:00,1154.16,1156.22,1152.38,1155.73,2922
2025-09-25 06:00:00,1155.73,1157.25,1155.15,1155.98,3054
2025-09-25 07:00:00,1155.98,1159.35,1155.25,1159.1,2955
2025-09-25 08:00:00,1159.1,1163.78,1154.13,1157.6,67114
2025-09-25 09:00:00,1157.6,1171.53,1153.44,1170.82,63660
2025-09-25 10:00:00,1170.82,1173.61,1160.01,1164.88,65230
2025-09-25 11:00:00,1164.88,1174.46,1121.63,1148.89,65374
2025-09-25 12:00:00,1148.89,1150.26,1130.56,1132.52,65817
2025-09-25 13:00:00,1132.52,1141.59,1121.74,1121.97,91995
2025-09-25 14:00:00,1121.97,1133.32,1112.44,1119.76,89359
2025-09-25 15:00:00,1119.76,1130.93,1115.99,1129.47,87053
2025-09-25 16:00:00,1129.47,1133.16,1118.9,1125.28,90512
2025-09-25 17:00:00,1125.28,1135.32,1122.7,1124.07,89479
2025-09-25 18:00:00,1124.07,1149.39,1087.94,1134.72,89320
2025-09-25 19:00:00,1134.72,1137.92,1124.97,1130.29,90262
2025-09-25 20:00:00,1130.29,1138.94,1122.47,1137.13,91595
2025-09-25 21:00:00,1137.13,1139.03,1136.37,1137.87,2982
2025-09-25 22:00:00,1137.87,1138.05,1137.7,1137.82,267
2025-09-25 23:00:00,1137.82,1138.32,1136.6,1137.2,2948
2025-09-26 00:00:00,1137.2,1137.89,1133.66,1134.34,2834
2025-09-26 01:00:00,1134.34,1134.75,1132.51,1133.4,2988
2025-09-26 02:00:00,1133.4,1134.08,1132.24,1132.52,2954
2025-09-26 03:00:00,1132.52,1134.66,1132.2,1134.07,3000
2025-09-26 04:00:00,1134.07,1135.69,1132.29,1133.33,3015
2025-09-26 05:00:00,1133.33,1134.82,1132.83,1134.06,2933
2025-09-26 06:00:00,1134.06,1135.3,1132.84,1133.25,3054
2025-09-26 07:00:00,1133.25,1193.61,1096.17,1156.58,2928
2025-09-26 08:00:00,1156.58,1159.49,1150.79,1154.21,65145
2025-09-26 09:00:00,1154.21,1165.7,1153.37,1158.47,66566
2025-09-26 10:00:00,1158.47,1163.78,1153.69,1159.09,66588
2025-09-26 11:00:00,1159.09,1171.68,1155.48,1165.86,66573
2025-09-26 12:00:00,1165.86,1217.97,1129.42,1173.14,67346
2025-09-26 13:00:00,1173.14,1195.74,1158.71,1182.27,91001
2025-09-26 14:00:00,1182.27,1190.13,1175.15,1179.14,88815
2025-09-26 15:00:00,1179.14,1225.91,1147.86,1193.08,92018
2025-09-26 16:00:00,1193.08,1210.57,1188.23,1202.4,90470
2025-09-26 17:00:00,1202.4,1211.18,1195.97,1202.82,90421
2025-09-26 18:00:00,1202.82,1210.2,1194.03,1203.37,89278
2025-09-26 19:00:00,1203.37,1219.49,1196.42,1212.17,90349
2025-09-26 20:00:00,1212.17,1216.89,1197.58,1198.8,89454
2025-09-26 21:00:00,1198.8,1200.42,1196.93,1199.39,2914
2025-09-26 22:00:00,1199.39,1199.52,1199.28,1199.44,270
2025-09-26 23:00:00,1199.44,1202.7,1199.02,1201.16,2862
2025-09-29 00:00:00,1201.16,1203.26,1200.22,1202.1,3011
2025-09-29 01:00:00,1202.1,1204.65,1201.43,1204.2,2958
2025-09-29 02:00:00,1204.2,1205.65,1202.99,1203.7,2964
2025-09-29 03:00:00,1203.7,1205.94,1203.13,1203.71,2985
2025-09-29 04:00:00,1203.71,1206.16,1202.9,1205.14,2990
2025-09-29 05:00:00,1205.14,1207.45,1204.42,1205.76,2948
2025-09-29 06:00:00,1205.76,1206.99,1204.51,1206.37,2983
2025-09-29 07:00:00,1206.37,1207.06,1204.88,1205.5,2951
2025-09-29 08:00:00,1205.5,1208.29,1196.3,1197.43,65688
2025-09-29 09:00:00,1197.43,1204.79,1193.97,1203.16,67438
2025-09-29 10:00:00,1203.16,1216.48,1200.5,1213.64,66805
2025-09-29 11:00:00,1213.64,1221.94,1205.34,1220.05,65983
2025-09-29 12:00:00,1220.05,1231.17,1214.58,1222.92,67613
2025-09-29 13:00:00,1222.92,1244.78,1221.51,1238.45,92268
2025-09-29 14:00:00,1238.45,1241.14,1214.28,1226.58,90374
2025-09-29 15:00:00,1226.58,1232.21,1214.8,1222.47,91097
2025-09-29 16:00:00,1222.47,1228.07,1197.36,1200.4,88748
2025-09-29 17:00:00,1200.4,1240.47,1167.77,1233.46,90463
2025-09-29 18:00:00,1233.46,1277.16,1203.12,1218.46,89542
2025-09-29 19:00:00,1218.46,1230.06,1214.89,1219.74,92231
2025-09-29 20:00:00,1219.74,1221.51,1206.4,1208.6,89568
2025-09-29 21:00:00,1208.6,1210.63,1206.96,1208.26,2949
2025-09-29 22:00:00,1208.26,1208.41,1208.04,1208.21,269
2025-09-29 23:00:00,1208.21,1208.68,1206.14,1207.84,2884
2025-09-30 00:00:00,1207.84,1209.28,1206.34,1207.44,2967
2025-09-30 01:00:00,1207.44,1208.76,1205.98,1206.39,3054
2025-09-30 02:00:00,1206.39,1207.8,1205.23,1207.52,3002
2025-09-30 03:00:00,1207.52,1208.88,1205.46,1207.3,2863
2025-09-30 04:00:00,1207.3,1208.46,1205.57,1206.09,2992
2025-09-30 05:00:00,1206.09,1207.19,1205.23,1206.9,2999
2025-09-30 06:00:00,1206.9,1255.69,1177.69,1227.88,2968
2025-09-30 07:00:00,1227.88,1235.08,1189.03,1207.77,2978
2025-09-30 08:00:00,1207.77,1215.06,1180.48,1185.36,67101
2025-09-30 09:00:00,1185.36,1195.28,1156.95,1159.63,64562
2025-09-30 10:00:00,1159.63,1169.37,1142.91,1155.05,66180
2025-09-30 11:00:00,1155.05,1158.67,1127.46,1138.92,66667
2025-09-30 12:00:00,1138.92,1147.88,1122.61,1138.46,66601
2025-09-30 13:00:00,1138.46,1154.1,1119.92,1138.38,90673
2025-09-30 14:00:00,1138.38,1139.34,1098.45,1108.89,89655
2025-09-30 15:00:00,1108.89,1112.22,1088.5,1094.7,90513
2025-09-30 16:00:00,1094.7,1103.62,1073.12,1099.27,90501
2025-09-30 17:00:00,1099.27,1100.38,1043.19,1055.22,90690
2025-09-30 18:00:00,1055.22,1072.3,1040.74,1067.29,90208
2025-09-30 19:00:00,1067.29,1080.3,1056.31,1075.45,89497
2025-09-30 20:00:00,1075.45,1080.67,1040.32,1048.72,93074
2025-09-30 21:00:00,1048.72,1050.04,1038.06,1038.47,3057
2025-09-30 22:00:00,1038.47,1038.58,1030.7,1030.79,266
2025-09-30 23:00:00,1030.79,1031.27,1020.21,1021.73,3010
2025-10-01 00:00:00,1021.73,1022.44,1012.5,1013.59,2934
2025-10-01 01:00:00,1013.59,1014.37,1006.19,1006.68,2990
2025-10-01 02:00:00,1006.68,1009.47,1004.28,1004.7,3007
2025-10-01 03:00:00,1004.7,1005.59,998.07,998.62,2968
2025-10-01 04:00:00,998.62,999.33,988.33,988.94,2943
2025-10-01 05:00:00,988.94,989.29,981.12,982.55,2944
2025-10-01 06:00:00,982.55,983.68,976.3,976.52,2983
2025-10-01 07:00:00,976.52,976.91,964.7,965.41,2995
2025-10-01 08:00:00,965.41,968.21,939.87,944.06,65663
2025-10-01 09:00:00,944.06,958.78,935.61,949.54,65796
2025-10-01 10:00:00,949.54,963.65,944.42,958.64,65547
2025-10-01 11:00:00,958.64,963.06,942.92,950.05,65490
2025-10-01 12:00:00,950.05,953.47,922.85,935.53,66582
2025-10-01 13:00:00,935.53,954.15,928.49,939.14,89258
2025-10-01 14:00:00,939.14,951.78,925.03,934.27,93080
2025-10-01 15:00:00,934.27,947.43,919.79,933.39,88921
2025-10-01 16:00:00,933.39,957.83,923.66,928.24,91581
2025-10-01 17:00:00,928.24,944.45,916.81,938.26,90670
2025-10-01 18:00:00,938.26,967.09,910.76,925.74,88997
2025-10-01 19:00:00,925.74,933.93,899.88,902.3,89082
2025-10-01 20:00:00,902.3,910.54,888.45,894.3,89843
2025-10-01 21:00:00,894.3,894.71,884.34,885.15,2958
2025-10-01 22:00:00,885.15,885.23,878.84,878.9,273
2025-10-01 23:00:00,878.9,884.77,857.77,879.5,2995
2025-10-02 00:00:00,879.5,879.78,875.59,876.09,2987
2025-10-02 01:00:00,876.09,877.14,870.1,870.93,2938
2025-10-02 02:00:00,870.93,871.25,862.53,863.01,3026
2025-10-02 03:00:00,863.01,863.79,856.29,856.58,2907
2025-10-02 04:00:00,856.58,856.77,850.5,850.68,3016
2025-10-02 05:00:00,850.68,850.74,843.43,844.08,3004
2025-10-02 06:00:00,844.08,845.2,837.89,839.08,3037
2025-10-02 07:00:00,839.08,839.9,830.2,830.97,2915
2025-10-02 08:00:00,830.97,832.42,809.8,811.14,67253
2025-10-02 09:00:00,811.14,824.8,807.66,813.56,65586
2025-10-02 10:00:00,813.56,818.7,803.1,807.23,65930
2025-10-02 11:00:00,807.23,815.05,794.9,806.64,65291
2025-10-02 12:00:00,806.64,811.11,798.89,805.71,66809
2025-10-02 13:00:00,805.71,813.42,794.9,811.85,89871
2025-10-02 14:00:00,811.85,820.65,792.46,806.57,89190
2025-10-02 15:00:00,806.57,822.39,786.06,804.36,90644
2025-10-02 16:00:00,804.36,814.5,798.74,813.17,90617
2025-10-02 17:00:00,813.17,832.58,805.83,822.31,88497
2025-10-02 18:00:00,822.31,829.02,807.67,813.29,90467
2025-10-02 19:00:00,813.29,827.78,803.1,810.44,87531
2025-10-02 20:00:00,810.44,820.35,798.08,802.14,89324
2025-10-02 21:00:00,802.14,804.07,797.0,798.0,2973
2025-10-02 22:00:00,798.0,798.22,791.95,792.06,262
2025-10-02 23:00:00,792.06,792.72,787.58,788.7,2943
2025-10-03 00:00:00,788.7,789.4,742.65,763.01,3040
2025-10-03 01:00:00,763.01,764.02,756.01,756.44,2948
2025-10-03 02:00:00,756.44,757.03,750.68,750.83,2987
2025-10-03 03:00:00,750.83,751.97,748.6,750.52,2996
2025-10-03 04:00:00,750.52,758.05,749.91,757.77,2927
2025-10-03 05:00:00,757.77,762.09,757.23,761.3,3060
2025-10-03 06:00:00,761.3,769.23,760.55,769.05,3021
2025-10-03 07:00:00,769.05,773.38,768.77,773.09,2886
2025-10-03 08:00:00,773.09,783.04,763.41,768.7,67745
2025-10-03 09:00:00,768.7,780.15,754.1,764.91,64189
2025-10-03 10:00:00,764.91,769.03,755.33,766.59,66113
2025-10-03 11:00:00,766.59,776.73,758.43,773.25,64749
2025-10-03 12:00:00,773.25,815.31,751.05,786.21,67058
2025-10-03 13:00:00,786.21,805.61,776.01,797.55,91221
2025-10-03 14:00:00,797.55,814.93,787.35,807.12,91364
2025-10-03 15:00:00,807.12,851.36,799.46,814.52,88504
2025-10-03 16:00:00,814.52,843.34,811.53,834.71,89233
2025-10-03 17:00:00,834.71,841.66,821.05,825.52,89693
2025-10-03 18:00:00,825.52,844.47,824.0,833.33,90631
2025-10-03 19:00:00,833.33,840.46,822.74,828.52,92782
2025-10-03 20:00:00,828.52,841.98,824.06,831.75,89979
2025-10-03 21:00:00,831.75,838.39,831.18,836.5,3033
2025-10-03 22:00:00,836.5,842.73,836.36,842.48,276
2025-10-03 23:00:00,842.48,876.19,841.99,868.62,2891
2025-10-06 00:00:00,868.62,879.02,867.85,877.8,3000
2025-10-06 01:00:00,877.8,884.36,877.33,883.62,2937
2025-10-06 02:00:00,883.62,891.37,883.31,891.1,3006
2025-10-06 03:00:00,891.1,898.58,890.7,898.0,2889
2025-10-06 04:00:00,898.0,905.01,896.3,905.0,3013
2025-10-06 05:00:00,905.0,911.93,904.2,911.61,2955
2025-10-06 06:00:00,911.61,920.68,911.13,919.21,2970
2025-10-06 07:00:00,919.21,925.08,918.56,924.34,2950
2025-10-06 08:00:00,924.34,936.13,916.92,925.01,65918
2025-10-06 09:00:00,925.01,952.63,906.23,936.31,66814
2025-10-06 10:00:00,936.31,952.28,930.41,947.96,67842
2025-10-06 11:00:00,947.96,951.49,938.29,945.09,66369
2025-10-06 12:00:00,945.09,950.51,938.45,942.52,65394
2025-10-06 13:00:00,942.52,954.18,926.61,929.6,88933
2025-10-06 14:00:00,929.6,955.15,916.6,950.0,92046
2025-10-06 15:00:00,950.0,988.48,940.69,959.62,91319
2025-10-06 16:00:00,959.62,971.28,939.65,966.08,88714
2025-10-06 17:00:00,966.08,985.27,957.38,966.55,90790
2025-10-06 18:00:00,966.55,987.41,960.15,970.68,88253
2025-10-06 19:00:00,970.68,976.83,952.44,955.76,89800
2025-10-06 20:00:00,955.76,980.46,951.05,960.6,91432
2025-10-06 21:00:00,960.6,972.07,960.15,971.17,3022
2025-10-06 22:00:00,971.17,978.63,971.1,978.41,269
2025-10-06 23:00:00,978.41,985.61,978.05,984.64,2979
2025-10-07 00:00:00,984.64,998.27,956.59,961.85,3012
2025-10-07 01:00:00,961.85,981.15,946.61,964.42,2964
2025-10-07 02:00:00,964.42,964.99,954.19,955.74,2984
2025-10-07 03:00:00,955.74,956.11,948.28,949.09,2941
2025-10-07 04:00:00,949.09,949.64,943.81,944.95,2965
2025-10-07 05:00:00,944.95,947.22,942.26,943.75,2970
2025-10-07 06:00:00,943.75,944.36,939.64,941.62,2951
2025-10-07 07:00:00,941.62,944.63,934.56,935.46,2979
2025-10-07 08:00:00,935.46,945.87,916.15,920.56,67752
2025-10-07 09:00:00,920.56,922.81,906.02,913.73,66557
2025-10-07 10:00:00,913.73,921.93,878.61,894.91,64126
2025-10-07 11:00:00,894.91,900.93,885.36,898.62,65602
2025-10-07 12:00:00,898.62,907.26,894.63,897.83,67575
2025-10-07 13:00:00,897.83,902.8,874.02,878.48,89141
2025-10-07 14:00:00,878.48,881.57,831.71,857.73,92860
2025-10-07 15:00:00,857.73,871.91,842.72,853.07,90746
2025-10-07 16:00:00,853.07,863.22,841.12,845.43,87563
2025-10-07 17:00:00,845.43,859.45,835.89,841.07,90604
2025-10-07 18:00:00,841.07,852.3,830.11,840.44,89326
2025-10-07 19:00:00,840.44,846.87,821.45,824.41,89548
2025-10-07 20:00:00,824.41,834.81,806.74,829.05,89656
2025-10-07 21:00:00,829.05,830.35,822.79,824.75,2973
2025-10-07 22:00:00,824.75,824.81,818.81,818.92,272
2025-10-07 23:00:00,818.92,819.37,810.45,810.76,2969
2025-10-08 00:00:00,810.76,811.54,805.81,807.42,2951
2025-10-08 01:00:00,807.42,813.28,807.28,812.87,3014
2025-10-08 02:00:00,812.87,819.7,812.68,818.48,2908
2025-10-08 03:00:00,818.48,826.69,816.45,826.03,3041
2025-10-08 04:00:00,826.03,833.64,825.95,831.66,2932
2025-10-08 05:00:00,831.66,836.47,829.31,835.74,2996
2025-10-08 06:00:00,835.74,840.5,835.42,840.01,2935
2025-10-08 07:00:00,840.01,879.91,839.13,864.15,2894
2025-10-08 08:00:00,864.15,879.14,847.28,867.16,65496
2025-10-08 09:00:00,867.16,874.44,858.93,862.58,68124
2025-10-08 10:00:00,862.58,889.03,857.38,885.51,65987
2025-10-08 11:00:00,885.51,902.6,881.92,899.51,67625
2025-10-08 12:00:00,899.51,920.05,894.53,908.2,64809
2025-10-08 13:00:00,908.2,936.01,904.36,931.49,88098
2025-10-08 14:00:00,931.49,942.88,915.13,928.67,87997
2025-10-08 15:00:00,928.67,949.76,916.74,942.82,88993
2025-10-08 16:00:00,942.82,961.04,929.49,954.66,90599
2025-10-08 17:00:00,954.66,977.15,942.0,961.96,89918
2025-10-08 18:00:00,961.96,976.76,956.76,963.2,89422
2025-10-08 19:00:00,963.2,986.83,954.48,958.24,87800
2025-10-08 20:00:00,958.24,989.65,954.93,977.13,88842
2025-10-08 21:00:00,977.13,980.17,976.94,978.14,3089
2025-10-08 22:00:00,978.14,985.24,977.97,985.08,272
2025-10-08 23:00:00,985.08,993.71,984.99,992.86,2950
2025-10-09 00:00:00,992.86,998.86,992.83,998.69,2890
2025-10-09 01:00:00,998.69,1007.06,996.45,1006.44,2997
2025-10-09 02:00:00,1006.44,1013.29,1005.73,1013.24,2929
2025-10-09 03:00:00,1013.24,1021.6,1011.59,1020.77,2943
2025-10-09 04:00:00,1020.77,1031.1,1018.75,1030.85,3013
2025-10-09 05:00:00,1030.85,1042.42,1029.34,1042.15,2936
2025-10-09 06:00:00,1042.15,1049.07,1041.9,1048.4,2940
2025-10-09 07:00:00,1048.4,1056.66,1047.6,1056.18,2994
2025-10-09 08:00:00,1056.18,1069.86,1050.41,1068.84,66744
2025-10-09 09:00:00,1068.84,1078.91,1055.98,1061.55,66855
2025-10-09 10:00:00,1061.55,1076.76,1059.14,1066.49,66182
2025-10-09 11:00:00,1066.49,1084.23,1057.59,1074.42,65533
2025-10-09 12:00:00,1074.42,1098.52,1071.82,1097.17,64432
2025-10-09 13:00:00,1097.17,1117.76,1088.98,1115.7,89932
2025-10-09 14:00:00,1115.7,1146.99,1109.78,1139.99,89637
2025-10-09 15:00:00,1139.99,1165.23,1129.16,1155.71,87968
2025-10-09 16:00:00,1155.71,1158.39,1115.0,1120.1,88641
2025-10-09 17:00:00,1120.1,1127.55,1094.97,1100.21,88115
2025-10-09 18:00:00,1100.21,1105.59,1065.02,1069.35,90901
2025-10-09 19:00:00,1069.35,1093.6,1053.15,1080.32,90100
2025-10-09 20:00:00,1080.32,1092.7,1057.86,1071.6,89591
2025-10-09 21:00:00,1071.6,1072.24,1062.02,1063.45,2979
2025-10-09 22:00:00,1063.45,1063.54,1055.66,1055.84,270
2025-10-09 23:00:00,1055.84,1056.57,1048.04,1049.99,2956
2025-10-10 00:00:00,1049.99,1051.42,1040.93,1041.56,2950
2025-10-10 01:00:00,1041.56,1042.98,1034.85,1034.99,3045
2025-10-10 02:00:00,1034.99,1035.99,1025.24,1025.91,2995
2025-10-10 03:00:00,1025.91,1026.71,1019.99,1020.82,3006
2025-10-10 04:00:00,1020.82,1022.76,1016.31,1017.01,2987
2025-10-10 05:00:00,1017.01,1017.33,1009.23,1009.59,2983
2025-10-10 06:00:00,1009.59,1010.43,1002.92,1003.85,2922
2025-10-10 07:00:00,1003.85,1004.47,995.67,996.26,2922
2025-10-10 08:00:00,996.26,999.15,977.86,990.05,66971
2025-10-10 09:00:00,990.05,1004.79,983.87,998.5,65288
2025-10-10 10:00:00,998.5,1023.88,990.23,1009.21,66115
2025-10-10 11:00:00,1009.21,1013.91,981.03,1000.43,66265
2025-10-10 12:00:00,1000.43,1007.67,987.43,994.89,65049
2025-10-10 13:00:00,994.89,1003.1,981.57,988.28,90144
2025-10-10 14:00:00,988.28,1040.26,927.39,955.45,89475
2025-10-10 15:00:00,955.45,973.63,938.76,965.86,90257
2025-10-10 16:00:00,965.86,993.44,954.53,970.42,89630
2025-10-10 17:00:00,970.42,973.39,921.59,926.16,89924
2025-10-10 18:00:00,926.16,934.25,912.17,916.99,89703
2025-10-10 19:00:00,916.99,927.18,904.59,910.52,93185
2025-10-10 20:00:00,910.52,918.02,894.08,896.82,90656
2025-10-10 21:00:00,896.82,897.39,886.84,887.11,3007
2025-10-10 22:00:00,887.11,887.32,880.78,880.99,268
2025-10-10 23:00:00,880.99,882.08,873.87,874.8,2916
2025-10-13 00:00:00,874.8,876.06,866.63,868.05,2917
2025-10-13 01:00:00,868.05,869.24,860.72,861.47,3066
2025-10-13 02:00:00,861.47,862.56,856.29,857.02,2998
2025-10-13 03:00:00,857.02,857.78,849.17,849.69,2977
2025-10-13 04:00:00,849.69,850.33,846.97,847.85,3012
2025-10-13 05:00:00,847.85,848.72,841.52,842.36,2953
2025-10-13 06:00:00,842.36,843.57,838.73,840.41,3009
2025-10-13 07:00:00,840.41,841.03,833.95,834.52,3072
2025-10-13 08:00:00,834.52,842.86,826.86,831.94,66930
2025-10-13 09:00:00,831.94,834.76,805.16,806.96,66957
2025-10-13 10:00:00,806.96,819.83,800.53,813.55,65000
2025-10-13 11:00:00,813.55,818.67,791.79,793.48,65151
2025-10-13 12:00:00,793.48,805.68,788.42,801.81,66390
2025-10-13 13:00:00,801.81,805.35,773.35,778.33,90538
2025-10-13 14:00:00,778.33,792.61,762.79,777.33,89921
2025-10-13 15:00:00,777.33,783.29,752.93,761.07,90489
2025-10-13 16:00:00,761.07,776.19,754.0,762.82,89304
2025-10-13 17:00:00,762.82,768.02,750.87,757.75,89041
2025-10-13 18:00:00,757.75,766.2,740.49,753.63,91918
2025-10-13 19:00:00,753.63,760.03,733.59,735.0,86772
2025-10-13 20:00:00,735.0,739.17,710.99,726.41,88983
2025-10-13 21:00:00,726.41,726.9,718.56,719.63,2973
2025-10-13 22:00:00,719.63,719.71,714.49,714.57,270
2025-10-13 23:00:00,714.57,715.25,707.16,707.86,2864
2025-10-14 00:00:00,707.86,708.22,700.7,701.14,2931
2025-10-14 01:00:00,701.14,702.4,696.26,696.81,2923
2025-10-14 02:00:00,696.81,697.57,690.51,690.85,2999
2025-10-14 03:00:00,690.85,691.08,688.01,689.46,3042
2025-10-14 04:00:00,689.46,689.69,684.48,684.55,2962
2025-10-14 05:00:00,684.55,685.69,679.49,679.58,2958
2025-10-14 06:00:00,679.58,680.27,675.15,675.69,2924
2025-10-14 07:00:00,675.69,676.31,669.69,670.84,3029
2025-10-14 08:00:00,670.84,675.74,662.8,665.76,66703
2025-10-14 09:00:00,665.76,668.53,658.11,663.84,68005
2025-10-14 10:00:00,663.84,692.75,635.98,668.62,66673
2025-10-14 11:00:00,668.62,670.96,658.66,659.47,65369
2025-10-14 12:00:00,659.47,664.69,646.46,650.03,66175
2025-10-14 13:00:00,650.03,657.19,641.59,648.53,88683
2025-10-14 14:00:00,648.53,649.79,636.74,639.32,90910
2025-10-14 15:00:00,639.32,655.65,632.31,647.34,90997
2025-10-14 16:00:00,647.34,654.1,629.87,637.06,89434
2025-10-14 17:00:00,637.06,650.58,634.9,647.64,90534
2025-10-14 18:00:00,647.64,652.38,626.63,630.89,90450
2025-10-14 19:00:00,630.89,640.04,619.77,626.19,89115
2025-10-14 20:00:00,626.19,633.74,610.0,611.45,88138
2025-10-14 21:00:00,611.45,612.51,606.04,606.28,2972
2025-10-14 22:00:00,606.28,606.32,601.75,601.93,267
2025-10-14 23:00:00,601.93,602.15,598.15,598.91,3072
2025-10-15 00:00:00,598.91,599.33,595.34,595.56,2980
2025-10-15 01:00:00,595.56,596.49,594.02,594.27,2991
2025-10-15 02:00:00,594.27,595.03,587.09,587.75,2958
2025-10-15 03:00:00,587.75,588.49,583.98,584.76,2925
2025-10-15 04:00:00,584.76,585.11,581.81,583.15,2917
2025-10-15 05:00:00,583.15,583.61,573.01,573.38,2990
2025-10-15 06:00:00,573.38,573.56,567.82,568.42,2902
2025-10-15 07:00:00,568.42,569.01,564.75,565.22,3018
2025-10-15 08:00:00,565.22,567.03,553.31,557.35,65583
2025-10-15 09:00:00,557.35,571.41,550.28,568.04,64809
2025-10-15 10:00:00,568.04,570.38,565.29,566.99,66659
2025-10-15 11:00:00,566.99,569.62,564.19,567.75,65698
2025-10-15 12:00:00,567.75,573.75,566.79,570.89,67713
2025-10-15 13:00:00,570.89,573.74,564.34,568.57,90296
2025-10-15 14:00:00,568.57,575.02,563.85,573.89,91484
2025-10-15 15:00:00,573.89,577.41,570.68,576.22,90219
2025-10-15 16:00:00,576.22,581.28,572.5,576.73,90676
2025-10-15 17:00:00,576.73,583.22,573.87,577.54,89330
2025-10-15 18:00:00,577.54,581.92,570.63,574.34,90721
2025-10-15 19:00:00,574.34,578.86,571.21,577.57,87891
2025-10-15 20:00:00,577.57,581.95,573.87,580.2,93728
2025-10-15 21:00:00,580.2,581.52,580.16,580.89,2932
2025-10-15 22:00:00,580.89,581.0,580.84,580.95,265
2025-10-15 23:00:00,580.95,581.05,579.75,580.67,3026
2025-10-16 00:00:00,580.67,581.02,579.92,580.31,2972
2025-10-16 01:00:00,580.31,581.13,579.08,579.77,3005
2025-10-16 02:00:00,579.77,580.38,579.11,580.23,2953
2025-10-16 03:00:00,580.23,581.29,579.87,580.71,3009
2025-10-16 04:00:00,580.71,580.86,579.3,579.77,2927
2025-10-16 05:00:00,579.77,580.06,577.32,577.71,2923
2025-10-16 06:00:00,577.71,579.71,577.42,579.12,2949
2025-10-16 07:00:00,579.12,579.73,578.55,579.26,3049
2025-10-16 08:00:00,579.26,579.73,573.05,576.04,65955
2025-10-16 09:00:00,576.04,585.49,551.34,556.69,65447
2025-10-16 10:00:00,556.69,558.96,552.26,556.38,66010
2025-10-16 11:00:00,556.38,558.81,553.63,556.74,65102
2025-10-16 12:00:00,556.74,562.94,550.45,553.92,65045
2025-10-16 13:00:00,553.92,556.04,547.36,549.1,90452
2025-10-16 14:00:00,549.1,553.99,548.04,551.6,91884
2025-10-16 15:00:00,551.6,561.5,551.03,557.3,90082
2025-10-16 16:00:00,557.3,562.94,554.85,558.75,91712
2025-10-16 17:00:00,558.75,561.32,551.87,552.74,89386
2025-10-16 18:00:00,552.74,558.64,551.76,553.12,88484
2025-10-16 19:00:00,553.12,561.42,543.51,553.97,90127
2025-10-16 20:00:00,553.97,558.72,550.97,557.33,90054
2025-10-16 21:00:00,557.33,557.94,556.9,557.52,2918
2025-10-16 22:00:00,557.52,557.6,557.46,557.53,272
2025-10-16 23:00:00,557.53,566.22,551.85,561.59,2935
2025-10-17 00:00:00,561.59,561.86,560.36,561.23,2992
2025-10-17 01:00:00,561.23,561.78,560.55,560.69,2978
2025-10-17 02:00:00,560.69,561.2,559.85,560.82,2938
2025-10-17 03:00:00,560.82,561.85,560.45,560.49,2968
2025-10-17 04:00:00,560.49,560.76,559.63,559.92,2999
2025-10-17 05:00:00,559.92,560.8,559.16,560.74,2958
2025-10-17 06:00:00,560.74,561.47,560.57,560.83,3015
2025-10-17 07:00:00,560.83,561.15,559.29,559.84,3002
2025-10-17 08:00:00,559.84,563.49,557.72,558.6,65398
2025-10-17 09:00:00,558.6,563.22,557.67,562.17,66338
2025-10-17 10:00:00,562.17,568.95,561.36,566.15,66125
2025-10-17 11:00:00,566.15,570.59,564.78,566.66,65356
2025-10-17 12:00:00,566.66,567.93,562.34,565.03,64711
2025-10-17 13:00:00,565.03,569.02,562.47,567.49,91551
2025-10-17 14:00:00,567.49,574.37,566.41,570.82,89826
2025-10-17 15:00:00,570.82,577.75,569.89,574.15,89432
2025-10-17 16:00:00,574.15,594.5,566.18,587.3,90135
2025-10-17 17:00:00,587.3,590.99,584.47,586.88,90286
2025-10-17 18:00:00,586.88,590.2,575.43,580.91,88471
2025-10-17 19:00:00,580.91,585.06,575.3,577.99,89607
2025-10-17 20:00:00,577.99,600.28,569.89,586.73,89374
2025-10-17 21:00:00,586.73,587.92,586.41,587.47,3027
2025-10-17 22:00:00,587.47,587.55,587.45,587.48,273
2025-10-17 23:00:00,587.48,588.01,586.64,587.1,2997
2025-10-20 00:00:00,587.1,587.41,584.88,584.95,2873
2025-10-20 01:00:00,584.95,585.46,584.58,584.8,2996
2025-10-20 02:00:00,584.8,586.16,584.27,585.7,2906
2025-10-20 03:00:00,585.7,585.91,584.88,585.58,2979
2025-10-20 04:00:00,585.58,585.79,584.32,585.26,2991
2025-10-20 05:00:00,585.26,585.82,583.95,584.04,2954
2025-10-20 06:00:00,584.04,598.75,570.74,591.68,2962
2025-10-20 07:00:00,591.68,591.98,590.61,591.39,2968
2025-10-20 08:00:00,591.39,593.87,589.01,589.78,65659
2025-10-20 09:00:00,589.78,590.52,582.15,583.8,65980
2025-10-20 10:00:00,583.8,585.29,579.51,579.79,66127
2025-10-20 11:00:00,579.79,582.01,576.74,579.94,67500
2025-10-20 12:00:00,579.94,581.23,575.73,578.35,65078
2025-10-20 13:00:00,578.35,587.34,574.36,585.77,88040
2025-10-20 14:00:00,585.77,592.11,583.57,591.0,91052
2025-10-20 15:00:00,591.0,594.19,586.98,589.57,88874
2025-10-20 16:00:00,589.57,591.81,584.51,589.79,88132
2025-10-20 17:00:00,589.79,598.69,588.07,597.42,89358
2025-10-20 18:00:00,597.42,601.35,593.19,596.12,90799
2025-10-20 19:00:00,596.12,598.27,590.79,594.91,91139
2025-10-20 20:00:00,594.91,596.52,584.59,585.2,89639
2025-10-20 21:00:00,585.2,585.86,584.74,585.22,2995
2025-10-20 22:00:00,585.22,585.28,585.18,585.23,268
2025-10-20 23:00:00,585.23,585.68,584.6,585.08,3001
2025-10-21 00:00:00,585.08,585.43,584.77,585.2,3026
2025-10-21 01:00:00,585.2,586.53,584.83,585.36,2932
2025-10-21 02:00:00,585.36,586.87,584.96,586.82,2970
2025-10-21 03:00:00,586.82,587.47,586.2,586.42,2996
2025-10-21 04:00:00,586.42,586.64,585.18,585.54,2905
2025-10-21 05:00:00,585.54,586.15,584.13,584.58,2900
2025-10-21 06:00:00,584.58,584.89,583.91,584.31,2928
2025-10-21 07:00:00,584.31,584.8,582.46,582.94,2922
2025-10-21 08:00:00,582.94,587.19,580.23,586.24,66547
2025-10-21 09:00:00,586.24,588.8,582.11,584.36,63804
2025-10-21 10:00:00,584.36,586.3,578.6,581.93,67223
2025-10-21 11:00:00,581.93,587.71,580.77,585.8,65603
2025-10-21 12:00:00,585.8,590.78,583.58,586.29,64708
2025-10-21 13:00:00,586.29,590.87,579.83,582.3,90200
2025-10-21 14:00:00,582.3,588.6,579.25,583.46,89429
2025-10-21 15:00:00,583.46,587.44,580.99,582.54,90994
2025-10-21 16:00:00,582.54,586.58,580.53,583.77,86439
2025-10-21 17:00:00,583.77,588.82,579.82,582.17,90175
2025-10-21 18:00:00,582.17,590.48,580.77,587.99,91231
2025-10-21 19:00:00,587.99,591.93,582.74,588.17,90494
2025-10-21 20:00:00,588.17,596.35,586.24,592.48,89594
2025-10-21 21:00:00,592.48,594.16,591.71,593.31,3004
2025-10-21 22:00:00,593.31,593.39,593.28,593.3,271
2025-10-21 23:00:00,593.3,594.48,592.53,594.02,2967
2025-10-22 00:00:00,594.02,594.2,593.28,593.88,2946
2025-10-22 01:00:00,593.88,594.43,593.51,594.04,3033
2025-10-22 02:00:00,594.04,594.34,593.05,593.69,3016
2025-10-22 03:00:00,593.69,595.02,592.93,594.44,2995
2025-10-22 04:00:00,594.44,596.1,593.98,595.87,2951
2025-10-22 05:00:00,595.87,596.73,595.25,596.55,2986
2025-10-22 06:00:00,596.55,597.8,596.11,597.52,2964
2025-10-22 07:00:00,597.52,598.42,596.44,596.99,2976
2025-10-22 08:00:00,596.99,597.93,591.16,591.81,66458
2025-10-22 09:00:00,591.81,593.6,587.3,589.18,65282
2025-10-22 10:00:00,589.18,590.29,584.98,585.68,66676
2025-10-22 11:00:00,585.68,600.14,583.87,591.89,65323
2025-10-22 12:00:00,591.89,593.93,589.87,592.92,64260
2025-10-22 13:00:00,592.92,596.02,588.11,589.15,91183
2025-10-22 14:00:00,589.15,589.5,577.04,579.25,91059
2025-10-22 15:00:00,579.25,581.99,570.64,575.03,90640
2025-10-22 16:00:00,575.03,577.46,570.65,574.57,89843
2025-10-22 17:00:00,574.57,578.43,570.77,573.95,88451
2025-10-22 18:00:00,573.95,580.09,572.91,577.31,89048
2025-10-22 19:00:00,577.31,579.15,571.05,575.37,90168
2025-10-22 20:00:00,575.37,578.17,567.16,573.32,89932
2025-10-22 21:00:00,573.32,573.64,571.76,572.4,3067
2025-10-22 22:00:00,572.4,572.48,572.36,572.39,273
2025-10-22 23:00:00,572.39,573.6,571.71,572.85,3017
2025-10-23 00:00:00,572.85,573.79,572.34,573.53,2956
2025-10-23 01:00:00,573.53,574.25,572.96,574.05,2942
2025-10-23 02:00:00,574.05,574.58,573.4,574.16,2965
2025-10-23 03:00:00,574.16,574.3,573.43,574.03,3064
2025-10-23 04:00:00,574.03,574.97,573.82,574.22,3008
2025-10-23 05:00:00,574.22,575.04,573.73,574.36,2923
2025-10-23 06:00:00,574.36,575.0,573.68,574.55,2913
2025-10-23 07:00:00,574.55,574.67,573.38,574.08,3035
2025-10-23 08:00:00,574.08,576.45,571.73,575.79,65083
2025-10-23 09:00:00,575.79,577.69,571.04,571.72,65101
2025-10-23 10:00:00,571.72,574.55,569.3,571.93,66137
2025-10-23 11:00:00,571.93,574.92,567.51,569.45,65575
2025-10-23 12:00:00,569.45,576.59,568.44,575.87,65034
2025-10-23 13:00:00,575.87,581.78,573.62,578.17,89200
2025-10-23 14:00:00,578.17,583.59,575.23,579.6,88937
2025-10-23 15:00:00,579.6,583.03,576.55,579.11,88468
2025-10-23 16:00:00,579.11,579.18,569.85,571.08,89803
2025-10-23 17:00:00,571.08,578.57,566.1,575.89,89158
2025-10-23 18:00:00,575.89,584.55,573.22,581.89,86734
2025-10-23 19:00:00,581.89,587.57,577.81,583.43,90621
2025-10-23 20:00:00,583.43,592.89,581.43,592.43,91368
2025-10-23 21:00:00,592.43,592.75,591.71,592.38,3046
2025-10-23 22:00:00,592.38,592.41,592.15,592.2,267
2025-10-23 23:00:00,592.2,602.39,582.72,583.7,2932
2025-10-24 00:00:00,583.7,584.38,583.07,583.87,3056
2025-10-24 01:00:00,583.87,584.5,582.81,583.97,2912
2025-10-24 02:00:00,583.97,584.52,583.46,583.75,2915
2025-10-24 03:00:00,583.75,584.53,583.42,584.29,2934
2025-10-24 04:00:00,584.29,585.98,583.62,585.6,3006
2025-10-24 05:00:00,585.6,585.8,584.44,584.87,2934
2025-10-24 06:00:00,584.87,585.5,584.41,584.6,2995
2025-10-24 07:00:00,584.6,585.44,584.39,585.09,2938
2025-10-24 08:00:00,585.09,588.61,577.98,581.04,66507
2025-10-24 09:00:00,581.04,584.57,579.5,581.63,64697
2025-10-24 10:00:00,581.63,584.41,578.4,583.47,68271
2025-10-24 11:00:00,583.47,585.75,580.54,584.51,66610
2025-10-24 12:00:00,584.51,585.95,578.04,580.72,66670
2025-10-24 13:00:00,580.72,583.06,570.93,575.29,91704
2025-10-24 14:00:00,575.29,577.49,570.51,572.97,90962
2025-10-24 15:00:00,572.97,574.25,567.27,569.21,90832
2025-10-24 16:00:00,569.21,579.07,566.33,578.64,91639
2025-10-24 17:00:00,578.64,587.78,572.98,581.15,90171
2025-10-24 18:00:00,581.15,584.32,577.31,579.05,91096
2025-10-24 19:00:00,579.05,584.0,577.92,581.46,89840
2025-10-24 20:00:00,581.46,584.98,566.79,572.13,90775
2025-10-24 21:00:00,572.13,572.71,571.38,572.48,2939
2025-10-24 22:00:00,572.48,572.55,572.38,572.44,269
2025-10-24 23:00:00,572.44,572.91,571.97,572.24,2944
2025-10-27 00:00:00,572.24,572.75,571.75,572.27,2939
2025-10-27 01:00:00,572.27,573.12,571.59,572.9,3004
2025-10-27 02:00:00,572.9,573.21,572.1,572.64,3027
2025-10-27 03:00:00,572.64,573.41,571.9,573.16,2907
2025-10-27 04:00:00,573.16,573.74,572.34,573.04,2987
2025-10-27 05:00:00,573.04,573.26,571.9,572.38,2894
2025-10-27 06:00:00,572.38,573.17,571.44,571.59,2951
2025-10-27 07:00:00,571.59,572.63,571.3,572.42,2917
2025-10-27 08:00:00,572.42,573.38,567.91,570.7,63688
2025-10-27 09:00:00,570.7,574.02,569.72,570.99,65712
2025-10-27 10:00:00,570.99,571.87,565.61,569.21,66595
2025-10-27 11:00:00,569.21,575.58,566.72,572.85,66282
2025-10-27 12:00:00,572.85,576.27,571.28,575.08,67053
2025-10-27 13:00:00,575.08,578.51,571.68,574.04,90745
2025-10-27 14:00:00,574.04,580.04,570.39,576.32,89641
2025-10-27 15:00:00,576.32,583.23,573.38,575.32,90927
2025-10-27 16:00:00,575.32,578.51,572.07,576.75,90892
2025-10-27 17:00:00,576.75,582.08,573.23,577.98,89889
2025-10-27 18:00:00,577.98,587.57,573.39,586.15,91917
2025-10-27 19:00:00,586.15,593.44,584.46,589.41,90062
2025-10-27 20:00:00,589.41,592.45,585.03,589.93,89492
2025-10-27 21:00:00,589.93,590.5,589.3,589.58,2948
2025-10-27 22:00:00,589.58,599.72,584.62,596.23,275
2025-10-27 23:00:00,596.23,596.79,595.42,595.68,3016
2025-10-28 00:00:00,595.68,596.66,595.2,596.02,2928
2025-10-28 01:00:00,596.02,596.29,594.39,594.63,2979
2025-10-28 02:00:00,594.63,595.78,594.1,595.55,2976
2025-10-28 03:00:00,595.55,595.95,594.08,594.84,3002
2025-10-28 04:00:00,594.84,595.04,593.75,594.11,2983
2025-10-28 05:00:00,594.11,594.52,592.98,594.33,2970
2025-10-28 06:00:00,594.33,595.33,593.32,593.55,2939
2025-10-28 07:00:00,593.55,601.86,592.61,599.14,2930
2025-10-28 08:00:00,599.14,599.68,593.95,594.47,66301
2025-10-28 09:00:00,594.47,597.11,592.25,596.59,66441
2025-10-28 10:00:00,596.59,598.71,593.43,594.77,66871
2025-10-28 11:00:00,594.77,601.28,594.07,599.48,64154
2025-10-28 12:00:00,599.48,602.64,595.43,599.08,65494
2025-10-28 13:00:00,599.08,606.03,597.74,605.63,91486
2025-10-28 14:00:00,605.63,609.34,599.79,604.88,88379
2025-10-28 15:00:00,604.88,607.4,594.83,595.9,90038
2025-10-28 16:00:00,595.9,599.95,593.27,595.72,88054
2025-10-28 17:00:00,595.72,598.23,592.79,597.45,90120
2025-10-28 18:00:00,597.45,602.43,591.04,592.08,90287
2025-10-28 19:00:00,592.08,596.5,589.31,596.26,89535
2025-10-28 20:00:00,596.26,597.39,587.45,588.93,91830
2025-10-28 21:00:00,588.93,590.09,588.53,589.5,2900
2025-10-28 22:00:00,589.5,589.56,589.42,589.44,274
2025-10-28 23:00:00,589.44,590.22,588.27,588.53,3058
2025-10-29 00:00:00,588.53,589.69,588.13,589.44,2945
2025-10-29 01:00:00,589.44,589.97,588.31,588.99,2936
2025-10-29 02:00:00,588.99,589.37,588.28,589.05,2952
2025-10-29 03:00:00,589.05,589.82,588.18,589.0,2954
2025-10-29 04:00:00,589.0,589.66,587.6,588.34,2985
2025-10-29 05:00:00,588.34,588.56,587.32,588.03,3003
2025-10-29 06:00:00,588.03,588.6,587.29,587.68,2900
2025-10-29 07:00:00,587.68,588.84,587.15,588.42,2978
2025-10-29 08:00:00,588.42,599.33,569.21,573.94,65791
2025-10-29 09:00:00,573.94,574.94,565.78,569.03,65997
2025-10-29 10:00:00,569.03,574.17,567.26,572.87,66556
2025-10-29 11:00:00,572.87,577.19,572.15,574.57,64515
2025-10-29 12:00:00,574.57,576.64,568.82,571.7,66081
2025-10-29 13:00:00,571.7,579.05,570.39,574.99,90748
2025-10-29 14:00:00,574.99,576.59,561.78,565.73,92206
2025-10-29 15:00:00,565.73,570.21,531.5,549.57,90989
2025-10-29 16:00:00,549.57,556.48,547.26,555.95,92089
2025-10-29 17:00:00,555.95,559.97,552.62,559.29,88399
2025-10-29 18:00:00,559.29,564.38,555.63,561.36,89226
2025-10-29 19:00:00,561.36,567.63,559.35,565.96,87743
2025-10-29 20:00:00,565.96,571.9,564.75,569.39,90531
2025-10-29 21:00:00,569.39,569.82,568.57,568.97,3066
2025-10-29 22:00:00,568.97,569.07,568.95,569.06,272
2025-10-29 23:00:00,569.06,571.3,568.57,571.01,3001
2025-10-30 00:00:00,571.01,571.26,569.84,570.0,3022
2025-10-30 01:00:00,570.0,592.92,558.62,579.4,2928
2025-10-30 02:00:00,579.4,579.78,577.86,578.15,2945
2025-10-30 03:00:00,578.15,581.04,577.11,580.47,2989
2025-10-30 04:00:00,580.47,584.75,579.88,584.31,2923
2025-10-30 05:00:00,584.31,589.17,583.87,588.03,3026
2025-10-30 06:00:00,588.03,593.68,587.32,592.96,2978
2025-10-30 07:00:00,592.96,599.33,592.3,599.16,2985
2025-10-30 08:00:00,599.16,619.86,589.17,606.19,66870
2025-10-30 09:00:00,606.19,617.89,602.87,613.73,66314
2025-10-30 10:00:00,613.73,623.94,608.94,623.04,66874
2025-10-30 11:00:00,623.04,632.84,616.52,627.87,66212
2025-10-30 12:00:00,627.87,648.04,621.12,642.93,64601
2025-10-30 13:00:00,642.93,653.06,634.48,646.69,87022
2025-10-30 14:00:00,646.69,662.62,643.26,654.65,93469
2025-10-30 15:00:00,654.65,662.42,645.17,661.3,89470
2025-10-30 16:00:00,661.3,669.03,654.55,666.52,88726
2025-10-30 17:00:00,666.52,675.23,653.05,666.7,88261
2025-10-30 18:00:00,666.7,688.97,663.63,684.33,89299
2025-10-30 19:00:00,684.33,687.93,666.41,680.21,88772
2025-10-30 20:00:00,680.21,686.03,665.83,675.51,87891
2025-10-30 21:00:00,675.51,682.71,674.56,680.68,2957
2025-10-30 22:00:00,680.68,722.07,659.47,700.26,275
2025-10-30 23:00:00,700.26,706.79,698.81,706.36,2943
2025-10-31 00:00:00,706.36,709.9,706.0,709.28,3020
2025-10-31 01:00:00,709.28,716.17,709.13,714.53,2949
2025-10-31 02:00:00,714.53,719.55,714.08,718.91,3010
2025-10-31 03:00:00,718.91,726.5,717.75,726.1,2875
2025-10-31 04:00:00,726.1,732.0,725.72,730.85,2943
2025-10-31 05:00:00,730.85,735.03,730.75,734.74,2965
2025-10-31 06:00:00,734.74,739.66,734.38,739.29,3049
2025-10-31 07:00:00,739.29,743.2,738.88,741.65,2876
2025-10-31 08:00:00,741.65,744.49,731.91,740.37,67656
2025-10-31 09:00:00,740.37,750.62,739.17,747.2,66166
2025-10-31 10:00:00,747.2,758.18,744.16,755.37,64906
2025-10-31 11:00:00,755.37,763.03,751.4,759.6,64573
2025-10-31 12:00:00,759.6,767.81,753.57,759.3,65223
2025-10-31 13:00:00,759.3,765.91,747.62,758.06,91620
2025-10-31 14:00:00,758.06,780.27,750.08,777.24,90332
2025-10-31 15:00:00,777.24,792.49,769.93,783.1,89897
2025-10-31 16:00:00,783.1,800.88,777.3,791.2,90411
2025-10-31 17:00:00,791.2,807.94,784.16,793.18,91923
2025-10-31 18:00:00,793.18,804.4,760.2,769.83,91619
2025-10-31 19:00:00,769.83,777.28,764.42,768.33,89424
2025-10-31 20:00:00,768.33,776.57,766.77,771.44,90631
2025-10-31 21:00:00,771.44,772.05,770.31,770.75,2962
2025-10-31 22:00:00,770.75,770.84,770.65,770.7,274
2025-10-31 23:00:00,770.7,771.13,769.12,770.35,2970
2025-11-03 00:00:00,770.35,771.76,769.27,769.52,3004
2025-11-03 01:00:00,769.52,770.04,767.92,769.22,2962
2025-11-03 02:00:00,769.22,770.74,768.7,770.55,3009
2025-11-03 03:00:00,770.55,771.35,769.6,770.44,2936
2025-11-03 04:00:00,770.44,772.09,770.24,771.62,2962
2025-11-03 05:00:00,771.62,771.88,769.41,771.53,2858
2025-11-03 06:00:00,771.53,772.69,770.8,771.31,3035
2025-11-03 07:00:00,771.31,771.96,769.79,771.07,3045
2025-11-03 08:00:00,771.07,772.3,759.25,761.84,66291
2025-11-03 09:00:00,761.84,766.34,758.88,763.82,66752
2025-11-03 10:00:00,763.82,768.1,759.44,764.4,65529
2025-11-03 11:00:00,764.4,770.31,762.11,768.64,66118
2025-11-03 12:00:00,768.64,771.3,766.06,770.94,66029
2025-11-03 13:00:00,770.94,779.37,766.18,774.68,88383
2025-11-03 14:00:00,774.68,783.79,769.89,776.52,89342
2025-11-03 15:00:00,776.52,778.64,770.11,771.5,91231
2025-11-03 16:00:00,771.5,776.22,768.99,772.96,91068
2025-11-03 17:00:00,772.96,786.97,770.04,782.25,91390
2025-11-03 18:00:00,782.25,789.15,780.14,786.19,89917
2025-11-03 19:00:00,786.19,798.83,784.45,794.44,88614
2025-11-03 20:00:00,794.44,797.3,786.86,793.22,91083
2025-11-03 21:00:00,793.22,794.61,792.63,794.05,2921
2025-11-03 22:00:00,794.05,794.07,793.85,793.91,266
2025-11-03 23:00:00,793.91,794.35,791.72,792.53,2937
2025-11-04 00:00:00,792.53,793.05,790.88,791.24,2985
2025-11-04 01:00:00,791.24,792.09,790.44,790.99,2913
2025-11-04 02:00:00,790.99,791.89,789.71,791.07,2963
2025-11-04 03:00:00,791.07,791.29,789.78,791.12,2952
2025-11-04 04:00:00,791.12,792.97,790.79,792.49,2998
2025-11-04 05:00:00,792.49,795.05,791.66,794.85,2924
2025-11-04 06:00:00,794.85,795.95,793.76,794.93,2974
2025-11-04 07:00:00,794.93,796.86,794.47,796.38,3006
2025-11-04 08:00:00,796.38,804.63,794.01,798.4,67332
2025-11-04 09:00:00,798.4,805.07,795.39,801.01,67168
2025-11-04 10:00:00,801.01,806.29,797.87,801.52,66853
2025-11-04 11:00:00,801.52,808.1,797.46,806.28,65277
2025-11-04 12:00:00,806.28,814.74,803.05,811.2,64217
2025-11-04 13:00:00,811.2,812.77,803.97,807.02,88901
2025-11-04 14:00:00,807.02,812.04,803.5,808.27,89589
2025-11-04 15:00:00,808.27,814.97,797.43,801.0,90009
2025-11-04 16:00:00,801.0,808.02,798.26,803.48,89682
2025-11-04 17:00:00,803.48,814.26,801.33,811.28,90246
2025-11-04 18:00:00,811.28,814.36,801.62,806.27,89451
2025-11-04 19:00:00,806.27,810.52,800.4,805.13,90475
2025-11-04 20:00:00,805.13,813.04,802.26,808.82,89114
2025-11-04 21:00:00,808.82,809.72,808.17,808.9,2963
2025-11-04 22:00:00,808.9,808.98,808.71,808.76,273
2025-11-04 23:00:00,808.76,809.11,806.82,807.06,3004
2025-11-05 00:00:00,807.06,809.18,806.66,808.55,3027
2025-11-05 01:00:00,808.55,810.32,808.01,808.45,2942
2025-11-05 02:00:00,808.45,809.81,807.71,808.9,2981
2025-11-05 03:00:00,808.9,809.95,808.01,808.9,2940
2025-11-05 04:00:00,808.9,810.83,808.46,810.19,2981
2025-11-05 05:00:00,810.19,812.44,809.73,812.05,2922
2025-11-05 06:00:00,812.05,812.35,809.85,810.35,2952
2025-11-05 07:00:00,810.35,810.85,808.84,809.35,2979
2025-11-05 08:00:00,809.35,811.46,804.98,806.6,65913
2025-11-05 09:00:00,806.6,813.15,803.93,807.42,66091
2025-11-05 10:00:00,807.42,817.09,794.93,801.61,65583
2025-11-05 11:00:00,801.61,806.89,800.23,804.52,65453
2025-11-05 12:00:00,804.52,806.99,800.15,806.09,65017
2025-11-05 13:00:00,806.09,812.87,801.58,807.87,88461
2025-11-05 14:00:00,807.87,813.51,803.89,806.91,89437
2025-11-05 15:00:00,806.91,817.85,796.53,806.49,87957
2025-11-05 16:00:00,806.49,814.87,797.74,812.56,90093
2025-11-05 17:00:00,812.56,818.73,798.43,802.8,88442
2025-11-05 18:00:00,802.8,812.99,791.34,792.4,88469
2025-11-05 19:00:00,792.4,801.99,778.15,782.8,89752
2025-11-05 20:00:00,782.8,807.63,767.11,789.51,88367
2025-11-05 21:00:00,789.51,790.81,781.2,781.9,3025
2025-11-05 22:00:00,781.9,782.06,776.04,776.12,269
2025-11-05 23:00:00,776.12,776.95,768.95,770.27,2916
2025-11-06 00:00:00,770.27,770.34,764.36,765.12,2957
2025-11-06 01:00:00,765.12,766.02,759.09,759.86,2922
2025-11-06 02:00:00,759.86,812.55,742.0,758.03,2923
2025-11-06 03:00:00,758.03,758.67,750.25,751.08,2996
2025-11-06 04:00:00,751.08,751.65,745.05,745.88,2903
2025-11-06 05:00:00,745.88,746.71,735.82,736.29,3001
2025-11-06 06:00:00,736.29,737.39,732.12,732.2,2920
2025-11-06 07:00:00,732.2,759.18,719.64,739.97,2899
2025-11-06 08:00:00,739.97,751.65,735.95,740.46,67035
2025-11-06 09:00:00,740.46,745.28,728.8,739.25,65855
2025-11-06 10:00:00,739.25,745.61,721.01,725.07,67569
2025-11-06 11:00:00,725.07,729.41,700.87,716.11,68091
2025-11-06 12:00:00,716.11,723.68,712.16,716.6,68079
2025-11-06 13:00:00,716.6,726.84,703.71,711.72,89242
2025-11-06 14:00:00,711.72,718.28,690.6,700.8,89684
2025-11-06 15:00:00,700.8,711.72,689.27,699.89,90900
2025-11-06 16:00:00,699.89,707.98,687.11,692.04,89084
2025-11-06 17:00:00,692.04,705.62,683.5,695.17,85884
2025-11-06 18:00:00,695.17,708.16,683.53,692.63,90413
2025-11-06 19:00:00,692.63,697.31,679.13,684.31,90959
2025-11-06 20:00:00,684.31,694.87,680.18,688.46,89349
2025-11-06 21:00:00,688.46,689.27,681.99,682.42,2966
2025-11-06 22:00:00,682.42,682.47,677.54,677.65,267
2025-11-06 23:00:00,677.65,677.99,675.33,675.92,2984
2025-11-07 00:00:00,675.92,676.12,669.87,669.97,2937
2025-11-07 01:00:00,669.97,670.22,663.94,664.34,2937
2025-11-07 02:00:00,664.34,664.76,658.33,659.48,2966
2025-11-07 03:00:00,659.48,660.22,656.47,657.02,2926
2025-11-07 04:00:00,657.02,657.6,651.54,651.77,3005
2025-11-07 05:00:00,651.77,651.91,645.69,646.29,2930
2025-11-07 06:00:00,646.29,664.07,620.06,633.07,2975
2025-11-07 07:00:00,633.07,633.59,627.99,628.62,2979
2025-11-07 08:00:00,628.62,631.81,614.3,616.21,65324
2025-11-07 09:00:00,616.21,620.64,604.3,607.9,66053
2025-11-07 10:00:00,607.9,614.44,597.74,605.08,67480
2025-11-07 11:00:00,605.08,608.1,599.17,604.05,67531
2025-11-07 12:00:00,604.05,607.44,585.72,586.95,65767
2025-11-07 13:00:00,586.95,591.65,560.62,569.91,90779
2025-11-07 14:00:00,569.91,579.58,561.91,571.82,89075
2025-11-07 15:00:00,571.82,578.12,563.35,570.58,89182
2025-11-07 16:00:00,570.58,582.59,567.58,577.09,89451
2025-11-07 17:00:00,577.09,583.99,571.95,578.45,90633
2025-11-07 18:00:00,578.45,604.03,560.16,601.32,89608
2025-11-07 19:00:00,601.32,605.96,584.24,594.66,89278
2025-11-07 20:00:00,594.66,605.81,587.17,600.2,92015
2025-11-07 21:00:00,600.2,600.84,596.46,597.09,3003
2025-11-07 22:00:00,597.09,597.15,592.93,592.95,270
2025-11-07 23:00:00,592.95,595.13,590.71,591.72,2959
2025-11-10 00:00:00,591.72,591.78,586.82,586.98,2916
2025-11-10 01:00:00,586.98,587.29,581.21,582.01,2957
2025-11-10 02:00:00,582.01,582.4,575.46,575.63,2965
2025-11-10 03:00:00,575.63,575.88,569.88,570.12,2990
2025-11-10 04:00:00,570.12,571.3,566.42,567.73,2989
2025-11-10 05:00:00,567.73,567.85,563.0,563.45,2971
2025-11-10 06:00:00,563.45,564.3,547.61,554.22,2991
2025-11-10 07:00:00,554.22,554.65,550.35,550.73,2944
2025-11-10 08:00:00,550.73,554.63,542.22,545.19,67641
2025-11-10 09:00:00,545.19,557.76,542.81,551.98,63569
2025-11-10 10:00:00,551.98,557.13,544.83,545.46,67050
2025-11-10 11:00:00,545.46,547.1,537.85,540.59,65473
2025-11-10 12:00:00,540.59,545.11,527.85,533.55,66107
2025-11-10 13:00:00,533.55,540.87,525.02,538.6,89451
2025-11-10 14:00:00,538.6,540.57,530.15,531.71,88164
2025-11-10 15:00:00,531.71,535.9,514.24,518.08,89840
2025-11-10 16:00:00,518.08,521.75,507.41,509.16,88854
2025-11-10 17:00:00,509.16,517.71,504.05,517.26,89433
2025-11-10 18:00:00,517.26,530.86,513.59,527.35,91246
2025-11-10 19:00:00,527.35,545.37,517.17,522.22,88362
2025-11-10 20:00:00,522.22,540.97,477.51,509.13,89320
2025-11-10 21:00:00,509.13,510.0,505.27,505.93,2998
2025-11-10 22:00:00,505.93,506.07,502.53,502.55,265
2025-11-10 23:00:00,502.55,502.99,498.34,499.14,2978
2025-11-11 00:00:00,499.14,499.55,497.09,497.69,2954
2025-11-11 01:00:00,497.69,498.36,495.25,495.55,3050
2025-11-11 02:00:00,495.55,496.31,492.31,492.37,2924
2025-11-11 03:00:00,492.37,501.42,485.07,495.01,2940
2025-11-11 04:00:00,495.01,495.38,490.32,490.42,2931
2025-11-11 05:00:00,490.42,490.89,485.37,485.74,3001
2025-11-11 06:00:00,485.74,486.04,481.29,481.49,3004
2025-11-11 07:00:00,481.49,481.74,479.17,479.32,2956
2025-11-11 08:00:00,479.32,481.94,473.72,475.12,65441
2025-11-11 09:00:00,475.12,477.82,469.6,473.27,65782
2025-11-11 10:00:00,473.27,475.65,464.58,469.21,67418
2025-11-11 11:00:00,469.21,470.49,459.81,461.25,64721
2025-11-11 12:00:00,461.25,462.43,449.87,457.08,66163
2025-11-11 13:00:00,457.08,470.05,456.39,465.14,87590
2025-11-11 14:00:00,465.14,471.45,455.72,464.19,90534
2025-11-11 15:00:00,464.19,465.19,453.67,454.39,90388
2025-11-11 16:00:00,454.39,460.87,446.86,450.28,88110
2025-11-11 17:00:00,450.28,454.07,443.19,444.89,89488
2025-11-11 18:00:00,444.89,448.72,438.86,442.48,89763
2025-11-11 19:00:00,442.48,443.98,433.27,436.31,89006
2025-11-11 20:00:00,436.31,437.38,423.26,426.56,89573
2025-11-11 21:00:00,426.56,426.82,424.52,424.63,2951
2025-11-11 22:00:00,424.63,424.72,421.61,421.72,271
2025-11-11 23:00:00,421.72,422.18,418.25,418.7,3005
2025-11-12 00:00:00,418.7,419.01,416.31,417.31,3021
2025-11-12 01:00:00,417.31,417.47,413.54,414.09,2958
2025-11-12 02:00:00,414.09,414.6,411.96,412.18,2789
2025-11-12 03:00:00,412.18,412.42,408.98,409.06,2950
2025-11-12 04:00:00,409.06,409.51,405.92,406.03,2971
2025-11-12 05:00:00,406.03,406.24,400.76,401.48,3002
2025-11-12 06:00:00,401.48,401.66,400.36,401.2,2965
2025-11-12 07:00:00,401.2,401.2,397.43,398.65,2940
2025-11-12 08:00:00,398.65,400.91,391.62,392.16,67399
2025-11-12 09:00:00,392.16,395.82,384.14,391.44,66856
2025-11-12 10:00:00,391.44,392.16,383.21,384.7,65299
2025-11-12 11:00:00,384.7,387.32,380.06,380.88,66551
2025-11-12 12:00:00,380.88,381.73,373.99,375.64,66988
2025-11-12 13:00:00,375.64,376.27,366.15,370.77,92276
2025-11-12 14:00:00,370.77,375.51,362.99,364.25,89263
2025-11-12 15:00:00,364.25,365.2,357.45,360.18,92090
2025-11-12 16:00:00,360.18,360.77,348.67,350.18,89739
2025-11-12 17:00:00,350.18,352.62,344.21,351.38,89389
2025-11-12 18:00:00,351.38,355.91,339.35,340.69,88433
2025-11-12 19:00:00,340.69,342.32,332.21,336.62,90906
2025-11-12 20:00:00,336.62,339.17,329.28,331.46,90485
2025-11-12 21:00:00,331.46,331.99,328.51,328.69,2966
2025-11-12 22:00:00,328.69,328.72,326.1,326.15,269
2025-11-12 23:00:00,326.15,326.42,324.09,324.48,2935
2025-11-13 00:00:00,324.48,325.39,321.8,322.14,3001
2025-11-13 01:00:00,322.14,322.57,321.82,322.33,2976
2025-11-13 02:00:00,322.33,322.71,322.02,322.46,2956
2025-11-13 03:00:00,322.46,323.03,322.2,322.39,2977
2025-11-13 04:00:00,322.39,322.61,321.97,322.23,2917
2025-11-13 05:00:00,322.23,322.58,321.66,321.92,2980
2025-11-13 06:00:00,321.92,322.11,321.48,321.84,2999
2025-11-13 07:00:00,321.84,322.08,321.23,321.31,2953
2025-11-13 08:00:00,321.31,323.36,320.13,322.68,67840
2025-11-13 09:00:00,322.68,324.21,321.55,322.4,66409
2025-11-13 10:00:00,322.4,323.66,321.28,322.62,64196
2025-11-13 11:00:00,322.62,324.13,321.58,323.47,65868
2025-11-13 12:00:00,323.47,325.45,322.27,325.1,65091
2025-11-13 13:00:00,325.1,326.03,320.81,322.09,89310
2025-11-13 14:00:00,322.09,324.41,319.72,323.83,89032
2025-11-13 15:00:00,323.83,326.21,322.65,325.54,89706
2025-11-13 16:00:00,325.54,329.6,324.27,329.0,89460
2025-11-13 17:00:00,329.0,329.93,323.82,325.06,90659
2025-11-13 18:00:00,325.06,328.89,323.23,327.17,89102
2025-11-13 19:00:00,327.17,332.45,325.07,330.12,93020
2025-11-13 20:00:00,330.12,332.29,329.15,330.89,91618
2025-11-13 21:00:00,330.89,331.44,330.5,331.22,2939
2025-11-13 22:00:00,331.22,331.28,331.2,331.23,268
2025-11-13 23:00:00,331.23,331.77,331.15,331.35,2967
2025-11-14 00:00:00,331.35,333.15,316.49,324.74,3041
2025-11-14 01:00:00,324.74,324.79,324.22,324.48,2958
2025-11-14 02:00:00,324.48,324.74,324.08,324.54,3000
2025-11-14 03:00:00,324.54,324.89,324.08,324.45,2924
2025-11-14 04:00:00,324.45,325.1,324.32,325.03,2977
2025-11-14 05:00:00,325.03,325.41,324.82,325.26,2980
2025-11-14 06:00:00,325.26,326.28,325.06,326.0,2941
2025-11-14 07:00:00,326.0,326.27,325.71,325.95,2946
2025-11-14 08:00:00,325.95,327.24,321.62,324.24,66946
2025-11-14 09:00:00,324.24,326.11,321.02,322.05,64600
2025-11-14 10:00:00,322.05,322.72,318.79,320.51,66124
2025-11-14 11:00:00,320.51,321.38,319.56,320.8,64304
2025-11-14 12:00:00,320.8,322.7,319.93,322.23,66692
2025-11-14 13:00:00,322.23,324.3,319.02,321.24,90060
2025-11-14 14:00:00,321.24,324.87,320.35,324.31,91031
2025-11-14 15:00:00,324.31,324.78,319.04,319.53,89006
2025-11-14 16:00:00,319.53,321.26,317.05,319.24,89930
2025-11-14 17:00:00,319.24,321.19,316.36,319.75,88136
2025-11-14 18:00:00,319.75,323.57,316.72,322.8,88928
2025-11-14 19:00:00,322.8,325.58,321.29,322.15,90434
2025-11-14 20:00:00,322.15,324.74,320.55,323.42,91674
2025-11-14 21:00:00,323.42,323.51,322.52,323.25,2924
2025-11-14 22:00:00,323.25,323.26,323.15,323.16,270
2025-11-14 23:00:00,323.16,323.51,322.99,323.38,2940
2025-11-17 00:00:00,323.38,323.88,323.19,323.62,2975
2025-11-17 01:00:00,323.62,324.05,323.15,323.66,2899
2025-11-17 02:00:00,323.66,338.97,320.72,329.2,2995
2025-11-17 03:00:00,329.2,329.63,328.86,329.19,2958
2025-11-17 04:00:00,329.19,329.34,328.7,329.25,3020
2025-11-17 05:00:00,329.25,329.42,328.87,329.12,2974
2025-11-17 06:00:00,329.12,329.94,328.9,329.85,2947
2025-11-17 07:00:00,329.85,330.2,329.56,329.58,2922
2025-11-17 08:00:00,329.58,330.18,325.62,326.34,66769
2025-11-17 09:00:00,326.34,327.93,323.7,324.98,67304
2025-11-17 10:00:00,324.98,325.79,323.45,325.21,66511
2025-11-17 11:00:00,325.21,327.22,323.04,325.68,66974
2025-11-17 12:00:00,325.68,332.46,323.23,331.36,65531
2025-11-17 13:00:00,331.36,337.21,328.51,335.93,87390
2025-11-17 14:00:00,335.93,345.56,330.89,340.0,92006
2025-11-17 15:00:00,340.0,350.65,338.1,345.51,89394
2025-11-17 16:00:00,345.51,352.06,337.67,344.65,89271
2025-11-17 17:00:00,344.65,356.25,342.43,350.64,89818
2025-11-17 18:00:00,350.64,355.03,348.35,353.94,88563
2025-11-17 19:00:00,353.94,362.2,350.2,360.17,90163
2025-11-17 20:00:00,360.17,369.76,354.96,365.81,89532
2025-11-17 21:00:00,365.81,370.08,365.76,369.74,3031
2025-11-17 22:00:00,369.74,372.46,369.64,372.38,262
2025-11-17 23:00:00,372.38,375.82,372.08,375.21,2918
2025-11-18 00:00:00,375.21,378.75,374.85,378.61,3011
2025-11-18 01:00:00,378.61,382.04,378.56,381.87,2947
2025-11-18 02:00:00,381.87,385.32,381.66,384.87,3027
2025-11-18 03:00:00,384.87,389.58,384.33,389.09,3015
2025-11-18 04:00:00,389.09,393.37,388.83,392.97,2884
2025-11-18 05:00:00,392.97,396.56,392.07,396.49,2952
2025-11-18 06:00:00,396.49,400.43,395.97,399.77,2961
2025-11-18 07:00:00,399.77,403.83,399.48,403.64,2984
2025-11-18 08:00:00,403.64,405.17,396.14,400.77,66746
2025-11-18 09:00:00,400.77,404.99,388.86,391.81,65708
2025-11-18 10:00:00,391.81,394.17,384.51,388.23,64894
2025-11-18 11:00:00,388.23,390.19,382.74,389.05,65191
2025-11-18 12:00:00,389.05,390.97,384.83,387.62,67007
2025-11-18 13:00:00,387.62,401.74,383.6,395.11,89795
2025-11-18 14:00:00,395.11,399.89,391.91,395.73,88649
2025-11-18 15:00:00,395.73,407.76,393.17,404.87,90415
2025-11-18 16:00:00,404.87,413.32,397.45,410.11,90245
2025-11-18 17:00:00,410.11,419.59,406.95,413.84,86894
2025-11-18 18:00:00,413.84,422.0,411.61,417.29,91079
2025-11-18 19:00:00,417.29,422.09,407.09,412.59,90102
2025-11-18 20:00:00,412.59,416.57,406.87,412.24,92387
2025-11-18 21:00:00,412.24,416.3,411.85,416.2,2998
2025-11-18 22:00:00,416.2,419.42,416.1,419.34,270
2025-11-18 23:00:00,419.34,423.02,419.09,422.9,3004
2025-11-19 00:00:00,422.9,427.24,422.34,426.31,2946
2025-11-19 01:00:00,426.31,429.95,426.24,429.57,2972
2025-11-19 02:00:00,429.57,433.55,428.69,432.93,2977
2025-11-19 03:00:00,432.93,436.28,432.68,435.94,3034
2025-11-19 04:00:00,435.94,438.85,435.23,438.09,2944
2025-11-19 05:00:00,438.09,441.83,437.73,441.79,3007
2025-11-19 06:00:00,441.79,445.91,437.05,443.0,2986
2025-11-19 07:00:00,443.0,447.42,442.46,446.84,2947
2025-11-19 08:00:00,446.84,454.54,443.1,451.23,63272
2025-11-19 09:00:00,451.23,460.9,448.7,457.58,63452
2025-11-19 10:00:00,457.58,463.29,446.71,455.52,67242
2025-11-19 11:00:00,455.52,461.98,454.96,455.71,64723
2025-11-19 12:00:00,455.71,459.12,453.25,455.42,65105
2025-11-19 13:00:00,455.42,473.18,454.8,466.8,88762
2025-11-19 14:00:00,466.8,473.64,458.19,467.69,88275
2025-11-19 15:00:00,467.69,488.98,462.47,483.86,88563
2025-11-19 16:00:00,483.86,487.0,474.97,482.26,87193
2025-11-19 17:00:00,482.26,496.8,479.71,495.03,91210
2025-11-19 18:00:00,495.03,515.59,493.29,513.66,89150
2025-11-19 19:00:00,513.66,519.33,507.87,514.2,90921
2025-11-19 20:00:00,514.2,529.4,513.03,522.8,89845
2025-11-19 21:00:00,522.8,526.03,522.11,525.54,2943
2025-11-19 22:00:00,525.54,529.36,525.42,529.31,269
2025-11-19 23:00:00,529.31,532.93,528.92,532.1,3017
2025-11-20 00:00:00,532.1,535.87,531.84,535.58,2996
2025-11-20 01:00:00,535.58,539.95,535.21,539.43,2939
2025-11-20 02:00:00,539.43,544.91,539.26,543.81,3021
2025-11-20 03:00:00,543.81,548.92,543.41,548.33,2963
2025-11-20 04:00:00,548.33,553.36,547.96,553.25,3031
2025-11-20 05:00:00,553.25,555.57,552.82,554.62,3059
2025-11-20 06:00:00,554.62,559.83,554.24,559.2,3005
2025-11-20 07:00:00,559.2,564.68,558.67,563.65,2986
2025-11-20 08:00:00,563.65,574.79,560.99,569.8,66622
2025-11-20 09:00:00,569.8,576.12,561.65,564.16,67230
2025-11-20 10:00:00,564.16,572.06,557.58,568.19,65821
2025-11-20 11:00:00,568.19,574.38,565.06,567.41,66198
2025-11-20 12:00:00,567.41,576.47,563.98,574.78,66559
2025-11-20 13:00:00,574.78,591.6,570.64,589.47,88394
2025-11-20 14:00:00,589.47,595.48,580.89,588.27,88859
2025-11-20 15:00:00,588.27,601.21,582.02,591.31,89788
2025-11-20 16:00:00,591.31,608.61,588.79,600.99,89182
2025-11-20 17:00:00,600.99,605.39,586.96,596.25,92379
2025-11-20 18:00:00,596.25,604.23,585.55,590.58,88970
2025-11-20 19:00:00,590.58,596.8,579.43,585.24,88879
2025-11-20 20:00:00,585.24,593.26,581.17,587.25,90895
2025-11-20 21:00:00,587.25,591.12,586.65,590.66,2991
2025-11-20 22:00:00,590.66,590.74,590.59,590.65,268
2025-11-20 23:00:00,590.65,591.56,590.06,590.52,2928
2025-11-21 00:00:00,590.52,591.5,590.27,590.81,2960
2025-11-21 01:00:00,590.81,598.37,581.82,584.15,3033
2025-11-21 02:00:00,584.15,584.69,583.8,584.42,2883
2025-11-21 03:00:00,584.42,585.36,583.55,583.75,2918
2025-11-21 04:00:00,583.75,587.41,568.36,573.45,2980
2025-11-21 05:00:00,573.45,574.3,572.97,573.09,2929
2025-11-21 06:00:00,573.09,581.92,565.6,579.58,3018
2025-11-21 07:00:00,579.58,580.78,579.46,580.46,2948
2025-11-21 08:00:00,580.46,581.62,577.73,578.67,66410
2025-11-21 09:00:00,578.67,582.26,574.58,577.66,65810
2025-11-21 10:00:00,577.66,581.35,576.17,579.9,66374
2025-11-21 11:00:00,579.9,609.9,530.79,598.26,65583
2025-11-21 12:00:00,598.26,599.62,592.29,595.28,67723
2025-11-21 13:00:00,595.28,597.28,589.79,592.44,91771
2025-11-21 14:00:00,592.44,593.46,584.64,588.31,88536
2025-11-21 15:00:00,588.31,596.99,580.9,591.24,88815
2025-11-21 16:00:00,591.24,597.17,567.19,571.35,89066
2025-11-21 17:00:00,571.35,576.69,568.26,574.03,90705
2025-11-21 18:00:00,574.03,579.19,571.86,576.57,89404
2025-11-21 19:00:00,576.57,579.79,572.97,576.58,88142
2025-11-21 20:00:00,576.58,582.08,571.67,574.58,88763
2025-11-21 21:00:00,574.58,575.45,574.42,575.19,2983
2025-11-21 22:00:00,575.19,575.25,575.09,575.17,273
2025-11-21 23:00:00,575.17,576.41,574.93,575.08,2950
2025-11-24 00:00:00,575.08,575.58,574.28,574.41,3043
2025-11-24 01:00:00,574.41,574.88,573.51,574.05,3022
2025-11-24 02:00:00,574.05,574.13,572.86,573.48,2918
2025-11-24 03:00:00,573.48,574.11,572.74,573.56,3036
2025-11-24 04:00:00,573.56,574.0,572.49,572.59,3036
2025-11-24 05:00:00,572.59,573.91,572.12,573.56,2935
2025-11-24 06:00:00,573.56,574.37,573.02,573.31,2939
2025-11-24 07:00:00,573.31,580.74,555.12,563.63,3063
2025-11-24 08:00:00,563.63,566.96,561.0,562.86,66251
2025-11-24 09:00:00,562.86,566.92,560.51,564.78,65310
2025-11-24 10:00:00,564.78,570.79,562.43,568.84,66070
2025-11-24 11:00:00,568.84,574.95,565.46,570.73,65540
2025-11-24 12:00:00,570.73,572.04,566.44,567.48,63999
2025-11-24 13:00:00,567.48,598.48,565.41,583.16,89361
2025-11-24 14:00:00,583.16,586.71,572.83,575.85,88439
2025-11-24 15:00:00,575.85,579.28,568.17,576.74,91164
2025-11-24 16:00:00,576.74,595.93,574.65,588.38,89930
2025-11-24 17:00:00,588.38,594.02,586.4,589.08,89681
2025-11-24 18:00:00,589.08,598.93,586.77,595.11,90675
2025-11-24 19:00:00,595.11,599.87,589.55,590.37,92489
2025-11-24 20:00:00,590.37,600.67,590.26,597.74,89569
2025-11-24 21:00:00,597.74,599.18,597.34,598.36,2968
2025-11-24 22:00:00,598.36,598.42,598.33,598.36,275
2025-11-24 23:00:00,598.36,599.63,598.12,599.35,2968
2025-11-25 00:00:00,599.35,600.06,599.01,599.28,2895
2025-11-25 01:00:00,599.28,599.73,598.47,598.97,2908
2025-11-25 02:00:00,598.97,599.41,598.61,598.9,3065
2025-11-25 03:00:00,598.9,599.21,597.67,597.8,2952
2025-11-25 04:00:00,597.8,598.34,597.19,597.32,2947
2025-11-25 05:00:00,597.32,598.11,596.74,597.87,3002
2025-11-25 06:00:00,597.87,598.93,597.26,598.68,3015
2025-11-25 07:00:00,598.68,599.37,598.16,598.68,3019
2025-11-25 08:00:00,598.68,605.49,597.65,603.6,66072
2025-11-25 09:00:00,603.6,616.11,579.76,584.73,66174
2025-11-25 10:00:00,584.73,599.64,555.99,559.24,66361
2025-11-25 11:00:00,559.24,562.88,558.14,561.39,66224
2025-11-25 12:00:00,561.39,567.36,560.34,565.2,65084
2025-11-25 13:00:00,565.2,573.39,563.11,569.56,91716
2025-11-25 14:00:00,569.56,573.41,564.79,568.67,89563
2025-11-25 15:00:00,568.67,572.78,563.13,565.4,87464
2025-11-25 16:00:00,565.4,570.05,563.0,564.96,92022
2025-11-25 17:00:00,564.96,566.71,561.83,565.23,92366
2025-11-25 18:00:00,565.23,576.05,564.58,573.62,90022
2025-11-25 19:00:00,573.62,576.98,570.36,574.3,90270
2025-11-25 20:00:00,574.3,576.4,570.7,573.15,90399
2025-11-25 21:00:00,573.15,574.69,572.81,574.52,2995
2025-11-25 22:00:00,574.52,574.63,574.48,574.56,276
2025-11-25 23:00:00,574.56,575.43,574.24,574.78,2935
2025-11-26 00:00:00,574.78,574.91,573.65,574.03,3001
2025-11-26 01:00:00,574.03,574.64,573.4,574.05,2956
2025-11-26 02:00:00,574.05,575.45,573.67,575.17,2938
2025-11-26 03:00:00,575.17,576.08,574.6,575.49,3022
2025-11-26 04:00:00,575.49,575.69,574.12,574.53,2947
2025-11-26 05:00:00,574.53,575.54,574.36,574.8,2940
2025-11-26 06:00:00,574.8,575.43,573.82,575.23,2966
2025-11-26 07:00:00,575.23,576.0,574.81,575.43,2993
2025-11-26 08:00:00,575.43,579.48,574.42,576.7,66062
2025-11-26 09:00:00,576.7,577.06,568.29,569.33,65915
2025-11-26 10:00:00,569.33,571.53,564.28,568.0,65677
2025-11-26 11:00:00,568.0,571.53,565.78,570.02,65436
2025-11-26 12:00:00,570.02,572.71,568.55,569.45,64705
2025-11-26 13:00:00,569.45,572.44,564.39,567.33,91591
2025-11-26 14:00:00,567.33,572.03,563.42,565.51,92147
2025-11-26 15:00:00,565.51,569.66,561.79,566.04,88446
2025-11-26 16:00:00,566.04,572.44,561.59,562.09,89136
2025-11-26 17:00:00,562.09,567.33,559.61,561.84,91406
2025-11-26 18:00:00,561.84,562.87,554.93,559.22,87409
2025-11-26 19:00:00,559.22,560.74,549.35,554.86,89255
2025-11-26 20:00:00,554.86,559.67,552.11,553.51,87832
2025-11-26 21:00:00,553.51,553.75,552.53,552.9,3033
2025-11-26 22:00:00,552.9,552.93,552.83,552.9,271
2025-11-26 23:00:00,552.9,553.67,552.48,553.13,2945
2025-11-27 00:00:00,553.13,553.95,552.95,553.35,3022
2025-11-27 01:00:00,553.35,553.68,552.45,552.67,3039
2025-11-27 02:00:00,552.67,553.32,552.43,552.99,2921
2025-11-27 03:00:00,552.99,554.2,552.7,553.74,2949
2025-11-27 04:00:00,553.74,555.88,553.73,555.06,2901
2025-11-27 05:00:00,555.06,555.59,553.82,554.23,3032
2025-11-27 06:00:00,554.23,554.82,553.24,553.33,2925
2025-11-27 07:00:00,553.33,554.44,552.68,553.93,3054
2025-11-27 08:00:00,553.93,560.32,553.05,555.18,67973
2025-11-27 09:00:00,555.18,558.22,551.28,554.88,65696
2025-11-27 10:00:00,554.88,556.36,550.55,551.67,65226
2025-11-27 11:00:00,551.67,554.61,548.94,554.08,66299
2025-11-27 12:00:00,554.08,563.58,553.24,563.23,64507
2025-11-27 13:00:00,563.23,567.62,558.29,566.03,89456
2025-11-27 14:00:00,566.03,568.01,555.3,556.35,90081
2025-11-27 15:00:00,556.35,557.08,550.71,552.59,91456
2025-11-27 16:00:00,552.59,555.31,546.57,551.13,92212
2025-11-27 17:00:00,551.13,556.21,539.38,543.75,93101
2025-11-27 18:00:00,543.75,544.9,534.66,535.19,89163
2025-11-27 19:00:00,535.19,537.54,529.85,535.66,88947
2025-11-27 20:00:00,535.66,545.75,532.32,542.96,91065
2025-11-27 21:00:00,542.96,543.36,542.43,542.69,2898
2025-11-27 22:00:00,542.69,542.89,542.67,542.86,271
2025-11-27 23:00:00,542.86,544.37,542.56,543.69,3030
2025-11-28 00:00:00,543.69,544.87,543.35,544.03,3053
2025-11-28 01:00:00,544.03,544.45,543.0,543.16,2969
2025-11-28 02:00:00,543.16,543.79,542.65,542.9,2979
2025-11-28 03:00:00,542.9,544.14,542.64,543.42,3014
2025-11-28 04:00:00,543.42,544.07,542.68,543.62,3001
2025-11-28 05:00:00,543.62,543.99,543.13,543.56,2883
2025-11-28 06:00:00,543.56,543.95,542.76,543.13,3032
2025-11-28 07:00:00,543.13,543.56,542.51,543.47,2972
2025-11-28 08:00:00,543.47,546.25,541.63,543.78,65373
2025-11-28 09:00:00,543.78,550.58,543.16,550.16,64530
2025-11-28 10:00:00,550.16,553.48,548.1,552.46,66346
2025-11-28 11:00:00,552.46,554.25,549.63,551.08,65564
2025-11-28 12:00:00,551.08,552.67,548.49,550.73,66933
2025-11-28 13:00:00,550.73,552.27,545.31,547.31,89759
2025-11-28 14:00:00,547.31,568.61,517.82,549.47,90384
2025-11-28 15:00:00,549.47,551.65,543.87,545.37,89872
2025-11-28 16:00:00,545.37,547.64,536.39,543.24,90459
2025-11-28 17:00:00,543.24,545.23,533.75,534.48,88487
2025-11-28 18:00:00,534.48,540.9,531.57,539.78,90027
2025-11-28 19:00:00,539.78,540.6,534.55,538.29,90622
2025-11-28 20:00:00,538.29,542.18,534.99,539.26,92102
2025-11-28 21:00:00,539.26,539.3,537.97,538.39,3008
2025-11-28 22:00:00,538.39,538.48,538.37,538.42,262
2025-11-28 23:00:00,538.42,539.56,538.14,538.85,2956
2025-12-01 00:00:00,538.85,539.28,538.31,538.67,3049
2025-12-01 01:00:00,538.67,539.48,538.14,538.22,2968
2025-12-01 02:00:00,538.22,538.44,537.32,537.8,2914
2025-12-01 03:00:00,537.8,538.04,536.56,536.64,2958
2025-12-01 04:00:00,536.64,537.07,535.93,536.35,2974
2025-12-01 05:00:00,536.35,536.93,535.89,536.34,2934
2025-12-01 06:00:00,536.34,537.05,535.89,536.9,2993
2025-12-01 07:00:00,536.9,537.4,536.19,536.3,2940
2025-12-01 08:00:00,536.3,538.19,533.12,533.78,65703
2025-12-01 09:00:00,533.78,536.97,531.68,533.92,64197
2025-12-01 10:00:00,533.92,536.94,531.27,533.98,65161
2025-12-01 11:00:00,533.98,535.44,531.43,534.61,66335
2025-12-01 12:00:00,534.61,538.12,533.18,535.6,65189
2025-12-01 13:00:00,535.6,536.83,531.02,535.22,89783
2025-12-01 14:00:00,535.22,538.56,531.6,537.56,91551
2025-12-01 15:00:00,537.56,544.0,533.46,541.29,88893
2025-12-01 16:00:00,541.29,545.0,538.85,542.72,89922
2025-12-01 17:00:00,542.72,545.92,538.75,544.57,89632
2025-12-01 18:00:00,544.57,545.54,540.27,543.05,89110
2025-12-01 19:00:00,543.05,549.51,540.86,546.08,93311
2025-12-01 20:00:00,546.08,552.7,525.41,540.27,91919
2025-12-01 21:00:00,540.27,540.55,539.54,540.04,2908
2025-12-01 22:00:00,540.04,540.12,539.97,540.11,270
2025-12-01 23:00:00,540.11,546.12,503.28,530.28,2989
2025-12-02 00:00:00,530.28,532.05,529.84,531.31,2967
2025-12-02 01:00:00,531.31,531.94,530.23,530.41,2943
2025-12-02 02:00:00,530.41,530.65,529.33,529.68,2897
2025-12-02 03:00:00,529.68,530.49,529.48,530.18,3006
2025-12-02 04:00:00,530.18,537.31,513.4,522.08,2963
2025-12-02 05:00:00,522.08,523.09,521.72,522.99,3006
2025-12-02 06:00:00,522.99,523.63,522.61,523.19,2933
2025-12-02 07:00:00,523.19,523.86,522.94,523.21,2999
2025-12-02 08:00:00,523.21,525.92,520.79,524.27,66993
2025-12-02 09:00:00,524.27,526.33,519.27,521.14,66862
2025-12-02 10:00:00,521.14,528.98,518.23,528.15,64993
2025-12-02 11:00:00,528.15,531.54,525.12,527.76,64108
2025-12-02 12:00:00,527.76,531.14,521.81,528.1,67057
2025-12-02 13:00:00,528.1,539.1,526.54,533.27,91507
2025-12-02 14:00:00,533.27,535.19,528.65,533.35,90081
2025-12-02 15:00:00,533.35,537.01,530.74,531.78,91644
2025-12-02 16:00:00,531.78,539.84,530.03,536.87,91640
2025-12-02 17:00:00,536.87,538.51,531.53,533.72,86588
2025-12-02 18:00:00,533.72,535.87,525.83,531.05,89478
2025-12-02 19:00:00,531.05,533.62,522.75,523.5,90886
2025-12-02 20:00:00,523.5,525.81,520.4,520.62,93410
2025-12-02 21:00:00,520.62,521.09,519.91,520.15,3013
2025-12-02 22:00:00,520.15,520.19,520.06,520.14,269
2025-12-02 23:00:00,520.14,520.7,519.74,520.27,2883
2025-12-03 00:00:00,520.27,521.42,520.1,520.73,3046
2025-12-03 01:00:00,520.73,521.09,520.13,520.36,3016
2025-12-03 02:00:00,520.36,521.39,520.12,520.85,2903
2025-12-03 03:00:00,520.85,521.35,520.31,521.0,2913
2025-12-03 04:00:00,521.0,521.5,520.22,521.32,2913
2025-12-03 05:00:00,521.32,522.52,521.01,522.39,3092
2025-12-03 06:00:00,522.39,522.7,521.22,521.75,2903
2025-12-03 07:00:00,521.75,522.62,521.02,522.43,2970
2025-12-03 08:00:00,522.43,539.9,498.73,513.06,66811
2025-12-03 09:00:00,513.06,519.01,511.0,517.71,66006
2025-12-03 10:00:00,517.71,519.97,513.3,515.22,65878
2025-12-03 11:00:00,515.22,520.82,514.17,517.9,68419
2025-12-03 12:00:00,517.9,519.36,513.35,515.61,65122
2025-12-03 13:00:00,515.61,524.58,511.31,518.9,88201
2025-12-03 14:00:00,518.9,519.86,512.28,514.82,90012
2025-12-03 15:00:00,514.82,516.86,510.92,514.14,88827
2025-12-03 16:00:00,514.14,515.9,506.2,507.77,90625
2025-12-03 17:00:00,507.77,515.85,481.04,496.69,92489
2025-12-03 18:00:00,496.69,497.72,490.27,491.09,90568
2025-12-03 19:00:00,491.09,497.84,488.38,494.05,88440
2025-12-03 20:00:00,494.05,501.98,493.59,499.11,92373
2025-12-03 21:00:00,499.11,500.49,498.84,500.08,2982
2025-12-03 22:00:00,500.08,501.85,473.65,492.28,271
2025-12-03 23:00:00,492.28,492.7,491.64,491.67,2950
2025-12-04 00:00:00,491.67,491.86,490.61,490.81,2929
2025-12-04 01:00:00,490.81,491.18,490.4,490.54,2908
2025-12-04 02:00:00,490.54,491.41,489.81,490.34,2986
2025-12-04 03:00:00,490.34,490.4,489.24,489.28,2952
2025-12-04 04:00:00,489.28,490.25,489.0,490.03,2965
2025-12-04 05:00:00,490.03,490.26,488.58,488.67,2967
2025-12-04 06:00:00,488.67,489.73,488.27,489.32,2967
2025-12-04 07:00:00,489.32,489.97,489.09,489.76,2924
2025-12-04 08:00:00,489.76,495.0,489.19,492.56,65372
2025-12-04 09:00:00,492.56,494.27,488.79,490.93,66291
2025-12-04 10:00:00,490.93,508.44,470.94,493.82,65418
2025-12-04 11:00:00,493.82,496.43,492.23,494.31,65324
2025-12-04 12:00:00,494.31,502.61,492.99,501.52,64000
2025-12-04 13:00:00,501.52,501.9,493.81,496.06,90473
2025-12-04 14:00:00,496.06,497.19,487.77,489.88,89061
2025-12-04 15:00:00,489.88,491.69,485.65,491.55,89244
2025-12-04 16:00:00,491.55,495.85,489.77,491.32,89290
2025-12-04 17:00:00,491.32,492.93,486.94,491.12,90174
2025-12-04 18:00:00,491.12,491.91,483.45,484.24,88028
2025-12-04 19:00:00,484.24,489.27,481.53,483.71,91116
2025-12-04 20:00:00,483.71,490.95,481.18,488.43,90671
2025-12-04 21:00:00,488.43,489.51,488.34,488.75,2966
2025-12-04 22:00:00,488.75,488.78,488.65,488.69,276
2025-12-04 23:00:00,488.69,488.93,488.24,488.39,2938
2025-12-05 00:00:00,488.39,488.65,487.72,487.86,3030
2025-12-05 01:00:00,487.86,488.23,487.07,487.87,3014
2025-12-05 02:00:00,487.87,488.75,487.76,488.67,3038
2025-12-05 03:00:00,488.67,489.24,488.14,488.58,3054
2025-12-05 04:00:00,488.58,492.59,474.5,483.38,2965
2025-12-05 05:00:00,483.38,484.25,483.23,484.01,2915
2025-12-05 06:00:00,484.01,504.37,470.27,492.67,3019
2025-12-05 07:00:00,492.67,493.38,492.2,493.2,2925
2025-12-05 08:00:00,493.2,500.85,492.99,498.75,65614
2025-12-05 09:00:00,498.75,500.36,497.08,498.83,67302
2025-12-05 10:00:00,498.83,503.72,495.81,498.61,66348
2025-12-05 11:00:00,498.61,500.69,496.98,499.36,66233
2025-12-05 12:00:00,499.36,500.45,495.93,498.92,67400
2025-12-05 13:00:00,498.92,500.42,495.92,497.21,87132
2025-12-05 14:00:00,497.21,503.39,495.35,499.34,91473
2025-12-05 15:00:00,499.34,503.54,497.37,501.94,89239
2025-12-05 16:00:00,501.94,507.78,500.36,506.57,91991
2025-12-05 17:00:00,506.57,515.57,504.7,510.4,88020
2025-12-05 18:00:00,510.4,512.1,503.93,508.25,91755
2025-12-05 19:00:00,508.25,512.4,505.15,508.61,88482
2025-12-05 20:00:00,508.61,511.89,506.77,510.29,90128
2025-12-05 21:00:00,510.29,511.64,510.01,510.35,2947
2025-12-05 22:00:00,510.35,510.42,510.31,510.34,276
2025-12-05 23:00:00,510.34,510.8,509.39,509.96,2941
2025-12-08 00:00:00,509.96,510.08,508.86,509.26,2963
2025-12-08 01:00:00,509.26,510.02,508.77,509.18,2930
2025-12-08 02:00:00,509.18,509.51,508.22,509.32,2891
2025-12-08 03:00:00,509.32,509.63,508.51,509.07,2999
2025-12-08 04:00:00,509.07,509.67,508.54,508.87,2972
2025-12-08 05:00:00,508.87,509.36,508.23,509.11,2964
2025-12-08 06:00:00,509.11,509.62,508.75,509.15,2929
2025-12-08 07:00:00,509.15,509.94,508.48,509.63,2919
2025-12-08 08:00:00,509.63,510.26,505.77,508.38,64925
2025-12-08 09:00:00,508.38,509.98,506.01,507.87,65433
2025-12-08 10:00:00,507.87,511.69,507.03,511.34,65513
2025-12-08 11:00:00,511.34,512.22,507.59,509.39,65544
2025-12-08 12:00:00,509.39,512.31,506.98,508.19,66035
2025-12-08 13:00:00,508.19,513.06,504.83,507.74,88659
2025-12-08 14:00:00,507.74,510.78,503.98,506.8,90316
2025-12-08 15:00:00,506.8,533.12,501.8,517.19,90135
2025-12-08 16:00:00,517.19,521.13,514.49,516.47,90923
2025-12-08 17:00:00,516.47,519.54,512.06,515.12,90090
2025-12-08 18:00:00,515.12,516.76,508.39,509.81,90073
2025-12-08 19:00:00,509.81,518.25,507.0,515.93,91167
2025-12-08 20:00:00,515.93,519.77,513.37,516.76,88530
2025-12-08 21:00:00,516.76,517.15,515.96,516.22,2911
2025-12-08 22:00:00,516.22,516.27,516.13,516.14,274
2025-12-08 23:00:00,516.14,517.39,516.02,516.57,3003
2025-12-09 00:00:00,516.57,517.2,516.08,516.55,2989
2025-12-09 01:00:00,516.55,517.48,516.24,517.26,3012
2025-12-09 02:00:00,517.26,518.68,516.93,518.64,2982
2025-12-09 03:00:00,518.64,518.97,517.8,518.05,2989
2025-12-09 04:00:00,518.05,532.4,493.21,507.84,2988
2025-12-09 05:00:00,507.84,508.75,507.17,507.26,2975
2025-12-09 06:00:00,507.26,507.68,506.67,506.92,2994
2025-12-09 07:00:00,506.92,507.95,506.76,507.83,3002
2025-12-09 08:00:00,507.83,511.1,507.01,509.11,65700
2025-12-09 09:00:00,509.11,512.3,506.92,509.68,64728
2025-12-09 10:00:00,509.68,515.31,507.0,511.44,65434
2025-12-09 11:00:00,511.44,513.8,509.3,509.6,67215
2025-12-09 12:00:00,509.6,524.8,499.88,509.48,65440
2025-12-09 13:00:00,509.48,513.79,505.59,510.78,91401
2025-12-09 14:00:00,510.78,513.71,509.05,510.83,93101
2025-12-09 15:00:00,510.83,516.2,508.68,513.58,91700
2025-12-09 16:00:00,513.58,516.56,510.58,512.74,87633
2025-12-09 17:00:00,512.74,513.19,507.41,507.94,90331
2025-12-09 18:00:00,507.94,513.72,506.07,512.12,91751
2025-12-09 19:00:00,512.12,518.75,510.6,518.31,92110
2025-12-09 20:00:00,518.31,521.3,514.72,520.17,90842
2025-12-09 21:00:00,520.17,520.81,519.84,520.44,2990
2025-12-09 22:00:00,520.44,520.46,520.34,520.42,269
2025-12-09 23:00:00,520.42,521.14,519.67,520.3,3008
2025-12-10 00:00:00,520.3,520.55,519.62,519.81,3014
2025-12-10 01:00:00,519.81,520.82,519.66,520.58,2907
2025-12-10 02:00:00,520.58,521.1,520.03,520.49,3070
2025-12-10 03:00:00,520.49,521.09,520.12,520.9,2983
2025-12-10 04:00:00,520.9,521.5,520.31,520.79,2969
2025-12-10 05:00:00,520.79,521.35,520.41,520.76,2996
2025-12-10 06:00:00,520.76,521.55,520.48,521.33,2989
2025-12-10 07:00:00,521.33,522.94,520.91,521.62,2923
2025-12-10 08:00:00,521.62,524.26,519.69,521.21,65535
2025-12-10 09:00:00,521.21,522.38,516.18,518.35,64840
2025-12-10 10:00:00,518.35,523.44,514.95,522.89,67587
2025-12-10 11:00:00,522.89,527.02,521.17,525.19,65927
2025-12-10 12:00:00,525.19,529.93,524.01,527.45,68119
2025-12-10 13:00:00,527.45,539.18,524.03,530.57,89732
2025-12-10 14:00:00,530.57,539.12,524.65,535.95,90710
2025-12-10 15:00:00,535.95,540.8,527.45,538.64,90219
2025-12-10 16:00:00,538.64,545.61,528.81,537.96,91064
2025-12-10 17:00:00,537.96,540.32,524.6,529.07,90616
2025-12-10 18:00:00,529.07,532.71,515.59,523.25,89982
2025-12-10 19:00:00,523.25,528.94,515.44,518.43,92104
2025-12-10 20:00:00,518.43,523.54,507.78,517.72,90753
2025-12-10 21:00:00,517.72,521.93,517.18,521.71,2993
2025-12-10 22:00:00,521.71,525.43,521.63,525.42,266
2025-12-10 23:00:00,525.42,529.52,525.19,529.16,2979
2025-12-11 00:00:00,529.16,532.35,528.81,531.35,3028
2025-12-11 01:00:00,531.35,550.95,527.94,541.09,2945
2025-12-11 02:00:00,541.09,546.31,540.75,546.2,2944
2025-12-11 03:00:00,546.2,551.21,546.0,550.73,2955
2025-12-11 04:00:00,550.73,557.17,550.43,556.89,2940
2025-12-11 05:00:00,556.89,560.8,556.37,560.36,3006
2025-12-11 06:00:00,560.36,566.45,559.36,566.02,2978
2025-12-11 07:00:00,566.02,570.2,565.47,569.84,2947
2025-12-11 08:00:00,569.84,579.86,559.1,578.88,65553
2025-12-11 09:00:00,578.88,591.11,561.11,589.26,66659
2025-12-11 10:00:00,589.26,599.28,585.17,592.33,66020
2025-12-11 11:00:00,592.33,603.21,584.39,597.23,65881
2025-12-11 12:00:00,597.23,600.56,589.9,596.98,66840
2025-12-11 13:00:00,596.98,603.76,586.74,590.22,90710
2025-12-11 14:00:00,590.22,597.65,579.26,582.0,88262
2025-12-11 15:00:00,582.0,619.23,577.39,604.85,89786
2025-12-11 16:00:00,604.85,623.0,600.82,619.11,90329
2025-12-11 17:00:00,619.11,631.92,617.15,625.85,89607
2025-12-11 18:00:00,625.85,643.56,621.58,642.67,90801
2025-12-11 19:00:00,642.67,649.69,632.39,638.72,91899
2025-12-11 20:00:00,638.72,653.36,634.25,646.27,90152
2025-12-11 21:00:00,646.27,649.47,645.01,649.33,2968
2025-12-11 22:00:00,649.33,668.68,631.91,664.09,268
2025-12-11 23:00:00,664.09,664.74,662.78,662.82,2895
2025-12-12 00:00:00,662.82,663.61,662.38,663.09,2890
2025-12-12 01:00:00,663.09,695.94,654.77,676.57,2928
2025-12-12 02:00:00,676.57,677.41,675.77,676.97,2949
2025-12-12 03:00:00,676.97,678.97,659.5,670.89,2943
2025-12-12 04:00:00,670.89,720.43,631.91,660.1,2928
2025-12-12 05:00:00,660.1,674.55,649.64,665.13,2976
2025-12-12 06:00:00,665.13,666.16,663.95,664.25,2948
2025-12-12 07:00:00,664.25,664.75,663.39,663.85,2890
2025-12-12 08:00:00,663.85,667.03,662.8,665.74,67314
2025-12-12 09:00:00,665.74,666.5,661.37,665.18,66754
2025-12-12 10:00:00,665.18,670.36,663.29,666.33,66087
2025-12-12 11:00:00,666.33,667.44,657.81,658.36,66002
2025-12-12 12:00:00,658.36,659.74,652.6,655.5,66305
2025-12-12 13:00:00,655.5,664.2,653.92,659.86,88720
2025-12-12 14:00:00,659.86,662.94,652.41,657.56,85834
2025-12-12 15:00:00,657.56,661.39,654.12,659.62,90776
2025-12-12 16:00:00,659.62,668.8,658.0,668.14,88369
2025-12-12 17:00:00,668.14,679.32,667.5,677.41,89755
2025-12-12 18:00:00,677.41,680.68,668.0,669.57,92709
2025-12-12 19:00:00,669.57,671.67,665.21,669.93,87484
2025-12-12 20:00:00,669.93,672.57,662.29,668.31,90616
2025-12-12 21:00:00,668.31,668.95,667.28,668.6,3107
2025-12-12 22:00:00,668.6,668.63,668.47,668.56,273
2025-12-12 23:00:00,668.56,670.09,668.26,669.63,2971
2025-12-15 00:00:00,669.63,670.46,668.87,669.86,3034
2025-12-15 01:00:00,669.86,670.21,669.12,669.64,2910
2025-12-15 02:00:00,669.64,670.35,668.03,668.24,3036
2025-12-15 03:00:00,668.24,669.15,667.69,668.46,2937
2025-12-15 04:00:00,668.46,668.73,667.48,668.42,3020
2025-12-15 05:00:00,668.42,669.44,667.93,669.01,2930
2025-12-15 06:00:00,669.01,670.69,653.27,663.56,3003
2025-12-15 07:00:00,663.56,676.71,632.89,649.23,2977
2025-12-15 08:00:00,649.23,652.94,645.35,650.74,65476
2025-12-15 09:00:00,650.74,658.17,649.78,656.42,67868
2025-12-15 10:00:00,656.42,661.67,639.21,641.13,64737
2025-12-15 11:00:00,641.13,646.97,639.92,641.99,65320
2025-12-15 12:00:00,641.99,645.22,639.24,642.49,65923
2025-12-15 13:00:00,642.49,645.14,638.23,640.86,91185
2025-12-15 14:00:00,640.86,650.21,637.77,642.92,91231
2025-12-15 15:00:00,642.92,650.61,636.71,638.3,92120
2025-12-15 16:00:00,638.3,646.3,631.66,634.54,91812
2025-12-15 17:00:00,634.54,648.1,630.12,630.73,90240
2025-12-15 18:00:00,630.73,637.22,626.22,631.33,89792
2025-12-15 19:00:00,631.33,636.29,627.34,632.8,88971
2025-12-15 20:00:00,632.8,635.13,623.75,625.7,89112
2025-12-15 21:00:00,625.7,626.33,624.77,625.05,2966
2025-12-15 22:00:00,625.05,625.1,624.98,625.03,268
2025-12-15 23:00:00,625.03,625.67,624.11,624.47,2966
2025-12-16 00:00:00,624.47,624.86,623.41,623.56,2998
2025-12-16 01:00:00,623.56,624.1,621.81,622.43,2981
2025-12-16 02:00:00,622.43,623.57,621.75,622.35,2967
2025-12-16 03:00:00,622.35,623.49,621.91,623.09,2975
2025-12-16 04:00:00,623.09,623.88,621.96,623.43,2970
2025-12-16 05:00:00,623.43,623.69,622.55,622.96,2928
2025-12-16 06:00:00,622.96,623.9,622.05,622.95,3012
2025-12-16 07:00:00,622.95,623.34,621.62,622.72,2966
2025-12-16 08:00:00,622.72,623.3,617.37,621.1,66789
2025-12-16 09:00:00,621.1,627.37,619.96,623.79,66299
2025-12-16 10:00:00,623.79,643.8,613.08,635.53,65740
2025-12-16 11:00:00,635.53,656.61,606.87,652.62,66127
2025-12-16 12:00:00,652.62,655.71,633.34,635.77,65818
2025-12-16 13:00:00,635.77,643.32,628.67,635.33,92579
2025-12-16 14:00:00,635.33,639.47,613.47,618.95,89644
2025-12-16 15:00:00,618.95,625.04,611.95,615.9,89583
2025-12-16 16:00:00,615.9,622.74,598.0,609.33,89434
2025-12-16 17:00:00,609.33,612.9,598.08,607.46,89579
2025-12-16 18:00:00,607.46,616.88,595.3,607.16,89917
2025-12-16 19:00:00,607.16,616.24,602.65,608.31,91778
2025-12-16 20:00:00,608.31,612.65,598.66,598.93,89821
2025-12-16 21:00:00,598.93,599.35,595.7,596.15,2971
2025-12-16 22:00:00,596.15,596.22,591.77,591.79,265
2025-12-16 23:00:00,591.79,591.99,588.59,588.87,3041
2025-12-17 00:00:00,588.87,588.96,583.42,583.76,3041
2025-12-17 01:00:00,583.76,584.22,580.06,580.2,3001
2025-12-17 02:00:00,580.2,580.98,577.76,578.97,2916
2025-12-17 03:00:00,578.97,579.23,577.1,577.86,2998
2025-12-17 04:00:00,577.86,578.16,573.08,573.53,2974
2025-12-17 05:00:00,573.53,583.3,565.72,578.78,2940
2025-12-17 06:00:00,578.78,579.94,572.75,573.41,2980
2025-12-17 07:00:00,573.41,574.45,569.28,569.9,2994
2025-12-17 08:00:00,569.9,571.03,561.36,564.27,65251
2025-12-17 09:00:00,564.27,570.04,558.36,562.63,66073
2025-12-17 10:00:00,562.63,567.65,557.59,559.79,66483
2025-12-17 11:00:00,559.79,567.02,557.4,561.41,64445
2025-12-17 12:00:00,561.41,564.52,553.21,557.16,65843
2025-12-17 13:00:00,557.16,568.97,552.68,560.42,88984
2025-12-17 14:00:00,560.42,566.72,553.42,558.59,92058
2025-12-17 15:00:00,558.59,564.23,550.5,553.34,91584
2025-12-17 16:00:00,553.34,561.54,548.4,551.86,88554
2025-12-17 17:00:00,551.86,559.73,542.79,544.32,88030
2025-12-17 18:00:00,544.32,552.68,537.96,542.03,87851
2025-12-17 19:00:00,542.03,553.83,529.63,541.26,87226
2025-12-17 20:00:00,541.26,553.06,537.57,544.68,89384
2025-12-17 21:00:00,544.68,544.93,540.52,542.01,2974
2025-12-17 22:00:00,542.01,542.11,538.12,538.16,266
2025-12-17 23:00:00,538.16,539.02,534.5,534.85,3041
2025-12-18 00:00:00,534.85,550.4,501.33,518.97,2927
2025-12-18 01:00:00,518.97,519.32,516.36,516.55,2947
2025-12-18 02:00:00,516.55,516.89,515.54,516.64,2940
2025-12-18 03:00:00,516.64,517.53,516.22,517.22,2943
2025-12-18 04:00:00,517.22,518.14,517.12,517.8,2972
2025-12-18 05:00:00,517.8,518.14,516.6,516.66,2936
2025-12-18 06:00:00,516.66,517.11,515.98,517.05,2989
2025-12-18 07:00:00,517.05,544.62,510.98,524.45,2947
2025-12-18 08:00:00,524.45,528.99,521.93,528.23,66930
2025-12-18 09:00:00,528.23,530.47,513.24,514.99,65262
2025-12-18 10:00:00,514.99,516.49,510.12,513.92,63642
2025-12-18 11:00:00,513.92,519.25,512.52,519.05,66508
2025-12-18 12:00:00,519.05,520.34,514.75,516.9,65891
2025-12-18 13:00:00,516.9,518.33,513.23,517.72,89657
2025-12-18 14:00:00,517.72,520.06,510.83,512.2,89492
2025-12-18 15:00:00,512.2,515.0,510.06,514.01,90829
2025-12-18 16:00:00,514.01,519.8,512.31,516.57,89400
2025-12-18 17:00:00,516.57,519.86,512.19,514.82,87175
2025-12-18 18:00:00,514.82,519.37,513.75,516.7,88898
2025-12-18 19:00:00,516.7,537.54,509.18,527.95,89489
2025-12-18 20:00:00,527.95,534.54,525.14,533.5,90918
2025-12-18 21:00:00,533.5,533.92,533.03,533.7,2994
2025-12-18 22:00:00,533.7,533.76,533.64,533.73,269
2025-12-18 23:00:00,533.73,534.49,533.69,534.23,3020
2025-12-19 00:00:00,534.23,534.54,533.3,533.4,2969
2025-12-19 01:00:00,533.4,547.63,517.5,524.17,2955
2025-12-19 02:00:00,524.17,524.57,523.03,523.31,2868
2025-12-19 03:00:00,523.31,534.03,496.09,512.09,3052
2025-12-19 04:00:00,512.09,513.13,511.57,512.76,2946
2025-12-19 05:00:00,512.76,513.78,512.65,513.27,3050
2025-12-19 06:00:00,513.27,513.78,512.14,512.24,3013
2025-12-19 07:00:00,512.24,512.86,511.15,511.72,2986
2025-12-19 08:00:00,511.72,514.66,509.21,512.87,66681
2025-12-19 09:00:00,512.87,515.31,510.81,512.91,65611
2025-12-19 10:00:00,512.91,517.95,511.18,513.72,65241
2025-12-19 11:00:00,513.72,519.46,512.07,518.48,66157
2025-12-19 12:00:00,518.48,522.97,515.97,519.03,65401
2025-12-19 13:00:00,519.03,537.03,515.84,526.07,89838
2025-12-19 14:00:00,526.07,533.25,525.2,527.64,90406
2025-12-19 15:00:00,527.64,530.67,522.27,528.71,88156
2025-12-19 16:00:00,528.71,529.64,519.36,520.87,90730
2025-12-19 17:00:00,520.87,528.21,519.66,526.71,91098
2025-12-19 18:00:00,526.71,529.06,524.07,526.53,89063
2025-12-19 19:00:00,526.53,530.02,522.1,523.91,89464
2025-12-19 20:00:00,523.91,526.52,520.86,522.47,87010
2025-12-19 21:00:00,522.47,522.62,521.03,521.7,3013
2025-12-19 22:00:00,521.7,521.79,521.67,521.76,272
2025-12-19 23:00:00,521.76,522.03,520.96,521.36,3022
2025-12-22 00:00:00,521.36,521.49,520.34,520.7,3015
2025-12-22 01:00:00,520.7,521.47,520.21,521.07,3011
2025-12-22 02:00:00,521.07,521.66,520.66,521.21,2965
2025-12-22 03:00:00,521.21,521.42,520.44,520.64,2983
2025-12-22 04:00:00,520.64,520.81,519.49,520.16,2988
2025-12-22 05:00:00,520.16,520.3,518.54,518.88,2973
2025-12-22 06:00:00,518.88,519.6,517.9,518.48,2954
2025-12-22 07:00:00,518.48,518.74,516.88,517.58,3043
2025-12-22 08:00:00,517.58,521.73,515.04,520.67,67151
2025-12-22 09:00:00,520.67,522.34,515.9,521.67,65647
2025-12-22 10:00:00,521.67,526.49,520.2,525.19,66019
2025-12-22 11:00:00,525.19,528.59,522.85,525.95,64998
2025-12-22 12:00:00,525.95,526.52,523.19,525.04,66990
2025-12-22 13:00:00,525.04,527.31,520.41,520.81,90851
2025-12-22 14:00:00,520.81,527.03,519.64,525.33,89839
2025-12-22 15:00:00,525.33,535.45,522.64,533.85,90309
2025-12-22 16:00:00,533.85,537.69,530.69,534.47,88658
2025-12-22 17:00:00,534.47,536.83,529.65,534.74,89816
2025-12-22 18:00:00,534.74,536.76,526.08,528.54,91558
2025-12-22 19:00:00,528.54,531.21,524.99,529.7,90533
2025-12-22 20:00:00,529.7,532.14,526.49,528.5,88993
2025-12-22 21:00:00,528.5,528.84,527.7,527.88,2951
2025-12-22 22:00:00,527.88,527.95,527.82,527.92,276
2025-12-22 23:00:00,527.92,528.05,526.75,527.75,2917
2025-12-23 00:00:00,527.75,528.3,527.43,527.97,2952
2025-12-23 01:00:00,527.97,528.39,527.49,528.07,3010
2025-12-23 02:00:00,528.07,528.6,526.55,527.15,2985
2025-12-23 03:00:00,527.15,527.87,526.92,527.55,2973
2025-12-23 04:00:00,527.55,527.96,526.89,527.05,2991
2025-12-23 05:00:00,527.05,528.25,526.69,528.14,2963
2025-12-23 06:00:00,528.14,528.83,527.22,528.03,3010
2025-12-23 07:00:00,528.03,528.16,526.6,527.16,2953
2025-12-23 08:00:00,527.16,532.76,526.0,527.06,66568
2025-12-23 09:00:00,527.06,528.78,524.28,528.46,66411
2025-12-23 10:00:00,528.46,531.96,526.53,530.36,67119
2025-12-23 11:00:00,530.36,531.68,525.66,531.67,65757
2025-12-23 12:00:00,531.67,537.39,528.57,536.32,66689
2025-12-23 13:00:00,536.32,551.82,529.98,546.43,89541
2025-12-23 14:00:00,546.43,555.28,535.14,544.53,90043
2025-12-23 15:00:00,544.53,549.42,543.12,544.53,91100
2025-12-23 16:00:00,544.53,546.07,539.55,542.44,88417
2025-12-23 17:00:00,542.44,543.33,535.4,538.87,89294
2025-12-23 18:00:00,538.87,543.89,533.36,533.68,89453
2025-12-23 19:00:00,533.68,536.28,526.76,528.61,88907
2025-12-23 20:00:00,528.61,532.4,523.96,529.12,90706
2025-12-23 21:00:00,529.12,529.41,527.9,528.42,2903
2025-12-23 22:00:00,528.42,528.49,528.39,528.42,274
2025-12-23 23:00:00,528.42,528.82,527.94,528.55,2963
2025-12-24 00:00:00,528.55,528.85,527.33,527.42,2971
2025-12-24 01:00:00,527.42,527.63,526.34,526.89,2955
2025-12-24 02:00:00,526.89,527.75,526.52,527.28,3040
2025-12-24 03:00:00,527.28,528.24,526.95,528.0,2995
2025-12-24 04:00:00,528.0,529.24,527.47,528.49,3026
2025-12-24 05:00:00,528.49,528.78,527.46,527.85,3058
2025-12-24 06:00:00,527.85,528.25,527.4,527.7,3018
2025-12-24 07:00:00,527.7,528.52,527.36,527.56,2888
2025-12-24 08:00:00,527.56,530.88,525.34,526.9,67039
2025-12-24 09:00:00,526.9,528.82,524.31,527.23,67057
2025-12-24 10:00:00,527.23,529.25,525.81,527.67,66776
2025-12-24 11:00:00,527.67,532.17,526.6,530.17,66356
2025-12-24 12:00:00,530.17,536.71,503.99,518.49,67152
2025-12-24 13:00:00,518.49,523.83,517.72,522.48,88623
2025-12-24 14:00:00,522.48,526.68,520.92,523.04,89193
2025-12-24 15:00:00,523.04,528.66,521.71,523.82,89202
2025-12-24 16:00:00,523.82,526.39,520.81,524.66,87760
2025-12-24 17:00:00,524.66,526.95,519.48,524.03,90442
2025-12-24 18:00:00,524.03,528.86,519.73,522.16,90062
2025-12-24 19:00:00,522.16,525.49,517.67,520.05,91004
2025-12-24 20:00:00,520.05,526.06,518.51,523.12,89830
2025-12-24 21:00:00,523.12,523.34,522.01,522.19,2973
2025-12-24 22:00:00,522.19,522.23,522.05,522.07,276
2025-12-24 23:00:00,522.07,523.29,521.96,522.51,2986
2025-12-25 00:00:00,522.51,522.85,521.36,521.62,2915
2025-12-25 01:00:00,521.62,522.66,521.02,521.97,2904
2025-12-25 02:00:00,521.97,522.36,521.14,521.55,2975
2025-12-25 03:00:00,521.55,522.11,520.95,521.09,2977
2025-12-25 04:00:00,521.09,521.33,519.16,519.54,2957
2025-12-25 05:00:00,519.54,520.42,518.84,519.62,2918
2025-12-25 06:00:00,519.62,519.95,518.99,519.38,2956
2025-12-25 07:00:00,519.38,519.82,518.24,518.34,2934
2025-12-25 08:00:00,518.34,520.34,514.57,518.05,67948
2025-12-25 09:00:00,518.05,520.27,515.9,518.49,67056
2025-12-25 10:00:00,518.49,524.0,516.31,519.73,65351
2025-12-25 11:00:00,519.73,519.96,515.09,517.64,66336
2025-12-25 12:00:00,517.64,520.75,515.23,519.58,66103
2025-12-25 13:00:00,519.58,520.64,513.31,515.41,89210
2025-12-25 14:00:00,515.41,523.19,512.29,518.64,88409
2025-12-25 15:00:00,518.64,521.3,515.24,516.14,92943
2025-12-25 16:00:00,516.14,523.11,514.86,521.75,89148
2025-12-25 17:00:00,521.75,523.01,515.36,517.59,90285
2025-12-25 18:00:00,517.59,529.97,508.22,511.46,91014
2025-12-25 19:00:00,511.46,516.83,510.22,514.7,88199
2025-12-25 20:00:00,514.7,516.39,508.8,511.16,91218
2025-12-25 21:00:00,511.16,543.4,486.34,520.1,2935
2025-12-25 22:00:00,520.1,520.15,520.01,520.08,270
2025-12-25 23:00:00,520.08,534.41,501.56,502.77,2932
2025-12-26 00:00:00,502.77,502.96,501.67,502.14,2963
2025-12-26 01:00:00,502.14,502.51,501.12,501.16,2943
2025-12-26 02:00:00,501.16,501.59,500.43,501.05,2964
2025-12-26 03:00:00,501.05,512.83,487.34,497.17,3019
2025-12-26 04:00:00,497.17,497.85,496.87,497.54,2881
2025-12-26 05:00:00,497.54,499.03,497.5,498.95,2990
2025-12-26 06:00:00,498.95,499.33,498.31,498.83,2969
2025-12-26 07:00:00,498.83,499.56,498.53,499.16,2937
2025-12-26 08:00:00,499.16,506.75,491.37,492.75,67547
2025-12-26 09:00:00,492.75,497.16,489.51,495.12,65852
2025-12-26 10:00:00,495.12,505.52,485.54,504.31,66269
2025-12-26 11:00:00,504.31,507.79,502.23,503.18,65799
2025-12-26 12:00:00,503.18,508.0,502.58,507.09,66967
2025-12-26 13:00:00,507.09,514.36,505.61,513.97,88609
2025-12-26 14:00:00,513.97,517.16,507.88,508.33,91171
2025-12-26 15:00:00,508.33,509.71,504.19,504.71,90164
2025-12-26 16:00:00,504.71,506.59,500.71,503.23,89655
2025-12-26 17:00:00,503.23,512.76,502.1,510.57,89144
2025-12-26 18:00:00,510.57,512.83,508.18,509.58,93992
2025-12-26 19:00:00,509.58,511.14,502.27,504.74,89635
2025-12-26 20:00:00,504.74,510.0,502.92,506.22,90399
2025-12-26 21:00:00,506.22,506.37,504.43,505.5,2898
2025-12-26 22:00:00,505.5,505.51,505.39,505.42,271
2025-12-26 23:00:00,505.42,506.21,505.2,505.76,2950
2025-12-29 00:00:00,505.76,534.41,492.04,504.04,3046
2025-12-29 01:00:00,504.04,504.5,498.89,498.9,2931
2025-12-29 02:00:00,498.9,499.63,494.9,495.49,2939
2025-12-29 03:00:00,495.49,495.5,490.68,490.85,2963
2025-12-29 04:00:00,490.85,491.15,485.37,485.94,3005
2025-12-29 05:00:00,485.94,486.18,483.01,483.59,2946
2025-12-29 06:00:00,483.59,484.78,480.41,481.08,2958
2025-12-29 07:00:00,481.08,481.61,475.51,476.12,2995
2025-12-29 08:00:00,476.12,480.5,464.82,468.14,65844
2025-12-29 09:00:00,468.14,470.47,456.89,458.51,66083
2025-12-29 10:00:00,458.51,464.03,451.64,456.83,66381
2025-12-29 11:00:00,456.83,459.01,450.03,455.22,66074
2025-12-29 12:00:00,455.22,456.93,448.13,449.08,63502
2025-12-29 13:00:00,449.08,459.1,440.59,457.26,90899
2025-12-29 14:00:00,457.26,471.9,454.65,469.27,90972
2025-12-29 15:00:00,469.27,479.2,464.53,474.14,85680
2025-12-29 16:00:00,474.14,476.2,461.52,467.37,89235
2025-12-29 17:00:00,467.37,468.32,456.29,457.41,90960
2025-12-29 18:00:00,457.41,464.66,455.43,461.43,89122
2025-12-29 19:00:00,461.43,466.44,446.02,449.85,90858
2025-12-29 20:00:00,449.85,452.89,432.79,436.42,88753
2025-12-29 21:00:00,436.42,437.02,433.63,434.05,2989
2025-12-29 22:00:00,434.05,434.08,430.9,430.94,271
2025-12-29 23:00:00,430.94,431.17,425.8,426.05,3052
2025-12-30 00:00:00,426.05,426.44,422.42,422.59,2998
2025-12-30 01:00:00,422.59,423.4,418.73,418.92,2978
2025-12-30 02:00:00,418.92,419.09,416.43,416.58,2912
2025-12-30 03:00:00,416.58,416.91,412.93,413.11,2968
2025-12-30 04:00:00,413.11,413.4,410.85,411.6,2992
2025-12-30 05:00:00,411.6,412.28,408.46,409.07,3018
2025-12-30 06:00:00,409.07,421.53,404.13,413.58,2953
2025-12-30 07:00:00,413.58,414.24,411.72,412.23,2945
2025-12-30 08:00:00,412.23,420.82,410.19,413.9,65576
2025-12-30 09:00:00,413.9,417.87,409.0,409.99,67186
2025-12-30 10:00:00,409.99,412.16,400.79,405.2,66496
2025-12-30 11:00:00,405.2,406.6,398.74,403.38,66214
2025-12-30 12:00:00,403.38,404.59,393.28,395.09,66360
2025-12-30 13:00:00,395.09,399.41,388.73,393.65,91812
2025-12-30 14:00:00,393.65,396.48,387.47,391.54,91128
2025-12-30 15:00:00,391.54,400.29,376.02,377.74,92075
2025-12-30 16:00:00,377.74,379.62,367.06,370.86,88921
2025-12-30 17:00:00,370.86,378.73,367.73,373.58,89400
2025-12-30 18:00:00,373.58,374.41,362.76,367.36,89520
2025-12-30 19:00:00,367.36,369.3,357.31,364.5,88743
2025-12-30 20:00:00,364.5,372.2,360.34,370.36,90300
2025-12-30 21:00:00,370.36,370.4,365.63,366.11,2997
2025-12-30 22:00:00,366.11,366.18,363.48,363.52,274
2025-12-30 23:00:00,363.52,363.81,360.95,361.61,2964
2025-12-31 00:00:00,361.61,361.88,358.6,358.68,2984
2025-12-31 01:00:00,358.68,359.05,355.85,356.22,2980
2025-12-31 02:00:00,356.22,356.45,353.26,353.48,2931
2025-12-31 03:00:00,353.48,353.89,351.91,352.41,2939
2025-12-31 04:00:00,352.41,352.65,349.17,349.54,2967
2025-12-31 05:00:00,349.54,350.18,347.17,347.42,2895
2025-12-31 06:00:00,347.42,347.57,345.74,346.08,2979
2025-12-31 07:00:00,346.08,346.28,341.91,342.25,2882
2025-12-31 08:00:00,342.25,348.24,336.6,337.24,65293
2025-12-31 09:00:00,337.24,339.36,332.01,333.38,65647
2025-12-31 10:00:00,333.38,334.63,325.31,327.22,64881
2025-12-31 11:00:00,327.22,328.92,318.94,322.41,63767
2025-12-31 12:00:00,322.41,324.42,318.73,320.65,64929
2025-12-31 13:00:00,320.65,329.02,319.15,325.55,89491
2025-12-31 14:00:00,325.55,328.41,317.52,324.16,91097
2025-12-31 15:00:00,324.16,327.19,318.79,325.0,91086
2025-12-31 16:00:00,325.0,329.47,321.3,327.17,90254
2025-12-31 17:00:00,327.17,332.35,323.06,326.86,88271
2025-12-31 18:00:00,326.86,333.93,317.52,328.18,91249
2025-12-31 19:00:00,328.18,331.8,325.83,327.76,90131
2025-12-31 20:00:00,327.76,331.58,326.12,329.74,90998
2025-12-31 21:00:00,329.74,330.05,329.16,329.8,2962
2025-12-31 22:00:00,329.8,329.84,329.78,329.82,270
2025-12-31 23:00:00,329.82,330.46,329.72,330.1,2971
